timestamp,direction,port,arb_id,arb_dev_type,arb_mfr,api_class,api_index,device_id,payload_hex,description
2026-03-09T09:13:34.566821,RX,COM6,0x0205b807,0x2,0x05,0x2e,0x0,7,00 00 3b 0b 00 00 80 00,"Status frame 0 (new)"
2026-03-09T09:13:34.566821,RX,COM6,0x0205b887,0x2,0x05,0x2e,0x2,7,00 00 00 00 00 00 00 00,"Status frame 2 (new)"
2026-03-09T09:13:34.568820,RX,COM6,0x0205b8c7,0x2,0x05,0x2e,0x3,7,3b 00 00 00 ce cd 93 3e,"Status frame 3 (new)"
2026-03-09T09:13:34.568820,RX,COM6,0x0205b907,0x2,0x05,0x2e,0x4,7,00 00 00 00 00 00 00 00,"Status frame 4 (new)"
2026-03-09T09:13:34.570820,HEARTBEAT,COM6,0x01011840,0x1,0x01,0x6,0x1,0,be 35 00 00 00 10 00 00,"Heartbeat"
2026-03-09T09:13:34.570820,RX,COM6,0x0205b947,0x2,0x05,0x2e,0x5,7,00 00 00 00 00 00 00 00,"Status frame 5 (new)"
2026-03-09T09:13:34.572821,RX,COM6,0x0205b987,0x2,0x05,0x2e,0x6,7,00 00 ff ff 01 00 00 00,"Status frame 6 (new)"
2026-03-09T09:13:34.586840,RX,COM6,0x0205b807,0x2,0x05,0x2e,0x0,7,00 00 43 0b 00 00 80 00,"Status frame 0 (new)"
2026-03-09T09:13:34.586840,RX,COM6,0x0205b887,0x2,0x05,0x2e,0x2,7,00 00 00 00 00 00 00 00,"Status frame 2 (new)"
2026-03-09T09:13:34.588839,RX,COM6,0x0205b8c7,0x2,0x05,0x2e,0x3,7,3b 00 00 00 b9 d7 94 3e,"Status frame 3 (new)"
2026-03-09T09:13:34.588839,RX,COM6,0x0205b907,0x2,0x05,0x2e,0x4,7,00 00 00 00 00 00 00 00,"Status frame 4 (new)"
2026-03-09T09:13:34.590839,HEARTBEAT,COM6,0x01011840,0x1,0x01,0x6,0x1,0,d2 35 00 00 00 10 00 00,"Heartbeat"
2026-03-09T09:13:34.590839,RX,COM6,0x0205b947,0x2,0x05,0x2e,0x5,7,00 00 00 00 00 00 00 00,"Status frame 5 (new)"
2026-03-09T09:13:34.592838,RX,COM6,0x0205b987,0x2,0x05,0x2e,0x6,7,00 00 ff ff 01 00 00 00,"Status frame 6 (new)"
2026-03-09T09:13:34.606975,RX,COM6,0x0205b807,0x2,0x05,0x2e,0x0,7,00 00 40 0b 00 00 80 00,"Status frame 0 (new)"
2026-03-09T09:13:34.606975,RX,COM6,0x0205b887,0x2,0x05,0x2e,0x2,7,00 00 00 00 00 00 00 00,"Status frame 2 (new)"
2026-03-09T09:13:34.608856,RX,COM6,0x0205b8c7,0x2,0x05,0x2e,0x3,7,3a 00 00 00 db aa 93 3e,"Status frame 3 (new)"
2026-03-09T09:13:34.608856,RX,COM6,0x0205b907,0x2,0x05,0x2e,0x4,7,00 00 00 00 00 00 00 00,"Status frame 4 (new)"
2026-03-09T09:13:34.610856,HEARTBEAT,COM6,0x01011840,0x1,0x01,0x6,0x1,0,e5 35 00 00 00 10 00 00,"Heartbeat"
2026-03-09T09:13:34.610856,RX,COM6,0x0205b947,0x2,0x05,0x2e,0x5,7,00 00 00 00 00 00 00 00,"Status frame 5 (new)"
2026-03-09T09:13:34.612856,RX,COM6,0x0205b987,0x2,0x05,0x2e,0x6,7,00 00 ff ff 01 00 00 00,"Status frame 6 (new)"
2026-03-09T09:13:34.617451,RX,COM6,0x0205b847,0x2,0x05,0x2e,0x1,7,00 00 00 24 00 01 00 00,"Status frame 1 (new)"
2026-03-09T09:13:34.626868,RX,COM6,0x0205b807,0x2,0x05,0x2e,0x0,7,00 00 3e 0b 00 00 80 00,"Status frame 0 (new)"
2026-03-09T09:13:34.626868,RX,COM6,0x0205b887,0x2,0x05,0x2e,0x2,7,00 00 00 00 00 00 00 00,"Status frame 2 (new)"
2026-03-09T09:13:34.628377,RX,COM6,0x0205b8c7,0x2,0x05,0x2e,0x3,7,3b 00 00 00 21 70 94 3e,"Status frame 3 (new)"
2026-03-09T09:13:34.628377,RX,COM6,0x0205b907,0x2,0x05,0x2e,0x4,7,00 00 00 00 00 00 00 00,"Status frame 4 (new)"
2026-03-09T09:13:34.630382,RX,COM6,0x0205b947,0x2,0x05,0x2e,0x5,7,00 00 00 00 00 00 00 00,"Status frame 5 (new)"
2026-03-09T09:13:34.635382,HEARTBEAT,COM6,0x01011840,0x1,0x01,0x6,0x1,0,fe 35 00 00 00 10 00 00,"Heartbeat"
2026-03-09T09:13:34.635382,RX,COM6,0x0205b987,0x2,0x05,0x2e,0x6,7,00 00 ff ff 01 00 00 00,"Status frame 6 (new)"
2026-03-09T09:13:34.649910,RX,COM6,0x0205b807,0x2,0x05,0x2e,0x0,7,00 00 46 0b 00 00 80 00,"Status frame 0 (new)"
2026-03-09T09:13:34.649910,RX,COM6,0x0205b887,0x2,0x05,0x2e,0x2,7,00 00 00 00 00 00 00 00,"Status frame 2 (new)"
2026-03-09T09:13:34.649910,RX,COM6,0x0205b8c7,0x2,0x05,0x2e,0x3,7,3b 00 00 00 19 47 94 3e,"Status frame 3 (new)"
2026-03-09T09:13:34.649910,RX,COM6,0x0205b907,0x2,0x05,0x2e,0x4,7,00 00 00 00 00 00 00 00,"Status frame 4 (new)"
2026-03-09T09:13:34.650910,RX,COM6,0x0205b947,0x2,0x05,0x2e,0x5,7,00 00 00 00 00 00 00 00,"Status frame 5 (new)"
2026-03-09T09:13:34.651914,HEARTBEAT,COM6,0x01011840,0x1,0x01,0x6,0x1,0,0f 36 00 00 00 10 00 00,"Heartbeat"
2026-03-09T09:13:34.652914,RX,COM6,0x0205b987,0x2,0x05,0x2e,0x6,7,00 00 ff ff 01 00 00 00,"Status frame 6 (new)"
2026-03-09T09:13:34.666419,RX,COM6,0x0205b807,0x2,0x05,0x2e,0x0,7,00 00 29 0b 00 00 80 00,"Status frame 0 (new)"
2026-03-09T09:13:34.666419,RX,COM6,0x0205b887,0x2,0x05,0x2e,0x2,7,00 00 00 00 00 00 00 00,"Status frame 2 (new)"
2026-03-09T09:13:34.668424,RX,COM6,0x0205b8c7,0x2,0x05,0x2e,0x3,7,3b 00 00 00 cc 01 94 3e,"Status frame 3 (new)"
2026-03-09T09:13:34.668424,RX,COM6,0x0205b907,0x2,0x05,0x2e,0x4,7,00 00 00 00 00 00 00 00,"Status frame 4 (new)"
2026-03-09T09:13:34.670424,RX,COM6,0x0205b947,0x2,0x05,0x2e,0x5,7,00 00 00 00 00 00 00 00,"Status frame 5 (new)"
2026-03-09T09:13:34.674934,HEARTBEAT,COM6,0x01011840,0x1,0x01,0x6,0x1,0,26 36 00 00 00 10 00 00,"Heartbeat"
2026-03-09T09:13:34.674934,RX,COM6,0x0205b987,0x2,0x05,0x2e,0x6,7,00 00 ff ff 01 00 00 00,"Status frame 6 (new)"
2026-03-09T09:13:34.686952,RX,COM6,0x0205b807,0x2,0x05,0x2e,0x0,7,00 00 43 0b 00 00 80 00,"Status frame 0 (new)"
2026-03-09T09:13:34.686952,RX,COM6,0x0205b887,0x2,0x05,0x2e,0x2,7,00 00 00 00 00 00 00 00,"Status frame 2 (new)"
2026-03-09T09:13:34.691463,RX,COM6,0x0205b8c7,0x2,0x05,0x2e,0x3,7,3a 00 00 00 98 7b 92 3e,"Status frame 3 (new)"
2026-03-09T09:13:34.691463,RX,COM6,0x0205b907,0x2,0x05,0x2e,0x4,7,00 00 00 00 00 00 00 00,"Status frame 4 (new)"
2026-03-09T09:13:34.691463,RX,COM6,0x0205b947,0x2,0x05,0x2e,0x5,7,00 00 00 00 00 00 00 00,"Status frame 5 (new)"
2026-03-09T09:13:34.691463,HEARTBEAT,COM6,0x01011840,0x1,0x01,0x6,0x1,0,36 36 00 00 00 10 00 00,"Heartbeat"
2026-03-09T09:13:34.694464,RX,COM6,0x0205b987,0x2,0x05,0x2e,0x6,7,00 00 ff ff 01 00 00 00,"Status frame 6 (new)"
2026-03-09T09:13:34.706973,RX,COM6,0x0205b807,0x2,0x05,0x2e,0x0,7,00 00 43 0b 00 00 80 00,"Status frame 0 (new)"
2026-03-09T09:13:34.706973,RX,COM6,0x0205b887,0x2,0x05,0x2e,0x2,7,00 00 00 00 00 00 00 00,"Status frame 2 (new)"
2026-03-09T09:13:34.708973,RX,COM6,0x0205b8c7,0x2,0x05,0x2e,0x3,7,3b 00 00 00 8c 73 94 3e,"Status frame 3 (new)"
2026-03-09T09:13:34.708973,RX,COM6,0x0205b907,0x2,0x05,0x2e,0x4,7,00 00 00 00 00 00 00 00,"Status frame 4 (new)"
2026-03-09T09:13:34.714478,HEARTBEAT,COM6,0x01011840,0x1,0x01,0x6,0x1,0,4d 36 00 00 00 10 00 00,"Heartbeat"
2026-03-09T09:13:34.714478,RX,COM6,0x0205b947,0x2,0x05,0x2e,0x5,7,00 00 00 00 00 00 00 00,"Status frame 5 (new)"
2026-03-09T09:13:34.714478,RX,COM6,0x0205b987,0x2,0x05,0x2e,0x6,7,00 00 ff ff 01 00 00 00,"Status frame 6 (new)"
2026-03-09T09:13:34.726989,RX,COM6,0x0205b807,0x2,0x05,0x2e,0x0,7,00 00 44 0b 00 00 80 00,"Status frame 0 (new)"
2026-03-09T09:13:34.726989,RX,COM6,0x0205b887,0x2,0x05,0x2e,0x2,7,00 00 00 00 00 00 00 00,"Status frame 2 (new)"
2026-03-09T09:13:34.728995,RX,COM6,0x0205b8c7,0x2,0x05,0x2e,0x3,7,3a 00 00 00 d0 6d 93 3e,"Status frame 3 (new)"
2026-03-09T09:13:34.728995,RX,COM6,0x0205b907,0x2,0x05,0x2e,0x4,7,00 00 00 00 00 00 00 00,"Status frame 4 (new)"
2026-03-09T09:13:34.730995,HEARTBEAT,COM6,0x01011840,0x1,0x01,0x6,0x1,0,5e 36 00 00 00 10 00 00,"Heartbeat"
2026-03-09T09:13:34.730995,RX,COM6,0x0205b947,0x2,0x05,0x2e,0x5,7,00 00 00 00 00 00 00 00,"Status frame 5 (new)"
2026-03-09T09:13:34.732994,RX,COM6,0x0205b987,0x2,0x05,0x2e,0x6,7,00 00 ff ff 01 00 00 00,"Status frame 6 (new)"
2026-03-09T09:13:34.747050,RX,COM6,0x0205b807,0x2,0x05,0x2e,0x0,7,00 00 48 0b 00 00 80 00,"Status frame 0 (new)"
2026-03-09T09:13:34.747050,RX,COM6,0x0205b887,0x2,0x05,0x2e,0x2,7,00 00 00 00 00 00 00 00,"Status frame 2 (new)"
2026-03-09T09:13:34.749071,RX,COM6,0x0205b8c7,0x2,0x05,0x2e,0x3,7,3a 00 00 00 99 58 93 3e,"Status frame 3 (new)"
2026-03-09T09:13:34.749071,RX,COM6,0x0205b907,0x2,0x05,0x2e,0x4,7,00 00 00 00 00 00 00 00,"Status frame 4 (new)"
2026-03-09T09:13:34.750582,RX,COM6,0x0205b947,0x2,0x05,0x2e,0x5,7,00 00 00 00 00 00 00 00,"Status frame 5 (new)"
2026-03-09T09:13:34.751601,HEARTBEAT,COM6,0x01011840,0x1,0x01,0x6,0x1,0,72 36 00 00 00 10 00 00,"Heartbeat"
2026-03-09T09:13:34.752601,RX,COM6,0x0205b987,0x2,0x05,0x2e,0x6,7,00 00 ff ff 01 00 00 00,"Status frame 6 (new)"
2026-03-09T09:13:34.767605,RX,COM6,0x0205b807,0x2,0x05,0x2e,0x0,7,00 00 03 0b 00 00 80 00,"Status frame 0 (new)"
2026-03-09T09:13:34.767605,RX,COM6,0x0205b887,0x2,0x05,0x2e,0x2,7,00 00 00 00 00 00 00 00,"Status frame 2 (new)"
2026-03-09T09:13:34.768604,RX,COM6,0x0205b8c7,0x2,0x05,0x2e,0x3,7,3b 00 00 00 fc a5 94 3e,"Status frame 3 (new)"
2026-03-09T09:13:34.768604,RX,COM6,0x0205b907,0x2,0x05,0x2e,0x4,7,00 00 00 00 00 00 00 00,"Status frame 4 (new)"
2026-03-09T09:13:34.770620,HEARTBEAT,COM6,0x01011840,0x1,0x01,0x6,0x1,0,85 36 00 00 00 10 00 00,"Heartbeat"
2026-03-09T09:13:34.770620,RX,COM6,0x0205b947,0x2,0x05,0x2e,0x5,7,00 00 00 00 00 00 00 00,"Status frame 5 (new)"
2026-03-09T09:13:34.772605,RX,COM6,0x0205b987,0x2,0x05,0x2e,0x6,7,00 00 ff ff 01 00 00 00,"Status frame 6 (new)"
2026-03-09T09:13:34.786652,RX,COM6,0x0205b807,0x2,0x05,0x2e,0x0,7,00 00 45 0b 00 00 80 00,"Status frame 0 (new)"
2026-03-09T09:13:34.786652,RX,COM6,0x0205b887,0x2,0x05,0x2e,0x2,7,00 00 00 00 00 00 00 00,"Status frame 2 (new)"
2026-03-09T09:13:34.788649,RX,COM6,0x0205b8c7,0x2,0x05,0x2e,0x3,7,3a 00 00 00 49 7e 92 3e,"Status frame 3 (new)"
2026-03-09T09:13:34.788649,RX,COM6,0x0205b907,0x2,0x05,0x2e,0x4,7,00 00 00 00 00 00 00 00,"Status frame 4 (new)"
2026-03-09T09:13:34.790643,HEARTBEAT,COM6,0x01011840,0x1,0x01,0x6,0x1,0,99 36 00 00 00 10 00 00,"Heartbeat"
2026-03-09T09:13:34.790643,RX,COM6,0x0205b947,0x2,0x05,0x2e,0x5,7,00 00 00 00 00 00 00 00,"Status frame 5 (new)"
2026-03-09T09:13:34.792643,RX,COM6,0x0205b987,0x2,0x05,0x2e,0x6,7,00 00 ff ff 01 00 00 00,"Status frame 6 (new)"
2026-03-09T09:13:34.806667,RX,COM6,0x0205b807,0x2,0x05,0x2e,0x0,7,00 00 41 0b 00 00 80 00,"Status frame 0 (new)"
2026-03-09T09:13:34.806667,RX,COM6,0x0205b887,0x2,0x05,0x2e,0x2,7,00 00 00 00 00 00 00 00,"Status frame 2 (new)"
2026-03-09T09:13:34.808668,RX,COM6,0x0205b8c7,0x2,0x05,0x2e,0x3,7,3a 00 00 00 33 f0 93 3e,"Status frame 3 (new)"
2026-03-09T09:13:34.808668,RX,COM6,0x0205b907,0x2,0x05,0x2e,0x4,7,00 00 00 00 00 00 00 00,"Status frame 4 (new)"
2026-03-09T09:13:34.810668,HEARTBEAT,COM6,0x01011840,0x1,0x01,0x6,0x1,0,ad 36 00 00 00 10 00 00,"Heartbeat"
2026-03-09T09:13:34.810668,RX,COM6,0x0205b947,0x2,0x05,0x2e,0x5,7,00 00 00 00 00 00 00 00,"Status frame 5 (new)"
2026-03-09T09:13:34.812674,RX,COM6,0x0205b987,0x2,0x05,0x2e,0x6,7,00 00 ff ff 01 00 00 00,"Status frame 6 (new)"
2026-03-09T09:13:34.827181,RX,COM6,0x0205b807,0x2,0x05,0x2e,0x0,7,00 00 42 0b 00 00 80 00,"Status frame 0 (new)"
2026-03-09T09:13:34.827181,RX,COM6,0x0205b887,0x2,0x05,0x2e,0x2,7,00 00 00 00 00 00 00 00,"Status frame 2 (new)"
2026-03-09T09:13:34.828689,RX,COM6,0x0205b8c7,0x2,0x05,0x2e,0x3,7,3a 00 00 00 50 13 93 3e,"Status frame 3 (new)"
2026-03-09T09:13:34.828689,RX,COM6,0x0205b907,0x2,0x05,0x2e,0x4,7,00 00 00 00 00 00 00 00,"Status frame 4 (new)"
2026-03-09T09:13:34.830690,HEARTBEAT,COM6,0x01011840,0x1,0x01,0x6,0x1,0,c1 36 00 00 00 10 00 00,"Heartbeat"
2026-03-09T09:13:34.830690,RX,COM6,0x0205b947,0x2,0x05,0x2e,0x5,7,00 00 00 00 00 00 00 00,"Status frame 5 (new)"
2026-03-09T09:13:34.832764,RX,COM6,0x0205b987,0x2,0x05,0x2e,0x6,7,00 00 ff ff 01 00 00 00,"Status frame 6 (new)"
2026-03-09T09:13:34.846809,RX,COM6,0x0205b807,0x2,0x05,0x2e,0x0,7,00 00 45 0b 00 00 80 00,"Status frame 0 (new)"
2026-03-09T09:13:34.846809,RX,COM6,0x0205b887,0x2,0x05,0x2e,0x2,7,00 00 00 00 00 00 00 00,"Status frame 2 (new)"
2026-03-09T09:13:34.848805,RX,COM6,0x0205b8c7,0x2,0x05,0x2e,0x3,7,3b 00 00 00 76 89 94 3e,"Status frame 3 (new)"
2026-03-09T09:13:34.848805,RX,COM6,0x0205b907,0x2,0x05,0x2e,0x4,7,00 00 00 00 00 00 00 00,"Status frame 4 (new)"
2026-03-09T09:13:34.850804,HEARTBEAT,COM6,0x01011840,0x1,0x01,0x6,0x1,0,d5 36 00 00 00 10 00 00,"Heartbeat"
2026-03-09T09:13:34.850804,RX,COM6,0x0205b947,0x2,0x05,0x2e,0x5,7,00 00 00 00 00 00 00 00,"Status frame 5 (new)"
2026-03-09T09:13:34.852805,RX,COM6,0x0205b987,0x2,0x05,0x2e,0x6,7,00 00 ff ff 01 00 00 00,"Status frame 6 (new)"
2026-03-09T09:13:34.868826,RX,COM6,0x0205b807,0x2,0x05,0x2e,0x0,7,00 00 09 0b 00 00 80 00,"Status frame 0 (new)"
2026-03-09T09:13:34.868826,RX,COM6,0x0205b847,0x2,0x05,0x2e,0x1,7,00 00 00 24 00 01 00 00,"Status frame 1 (new)"
2026-03-09T09:13:34.868826,RX,COM6,0x0205b887,0x2,0x05,0x2e,0x2,7,00 00 00 00 00 00 00 00,"Status frame 2 (new)"
2026-03-09T09:13:34.868826,RX,COM6,0x0205b8c7,0x2,0x05,0x2e,0x3,7,3a 00 00 00 60 67 93 3e,"Status frame 3 (new)"
2026-03-09T09:13:34.868826,RX,COM6,0x0205b907,0x2,0x05,0x2e,0x4,7,00 00 00 00 00 00 00 00,"Status frame 4 (new)"
2026-03-09T09:13:34.868826,RX,COM6,0x0205bc07,0x2,0x05,0x2f,0x0,7,12 e2 2e be 00 00 00 00,"DATA apiClass=0x2f apiIndex=0x0"
2026-03-09T09:13:34.870826,HEARTBEAT,COM6,0x01011840,0x1,0x01,0x6,0x1,0,e9 36 00 00 00 10 00 00,"Heartbeat"
2026-03-09T09:13:34.870826,RX,COM6,0x0205b947,0x2,0x05,0x2e,0x5,7,00 00 00 00 00 00 00 00,"Status frame 5 (new)"
2026-03-09T09:13:34.872827,RX,COM6,0x0205b987,0x2,0x05,0x2e,0x6,7,00 00 ff ff 01 00 00 00,"Status frame 6 (new)"
2026-03-09T09:13:34.886376,RX,COM6,0x0205b807,0x2,0x05,0x2e,0x0,7,00 00 48 0b 00 00 80 00,"Status frame 0 (new)"
2026-03-09T09:13:34.887372,RX,COM6,0x0205b887,0x2,0x05,0x2e,0x2,7,00 00 00 00 00 00 00 00,"Status frame 2 (new)"
2026-03-09T09:13:34.888447,RX,COM6,0x0205b8c7,0x2,0x05,0x2e,0x3,7,3b 00 00 00 8b 64 96 3e,"Status frame 3 (new)"
2026-03-09T09:13:34.888447,RX,COM6,0x0205b907,0x2,0x05,0x2e,0x4,7,00 00 00 00 00 00 00 00,"Status frame 4 (new)"
2026-03-09T09:13:34.890446,RX,COM6,0x0205b947,0x2,0x05,0x2e,0x5,7,00 00 00 00 00 00 00 00,"Status frame 5 (new)"
2026-03-09T09:13:34.895445,HEARTBEAT,COM6,0x01011840,0x1,0x01,0x6,0x1,0,02 37 00 00 00 10 00 00,"Heartbeat"
2026-03-09T09:13:34.895445,RX,COM6,0x0205b987,0x2,0x05,0x2e,0x6,7,00 00 ff ff 01 00 00 00,"Status frame 6 (new)"
2026-03-09T09:13:34.906949,RX,COM6,0x0205b807,0x2,0x05,0x2e,0x0,7,00 00 3f 0b 00 00 80 00,"Status frame 0 (new)"
2026-03-09T09:13:34.906949,RX,COM6,0x0205b887,0x2,0x05,0x2e,0x2,7,00 00 00 00 00 00 00 00,"Status frame 2 (new)"
2026-03-09T09:13:34.908950,RX,COM6,0x0205b8c7,0x2,0x05,0x2e,0x3,7,3b 00 00 00 d9 1c 94 3e,"Status frame 3 (new)"
2026-03-09T09:13:34.908950,RX,COM6,0x0205b907,0x2,0x05,0x2e,0x4,7,00 00 00 00 00 00 00 00,"Status frame 4 (new)"
2026-03-09T09:13:34.910949,HEARTBEAT,COM6,0x01011840,0x1,0x01,0x6,0x1,0,12 37 00 00 00 10 00 00,"Heartbeat"
2026-03-09T09:13:34.910949,RX,COM6,0x0205b947,0x2,0x05,0x2e,0x5,7,00 00 00 00 00 00 00 00,"Status frame 5 (new)"
2026-03-09T09:13:34.911949,RX,COM6,0x0205b987,0x2,0x05,0x2e,0x6,7,00 00 ff ff 01 00 00 00,"Status frame 6 (new)"
2026-03-09T09:13:34.926956,RX,COM6,0x0205b807,0x2,0x05,0x2e,0x0,7,00 00 40 0b 00 00 80 00,"Status frame 0 (new)"
2026-03-09T09:13:34.926956,RX,COM6,0x0205b887,0x2,0x05,0x2e,0x2,7,00 00 00 00 00 00 00 00,"Status frame 2 (new)"
2026-03-09T09:13:34.928959,RX,COM6,0x0205b8c7,0x2,0x05,0x2e,0x3,7,3a 00 00 00 53 ea 91 3e,"Status frame 3 (new)"
2026-03-09T09:13:34.928959,RX,COM6,0x0205b907,0x2,0x05,0x2e,0x4,7,00 00 00 00 00 00 00 00,"Status frame 4 (new)"
2026-03-09T09:13:34.930958,HEARTBEAT,COM6,0x01011840,0x1,0x01,0x6,0x1,0,26 37 00 00 00 10 00 00,"Heartbeat"
2026-03-09T09:13:34.930958,RX,COM6,0x0205b947,0x2,0x05,0x2e,0x5,7,00 00 00 00 00 00 00 00,"Status frame 5 (new)"
2026-03-09T09:13:34.932958,RX,COM6,0x0205b987,0x2,0x05,0x2e,0x6,7,00 00 ff ff 01 00 00 00,"Status frame 6 (new)"
2026-03-09T09:13:34.946975,RX,COM6,0x0205b807,0x2,0x05,0x2e,0x0,7,00 00 48 0b 00 00 80 00,"Status frame 0 (new)"
2026-03-09T09:13:34.946975,RX,COM6,0x0205b887,0x2,0x05,0x2e,0x2,7,00 00 00 00 00 00 00 00,"Status frame 2 (new)"
2026-03-09T09:13:34.948975,RX,COM6,0x0205b8c7,0x2,0x05,0x2e,0x3,7,3b 00 00 00 ef ae 94 3e,"Status frame 3 (new)"
2026-03-09T09:13:34.948975,RX,COM6,0x0205b907,0x2,0x05,0x2e,0x4,7,00 00 00 00 00 00 00 00,"Status frame 4 (new)"
2026-03-09T09:13:34.950484,RX,COM6,0x0205b947,0x2,0x05,0x2e,0x5,7,00 00 00 00 00 00 00 00,"Status frame 5 (new)"
2026-03-09T09:13:34.951485,HEARTBEAT,COM6,0x01011840,0x1,0x01,0x6,0x1,0,3a 37 00 00 00 10 00 00,"Heartbeat"
2026-03-09T09:13:34.952489,RX,COM6,0x0205b987,0x2,0x05,0x2e,0x6,7,00 00 ff ff 01 00 00 00,"Status frame 6 (new)"
2026-03-09T09:13:34.966503,RX,COM6,0x0205b807,0x2,0x05,0x2e,0x0,7,00 00 24 0b 00 00 80 00,"Status frame 0 (new)"
2026-03-09T09:13:34.966503,RX,COM6,0x0205b887,0x2,0x05,0x2e,0x2,7,00 00 00 00 00 00 00 00,"Status frame 2 (new)"
2026-03-09T09:13:34.969510,RX,COM6,0x0205b8c7,0x2,0x05,0x2e,0x3,7,3b 00 00 00 40 e9 94 3e,"Status frame 3 (new)"
2026-03-09T09:13:34.969510,RX,COM6,0x0205b907,0x2,0x05,0x2e,0x4,7,00 00 00 00 00 00 00 00,"Status frame 4 (new)"
2026-03-09T09:13:34.970507,HEARTBEAT,COM6,0x01011840,0x1,0x01,0x6,0x1,0,4d 37 00 00 00 10 00 00,"Heartbeat"
2026-03-09T09:13:34.970507,RX,COM6,0x0205b947,0x2,0x05,0x2e,0x5,7,00 00 00 00 00 00 00 00,"Status frame 5 (new)"
2026-03-09T09:13:34.972508,RX,COM6,0x0205b987,0x2,0x05,0x2e,0x6,7,00 00 ff ff 01 00 00 00,"Status frame 6 (new)"
2026-03-09T09:13:34.986528,RX,COM6,0x0205b807,0x2,0x05,0x2e,0x0,7,00 00 45 0b 00 00 80 00,"Status frame 0 (new)"
2026-03-09T09:13:34.986528,RX,COM6,0x0205b887,0x2,0x05,0x2e,0x2,7,00 00 00 00 00 00 00 00,"Status frame 2 (new)"
2026-03-09T09:13:34.988528,RX,COM6,0x0205b8c7,0x2,0x05,0x2e,0x3,7,3a 00 00 00 71 06 93 3e,"Status frame 3 (new)"
2026-03-09T09:13:34.988528,RX,COM6,0x0205b907,0x2,0x05,0x2e,0x4,7,00 00 00 00 00 00 00 00,"Status frame 4 (new)"
2026-03-09T09:13:34.990528,HEARTBEAT,COM6,0x01011840,0x1,0x01,0x6,0x1,0,61 37 00 00 00 10 00 00,"Heartbeat"
2026-03-09T09:13:34.990528,RX,COM6,0x0205b947,0x2,0x05,0x2e,0x5,7,00 00 00 00 00 00 00 00,"Status frame 5 (new)"
2026-03-09T09:13:34.992527,RX,COM6,0x0205b987,0x2,0x05,0x2e,0x6,7,00 00 ff ff 01 00 00 00,"Status frame 6 (new)"
2026-03-09T09:13:35.006778,RX,COM6,0x0205b807,0x2,0x05,0x2e,0x0,7,00 00 4a 0b 00 00 80 00,"Status frame 0 (new)"
2026-03-09T09:13:35.006778,RX,COM6,0x0205b887,0x2,0x05,0x2e,0x2,7,00 00 00 00 00 00 00 00,"Status frame 2 (new)"
2026-03-09T09:13:35.008778,RX,COM6,0x0205b8c7,0x2,0x05,0x2e,0x3,7,3a 00 00 00 24 b0 93 3e,"Status frame 3 (new)"
2026-03-09T09:13:35.008778,RX,COM6,0x0205b907,0x2,0x05,0x2e,0x4,7,00 00 00 00 00 00 00 00,"Status frame 4 (new)"
2026-03-09T09:13:35.010778,HEARTBEAT,COM6,0x01011840,0x1,0x01,0x6,0x1,0,75 37 00 00 00 10 00 00,"Heartbeat"
2026-03-09T09:13:35.010778,RX,COM6,0x0205b947,0x2,0x05,0x2e,0x5,7,00 00 00 00 00 00 00 00,"Status frame 5 (new)"
2026-03-09T09:13:35.012782,RX,COM6,0x0205b987,0x2,0x05,0x2e,0x6,7,00 00 ff ff 01 00 00 00,"Status frame 6 (new)"
2026-03-09T09:13:35.027139,RX,COM6,0x0205b807,0x2,0x05,0x2e,0x0,7,00 00 4a 0b 00 00 80 00,"Status frame 0 (new)"
2026-03-09T09:13:35.027139,RX,COM6,0x0205b887,0x2,0x05,0x2e,0x2,7,00 00 00 00 00 00 00 00,"Status frame 2 (new)"
2026-03-09T09:13:35.029144,RX,COM6,0x0205b8c7,0x2,0x05,0x2e,0x3,7,3a 00 00 00 2f 5f 93 3e,"Status frame 3 (new)"
2026-03-09T09:13:35.029144,RX,COM6,0x0205b907,0x2,0x05,0x2e,0x4,7,00 00 00 00 00 00 00 00,"Status frame 4 (new)"
2026-03-09T09:13:35.031141,RX,COM6,0x0205b947,0x2,0x05,0x2e,0x5,7,00 00 00 00 00 00 00 00,"Status frame 5 (new)"
2026-03-09T09:13:35.031141,HEARTBEAT,COM6,0x01011840,0x1,0x01,0x6,0x1,0,8a 37 00 00 00 10 00 00,"Heartbeat"
2026-03-09T09:13:35.033141,RX,COM6,0x0205b987,0x2,0x05,0x2e,0x6,7,00 00 ff ff 01 00 00 00,"Status frame 6 (new)"
2026-03-09T09:13:35.047153,RX,COM6,0x0205b807,0x2,0x05,0x2e,0x0,7,00 00 49 0b 00 00 80 00,"Status frame 0 (new)"
2026-03-09T09:13:35.047153,RX,COM6,0x0205b887,0x2,0x05,0x2e,0x2,7,00 00 00 00 00 00 00 00,"Status frame 2 (new)"
2026-03-09T09:13:35.049153,RX,COM6,0x0205b8c7,0x2,0x05,0x2e,0x3,7,3b 00 00 00 93 07 94 3e,"Status frame 3 (new)"
2026-03-09T09:13:35.049153,RX,COM6,0x0205b907,0x2,0x05,0x2e,0x4,7,00 00 00 00 00 00 00 00,"Status frame 4 (new)"
2026-03-09T09:13:35.051153,RX,COM6,0x0205b947,0x2,0x05,0x2e,0x5,7,00 00 00 00 00 00 00 00,"Status frame 5 (new)"
2026-03-09T09:13:35.051153,HEARTBEAT,COM6,0x01011840,0x1,0x01,0x6,0x1,0,9e 37 00 00 00 10 00 00,"Heartbeat"
2026-03-09T09:13:35.053153,RX,COM6,0x0205b987,0x2,0x05,0x2e,0x6,7,00 00 ff ff 01 00 00 00,"Status frame 6 (new)"
2026-03-09T09:13:35.066674,RX,COM6,0x0205b807,0x2,0x05,0x2e,0x0,7,00 00 39 0b 00 00 80 00,"Status frame 0 (new)"
2026-03-09T09:13:35.066674,RX,COM6,0x0205b887,0x2,0x05,0x2e,0x2,7,00 00 00 00 00 00 00 00,"Status frame 2 (new)"
2026-03-09T09:13:35.068678,RX,COM6,0x0205b8c7,0x2,0x05,0x2e,0x3,7,3b 00 00 00 0c d8 94 3e,"Status frame 3 (new)"
2026-03-09T09:13:35.068678,RX,COM6,0x0205b907,0x2,0x05,0x2e,0x4,7,00 00 00 00 00 00 00 00,"Status frame 4 (new)"
2026-03-09T09:13:35.070679,RX,COM6,0x0205b947,0x2,0x05,0x2e,0x5,7,00 00 00 00 00 00 00 00,"Status frame 5 (new)"
2026-03-09T09:13:35.071679,HEARTBEAT,COM6,0x01011840,0x1,0x01,0x6,0x1,0,b2 37 00 00 00 10 00 00,"Heartbeat"
2026-03-09T09:13:35.072679,RX,COM6,0x0205b987,0x2,0x05,0x2e,0x6,7,00 00 ff ff 01 00 00 00,"Status frame 6 (new)"
2026-03-09T09:13:35.086832,RX,COM6,0x0205b807,0x2,0x05,0x2e,0x0,7,00 00 49 0b 00 00 80 00,"Status frame 0 (new)"
2026-03-09T09:13:35.086832,RX,COM6,0x0205b887,0x2,0x05,0x2e,0x2,7,00 00 00 00 00 00 00 00,"Status frame 2 (new)"
2026-03-09T09:13:35.088833,RX,COM6,0x0205b8c7,0x2,0x05,0x2e,0x3,7,3a 00 00 00 6f 5f 93 3e,"Status frame 3 (new)"
2026-03-09T09:13:35.088833,RX,COM6,0x0205b907,0x2,0x05,0x2e,0x4,7,00 00 00 00 00 00 00 00,"Status frame 4 (new)"
2026-03-09T09:13:35.090914,HEARTBEAT,COM6,0x01011840,0x1,0x01,0x6,0x1,0,c6 37 00 00 00 10 00 00,"Heartbeat"
2026-03-09T09:13:35.090914,RX,COM6,0x0205b947,0x2,0x05,0x2e,0x5,7,00 00 00 00 00 00 00 00,"Status frame 5 (new)"
2026-03-09T09:13:35.093233,RX,COM6,0x0205b987,0x2,0x05,0x2e,0x6,7,00 00 ff ff 01 00 00 00,"Status frame 6 (new)"
2026-03-09T09:13:35.106745,RX,COM6,0x0205b807,0x2,0x05,0x2e,0x0,7,00 00 40 0b 00 00 80 00,"Status frame 0 (new)"
2026-03-09T09:13:35.106745,RX,COM6,0x0205b887,0x2,0x05,0x2e,0x2,7,00 00 00 00 00 00 00 00,"Status frame 2 (new)"
2026-03-09T09:13:35.108744,RX,COM6,0x0205b8c7,0x2,0x05,0x2e,0x3,7,3a 00 00 00 a2 86 93 3e,"Status frame 3 (new)"
2026-03-09T09:13:35.108744,RX,COM6,0x0205b907,0x2,0x05,0x2e,0x4,7,00 00 00 00 00 00 00 00,"Status frame 4 (new)"
2026-03-09T09:13:35.110745,RX,COM6,0x0205b947,0x2,0x05,0x2e,0x5,7,00 00 00 00 00 00 00 00,"Status frame 5 (new)"
2026-03-09T09:13:35.111745,HEARTBEAT,COM6,0x01011840,0x1,0x01,0x6,0x1,0,da 37 00 00 00 10 00 00,"Heartbeat"
2026-03-09T09:13:35.112745,RX,COM6,0x0205b987,0x2,0x05,0x2e,0x6,7,00 00 ff ff 01 00 00 00,"Status frame 6 (new)"
2026-03-09T09:13:35.117249,RX,COM6,0x0205b847,0x2,0x05,0x2e,0x1,7,00 00 00 24 00 01 00 00,"Status frame 1 (new)"
2026-03-09T09:13:35.127255,RX,COM6,0x0205b807,0x2,0x05,0x2e,0x0,7,00 00 4a 0b 00 00 80 00,"Status frame 0 (new)"
2026-03-09T09:13:35.127255,RX,COM6,0x0205b887,0x2,0x05,0x2e,0x2,7,00 00 00 00 00 00 00 00,"Status frame 2 (new)"
2026-03-09T09:13:35.129259,RX,COM6,0x0205b8c7,0x2,0x05,0x2e,0x3,7,3a 00 00 00 5a d9 92 3e,"Status frame 3 (new)"
2026-03-09T09:13:35.129259,RX,COM6,0x0205b907,0x2,0x05,0x2e,0x4,7,00 00 00 00 00 00 00 00,"Status frame 4 (new)"
2026-03-09T09:13:35.131258,RX,COM6,0x0205b947,0x2,0x05,0x2e,0x5,7,00 00 00 00 00 00 00 00,"Status frame 5 (new)"
2026-03-09T09:13:35.131258,HEARTBEAT,COM6,0x01011840,0x1,0x01,0x6,0x1,0,ee 37 00 00 00 10 00 00,"Heartbeat"
2026-03-09T09:13:35.133258,RX,COM6,0x0205b987,0x2,0x05,0x2e,0x6,7,00 00 ff ff 01 00 00 00,"Status frame 6 (new)"
2026-03-09T09:13:35.146764,RX,COM6,0x0205b807,0x2,0x05,0x2e,0x0,7,00 00 4c 0b 00 00 80 00,"Status frame 0 (new)"
2026-03-09T09:13:35.146764,RX,COM6,0x0205b887,0x2,0x05,0x2e,0x2,7,00 00 00 00 00 00 00 00,"Status frame 2 (new)"
2026-03-09T09:13:35.148763,RX,COM6,0x0205b8c7,0x2,0x05,0x2e,0x3,7,3a 00 00 00 34 a4 93 3e,"Status frame 3 (new)"
2026-03-09T09:13:35.148763,RX,COM6,0x0205b907,0x2,0x05,0x2e,0x4,7,00 00 00 00 00 00 00 00,"Status frame 4 (new)"
2026-03-09T09:13:35.150763,RX,COM6,0x0205b947,0x2,0x05,0x2e,0x5,7,00 00 00 00 00 00 00 00,"Status frame 5 (new)"
2026-03-09T09:13:35.151765,HEARTBEAT,COM6,0x01011840,0x1,0x01,0x6,0x1,0,02 38 00 00 00 10 00 00,"Heartbeat"
2026-03-09T09:13:35.152770,RX,COM6,0x0205b987,0x2,0x05,0x2e,0x6,7,00 00 ff ff 01 00 00 00,"Status frame 6 (new)"
2026-03-09T09:13:35.167487,RX,COM6,0x0205b807,0x2,0x05,0x2e,0x0,7,00 00 48 0b 00 00 80 00,"Status frame 0 (new)"
2026-03-09T09:13:35.167487,RX,COM6,0x0205b887,0x2,0x05,0x2e,0x2,7,00 00 00 00 00 00 00 00,"Status frame 2 (new)"
2026-03-09T09:13:35.168492,RX,COM6,0x0205b8c7,0x2,0x05,0x2e,0x3,7,3b 00 00 00 57 19 94 3e,"Status frame 3 (new)"
2026-03-09T09:13:35.168492,RX,COM6,0x0205b907,0x2,0x05,0x2e,0x4,7,00 00 00 00 00 00 00 00,"Status frame 4 (new)"
2026-03-09T09:13:35.170490,RX,COM6,0x0205b947,0x2,0x05,0x2e,0x5,7,00 00 00 00 00 00 00 00,"Status frame 5 (new)"
2026-03-09T09:13:35.171491,HEARTBEAT,COM6,0x01011840,0x1,0x01,0x6,0x1,0,16 38 00 00 00 10 00 00,"Heartbeat"
2026-03-09T09:13:35.172491,RX,COM6,0x0205b987,0x2,0x05,0x2e,0x6,7,00 00 ff ff 01 00 00 00,"Status frame 6 (new)"
2026-03-09T09:13:35.187497,RX,COM6,0x0205b807,0x2,0x05,0x2e,0x0,7,00 00 4a 0b 00 00 80 00,"Status frame 0 (new)"
2026-03-09T09:13:35.187497,RX,COM6,0x0205b887,0x2,0x05,0x2e,0x2,7,00 00 00 00 00 00 00 00,"Status frame 2 (new)"
2026-03-09T09:13:35.188500,RX,COM6,0x0205b8c7,0x2,0x05,0x2e,0x3,7,3b 00 00 00 43 6d 94 3e,"Status frame 3 (new)"
2026-03-09T09:13:35.188500,RX,COM6,0x0205b907,0x2,0x05,0x2e,0x4,7,00 00 00 00 00 00 00 00,"Status frame 4 (new)"
2026-03-09T09:13:35.190500,HEARTBEAT,COM6,0x01011840,0x1,0x01,0x6,0x1,0,29 38 00 00 00 10 00 00,"Heartbeat"
2026-03-09T09:13:35.190500,RX,COM6,0x0205b947,0x2,0x05,0x2e,0x5,7,00 00 00 00 00 00 00 00,"Status frame 5 (new)"
2026-03-09T09:13:35.193002,RX,COM6,0x0205b987,0x2,0x05,0x2e,0x6,7,00 00 ff ff 01 00 00 00,"Status frame 6 (new)"
2026-03-09T09:13:35.206518,RX,COM6,0x0205b807,0x2,0x05,0x2e,0x0,7,00 00 4b 0b 00 00 80 00,"Status frame 0 (new)"
2026-03-09T09:13:35.206518,RX,COM6,0x0205b887,0x2,0x05,0x2e,0x2,7,00 00 00 00 00 00 00 00,"Status frame 2 (new)"
2026-03-09T09:13:35.208518,RX,COM6,0x0205b8c7,0x2,0x05,0x2e,0x3,7,3a 00 00 00 17 91 93 3e,"Status frame 3 (new)"
2026-03-09T09:13:35.208518,RX,COM6,0x0205b907,0x2,0x05,0x2e,0x4,7,00 00 00 00 00 00 00 00,"Status frame 4 (new)"
2026-03-09T09:13:35.210518,HEARTBEAT,COM6,0x01011840,0x1,0x01,0x6,0x1,0,3d 38 00 00 00 10 00 00,"Heartbeat"
2026-03-09T09:13:35.210518,RX,COM6,0x0205b947,0x2,0x05,0x2e,0x5,7,00 00 00 00 00 00 00 00,"Status frame 5 (new)"
2026-03-09T09:13:35.213525,RX,COM6,0x0205b987,0x2,0x05,0x2e,0x6,7,00 00 ff ff 01 00 00 00,"Status frame 6 (new)"
2026-03-09T09:13:35.227032,RX,COM6,0x0205b807,0x2,0x05,0x2e,0x0,7,00 00 4b 0b 00 00 80 00,"Status frame 0 (new)"
2026-03-09T09:13:35.227032,RX,COM6,0x0205b887,0x2,0x05,0x2e,0x2,7,00 00 00 00 00 00 00 00,"Status frame 2 (new)"
2026-03-09T09:13:35.228541,RX,COM6,0x0205b8c7,0x2,0x05,0x2e,0x3,7,3b 00 00 00 ef 8d 94 3e,"Status frame 3 (new)"
2026-03-09T09:13:35.228541,RX,COM6,0x0205b907,0x2,0x05,0x2e,0x4,7,00 00 00 00 00 00 00 00,"Status frame 4 (new)"
2026-03-09T09:13:35.230540,HEARTBEAT,COM6,0x01011840,0x1,0x01,0x6,0x1,0,51 38 00 00 00 10 00 00,"Heartbeat"
2026-03-09T09:13:35.230540,RX,COM6,0x0205b947,0x2,0x05,0x2e,0x5,7,00 00 00 00 00 00 00 00,"Status frame 5 (new)"
2026-03-09T09:13:35.232540,RX,COM6,0x0205b987,0x2,0x05,0x2e,0x6,7,00 00 ff ff 01 00 00 00,"Status frame 6 (new)"
2026-03-09T09:13:35.246548,RX,COM6,0x0205b807,0x2,0x05,0x2e,0x0,7,00 00 4b 0b 00 00 80 00,"Status frame 0 (new)"
2026-03-09T09:13:35.246548,RX,COM6,0x0205b887,0x2,0x05,0x2e,0x2,7,00 00 00 00 00 00 00 00,"Status frame 2 (new)"
2026-03-09T09:13:35.248548,RX,COM6,0x0205b8c7,0x2,0x05,0x2e,0x3,7,3b 00 00 00 c2 cc 94 3e,"Status frame 3 (new)"
2026-03-09T09:13:35.248548,RX,COM6,0x0205b907,0x2,0x05,0x2e,0x4,7,00 00 00 00 00 00 00 00,"Status frame 4 (new)"
2026-03-09T09:13:35.250548,HEARTBEAT,COM6,0x01011840,0x1,0x01,0x6,0x1,0,65 38 00 00 00 10 00 00,"Heartbeat"
2026-03-09T09:13:35.250548,RX,COM6,0x0205b947,0x2,0x05,0x2e,0x5,7,00 00 00 00 00 00 00 00,"Status frame 5 (new)"
2026-03-09T09:13:35.253128,RX,COM6,0x0205b987,0x2,0x05,0x2e,0x6,7,00 00 ff ff 01 00 00 00,"Status frame 6 (new)"
2026-03-09T09:13:35.267068,RX,COM6,0x0205b807,0x2,0x05,0x2e,0x0,7,00 00 49 0b 00 00 80 00,"Status frame 0 (new)"
2026-03-09T09:13:35.267068,RX,COM6,0x0205b887,0x2,0x05,0x2e,0x2,7,00 00 00 00 00 00 00 00,"Status frame 2 (new)"
2026-03-09T09:13:35.269072,RX,COM6,0x0205b8c7,0x2,0x05,0x2e,0x3,7,3a 00 00 00 c6 b7 93 3e,"Status frame 3 (new)"
2026-03-09T09:13:35.269072,RX,COM6,0x0205b907,0x2,0x05,0x2e,0x4,7,00 00 00 00 00 00 00 00,"Status frame 4 (new)"
2026-03-09T09:13:35.271072,HEARTBEAT,COM6,0x01011840,0x1,0x01,0x6,0x1,0,7a 38 00 00 00 10 00 00,"Heartbeat"
2026-03-09T09:13:35.271072,RX,COM6,0x0205b947,0x2,0x05,0x2e,0x5,7,00 00 00 00 00 00 00 00,"Status frame 5 (new)"
2026-03-09T09:13:35.273072,RX,COM6,0x0205b987,0x2,0x05,0x2e,0x6,7,00 00 ff ff 01 00 00 00,"Status frame 6 (new)"
2026-03-09T09:13:35.287089,RX,COM6,0x0205b807,0x2,0x05,0x2e,0x0,7,00 00 4b 0b 00 00 80 00,"Status frame 0 (new)"
2026-03-09T09:13:35.287089,RX,COM6,0x0205b887,0x2,0x05,0x2e,0x2,7,00 00 00 00 00 00 00 00,"Status frame 2 (new)"
2026-03-09T09:13:35.289090,RX,COM6,0x0205b8c7,0x2,0x05,0x2e,0x3,7,3a 00 00 00 af 7e 93 3e,"Status frame 3 (new)"
2026-03-09T09:13:35.289090,RX,COM6,0x0205b907,0x2,0x05,0x2e,0x4,7,00 00 00 00 00 00 00 00,"Status frame 4 (new)"
2026-03-09T09:13:35.291088,HEARTBEAT,COM6,0x01011840,0x1,0x01,0x6,0x1,0,8e 38 00 00 00 10 00 00,"Heartbeat"
2026-03-09T09:13:35.291088,RX,COM6,0x0205b947,0x2,0x05,0x2e,0x5,7,00 00 00 00 00 00 00 00,"Status frame 5 (new)"
2026-03-09T09:13:35.293088,RX,COM6,0x0205b987,0x2,0x05,0x2e,0x6,7,00 00 ff ff 01 00 00 00,"Status frame 6 (new)"
2026-03-09T09:13:35.307107,RX,COM6,0x0205b807,0x2,0x05,0x2e,0x0,7,00 00 4c 0b 00 00 80 00,"Status frame 0 (new)"
2026-03-09T09:13:35.307107,RX,COM6,0x0205b887,0x2,0x05,0x2e,0x2,7,00 00 00 00 00 00 00 00,"Status frame 2 (new)"
2026-03-09T09:13:35.309107,RX,COM6,0x0205b8c7,0x2,0x05,0x2e,0x3,7,3a 00 00 00 ec b2 93 3e,"Status frame 3 (new)"
2026-03-09T09:13:35.309107,RX,COM6,0x0205b907,0x2,0x05,0x2e,0x4,7,00 00 00 00 00 00 00 00,"Status frame 4 (new)"
2026-03-09T09:13:35.311106,HEARTBEAT,COM6,0x01011840,0x1,0x01,0x6,0x1,0,a2 38 00 00 00 10 00 00,"Heartbeat"
2026-03-09T09:13:35.311106,RX,COM6,0x0205b947,0x2,0x05,0x2e,0x5,7,00 00 00 00 00 00 00 00,"Status frame 5 (new)"
2026-03-09T09:13:35.312107,RX,COM6,0x0205b987,0x2,0x05,0x2e,0x6,7,00 00 ff ff 01 00 00 00,"Status frame 6 (new)"
2026-03-09T09:13:35.327125,RX,COM6,0x0205b807,0x2,0x05,0x2e,0x0,7,00 00 4b 0b 00 00 80 00,"Status frame 0 (new)"
2026-03-09T09:13:35.327125,RX,COM6,0x0205b887,0x2,0x05,0x2e,0x2,7,00 00 00 00 00 00 00 00,"Status frame 2 (new)"
2026-03-09T09:13:35.328636,RX,COM6,0x0205b8c7,0x2,0x05,0x2e,0x3,7,3b 00 00 00 a4 70 94 3e,"Status frame 3 (new)"
2026-03-09T09:13:35.328636,RX,COM6,0x0205b907,0x2,0x05,0x2e,0x4,7,00 00 00 00 00 00 00 00,"Status frame 4 (new)"
2026-03-09T09:13:35.330636,RX,COM6,0x0205b947,0x2,0x05,0x2e,0x5,7,00 00 00 00 00 00 00 00,"Status frame 5 (new)"
2026-03-09T09:13:35.331636,HEARTBEAT,COM6,0x01011840,0x1,0x01,0x6,0x1,0,b6 38 00 00 00 10 00 00,"Heartbeat"
2026-03-09T09:13:35.332650,RX,COM6,0x0205b987,0x2,0x05,0x2e,0x6,7,00 00 ff ff 01 00 00 00,"Status frame 6 (new)"
2026-03-09T09:13:35.347146,RX,COM6,0x0205b807,0x2,0x05,0x2e,0x0,7,00 00 4b 0b 00 00 80 00,"Status frame 0 (new)"
2026-03-09T09:13:35.347146,RX,COM6,0x0205b887,0x2,0x05,0x2e,0x2,7,00 00 00 00 00 00 00 00,"Status frame 2 (new)"
2026-03-09T09:13:35.349146,RX,COM6,0x0205b8c7,0x2,0x05,0x2e,0x3,7,3a 00 00 00 92 0a 93 3e,"Status frame 3 (new)"
2026-03-09T09:13:35.349146,RX,COM6,0x0205b907,0x2,0x05,0x2e,0x4,7,00 00 00 00 00 00 00 00,"Status frame 4 (new)"
2026-03-09T09:13:35.351146,RX,COM6,0x0205b947,0x2,0x05,0x2e,0x5,7,00 00 00 00 00 00 00 00,"Status frame 5 (new)"
2026-03-09T09:13:35.351146,HEARTBEAT,COM6,0x01011840,0x1,0x01,0x6,0x1,0,ca 38 00 00 00 10 00 00,"Heartbeat"
2026-03-09T09:13:35.353146,RX,COM6,0x0205b987,0x2,0x05,0x2e,0x6,7,00 00 ff ff 01 00 00 00,"Status frame 6 (new)"
2026-03-09T09:13:35.368175,RX,COM6,0x0205b807,0x2,0x05,0x2e,0x0,7,00 00 52 0b 00 00 80 00,"Status frame 0 (new)"
2026-03-09T09:13:35.368175,RX,COM6,0x0205b847,0x2,0x05,0x2e,0x1,7,00 00 00 24 00 01 00 00,"Status frame 1 (new)"
2026-03-09T09:13:35.368175,RX,COM6,0x0205b887,0x2,0x05,0x2e,0x2,7,00 00 00 00 00 00 00 00,"Status frame 2 (new)"
2026-03-09T09:13:35.369165,RX,COM6,0x0205b8c7,0x2,0x05,0x2e,0x3,7,3b 00 00 00 3d 04 95 3e,"Status frame 3 (new)"
2026-03-09T09:13:35.369165,RX,COM6,0x0205b907,0x2,0x05,0x2e,0x4,7,00 00 00 00 00 00 00 00,"Status frame 4 (new)"
2026-03-09T09:13:35.371178,RX,COM6,0x0205b947,0x2,0x05,0x2e,0x5,7,00 00 00 00 00 00 00 00,"Status frame 5 (new)"
2026-03-09T09:13:35.371178,HEARTBEAT,COM6,0x01011840,0x1,0x01,0x6,0x1,0,de 38 00 00 00 10 00 00,"Heartbeat"
2026-03-09T09:13:35.373165,RX,COM6,0x0205b987,0x2,0x05,0x2e,0x6,7,00 00 ff ff 01 00 00 00,"Status frame 6 (new)"
2026-03-09T09:13:35.386408,RX,COM6,0x0205b807,0x2,0x05,0x2e,0x0,7,00 00 51 0b 00 00 80 00,"Status frame 0 (new)"
2026-03-09T09:13:35.386408,RX,COM6,0x0205b887,0x2,0x05,0x2e,0x2,7,00 00 00 00 00 00 00 00,"Status frame 2 (new)"
2026-03-09T09:13:35.388496,RX,COM6,0x0205b8c7,0x2,0x05,0x2e,0x3,7,3a 00 00 00 a5 e3 93 3e,"Status frame 3 (new)"
2026-03-09T09:13:35.388496,RX,COM6,0x0205b907,0x2,0x05,0x2e,0x4,7,00 00 00 00 00 00 00 00,"Status frame 4 (new)"
2026-03-09T09:13:35.391120,RX,COM6,0x0205b947,0x2,0x05,0x2e,0x5,7,00 00 00 00 00 00 00 00,"Status frame 5 (new)"
2026-03-09T09:13:35.392220,HEARTBEAT,COM6,0x01011840,0x1,0x01,0x6,0x1,0,f3 38 00 00 00 10 00 00,"Heartbeat"
2026-03-09T09:13:35.392220,RX,COM6,0x0205b987,0x2,0x05,0x2e,0x6,7,00 00 ff ff 01 00 00 00,"Status frame 6 (new)"
2026-03-09T09:13:35.406870,RX,COM6,0x0205b807,0x2,0x05,0x2e,0x0,7,00 00 2d 0b 00 00 80 00,"Status frame 0 (new)"
2026-03-09T09:13:35.406870,RX,COM6,0x0205b887,0x2,0x05,0x2e,0x2,7,00 00 00 00 00 00 00 00,"Status frame 2 (new)"
2026-03-09T09:13:35.408848,RX,COM6,0x0205b8c7,0x2,0x05,0x2e,0x3,7,3a 00 00 00 c7 03 93 3e,"Status frame 3 (new)"
2026-03-09T09:13:35.408848,RX,COM6,0x0205b907,0x2,0x05,0x2e,0x4,7,00 00 00 00 00 00 00 00,"Status frame 4 (new)"
2026-03-09T09:13:35.410860,HEARTBEAT,COM6,0x01011840,0x1,0x01,0x6,0x1,0,06 39 00 00 00 10 00 00,"Heartbeat"
2026-03-09T09:13:35.410860,RX,COM6,0x0205b947,0x2,0x05,0x2e,0x5,7,00 00 00 00 00 00 00 00,"Status frame 5 (new)"
2026-03-09T09:13:35.412787,RX,COM6,0x0205b987,0x2,0x05,0x2e,0x6,7,00 00 ff ff 01 00 00 00,"Status frame 6 (new)"
2026-03-09T09:13:35.428804,RX,COM6,0x0205b807,0x2,0x05,0x2e,0x0,7,00 00 4f 0b 00 00 80 00,"Status frame 0 (new)"
2026-03-09T09:13:35.428804,RX,COM6,0x0205b887,0x2,0x05,0x2e,0x2,7,00 00 00 00 00 00 00 00,"Status frame 2 (new)"
2026-03-09T09:13:35.428804,RX,COM6,0x0205b8c7,0x2,0x05,0x2e,0x3,7,3b 00 00 00 ad cf 94 3e,"Status frame 3 (new)"
2026-03-09T09:13:35.428804,RX,COM6,0x0205b907,0x2,0x05,0x2e,0x4,7,00 00 00 00 00 00 00 00,"Status frame 4 (new)"
2026-03-09T09:13:35.430804,RX,COM6,0x0205b947,0x2,0x05,0x2e,0x5,7,00 00 00 00 00 00 00 00,"Status frame 5 (new)"
2026-03-09T09:13:35.431804,HEARTBEAT,COM6,0x01011840,0x1,0x01,0x6,0x1,0,1a 39 00 00 00 10 00 00,"Heartbeat"
2026-03-09T09:13:35.432814,RX,COM6,0x0205b987,0x2,0x05,0x2e,0x6,7,00 00 ff ff 01 00 00 00,"Status frame 6 (new)"
2026-03-09T09:13:35.446314,RX,COM6,0x0205b807,0x2,0x05,0x2e,0x0,7,00 00 50 0b 00 00 80 00,"Status frame 0 (new)"
2026-03-09T09:13:35.446314,RX,COM6,0x0205b887,0x2,0x05,0x2e,0x2,7,00 00 00 00 00 00 00 00,"Status frame 2 (new)"
2026-03-09T09:13:35.448824,RX,COM6,0x0205b8c7,0x2,0x05,0x2e,0x3,7,3a 00 00 00 86 da 93 3e,"Status frame 3 (new)"
2026-03-09T09:13:35.448824,RX,COM6,0x0205b907,0x2,0x05,0x2e,0x4,7,00 00 00 00 00 00 00 00,"Status frame 4 (new)"
2026-03-09T09:13:35.450823,HEARTBEAT,COM6,0x01011840,0x1,0x01,0x6,0x1,0,2d 39 00 00 00 10 00 00,"Heartbeat"
2026-03-09T09:13:35.450823,RX,COM6,0x0205b947,0x2,0x05,0x2e,0x5,7,00 00 00 00 00 00 00 00,"Status frame 5 (new)"
2026-03-09T09:13:35.452823,RX,COM6,0x0205b987,0x2,0x05,0x2e,0x6,7,00 00 ff ff 01 00 00 00,"Status frame 6 (new)"
2026-03-09T09:13:35.467332,RX,COM6,0x0205b807,0x2,0x05,0x2e,0x0,7,00 00 54 0b 00 00 80 00,"Status frame 0 (new)"
2026-03-09T09:13:35.467332,RX,COM6,0x0205b887,0x2,0x05,0x2e,0x2,7,00 00 00 00 00 00 00 00,"Status frame 2 (new)"
2026-03-09T09:13:35.468842,RX,COM6,0x0205b8c7,0x2,0x05,0x2e,0x3,7,3a 00 00 00 f8 b6 93 3e,"Status frame 3 (new)"
2026-03-09T09:13:35.468842,RX,COM6,0x0205b907,0x2,0x05,0x2e,0x4,7,00 00 00 00 00 00 00 00,"Status frame 4 (new)"
2026-03-09T09:13:35.470847,HEARTBEAT,COM6,0x01011840,0x1,0x01,0x6,0x1,0,41 39 00 00 00 10 00 00,"Heartbeat"
2026-03-09T09:13:35.470847,RX,COM6,0x0205b947,0x2,0x05,0x2e,0x5,7,00 00 00 00 00 00 00 00,"Status frame 5 (new)"
2026-03-09T09:13:35.472847,RX,COM6,0x0205b987,0x2,0x05,0x2e,0x6,7,00 00 ff ff 01 00 00 00,"Status frame 6 (new)"
2026-03-09T09:13:35.486866,RX,COM6,0x0205b807,0x2,0x05,0x2e,0x0,7,00 00 52 0b 00 00 80 00,"Status frame 0 (new)"
2026-03-09T09:13:35.486866,RX,COM6,0x0205b887,0x2,0x05,0x2e,0x2,7,00 00 00 00 00 00 00 00,"Status frame 2 (new)"
2026-03-09T09:13:35.488866,RX,COM6,0x0205b8c7,0x2,0x05,0x2e,0x3,7,3b 00 00 00 46 29 95 3e,"Status frame 3 (new)"
2026-03-09T09:13:35.488866,RX,COM6,0x0205b907,0x2,0x05,0x2e,0x4,7,00 00 00 00 00 00 00 00,"Status frame 4 (new)"
2026-03-09T09:13:35.490367,RX,COM6,0x0205b947,0x2,0x05,0x2e,0x5,7,00 00 00 00 00 00 00 00,"Status frame 5 (new)"
2026-03-09T09:13:35.491371,HEARTBEAT,COM6,0x01011840,0x1,0x01,0x6,0x1,0,56 39 00 00 00 10 00 00,"Heartbeat"
2026-03-09T09:13:35.492370,RX,COM6,0x0205b987,0x2,0x05,0x2e,0x6,7,00 00 ff ff 01 00 00 00,"Status frame 6 (new)"
2026-03-09T09:13:35.506883,RX,COM6,0x0205b807,0x2,0x05,0x2e,0x0,7,00 00 0a 0b 00 00 80 00,"Status frame 0 (new)"
2026-03-09T09:13:35.506883,RX,COM6,0x0205b887,0x2,0x05,0x2e,0x2,7,00 00 00 00 00 00 00 00,"Status frame 2 (new)"
2026-03-09T09:13:35.508882,RX,COM6,0x0205b8c7,0x2,0x05,0x2e,0x3,7,3a 00 00 00 26 67 92 3e,"Status frame 3 (new)"
2026-03-09T09:13:35.508882,RX,COM6,0x0205b907,0x2,0x05,0x2e,0x4,7,00 00 00 00 00 00 00 00,"Status frame 4 (new)"
2026-03-09T09:13:35.510882,RX,COM6,0x0205b947,0x2,0x05,0x2e,0x5,7,00 00 00 00 00 00 00 00,"Status frame 5 (new)"
2026-03-09T09:13:35.511882,HEARTBEAT,COM6,0x01011840,0x1,0x01,0x6,0x1,0,6b 39 00 00 00 10 00 00,"Heartbeat"
2026-03-09T09:13:35.512882,RX,COM6,0x0205b987,0x2,0x05,0x2e,0x6,7,00 00 ff ff 01 00 00 00,"Status frame 6 (new)"
2026-03-09T09:13:35.526902,RX,COM6,0x0205b807,0x2,0x05,0x2e,0x0,7,00 00 55 0b 00 00 80 00,"Status frame 0 (new)"
2026-03-09T09:13:35.527407,RX,COM6,0x0205b887,0x2,0x05,0x2e,0x2,7,00 00 00 00 00 00 00 00,"Status frame 2 (new)"
2026-03-09T09:13:35.529413,RX,COM6,0x0205b8c7,0x2,0x05,0x2e,0x3,7,3b 00 00 00 ed f6 93 3e,"Status frame 3 (new)"
2026-03-09T09:13:35.529413,RX,COM6,0x0205b907,0x2,0x05,0x2e,0x4,7,00 00 00 00 00 00 00 00,"Status frame 4 (new)"
2026-03-09T09:13:35.530412,RX,COM6,0x0205b947,0x2,0x05,0x2e,0x5,7,00 00 00 00 00 00 00 00,"Status frame 5 (new)"
2026-03-09T09:13:35.531412,HEARTBEAT,COM6,0x01011840,0x1,0x01,0x6,0x1,0,7e 39 00 00 00 10 00 00,"Heartbeat"
2026-03-09T09:13:35.532412,RX,COM6,0x0205b987,0x2,0x05,0x2e,0x6,7,00 00 ff ff 01 00 00 00,"Status frame 6 (new)"
2026-03-09T09:13:35.546923,RX,COM6,0x0205b807,0x2,0x05,0x2e,0x0,7,00 00 52 0b 00 00 80 00,"Status frame 0 (new)"
2026-03-09T09:13:35.546923,RX,COM6,0x0205b887,0x2,0x05,0x2e,0x2,7,00 00 00 00 00 00 00 00,"Status frame 2 (new)"
2026-03-09T09:13:35.548923,RX,COM6,0x0205b8c7,0x2,0x05,0x2e,0x3,7,3b 00 00 00 cc 8d 94 3e,"Status frame 3 (new)"
2026-03-09T09:13:35.548923,RX,COM6,0x0205b907,0x2,0x05,0x2e,0x4,7,00 00 00 00 00 00 00 00,"Status frame 4 (new)"
2026-03-09T09:13:35.550925,HEARTBEAT,COM6,0x01011840,0x1,0x01,0x6,0x1,0,92 39 00 00 00 10 00 00,"Heartbeat"
2026-03-09T09:13:35.550925,RX,COM6,0x0205b947,0x2,0x05,0x2e,0x5,7,00 00 00 00 00 00 00 00,"Status frame 5 (new)"
2026-03-09T09:13:35.556433,RX,COM6,0x0205b987,0x2,0x05,0x2e,0x6,7,00 00 ff ff 01 00 00 00,"Status frame 6 (new)"
2026-03-09T09:13:35.567433,RX,COM6,0x0205b807,0x2,0x05,0x2e,0x0,7,00 00 56 0b 00 00 80 00,"Status frame 0 (new)"
2026-03-09T09:13:35.567433,RX,COM6,0x0205b887,0x2,0x05,0x2e,0x2,7,00 00 00 00 00 00 00 00,"Status frame 2 (new)"
2026-03-09T09:13:35.573454,RX,COM6,0x0205b8c7,0x2,0x05,0x2e,0x3,7,3b 00 00 00 3a 1d 94 3e,"Status frame 3 (new)"
2026-03-09T09:13:35.573454,RX,COM6,0x0205b907,0x2,0x05,0x2e,0x4,7,00 00 00 00 00 00 00 00,"Status frame 4 (new)"
2026-03-09T09:13:35.573454,RX,COM6,0x0205b947,0x2,0x05,0x2e,0x5,7,00 00 00 00 00 00 00 00,"Status frame 5 (new)"
2026-03-09T09:13:35.573454,HEARTBEAT,COM6,0x01011840,0x1,0x01,0x6,0x1,0,a8 39 00 00 00 10 00 00,"Heartbeat"
2026-03-09T09:13:35.573454,RX,COM6,0x0205b987,0x2,0x05,0x2e,0x6,7,00 00 ff ff 01 00 00 00,"Status frame 6 (new)"
2026-03-09T09:13:35.586986,RX,COM6,0x0205b807,0x2,0x05,0x2e,0x0,7,00 00 54 0b 00 00 80 00,"Status frame 0 (new)"
2026-03-09T09:13:35.586986,RX,COM6,0x0205b887,0x2,0x05,0x2e,0x2,7,00 00 00 00 00 00 00 00,"Status frame 2 (new)"
2026-03-09T09:13:35.588993,RX,COM6,0x0205b8c7,0x2,0x05,0x2e,0x3,7,3a 00 00 00 f7 df 93 3e,"Status frame 3 (new)"
2026-03-09T09:13:35.588993,RX,COM6,0x0205b907,0x2,0x05,0x2e,0x4,7,00 00 00 00 00 00 00 00,"Status frame 4 (new)"
2026-03-09T09:13:35.590991,HEARTBEAT,COM6,0x01011840,0x1,0x01,0x6,0x1,0,ba 39 00 00 00 10 00 00,"Heartbeat"
2026-03-09T09:13:35.590991,RX,COM6,0x0205b947,0x2,0x05,0x2e,0x5,7,00 00 00 00 00 00 00 00,"Status frame 5 (new)"
2026-03-09T09:13:35.592501,RX,COM6,0x0205b987,0x2,0x05,0x2e,0x6,7,00 00 ff ff 01 00 00 00,"Status frame 6 (new)"
2026-03-09T09:13:35.606007,RX,COM6,0x0205b807,0x2,0x05,0x2e,0x0,7,00 00 26 0b 00 00 80 00,"Status frame 0 (new)"
2026-03-09T09:13:35.606007,RX,COM6,0x0205b887,0x2,0x05,0x2e,0x2,7,00 00 00 00 00 00 00 00,"Status frame 2 (new)"
2026-03-09T09:13:35.608511,RX,COM6,0x0205b8c7,0x2,0x05,0x2e,0x3,7,3a 00 00 00 34 a8 93 3e,"Status frame 3 (new)"
2026-03-09T09:13:35.608511,RX,COM6,0x0205b907,0x2,0x05,0x2e,0x4,7,00 00 00 00 00 00 00 00,"Status frame 4 (new)"
2026-03-09T09:13:35.613511,RX,COM6,0x0205b947,0x2,0x05,0x2e,0x5,7,00 00 00 00 00 00 00 00,"Status frame 5 (new)"
2026-03-09T09:13:35.613511,HEARTBEAT,COM6,0x01011840,0x1,0x01,0x6,0x1,0,d0 39 00 00 00 10 00 00,"Heartbeat"
2026-03-09T09:13:35.613511,RX,COM6,0x0205b987,0x2,0x05,0x2e,0x6,7,00 00 ff ff 01 00 00 00,"Status frame 6 (new)"
2026-03-09T09:13:35.616511,RX,COM6,0x0205b847,0x2,0x05,0x2e,0x1,7,00 00 00 24 00 01 00 00,"Status frame 1 (new)"
2026-03-09T09:13:35.627020,RX,COM6,0x0205b807,0x2,0x05,0x2e,0x0,7,00 00 51 0b 00 00 80 00,"Status frame 0 (new)"
2026-03-09T09:13:35.627020,RX,COM6,0x0205b887,0x2,0x05,0x2e,0x2,7,00 00 00 00 00 00 00 00,"Status frame 2 (new)"
2026-03-09T09:13:35.628748,RX,COM6,0x0205b8c7,0x2,0x05,0x2e,0x3,7,3b 00 00 00 ae c5 94 3e,"Status frame 3 (new)"
2026-03-09T09:13:35.628748,RX,COM6,0x0205b907,0x2,0x05,0x2e,0x4,7,00 00 00 00 00 00 00 00,"Status frame 4 (new)"
2026-03-09T09:13:35.630558,HEARTBEAT,COM6,0x01011840,0x1,0x01,0x6,0x1,0,e1 39 00 00 00 10 00 00,"Heartbeat"
2026-03-09T09:13:35.630558,RX,COM6,0x0205b947,0x2,0x05,0x2e,0x5,7,00 00 00 00 00 00 00 00,"Status frame 5 (new)"
2026-03-09T09:13:35.632558,RX,COM6,0x0205b987,0x2,0x05,0x2e,0x6,7,00 00 ff ff 01 00 00 00,"Status frame 6 (new)"
2026-03-09T09:13:35.647066,RX,COM6,0x0205b807,0x2,0x05,0x2e,0x0,7,00 00 50 0b 00 00 80 00,"Status frame 0 (new)"
2026-03-09T09:13:35.647462,RX,COM6,0x0205b887,0x2,0x05,0x2e,0x2,7,00 00 00 00 00 00 00 00,"Status frame 2 (new)"
2026-03-09T09:13:35.648477,RX,COM6,0x0205b8c7,0x2,0x05,0x2e,0x3,7,3a 00 00 00 17 d9 93 3e,"Status frame 3 (new)"
2026-03-09T09:13:35.649470,RX,COM6,0x0205b907,0x2,0x05,0x2e,0x4,7,00 00 00 00 00 00 00 00,"Status frame 4 (new)"
2026-03-09T09:13:35.649973,RX,COM6,0x0205b947,0x2,0x05,0x2e,0x5,7,00 00 00 00 00 00 00 00,"Status frame 5 (new)"
2026-03-09T09:13:35.651475,HEARTBEAT,COM6,0x01011840,0x1,0x01,0x6,0x1,0,f6 39 00 00 00 10 00 00,"Heartbeat"
2026-03-09T09:13:35.652477,RX,COM6,0x0205b987,0x2,0x05,0x2e,0x6,7,00 00 ff ff 01 00 00 00,"Status frame 6 (new)"
2026-03-09T09:13:35.667483,RX,COM6,0x0205b807,0x2,0x05,0x2e,0x0,7,00 00 52 0b 00 00 80 00,"Status frame 0 (new)"
2026-03-09T09:13:35.667483,RX,COM6,0x0205b887,0x2,0x05,0x2e,0x2,7,00 00 00 00 00 00 00 00,"Status frame 2 (new)"
2026-03-09T09:13:35.673485,RX,COM6,0x0205b8c7,0x2,0x05,0x2e,0x3,7,3b 00 00 00 fb 13 94 3e,"Status frame 3 (new)"
2026-03-09T09:13:35.674485,RX,COM6,0x0205b907,0x2,0x05,0x2e,0x4,7,00 00 00 00 00 00 00 00,"Status frame 4 (new)"
2026-03-09T09:13:35.674485,HEARTBEAT,COM6,0x01011840,0x1,0x01,0x6,0x1,0,0d 3a 00 00 00 10 00 00,"Heartbeat"
2026-03-09T09:13:35.674485,RX,COM6,0x0205b947,0x2,0x05,0x2e,0x5,7,00 00 00 00 00 00 00 00,"Status frame 5 (new)"
2026-03-09T09:13:35.674485,RX,COM6,0x0205b987,0x2,0x05,0x2e,0x6,7,00 00 ff ff 01 00 00 00,"Status frame 6 (new)"
2026-03-09T09:13:35.690499,RX,COM6,0x0205b807,0x2,0x05,0x2e,0x0,7,00 00 4f 0b 00 00 80 00,"Status frame 0 (new)"
2026-03-09T09:13:35.690499,RX,COM6,0x0205b887,0x2,0x05,0x2e,0x2,7,00 00 00 00 00 00 00 00,"Status frame 2 (new)"
2026-03-09T09:13:35.690499,RX,COM6,0x0205b8c7,0x2,0x05,0x2e,0x3,7,3a 00 00 00 3a 0d 93 3e,"Status frame 3 (new)"
2026-03-09T09:13:35.690499,RX,COM6,0x0205b907,0x2,0x05,0x2e,0x4,7,00 00 00 00 00 00 00 00,"Status frame 4 (new)"
2026-03-09T09:13:35.690499,HEARTBEAT,COM6,0x01011840,0x1,0x01,0x6,0x1,0,1d 3a 00 00 00 10 00 00,"Heartbeat"
2026-03-09T09:13:35.693238,RX,COM6,0x0205b947,0x2,0x05,0x2e,0x5,7,00 00 00 00 00 00 00 00,"Status frame 5 (new)"
2026-03-09T09:13:35.693238,RX,COM6,0x0205b987,0x2,0x05,0x2e,0x6,7,00 00 ff ff 01 00 00 00,"Status frame 6 (new)"
2026-03-09T09:13:35.706863,RX,COM6,0x0205b807,0x2,0x05,0x2e,0x0,7,00 00 35 0b 00 00 80 00,"Status frame 0 (new)"
2026-03-09T09:13:35.706863,RX,COM6,0x0205b887,0x2,0x05,0x2e,0x2,7,00 00 00 00 00 00 00 00,"Status frame 2 (new)"
2026-03-09T09:13:35.708863,RX,COM6,0x0205b8c7,0x2,0x05,0x2e,0x3,7,3a 00 00 00 94 0d 93 3e,"Status frame 3 (new)"
2026-03-09T09:13:35.708863,RX,COM6,0x0205b907,0x2,0x05,0x2e,0x4,7,00 00 00 00 00 00 00 00,"Status frame 4 (new)"
2026-03-09T09:13:35.710862,HEARTBEAT,COM6,0x01011840,0x1,0x01,0x6,0x1,0,32 3a 00 00 00 10 00 00,"Heartbeat"
2026-03-09T09:13:35.710862,RX,COM6,0x0205b947,0x2,0x05,0x2e,0x5,7,00 00 00 00 00 00 00 00,"Status frame 5 (new)"
2026-03-09T09:13:35.712508,RX,COM6,0x0205b987,0x2,0x05,0x2e,0x6,7,00 00 ff ff 01 00 00 00,"Status frame 6 (new)"
2026-03-09T09:13:35.726881,RX,COM6,0x0205b807,0x2,0x05,0x2e,0x0,7,00 00 49 0b 00 00 80 00,"Status frame 0 (new)"
2026-03-09T09:13:35.727384,RX,COM6,0x0205b887,0x2,0x05,0x2e,0x2,7,00 00 00 00 00 00 00 00,"Status frame 2 (new)"
2026-03-09T09:13:35.728406,RX,COM6,0x0205b8c7,0x2,0x05,0x2e,0x3,7,3b 00 00 00 af 57 94 3e,"Status frame 3 (new)"
2026-03-09T09:13:35.729388,RX,COM6,0x0205b907,0x2,0x05,0x2e,0x4,7,00 00 00 00 00 00 00 00,"Status frame 4 (new)"
2026-03-09T09:13:35.730388,RX,COM6,0x0205b947,0x2,0x05,0x2e,0x5,7,00 00 00 00 00 00 00 00,"Status frame 5 (new)"
2026-03-09T09:13:35.731388,HEARTBEAT,COM6,0x01011840,0x1,0x01,0x6,0x1,0,46 3a 00 00 00 10 00 00,"Heartbeat"
2026-03-09T09:13:35.732505,RX,COM6,0x0205b987,0x2,0x05,0x2e,0x6,7,00 00 ff ff 01 00 00 00,"Status frame 6 (new)"
2026-03-09T09:13:35.746897,RX,COM6,0x0205b807,0x2,0x05,0x2e,0x0,7,00 00 4c 0b 00 00 80 00,"Status frame 0 (new)"
2026-03-09T09:13:35.746897,RX,COM6,0x0205b887,0x2,0x05,0x2e,0x2,7,00 00 00 00 00 00 00 00,"Status frame 2 (new)"
2026-03-09T09:13:35.748898,RX,COM6,0x0205b8c7,0x2,0x05,0x2e,0x3,7,3a 00 00 00 7d ba 93 3e,"Status frame 3 (new)"
2026-03-09T09:13:35.748898,RX,COM6,0x0205b907,0x2,0x05,0x2e,0x4,7,00 00 00 00 00 00 00 00,"Status frame 4 (new)"
2026-03-09T09:13:35.750897,RX,COM6,0x0205b947,0x2,0x05,0x2e,0x5,7,00 00 00 00 00 00 00 00,"Status frame 5 (new)"
2026-03-09T09:13:35.751898,HEARTBEAT,COM6,0x01011840,0x1,0x01,0x6,0x1,0,5b 3a 00 00 00 10 00 00,"Heartbeat"
2026-03-09T09:13:35.751898,RX,COM6,0x0205b987,0x2,0x05,0x2e,0x6,7,00 00 ff ff 01 00 00 00,"Status frame 6 (new)"
2026-03-09T09:13:35.766406,RX,COM6,0x0205b807,0x2,0x05,0x2e,0x0,7,00 00 49 0b 00 00 80 00,"Status frame 0 (new)"
2026-03-09T09:13:35.767406,RX,COM6,0x0205b887,0x2,0x05,0x2e,0x2,7,00 00 00 00 00 00 00 00,"Status frame 2 (new)"
2026-03-09T09:13:35.768915,RX,COM6,0x0205b8c7,0x2,0x05,0x2e,0x3,7,3a 00 00 00 e4 9c 93 3e,"Status frame 3 (new)"
2026-03-09T09:13:35.768915,RX,COM6,0x0205b907,0x2,0x05,0x2e,0x4,7,00 00 00 00 00 00 00 00,"Status frame 4 (new)"
2026-03-09T09:13:35.770915,HEARTBEAT,COM6,0x01011840,0x1,0x01,0x6,0x1,0,6e 3a 00 00 00 10 00 00,"Heartbeat"
2026-03-09T09:13:35.770915,RX,COM6,0x0205b947,0x2,0x05,0x2e,0x5,7,00 00 00 00 00 00 00 00,"Status frame 5 (new)"
2026-03-09T09:13:35.772915,RX,COM6,0x0205b987,0x2,0x05,0x2e,0x6,7,00 00 ff ff 01 00 00 00,"Status frame 6 (new)"
2026-03-09T09:13:35.786436,RX,COM6,0x0205b807,0x2,0x05,0x2e,0x0,7,00 00 44 0b 00 00 80 00,"Status frame 0 (new)"
2026-03-09T09:13:35.786436,RX,COM6,0x0205b887,0x2,0x05,0x2e,0x2,7,00 00 00 00 00 00 00 00,"Status frame 2 (new)"
2026-03-09T09:13:35.788437,RX,COM6,0x0205b8c7,0x2,0x05,0x2e,0x3,7,3a 00 00 00 db 71 93 3e,"Status frame 3 (new)"
2026-03-09T09:13:35.789437,RX,COM6,0x0205b907,0x2,0x05,0x2e,0x4,7,00 00 00 00 00 00 00 00,"Status frame 4 (new)"
2026-03-09T09:13:35.790944,HEARTBEAT,COM6,0x01011840,0x1,0x01,0x6,0x1,0,82 3a 00 00 00 10 00 00,"Heartbeat"
2026-03-09T09:13:35.790944,RX,COM6,0x0205b947,0x2,0x05,0x2e,0x5,7,00 00 00 00 00 00 00 00,"Status frame 5 (new)"
2026-03-09T09:13:35.792944,RX,COM6,0x0205b987,0x2,0x05,0x2e,0x6,7,00 00 ff ff 01 00 00 00,"Status frame 6 (new)"
2026-03-09T09:13:35.806455,RX,COM6,0x0205b807,0x2,0x05,0x2e,0x0,7,00 00 3d 0b 00 00 80 00,"Status frame 0 (new)"
2026-03-09T09:13:35.806455,RX,COM6,0x0205b887,0x2,0x05,0x2e,0x2,7,00 00 00 00 00 00 00 00,"Status frame 2 (new)"
2026-03-09T09:13:35.808456,RX,COM6,0x0205b8c7,0x2,0x05,0x2e,0x3,7,3a 00 00 00 c1 3a 93 3e,"Status frame 3 (new)"
2026-03-09T09:13:35.808456,RX,COM6,0x0205b907,0x2,0x05,0x2e,0x4,7,00 00 00 00 00 00 00 00,"Status frame 4 (new)"
2026-03-09T09:13:35.811541,RX,COM6,0x0205b947,0x2,0x05,0x2e,0x5,7,00 00 00 00 00 00 00 00,"Status frame 5 (new)"
2026-03-09T09:13:35.812536,HEARTBEAT,COM6,0x01011840,0x1,0x01,0x6,0x1,0,97 3a 00 00 00 10 00 00,"Heartbeat"
2026-03-09T09:13:35.813501,RX,COM6,0x0205b987,0x2,0x05,0x2e,0x6,7,00 00 ff ff 01 00 00 00,"Status frame 6 (new)"
2026-03-09T09:13:35.827144,RX,COM6,0x0205b807,0x2,0x05,0x2e,0x0,7,00 00 48 0b 00 00 80 00,"Status frame 0 (new)"
2026-03-09T09:13:35.827144,RX,COM6,0x0205b887,0x2,0x05,0x2e,0x2,7,00 00 00 00 00 00 00 00,"Status frame 2 (new)"
2026-03-09T09:13:35.828796,RX,COM6,0x0205b8c7,0x2,0x05,0x2e,0x3,7,3a 00 00 00 c1 75 92 3e,"Status frame 3 (new)"
2026-03-09T09:13:35.828796,RX,COM6,0x0205b907,0x2,0x05,0x2e,0x4,7,00 00 00 00 00 00 00 00,"Status frame 4 (new)"
2026-03-09T09:13:35.830794,HEARTBEAT,COM6,0x01011840,0x1,0x01,0x6,0x1,0,a9 3a 00 00 00 10 00 00,"Heartbeat"
2026-03-09T09:13:35.830794,RX,COM6,0x0205b947,0x2,0x05,0x2e,0x5,7,00 00 00 00 00 00 00 00,"Status frame 5 (new)"
2026-03-09T09:13:35.832739,RX,COM6,0x0205b987,0x2,0x05,0x2e,0x6,7,00 00 ff ff 01 00 00 00,"Status frame 6 (new)"
2026-03-09T09:13:35.846795,RX,COM6,0x0205b807,0x2,0x05,0x2e,0x0,7,00 00 48 0b 00 00 80 00,"Status frame 0 (new)"
2026-03-09T09:13:35.846795,RX,COM6,0x0205b887,0x2,0x05,0x2e,0x2,7,00 00 00 00 00 00 00 00,"Status frame 2 (new)"
2026-03-09T09:13:35.848812,RX,COM6,0x0205b8c7,0x2,0x05,0x2e,0x3,7,3b 00 00 00 85 ff 93 3e,"Status frame 3 (new)"
2026-03-09T09:13:35.848812,RX,COM6,0x0205b907,0x2,0x05,0x2e,0x4,7,00 00 00 00 00 00 00 00,"Status frame 4 (new)"
2026-03-09T09:13:35.850812,HEARTBEAT,COM6,0x01011840,0x1,0x01,0x6,0x1,0,be 3a 00 00 00 10 00 00,"Heartbeat"
2026-03-09T09:13:35.850812,RX,COM6,0x0205b947,0x2,0x05,0x2e,0x5,7,00 00 00 00 00 00 00 00,"Status frame 5 (new)"
2026-03-09T09:13:35.852330,RX,COM6,0x0205b987,0x2,0x05,0x2e,0x6,7,00 00 ff ff 01 00 00 00,"Status frame 6 (new)"
2026-03-09T09:13:35.867388,RX,COM6,0x0205b807,0x2,0x05,0x2e,0x0,7,00 00 41 0b 00 00 80 00,"Status frame 0 (new)"
2026-03-09T09:13:35.867388,RX,COM6,0x0205b847,0x2,0x05,0x2e,0x1,7,00 00 00 24 00 01 00 00,"Status frame 1 (new)"
2026-03-09T09:13:35.867388,RX,COM6,0x0205b887,0x2,0x05,0x2e,0x2,7,00 00 00 00 00 00 00 00,"Status frame 2 (new)"
2026-03-09T09:13:35.868405,RX,COM6,0x0205b8c7,0x2,0x05,0x2e,0x3,7,3a 00 00 00 5a ce 93 3e,"Status frame 3 (new)"
2026-03-09T09:13:35.868405,RX,COM6,0x0205b907,0x2,0x05,0x2e,0x4,7,00 00 00 00 00 00 00 00,"Status frame 4 (new)"
2026-03-09T09:13:35.869396,RX,COM6,0x0205bc07,0x2,0x05,0x2f,0x0,7,12 e2 2e be 00 00 00 00,"DATA apiClass=0x2f apiIndex=0x0"
2026-03-09T09:13:35.870406,RX,COM6,0x0205b947,0x2,0x05,0x2e,0x5,7,00 00 00 00 00 00 00 00,"Status frame 5 (new)"
2026-03-09T09:13:35.874404,HEARTBEAT,COM6,0x01011840,0x1,0x01,0x6,0x1,0,d5 3a 00 00 00 10 00 00,"Heartbeat"
2026-03-09T09:13:35.874404,RX,COM6,0x0205b987,0x2,0x05,0x2e,0x6,7,00 00 ff ff 01 00 00 00,"Status frame 6 (new)"
2026-03-09T09:13:35.886442,RX,COM6,0x0205b807,0x2,0x05,0x2e,0x0,7,00 00 42 0b 00 00 80 00,"Status frame 0 (new)"
2026-03-09T09:13:35.887455,RX,COM6,0x0205b887,0x2,0x05,0x2e,0x2,7,00 00 00 00 00 00 00 00,"Status frame 2 (new)"
2026-03-09T09:13:35.891454,RX,COM6,0x0205b8c7,0x2,0x05,0x2e,0x3,7,3b 08 00 00 38 18 94 3e,"Status frame 3 (new)"
2026-03-09T09:13:35.891454,RX,COM6,0x0205b907,0x2,0x05,0x2e,0x4,7,00 00 00 00 00 00 00 00,"Status frame 4 (new)"
2026-03-09T09:13:35.891454,HEARTBEAT,COM6,0x01011840,0x1,0x01,0x6,0x1,0,e6 3a 00 00 00 10 00 00,"Heartbeat"
2026-03-09T09:13:35.891454,RX,COM6,0x0205b947,0x2,0x05,0x2e,0x5,7,00 00 00 00 00 00 00 00,"Status frame 5 (new)"
2026-03-09T09:13:35.893457,RX,COM6,0x0205b987,0x2,0x05,0x2e,0x6,7,00 00 ff ff 01 00 00 00,"Status frame 6 (new)"
2026-03-09T09:13:35.906991,RX,COM6,0x0205b807,0x2,0x05,0x2e,0x0,7,00 00 42 0b 00 00 80 00,"Status frame 0 (new)"
2026-03-09T09:13:35.906991,RX,COM6,0x0205b887,0x2,0x05,0x2e,0x2,7,00 00 00 00 00 00 00 00,"Status frame 2 (new)"
2026-03-09T09:13:35.908530,RX,COM6,0x0205b8c7,0x2,0x05,0x2e,0x3,7,3b 00 00 00 79 20 94 3e,"Status frame 3 (new)"
2026-03-09T09:13:35.908530,RX,COM6,0x0205b907,0x2,0x05,0x2e,0x4,7,00 00 00 00 00 00 00 00,"Status frame 4 (new)"
2026-03-09T09:13:35.910530,HEARTBEAT,COM6,0x01011840,0x1,0x01,0x6,0x1,0,f9 3a 00 00 00 10 00 00,"Heartbeat"
2026-03-09T09:13:35.910530,RX,COM6,0x0205b947,0x2,0x05,0x2e,0x5,7,00 00 00 00 00 00 00 00,"Status frame 5 (new)"
2026-03-09T09:13:35.912530,RX,COM6,0x0205b987,0x2,0x05,0x2e,0x6,7,00 00 ff ff 01 00 00 00,"Status frame 6 (new)"
2026-03-09T09:13:35.928591,RX,COM6,0x0205b807,0x2,0x05,0x2e,0x0,7,00 00 40 0b 00 00 80 00,"Status frame 0 (new)"
2026-03-09T09:13:35.928591,RX,COM6,0x0205b887,0x2,0x05,0x2e,0x2,7,00 00 00 00 00 00 00 00,"Status frame 2 (new)"
2026-03-09T09:13:35.928591,RX,COM6,0x0205b8c7,0x2,0x05,0x2e,0x3,7,3b 00 00 00 2a 83 94 3e,"Status frame 3 (new)"
2026-03-09T09:13:35.928591,RX,COM6,0x0205b907,0x2,0x05,0x2e,0x4,7,00 00 00 00 00 00 00 00,"Status frame 4 (new)"
2026-03-09T09:13:35.930590,HEARTBEAT,COM6,0x01011840,0x1,0x01,0x6,0x1,0,0d 3b 00 00 00 10 00 00,"Heartbeat"
2026-03-09T09:13:35.934591,RX,COM6,0x0205b947,0x2,0x05,0x2e,0x5,7,00 00 00 00 00 00 00 00,"Status frame 5 (new)"
2026-03-09T09:13:35.934591,RX,COM6,0x0205b987,0x2,0x05,0x2e,0x6,7,00 00 ff ff 01 00 00 00,"Status frame 6 (new)"
2026-03-09T09:13:35.946657,RX,COM6,0x0205b807,0x2,0x05,0x2e,0x0,7,00 00 3e 0b 00 00 80 00,"Status frame 0 (new)"
2026-03-09T09:13:35.946657,RX,COM6,0x0205b887,0x2,0x05,0x2e,0x2,7,00 00 00 00 00 00 00 00,"Status frame 2 (new)"
2026-03-09T09:13:35.949186,RX,COM6,0x0205b8c7,0x2,0x05,0x2e,0x3,7,3a 00 00 00 35 32 93 3e,"Status frame 3 (new)"
2026-03-09T09:13:35.949186,RX,COM6,0x0205b907,0x2,0x05,0x2e,0x4,7,00 00 00 00 00 00 00 00,"Status frame 4 (new)"
2026-03-09T09:13:35.950207,RX,COM6,0x0205b947,0x2,0x05,0x2e,0x5,7,00 00 00 00 00 00 00 00,"Status frame 5 (new)"
2026-03-09T09:13:35.951204,HEARTBEAT,COM6,0x01011840,0x1,0x01,0x6,0x1,0,22 3b 00 00 00 10 00 00,"Heartbeat"
2026-03-09T09:13:35.955219,RX,COM6,0x0205b987,0x2,0x05,0x2e,0x6,7,00 00 ff ff 01 00 00 00,"Status frame 6 (new)"
2026-03-09T09:13:35.966219,RX,COM6,0x0205b807,0x2,0x05,0x2e,0x0,7,00 00 43 0b 00 00 80 00,"Status frame 0 (new)"
2026-03-09T09:13:35.966219,RX,COM6,0x0205b887,0x2,0x05,0x2e,0x2,7,00 00 00 00 00 00 00 00,"Status frame 2 (new)"
2026-03-09T09:13:35.968749,RX,COM6,0x0205b8c7,0x2,0x05,0x2e,0x3,7,3b 00 00 00 71 85 94 3e,"Status frame 3 (new)"
2026-03-09T09:13:35.968749,RX,COM6,0x0205b907,0x2,0x05,0x2e,0x4,7,00 00 00 00 00 00 00 00,"Status frame 4 (new)"
2026-03-09T09:13:35.970749,HEARTBEAT,COM6,0x01011840,0x1,0x01,0x6,0x1,0,35 3b 00 00 00 10 00 00,"Heartbeat"
2026-03-09T09:13:35.970749,RX,COM6,0x0205b947,0x2,0x05,0x2e,0x5,7,00 00 00 00 00 00 00 00,"Status frame 5 (new)"
2026-03-09T09:13:35.972748,RX,COM6,0x0205b987,0x2,0x05,0x2e,0x6,7,00 00 ff ff 01 00 00 00,"Status frame 6 (new)"
2026-03-09T09:13:35.987363,RX,COM6,0x0205b807,0x2,0x05,0x2e,0x0,7,00 00 42 0b 00 00 80 00,"Status frame 0 (new)"
2026-03-09T09:13:35.987363,RX,COM6,0x0205b887,0x2,0x05,0x2e,0x2,7,00 00 00 00 00 00 00 00,"Status frame 2 (new)"
2026-03-09T09:13:35.988364,RX,COM6,0x0205b8c7,0x2,0x05,0x2e,0x3,7,3a 00 00 00 65 58 93 3e,"Status frame 3 (new)"
2026-03-09T09:13:35.989368,RX,COM6,0x0205b907,0x2,0x05,0x2e,0x4,7,00 00 00 00 00 00 00 00,"Status frame 4 (new)"
2026-03-09T09:13:35.990885,HEARTBEAT,COM6,0x01011840,0x1,0x01,0x6,0x1,0,4a 3b 00 00 00 10 00 00,"Heartbeat"
2026-03-09T09:13:35.990885,RX,COM6,0x0205b947,0x2,0x05,0x2e,0x5,7,00 00 00 00 00 00 00 00,"Status frame 5 (new)"
2026-03-09T09:13:35.992885,RX,COM6,0x0205b987,0x2,0x05,0x2e,0x6,7,00 00 ff ff 01 00 00 00,"Status frame 6 (new)"
2026-03-09T09:13:36.006420,RX,COM6,0x0205b807,0x2,0x05,0x2e,0x0,7,00 00 40 0b 00 00 80 00,"Status frame 0 (new)"
2026-03-09T09:13:36.006420,RX,COM6,0x0205b887,0x2,0x05,0x2e,0x2,7,00 00 00 00 00 00 00 00,"Status frame 2 (new)"
2026-03-09T09:13:36.008420,RX,COM6,0x0205b8c7,0x2,0x05,0x2e,0x3,7,3b 00 00 00 4e f6 94 3e,"Status frame 3 (new)"
2026-03-09T09:13:36.008420,RX,COM6,0x0205b907,0x2,0x05,0x2e,0x4,7,00 00 00 00 00 00 00 00,"Status frame 4 (new)"
2026-03-09T09:13:36.010425,RX,COM6,0x0205b947,0x2,0x05,0x2e,0x5,7,00 00 00 00 00 00 00 00,"Status frame 5 (new)"
2026-03-09T09:13:36.011420,HEARTBEAT,COM6,0x01011840,0x1,0x01,0x6,0x1,0,5e 3b 00 00 00 10 00 00,"Heartbeat"
2026-03-09T09:13:36.012420,RX,COM6,0x0205b987,0x2,0x05,0x2e,0x6,7,00 00 ff ff 01 00 00 00,"Status frame 6 (new)"
2026-03-09T09:13:36.026952,RX,COM6,0x0205b807,0x2,0x05,0x2e,0x0,7,00 00 41 0b 00 00 80 00,"Status frame 0 (new)"
2026-03-09T09:13:36.026952,RX,COM6,0x0205b887,0x2,0x05,0x2e,0x2,7,00 00 00 00 00 00 00 00,"Status frame 2 (new)"
2026-03-09T09:13:36.028477,RX,COM6,0x0205b8c7,0x2,0x05,0x2e,0x3,7,3b 00 00 00 69 61 94 3e,"Status frame 3 (new)"
2026-03-09T09:13:36.028477,RX,COM6,0x0205b907,0x2,0x05,0x2e,0x4,7,00 00 00 00 00 00 00 00,"Status frame 4 (new)"
2026-03-09T09:13:36.030486,HEARTBEAT,COM6,0x01011840,0x1,0x01,0x6,0x1,0,71 3b 00 00 00 10 00 00,"Heartbeat"
2026-03-09T09:13:36.030486,RX,COM6,0x0205b947,0x2,0x05,0x2e,0x5,7,00 00 00 00 00 00 00 00,"Status frame 5 (new)"
2026-03-09T09:13:36.032486,RX,COM6,0x0205b987,0x2,0x05,0x2e,0x6,7,00 00 ff ff 01 00 00 00,"Status frame 6 (new)"
2026-03-09T09:13:36.046541,RX,COM6,0x0205b807,0x2,0x05,0x2e,0x0,7,00 00 3b 0b 00 00 80 00,"Status frame 0 (new)"
2026-03-09T09:13:36.046541,RX,COM6,0x0205b887,0x2,0x05,0x2e,0x2,7,00 00 00 00 00 00 00 00,"Status frame 2 (new)"
2026-03-09T09:13:36.048559,RX,COM6,0x0205b8c7,0x2,0x05,0x2e,0x3,7,3a 04 00 00 5d f1 93 3e,"Status frame 3 (new)"
2026-03-09T09:13:36.048559,RX,COM6,0x0205b907,0x2,0x05,0x2e,0x4,7,00 00 00 00 00 00 00 00,"Status frame 4 (new)"
2026-03-09T09:13:36.050558,HEARTBEAT,COM6,0x01011840,0x1,0x01,0x6,0x1,0,85 3b 00 00 00 10 00 00,"Heartbeat"
2026-03-09T09:13:36.051063,RX,COM6,0x0205b947,0x2,0x05,0x2e,0x5,7,00 00 00 00 00 00 00 00,"Status frame 5 (new)"
2026-03-09T09:13:36.053090,RX,COM6,0x0205b987,0x2,0x05,0x2e,0x6,7,00 00 ff ff 01 00 00 00,"Status frame 6 (new)"
2026-03-09T09:13:36.067796,RX,COM6,0x0205b807,0x2,0x05,0x2e,0x0,7,00 00 42 0b 00 00 80 00,"Status frame 0 (new)"
2026-03-09T09:13:36.067796,RX,COM6,0x0205b887,0x2,0x05,0x2e,0x2,7,00 00 00 00 00 00 00 00,"Status frame 2 (new)"
2026-03-09T09:13:36.068804,RX,COM6,0x0205b8c7,0x2,0x05,0x2e,0x3,7,3a 00 00 00 ae 5a 93 3e,"Status frame 3 (new)"
2026-03-09T09:13:36.068804,RX,COM6,0x0205b907,0x2,0x05,0x2e,0x4,7,00 00 00 00 00 00 00 00,"Status frame 4 (new)"
2026-03-09T09:13:36.070815,HEARTBEAT,COM6,0x01011840,0x1,0x01,0x6,0x1,0,99 3b 00 00 00 10 00 00,"Heartbeat"
2026-03-09T09:13:36.070815,RX,COM6,0x0205b947,0x2,0x05,0x2e,0x5,7,00 00 00 00 00 00 00 00,"Status frame 5 (new)"
2026-03-09T09:13:36.072813,RX,COM6,0x0205b987,0x2,0x05,0x2e,0x6,7,00 00 ff ff 01 00 00 00,"Status frame 6 (new)"
2026-03-09T09:13:36.086864,RX,COM6,0x0205b807,0x2,0x05,0x2e,0x0,7,00 00 44 0b 00 00 80 00,"Status frame 0 (new)"
2026-03-09T09:13:36.086864,RX,COM6,0x0205b887,0x2,0x05,0x2e,0x2,7,00 00 00 00 00 00 00 00,"Status frame 2 (new)"
2026-03-09T09:13:36.088852,RX,COM6,0x0205b8c7,0x2,0x05,0x2e,0x3,7,3b 00 00 00 db be 95 3e,"Status frame 3 (new)"
2026-03-09T09:13:36.088852,RX,COM6,0x0205b907,0x2,0x05,0x2e,0x4,7,00 00 00 00 00 00 00 00,"Status frame 4 (new)"
2026-03-09T09:13:36.090851,HEARTBEAT,COM6,0x01011840,0x1,0x01,0x6,0x1,0,ae 3b 00 00 00 10 00 00,"Heartbeat"
2026-03-09T09:13:36.090851,RX,COM6,0x0205b947,0x2,0x05,0x2e,0x5,7,00 00 00 00 00 00 00 00,"Status frame 5 (new)"
2026-03-09T09:13:36.092851,RX,COM6,0x0205b987,0x2,0x05,0x2e,0x6,7,00 00 ff ff 01 00 00 00,"Status frame 6 (new)"
2026-03-09T09:13:36.106951,RX,COM6,0x0205b807,0x2,0x05,0x2e,0x0,7,00 00 3c 0b 00 00 80 00,"Status frame 0 (new)"
2026-03-09T09:13:36.106951,RX,COM6,0x0205b887,0x2,0x05,0x2e,0x2,7,00 00 00 00 00 00 00 00,"Status frame 2 (new)"
2026-03-09T09:13:36.108860,RX,COM6,0x0205b8c7,0x2,0x05,0x2e,0x3,7,3a 00 00 00 3b 71 93 3e,"Status frame 3 (new)"
2026-03-09T09:13:36.108860,RX,COM6,0x0205b907,0x2,0x05,0x2e,0x4,7,00 00 00 00 00 00 00 00,"Status frame 4 (new)"
2026-03-09T09:13:36.110859,HEARTBEAT,COM6,0x01011840,0x1,0x01,0x6,0x1,0,c2 3b 00 00 00 10 00 00,"Heartbeat"
2026-03-09T09:13:36.110859,RX,COM6,0x0205b947,0x2,0x05,0x2e,0x5,7,00 00 00 00 00 00 00 00,"Status frame 5 (new)"
2026-03-09T09:13:36.112859,RX,COM6,0x0205b987,0x2,0x05,0x2e,0x6,7,00 00 ff ff 01 00 00 00,"Status frame 6 (new)"
2026-03-09T09:13:36.115860,RX,COM6,0x0205b847,0x2,0x05,0x2e,0x1,7,00 00 00 24 00 01 00 00,"Status frame 1 (new)"
2026-03-09T09:13:36.126867,RX,COM6,0x0205b807,0x2,0x05,0x2e,0x0,7,00 00 3c 0b 00 00 80 00,"Status frame 0 (new)"
2026-03-09T09:13:36.126867,RX,COM6,0x0205b887,0x2,0x05,0x2e,0x2,7,00 00 00 00 00 00 00 00,"Status frame 2 (new)"
2026-03-09T09:13:36.128372,RX,COM6,0x0205b8c7,0x2,0x05,0x2e,0x3,7,3b 00 00 00 27 03 94 3e,"Status frame 3 (new)"
2026-03-09T09:13:36.129375,RX,COM6,0x0205b907,0x2,0x05,0x2e,0x4,7,00 00 00 00 00 00 00 00,"Status frame 4 (new)"
2026-03-09T09:13:36.130374,RX,COM6,0x0205b947,0x2,0x05,0x2e,0x5,7,00 00 00 00 00 00 00 00,"Status frame 5 (new)"
2026-03-09T09:13:36.135374,HEARTBEAT,COM6,0x01011840,0x1,0x01,0x6,0x1,0,da 3b 00 00 00 10 00 00,"Heartbeat"
2026-03-09T09:13:36.135374,RX,COM6,0x0205b987,0x2,0x05,0x2e,0x6,7,00 00 ff ff 01 00 00 00,"Status frame 6 (new)"
2026-03-09T09:13:36.150887,RX,COM6,0x0205b807,0x2,0x05,0x2e,0x0,7,00 00 0f 0b 00 00 80 00,"Status frame 0 (new)"
2026-03-09T09:13:36.150887,RX,COM6,0x0205b887,0x2,0x05,0x2e,0x2,7,00 00 00 00 00 00 00 00,"Status frame 2 (new)"
2026-03-09T09:13:36.150887,RX,COM6,0x0205b8c7,0x2,0x05,0x2e,0x3,7,3b 00 00 00 51 37 95 3e,"Status frame 3 (new)"
2026-03-09T09:13:36.150887,RX,COM6,0x0205b907,0x2,0x05,0x2e,0x4,7,00 00 00 00 00 00 00 00,"Status frame 4 (new)"
2026-03-09T09:13:36.150887,HEARTBEAT,COM6,0x01011840,0x1,0x01,0x6,0x1,0,ea 3b 00 00 00 10 00 00,"Heartbeat"
2026-03-09T09:13:36.150887,RX,COM6,0x0205b947,0x2,0x05,0x2e,0x5,7,00 00 00 00 00 00 00 00,"Status frame 5 (new)"
2026-03-09T09:13:36.152888,RX,COM6,0x0205b987,0x2,0x05,0x2e,0x6,7,00 00 ff ff 01 00 00 00,"Status frame 6 (new)"
2026-03-09T09:13:36.166889,RX,COM6,0x0205b807,0x2,0x05,0x2e,0x0,7,00 00 41 0b 00 00 80 00,"Status frame 0 (new)"
2026-03-09T09:13:36.166889,RX,COM6,0x0205b887,0x2,0x05,0x2e,0x2,7,00 00 00 00 00 00 00 00,"Status frame 2 (new)"
2026-03-09T09:13:36.168392,RX,COM6,0x0205b8c7,0x2,0x05,0x2e,0x3,7,3a 00 00 00 ba 34 93 3e,"Status frame 3 (new)"
2026-03-09T09:13:36.168392,RX,COM6,0x0205b907,0x2,0x05,0x2e,0x4,7,00 00 00 00 00 00 00 00,"Status frame 4 (new)"
2026-03-09T09:13:36.172395,RX,COM6,0x0205b947,0x2,0x05,0x2e,0x5,7,00 00 00 00 00 00 00 00,"Status frame 5 (new)"
2026-03-09T09:13:36.172395,HEARTBEAT,COM6,0x01011840,0x1,0x01,0x6,0x1,0,00 3c 00 00 00 10 00 00,"Heartbeat"
2026-03-09T09:13:36.172395,RX,COM6,0x0205b987,0x2,0x05,0x2e,0x6,7,00 00 ff ff 01 00 00 00,"Status frame 6 (new)"
2026-03-09T09:13:36.188906,RX,COM6,0x0205b807,0x2,0x05,0x2e,0x0,7,00 00 40 0b 00 00 80 00,"Status frame 0 (new)"
2026-03-09T09:13:36.188906,RX,COM6,0x0205b887,0x2,0x05,0x2e,0x2,7,00 00 00 00 00 00 00 00,"Status frame 2 (new)"
2026-03-09T09:13:36.188906,RX,COM6,0x0205b8c7,0x2,0x05,0x2e,0x3,7,3a 00 00 00 35 b7 93 3e,"Status frame 3 (new)"
2026-03-09T09:13:36.188906,RX,COM6,0x0205b907,0x2,0x05,0x2e,0x4,7,00 00 00 00 00 00 00 00,"Status frame 4 (new)"
2026-03-09T09:13:36.193491,RX,COM6,0x0205b947,0x2,0x05,0x2e,0x5,7,00 00 00 00 00 00 00 00,"Status frame 5 (new)"
2026-03-09T09:13:36.193491,HEARTBEAT,COM6,0x01011840,0x1,0x01,0x6,0x1,0,15 3c 00 00 00 10 00 00,"Heartbeat"
2026-03-09T09:13:36.193491,RX,COM6,0x0205b987,0x2,0x05,0x2e,0x6,7,00 00 ff ff 01 00 00 00,"Status frame 6 (new)"
2026-03-09T09:13:36.206793,RX,COM6,0x0205b807,0x2,0x05,0x2e,0x0,7,00 00 3d 0b 00 00 80 00,"Status frame 0 (new)"
2026-03-09T09:13:36.206793,RX,COM6,0x0205b887,0x2,0x05,0x2e,0x2,7,00 00 00 00 00 00 00 00,"Status frame 2 (new)"
2026-03-09T09:13:36.208793,RX,COM6,0x0205b8c7,0x2,0x05,0x2e,0x3,7,3b 00 00 00 ef 33 95 3e,"Status frame 3 (new)"
2026-03-09T09:13:36.208793,RX,COM6,0x0205b907,0x2,0x05,0x2e,0x4,7,00 00 00 00 00 00 00 00,"Status frame 4 (new)"
2026-03-09T09:13:36.210793,HEARTBEAT,COM6,0x01011840,0x1,0x01,0x6,0x1,0,25 3c 00 00 00 10 00 00,"Heartbeat"
2026-03-09T09:13:36.210793,RX,COM6,0x0205b947,0x2,0x05,0x2e,0x5,7,00 00 00 00 00 00 00 00,"Status frame 5 (new)"
2026-03-09T09:13:36.212793,RX,COM6,0x0205b987,0x2,0x05,0x2e,0x6,7,00 00 ff ff 01 00 00 00,"Status frame 6 (new)"
2026-03-09T09:13:36.226799,RX,COM6,0x0205b807,0x2,0x05,0x2e,0x0,7,00 00 3f 0b 00 00 80 00,"Status frame 0 (new)"
2026-03-09T09:13:36.226799,RX,COM6,0x0205b887,0x2,0x05,0x2e,0x2,7,00 00 00 00 00 00 00 00,"Status frame 2 (new)"
2026-03-09T09:13:36.228802,RX,COM6,0x0205b8c7,0x2,0x05,0x2e,0x3,7,3b 00 00 00 aa 58 95 3e,"Status frame 3 (new)"
2026-03-09T09:13:36.228802,RX,COM6,0x0205b907,0x2,0x05,0x2e,0x4,7,00 00 00 00 00 00 00 00,"Status frame 4 (new)"
2026-03-09T09:13:36.230801,HEARTBEAT,COM6,0x01011840,0x1,0x01,0x6,0x1,0,39 3c 00 00 00 10 00 00,"Heartbeat"
2026-03-09T09:13:36.230801,RX,COM6,0x0205b947,0x2,0x05,0x2e,0x5,7,00 00 00 00 00 00 00 00,"Status frame 5 (new)"
2026-03-09T09:13:36.232802,RX,COM6,0x0205b987,0x2,0x05,0x2e,0x6,7,00 00 ff ff 01 00 00 00,"Status frame 6 (new)"
2026-03-09T09:13:36.246809,RX,COM6,0x0205b807,0x2,0x05,0x2e,0x0,7,00 00 f7 0a 00 00 80 00,"Status frame 0 (new)"
2026-03-09T09:13:36.246809,RX,COM6,0x0205b887,0x2,0x05,0x2e,0x2,7,00 00 00 00 00 00 00 00,"Status frame 2 (new)"
2026-03-09T09:13:36.248811,RX,COM6,0x0205b8c7,0x2,0x05,0x2e,0x3,7,3b 00 00 00 3b 03 94 3e,"Status frame 3 (new)"
2026-03-09T09:13:36.248811,RX,COM6,0x0205b907,0x2,0x05,0x2e,0x4,7,00 00 00 00 00 00 00 00,"Status frame 4 (new)"
2026-03-09T09:13:36.253317,RX,COM6,0x0205b947,0x2,0x05,0x2e,0x5,7,00 00 00 00 00 00 00 00,"Status frame 5 (new)"
2026-03-09T09:13:36.253317,HEARTBEAT,COM6,0x01011840,0x1,0x01,0x6,0x1,0,51 3c 00 00 00 10 00 00,"Heartbeat"
2026-03-09T09:13:36.253317,RX,COM6,0x0205b987,0x2,0x05,0x2e,0x6,7,00 00 ff ff 01 00 00 00,"Status frame 6 (new)"
2026-03-09T09:13:36.270328,RX,COM6,0x0205b807,0x2,0x05,0x2e,0x0,7,00 00 43 0b 00 00 80 00,"Status frame 0 (new)"
2026-03-09T09:13:36.270328,RX,COM6,0x0205b887,0x2,0x05,0x2e,0x2,7,00 00 00 00 00 00 00 00,"Status frame 2 (new)"
2026-03-09T09:13:36.270328,RX,COM6,0x0205b8c7,0x2,0x05,0x2e,0x3,7,3b 00 00 00 a0 3a 96 3e,"Status frame 3 (new)"
2026-03-09T09:13:36.270328,RX,COM6,0x0205b907,0x2,0x05,0x2e,0x4,7,00 00 00 00 00 00 00 00,"Status frame 4 (new)"
2026-03-09T09:13:36.270328,HEARTBEAT,COM6,0x01011840,0x1,0x01,0x6,0x1,0,62 3c 00 00 00 10 00 00,"Heartbeat"
2026-03-09T09:13:36.270328,RX,COM6,0x0205b947,0x2,0x05,0x2e,0x5,7,00 00 00 00 00 00 00 00,"Status frame 5 (new)"
2026-03-09T09:13:36.273327,RX,COM6,0x0205b987,0x2,0x05,0x2e,0x6,7,00 00 ff ff 01 00 00 00,"Status frame 6 (new)"
2026-03-09T09:13:36.288840,RX,COM6,0x0205b807,0x2,0x05,0x2e,0x0,7,00 00 3e 0b 00 00 80 00,"Status frame 0 (new)"
2026-03-09T09:13:36.288840,RX,COM6,0x0205b887,0x2,0x05,0x2e,0x2,7,00 00 00 00 00 00 00 00,"Status frame 2 (new)"
2026-03-09T09:13:36.288840,RX,COM6,0x0205b8c7,0x2,0x05,0x2e,0x3,7,3b 00 00 00 f2 f2 94 3e,"Status frame 3 (new)"
2026-03-09T09:13:36.288840,RX,COM6,0x0205b907,0x2,0x05,0x2e,0x4,7,00 00 00 00 00 00 00 00,"Status frame 4 (new)"
2026-03-09T09:13:36.290841,HEARTBEAT,COM6,0x01011840,0x1,0x01,0x6,0x1,0,76 3c 00 00 00 10 00 00,"Heartbeat"
2026-03-09T09:13:36.290841,RX,COM6,0x0205b947,0x2,0x05,0x2e,0x5,7,00 00 00 00 00 00 00 00,"Status frame 5 (new)"
2026-03-09T09:13:36.292841,RX,COM6,0x0205b987,0x2,0x05,0x2e,0x6,7,00 00 ff ff 01 00 00 00,"Status frame 6 (new)"
2026-03-09T09:13:36.306858,RX,COM6,0x0205b807,0x2,0x05,0x2e,0x0,7,00 00 3e 0b 00 00 80 00,"Status frame 0 (new)"
2026-03-09T09:13:36.306858,RX,COM6,0x0205b887,0x2,0x05,0x2e,0x2,7,00 00 00 00 00 00 00 00,"Status frame 2 (new)"
2026-03-09T09:13:36.308858,RX,COM6,0x0205b8c7,0x2,0x05,0x2e,0x3,7,3a 00 00 00 7d c9 93 3e,"Status frame 3 (new)"
2026-03-09T09:13:36.308858,RX,COM6,0x0205b907,0x2,0x05,0x2e,0x4,7,00 00 00 00 00 00 00 00,"Status frame 4 (new)"
2026-03-09T09:13:36.310858,HEARTBEAT,COM6,0x01011840,0x1,0x01,0x6,0x1,0,8a 3c 00 00 00 10 00 00,"Heartbeat"
2026-03-09T09:13:36.310858,RX,COM6,0x0205b947,0x2,0x05,0x2e,0x5,7,00 00 00 00 00 00 00 00,"Status frame 5 (new)"
2026-03-09T09:13:36.312862,RX,COM6,0x0205b987,0x2,0x05,0x2e,0x6,7,00 00 ff ff 01 00 00 00,"Status frame 6 (new)"
2026-03-09T09:13:36.326876,RX,COM6,0x0205b807,0x2,0x05,0x2e,0x0,7,00 00 40 0b 00 00 80 00,"Status frame 0 (new)"
2026-03-09T09:13:36.326876,RX,COM6,0x0205b887,0x2,0x05,0x2e,0x2,7,00 00 00 00 00 00 00 00,"Status frame 2 (new)"
2026-03-09T09:13:36.328881,RX,COM6,0x0205b8c7,0x2,0x05,0x2e,0x3,7,3a 00 00 00 4b c2 92 3e,"Status frame 3 (new)"
2026-03-09T09:13:36.328881,RX,COM6,0x0205b907,0x2,0x05,0x2e,0x4,7,00 00 00 00 00 00 00 00,"Status frame 4 (new)"
2026-03-09T09:13:36.330881,HEARTBEAT,COM6,0x01011840,0x1,0x01,0x6,0x1,0,9e 3c 00 00 00 10 00 00,"Heartbeat"
2026-03-09T09:13:36.330881,RX,COM6,0x0205b947,0x2,0x05,0x2e,0x5,7,00 00 00 00 00 00 00 00,"Status frame 5 (new)"
2026-03-09T09:13:36.332879,RX,COM6,0x0205b987,0x2,0x05,0x2e,0x6,7,00 00 ff ff 01 00 00 00,"Status frame 6 (new)"
2026-03-09T09:13:36.347488,RX,COM6,0x0205b807,0x2,0x05,0x2e,0x0,7,00 00 15 0b 00 00 80 00,"Status frame 0 (new)"
2026-03-09T09:13:36.347488,RX,COM6,0x0205b887,0x2,0x05,0x2e,0x2,7,00 00 00 00 00 00 00 00,"Status frame 2 (new)"
2026-03-09T09:13:36.348412,RX,COM6,0x0205b8c7,0x2,0x05,0x2e,0x3,7,3b 00 00 00 98 ca 94 3e,"Status frame 3 (new)"
2026-03-09T09:13:36.349411,RX,COM6,0x0205b907,0x2,0x05,0x2e,0x4,7,00 00 00 00 00 00 00 00,"Status frame 4 (new)"
2026-03-09T09:13:36.350411,RX,COM6,0x0205b947,0x2,0x05,0x2e,0x5,7,00 00 00 00 00 00 00 00,"Status frame 5 (new)"
2026-03-09T09:13:36.351415,HEARTBEAT,COM6,0x01011840,0x1,0x01,0x6,0x1,0,b2 3c 00 00 00 10 00 00,"Heartbeat"
2026-03-09T09:13:36.352411,RX,COM6,0x0205b987,0x2,0x05,0x2e,0x6,7,00 00 ff ff 01 00 00 00,"Status frame 6 (new)"
2026-03-09T09:13:36.366916,RX,COM6,0x0205b807,0x2,0x05,0x2e,0x0,7,00 00 3d 0b 00 00 80 00,"Status frame 0 (new)"
2026-03-09T09:13:36.366916,RX,COM6,0x0205b847,0x2,0x05,0x2e,0x1,7,00 00 00 24 00 01 00 00,"Status frame 1 (new)"
2026-03-09T09:13:36.366916,RX,COM6,0x0205b887,0x2,0x05,0x2e,0x2,7,00 00 00 00 00 00 00 00,"Status frame 2 (new)"
2026-03-09T09:13:36.372419,RX,COM6,0x0205b8c7,0x2,0x05,0x2e,0x3,7,3a 00 00 00 68 99 93 3e,"Status frame 3 (new)"
2026-03-09T09:13:36.372419,RX,COM6,0x0205b907,0x2,0x05,0x2e,0x4,7,00 00 00 00 00 00 00 00,"Status frame 4 (new)"
2026-03-09T09:13:36.372419,HEARTBEAT,COM6,0x01011840,0x1,0x01,0x6,0x1,0,c7 3c 00 00 00 10 00 00,"Heartbeat"
2026-03-09T09:13:36.372419,RX,COM6,0x0205b947,0x2,0x05,0x2e,0x5,7,00 00 00 00 00 00 00 00,"Status frame 5 (new)"
2026-03-09T09:13:36.372419,RX,COM6,0x0205b987,0x2,0x05,0x2e,0x6,7,00 00 ff ff 01 00 00 00,"Status frame 6 (new)"
2026-03-09T09:13:36.388944,RX,COM6,0x0205b807,0x2,0x05,0x2e,0x0,7,00 00 3f 0b 00 00 80 00,"Status frame 0 (new)"
2026-03-09T09:13:36.388944,RX,COM6,0x0205b887,0x2,0x05,0x2e,0x2,7,00 00 00 00 00 00 00 00,"Status frame 2 (new)"
2026-03-09T09:13:36.388944,RX,COM6,0x0205b8c7,0x2,0x05,0x2e,0x3,7,3b 00 00 00 3f 5b 95 3e,"Status frame 3 (new)"
2026-03-09T09:13:36.388944,RX,COM6,0x0205b907,0x2,0x05,0x2e,0x4,7,00 00 00 00 00 00 00 00,"Status frame 4 (new)"
2026-03-09T09:13:36.390944,HEARTBEAT,COM6,0x01011840,0x1,0x01,0x6,0x1,0,da 3c 00 00 00 10 00 00,"Heartbeat"
2026-03-09T09:13:36.390944,RX,COM6,0x0205b947,0x2,0x05,0x2e,0x5,7,00 00 00 00 00 00 00 00,"Status frame 5 (new)"
2026-03-09T09:13:36.392944,RX,COM6,0x0205b987,0x2,0x05,0x2e,0x6,7,00 00 ff ff 01 00 00 00,"Status frame 6 (new)"
2026-03-09T09:13:36.406462,RX,COM6,0x0205b807,0x2,0x05,0x2e,0x0,7,00 00 41 0b 00 00 80 00,"Status frame 0 (new)"
2026-03-09T09:13:36.406462,RX,COM6,0x0205b887,0x2,0x05,0x2e,0x2,7,00 00 00 00 00 00 00 00,"Status frame 2 (new)"
2026-03-09T09:13:36.408463,RX,COM6,0x0205b8c7,0x2,0x05,0x2e,0x3,7,3b 04 00 00 48 1d 94 3e,"Status frame 3 (new)"
2026-03-09T09:13:36.408463,RX,COM6,0x0205b907,0x2,0x05,0x2e,0x4,7,00 00 00 00 00 00 00 00,"Status frame 4 (new)"
2026-03-09T09:13:36.410464,RX,COM6,0x0205b947,0x2,0x05,0x2e,0x5,7,00 00 00 00 00 00 00 00,"Status frame 5 (new)"
2026-03-09T09:13:36.411464,HEARTBEAT,COM6,0x01011840,0x1,0x01,0x6,0x1,0,ee 3c 00 00 00 10 00 00,"Heartbeat"
2026-03-09T09:13:36.412968,RX,COM6,0x0205b987,0x2,0x05,0x2e,0x6,7,00 00 ff ff 01 00 00 00,"Status frame 6 (new)"
2026-03-09T09:13:36.426972,RX,COM6,0x0205b807,0x2,0x05,0x2e,0x0,7,00 00 3d 0b 00 00 80 00,"Status frame 0 (new)"
2026-03-09T09:13:36.426972,RX,COM6,0x0205b887,0x2,0x05,0x2e,0x2,7,00 00 00 00 00 00 00 00,"Status frame 2 (new)"
2026-03-09T09:13:36.428484,RX,COM6,0x0205b8c7,0x2,0x05,0x2e,0x3,7,3b 00 00 00 34 d2 94 3e,"Status frame 3 (new)"
2026-03-09T09:13:36.429480,RX,COM6,0x0205b907,0x2,0x05,0x2e,0x4,7,00 00 00 00 00 00 00 00,"Status frame 4 (new)"
2026-03-09T09:13:36.430489,HEARTBEAT,COM6,0x01011840,0x1,0x01,0x6,0x1,0,01 3d 00 00 00 10 00 00,"Heartbeat"
2026-03-09T09:13:36.430489,RX,COM6,0x0205b947,0x2,0x05,0x2e,0x5,7,00 00 00 00 00 00 00 00,"Status frame 5 (new)"
2026-03-09T09:13:36.432488,RX,COM6,0x0205b987,0x2,0x05,0x2e,0x6,7,00 00 ff ff 01 00 00 00,"Status frame 6 (new)"
2026-03-09T09:13:36.446514,RX,COM6,0x0205b807,0x2,0x05,0x2e,0x0,7,00 00 2c 0b 00 00 80 00,"Status frame 0 (new)"
2026-03-09T09:13:36.446514,RX,COM6,0x0205b887,0x2,0x05,0x2e,0x2,7,00 00 00 00 00 00 00 00,"Status frame 2 (new)"
2026-03-09T09:13:36.449020,RX,COM6,0x0205b8c7,0x2,0x05,0x2e,0x3,7,3b 00 00 00 c1 80 95 3e,"Status frame 3 (new)"
2026-03-09T09:13:36.449020,RX,COM6,0x0205b907,0x2,0x05,0x2e,0x4,7,00 00 00 00 00 00 00 00,"Status frame 4 (new)"
2026-03-09T09:13:36.451023,HEARTBEAT,COM6,0x01011840,0x1,0x01,0x6,0x1,0,16 3d 00 00 00 10 00 00,"Heartbeat"
2026-03-09T09:13:36.451023,RX,COM6,0x0205b947,0x2,0x05,0x2e,0x5,7,00 00 00 00 00 00 00 00,"Status frame 5 (new)"
2026-03-09T09:13:36.453168,RX,COM6,0x0205b987,0x2,0x05,0x2e,0x6,7,00 00 ff ff 01 00 00 00,"Status frame 6 (new)"
2026-03-09T09:13:36.466560,RX,COM6,0x0205b807,0x2,0x05,0x2e,0x0,7,00 00 3c 0b 00 00 80 00,"Status frame 0 (new)"
2026-03-09T09:13:36.466560,RX,COM6,0x0205b887,0x2,0x05,0x2e,0x2,7,00 00 00 00 00 00 00 00,"Status frame 2 (new)"
2026-03-09T09:13:36.469071,RX,COM6,0x0205b8c7,0x2,0x05,0x2e,0x3,7,3b 00 00 00 fa d9 93 3e,"Status frame 3 (new)"
2026-03-09T09:13:36.469071,RX,COM6,0x0205b907,0x2,0x05,0x2e,0x4,7,00 00 00 00 00 00 00 00,"Status frame 4 (new)"
2026-03-09T09:13:36.473070,HEARTBEAT,COM6,0x01011840,0x1,0x01,0x6,0x1,0,2c 3d 00 00 00 10 00 00,"Heartbeat"
2026-03-09T09:13:36.473070,RX,COM6,0x0205b947,0x2,0x05,0x2e,0x5,7,00 00 00 00 00 00 00 00,"Status frame 5 (new)"
2026-03-09T09:13:36.473070,RX,COM6,0x0205b987,0x2,0x05,0x2e,0x6,7,00 00 ff ff 01 00 00 00,"Status frame 6 (new)"
2026-03-09T09:13:36.489097,RX,COM6,0x0205b807,0x2,0x05,0x2e,0x0,7,00 00 3e 0b 00 00 80 00,"Status frame 0 (new)"
2026-03-09T09:13:36.489097,RX,COM6,0x0205b887,0x2,0x05,0x2e,0x2,7,00 00 00 00 00 00 00 00,"Status frame 2 (new)"
2026-03-09T09:13:36.489097,RX,COM6,0x0205b8c7,0x2,0x05,0x2e,0x3,7,3b 00 00 00 be 81 94 3e,"Status frame 3 (new)"
2026-03-09T09:13:36.489097,RX,COM6,0x0205b907,0x2,0x05,0x2e,0x4,7,00 00 00 00 00 00 00 00,"Status frame 4 (new)"
2026-03-09T09:13:36.491103,HEARTBEAT,COM6,0x01011840,0x1,0x01,0x6,0x1,0,3e 3d 00 00 00 10 00 00,"Heartbeat"
2026-03-09T09:13:36.491103,RX,COM6,0x0205b947,0x2,0x05,0x2e,0x5,7,00 00 00 00 00 00 00 00,"Status frame 5 (new)"
2026-03-09T09:13:36.492097,RX,COM6,0x0205b987,0x2,0x05,0x2e,0x6,7,00 00 ff ff 01 00 00 00,"Status frame 6 (new)"
2026-03-09T09:13:36.507117,RX,COM6,0x0205b807,0x2,0x05,0x2e,0x0,7,00 00 44 0b 00 00 80 00,"Status frame 0 (new)"
2026-03-09T09:13:36.507117,RX,COM6,0x0205b887,0x2,0x05,0x2e,0x2,7,00 00 00 00 00 00 00 00,"Status frame 2 (new)"
2026-03-09T09:13:36.509116,RX,COM6,0x0205b8c7,0x2,0x05,0x2e,0x3,7,3b 00 00 00 ea 52 95 3e,"Status frame 3 (new)"
2026-03-09T09:13:36.509116,RX,COM6,0x0205b907,0x2,0x05,0x2e,0x4,7,00 00 00 00 00 00 00 00,"Status frame 4 (new)"
2026-03-09T09:13:36.511116,RX,COM6,0x0205b947,0x2,0x05,0x2e,0x5,7,00 00 00 00 00 00 00 00,"Status frame 5 (new)"
2026-03-09T09:13:36.511116,HEARTBEAT,COM6,0x01011840,0x1,0x01,0x6,0x1,0,52 3d 00 00 00 10 00 00,"Heartbeat"
2026-03-09T09:13:36.513122,RX,COM6,0x0205b987,0x2,0x05,0x2e,0x6,7,00 00 ff ff 01 00 00 00,"Status frame 6 (new)"
2026-03-09T09:13:36.527125,RX,COM6,0x0205b807,0x2,0x05,0x2e,0x0,7,00 00 3e 0b 00 00 80 00,"Status frame 0 (new)"
2026-03-09T09:13:36.527125,RX,COM6,0x0205b887,0x2,0x05,0x2e,0x2,7,00 00 00 00 00 00 00 00,"Status frame 2 (new)"
2026-03-09T09:13:36.529127,RX,COM6,0x0205b8c7,0x2,0x05,0x2e,0x3,7,3b 00 00 00 03 2c 95 3e,"Status frame 3 (new)"
2026-03-09T09:13:36.529127,RX,COM6,0x0205b907,0x2,0x05,0x2e,0x4,7,00 00 00 00 00 00 00 00,"Status frame 4 (new)"
2026-03-09T09:13:36.531127,RX,COM6,0x0205b947,0x2,0x05,0x2e,0x5,7,00 00 00 00 00 00 00 00,"Status frame 5 (new)"
2026-03-09T09:13:36.531127,HEARTBEAT,COM6,0x01011840,0x1,0x01,0x6,0x1,0,66 3d 00 00 00 10 00 00,"Heartbeat"
2026-03-09T09:13:36.535628,RX,COM6,0x0205b987,0x2,0x05,0x2e,0x6,7,00 00 ff ff 01 00 00 00,"Status frame 6 (new)"
2026-03-09T09:13:36.547135,RX,COM6,0x0205b807,0x2,0x05,0x2e,0x0,7,00 00 3d 0b 00 00 80 00,"Status frame 0 (new)"
2026-03-09T09:13:36.547135,RX,COM6,0x0205b887,0x2,0x05,0x2e,0x2,7,00 00 00 00 00 00 00 00,"Status frame 2 (new)"
2026-03-09T09:13:36.549136,RX,COM6,0x0205b8c7,0x2,0x05,0x2e,0x3,7,3b 00 00 00 d0 24 95 3e,"Status frame 3 (new)"
2026-03-09T09:13:36.549136,RX,COM6,0x0205b907,0x2,0x05,0x2e,0x4,7,00 00 00 00 00 00 00 00,"Status frame 4 (new)"
2026-03-09T09:13:36.551135,HEARTBEAT,COM6,0x01011840,0x1,0x01,0x6,0x1,0,7a 3d 00 00 00 10 00 00,"Heartbeat"
2026-03-09T09:13:36.551135,RX,COM6,0x0205b947,0x2,0x05,0x2e,0x5,7,00 00 00 00 00 00 00 00,"Status frame 5 (new)"
2026-03-09T09:13:36.554636,RX,COM6,0x0205b987,0x2,0x05,0x2e,0x6,7,00 00 ff ff 01 00 00 00,"Status frame 6 (new)"
2026-03-09T09:13:36.567143,RX,COM6,0x0205b807,0x2,0x05,0x2e,0x0,7,00 00 3d 0b 00 00 80 00,"Status frame 0 (new)"
2026-03-09T09:13:36.567143,RX,COM6,0x0205b887,0x2,0x05,0x2e,0x2,7,00 00 00 00 00 00 00 00,"Status frame 2 (new)"
2026-03-09T09:13:36.568645,RX,COM6,0x0205b8c7,0x2,0x05,0x2e,0x3,7,3b 04 00 00 92 6e 95 3e,"Status frame 3 (new)"
2026-03-09T09:13:36.568645,RX,COM6,0x0205b907,0x2,0x05,0x2e,0x4,7,00 00 00 00 00 00 00 00,"Status frame 4 (new)"
2026-03-09T09:13:36.570646,RX,COM6,0x0205b947,0x2,0x05,0x2e,0x5,7,00 00 00 00 00 00 00 00,"Status frame 5 (new)"
2026-03-09T09:13:36.575647,HEARTBEAT,COM6,0x01011840,0x1,0x01,0x6,0x1,0,93 3d 00 00 00 10 00 00,"Heartbeat"
2026-03-09T09:13:36.575647,RX,COM6,0x0205b987,0x2,0x05,0x2e,0x6,7,00 00 ff ff 01 00 00 00,"Status frame 6 (new)"
2026-03-09T09:13:36.586655,RX,COM6,0x0205b807,0x2,0x05,0x2e,0x0,7,00 00 3e 0b 00 00 80 00,"Status frame 0 (new)"
2026-03-09T09:13:36.586655,RX,COM6,0x0205b887,0x2,0x05,0x2e,0x2,7,00 00 00 00 00 00 00 00,"Status frame 2 (new)"
2026-03-09T09:13:36.588655,RX,COM6,0x0205b8c7,0x2,0x05,0x2e,0x3,7,3b 00 00 00 f8 21 94 3e,"Status frame 3 (new)"
2026-03-09T09:13:36.588655,RX,COM6,0x0205b907,0x2,0x05,0x2e,0x4,7,00 00 00 00 00 00 00 00,"Status frame 4 (new)"
2026-03-09T09:13:36.590656,HEARTBEAT,COM6,0x01011840,0x1,0x01,0x6,0x1,0,a1 3d 00 00 00 10 00 00,"Heartbeat"
2026-03-09T09:13:36.590656,RX,COM6,0x0205b947,0x2,0x05,0x2e,0x5,7,00 00 00 00 00 00 00 00,"Status frame 5 (new)"
2026-03-09T09:13:36.592655,RX,COM6,0x0205b987,0x2,0x05,0x2e,0x6,7,00 00 ff ff 01 00 00 00,"Status frame 6 (new)"
2026-03-09T09:13:36.606663,RX,COM6,0x0205b807,0x2,0x05,0x2e,0x0,7,00 00 3f 0b 00 00 80 00,"Status frame 0 (new)"
2026-03-09T09:13:36.606663,RX,COM6,0x0205b887,0x2,0x05,0x2e,0x2,7,00 00 00 00 00 00 00 00,"Status frame 2 (new)"
2026-03-09T09:13:36.609330,RX,COM6,0x0205b8c7,0x2,0x05,0x2e,0x3,7,3b 00 00 00 48 8d 94 3e,"Status frame 3 (new)"
2026-03-09T09:13:36.609330,RX,COM6,0x0205b907,0x2,0x05,0x2e,0x4,7,00 00 00 00 00 00 00 00,"Status frame 4 (new)"
2026-03-09T09:13:36.610396,RX,COM6,0x0205b947,0x2,0x05,0x2e,0x5,7,00 00 00 00 00 00 00 00,"Status frame 5 (new)"
2026-03-09T09:13:36.611332,HEARTBEAT,COM6,0x01011840,0x1,0x01,0x6,0x1,0,b6 3d 00 00 00 10 00 00,"Heartbeat"
2026-03-09T09:13:36.612330,RX,COM6,0x0205b987,0x2,0x05,0x2e,0x6,7,00 00 ff ff 01 00 00 00,"Status frame 6 (new)"
2026-03-09T09:13:36.616886,RX,COM6,0x0205b847,0x2,0x05,0x2e,0x1,7,00 00 00 24 00 01 00 00,"Status frame 1 (new)"
2026-03-09T09:13:36.627092,RX,COM6,0x0205b807,0x2,0x05,0x2e,0x0,7,00 00 3e 0b 00 00 80 00,"Status frame 0 (new)"
2026-03-09T09:13:36.627092,RX,COM6,0x0205b887,0x2,0x05,0x2e,0x2,7,00 00 00 00 00 00 00 00,"Status frame 2 (new)"
2026-03-09T09:13:36.629167,RX,COM6,0x0205b8c7,0x2,0x05,0x2e,0x3,7,3b 00 00 00 95 30 95 3e,"Status frame 3 (new)"
2026-03-09T09:13:36.629167,RX,COM6,0x0205b907,0x2,0x05,0x2e,0x4,7,00 00 00 00 00 00 00 00,"Status frame 4 (new)"
2026-03-09T09:13:36.631175,RX,COM6,0x0205b947,0x2,0x05,0x2e,0x5,7,00 00 00 00 00 00 00 00,"Status frame 5 (new)"
2026-03-09T09:13:36.631175,HEARTBEAT,COM6,0x01011840,0x1,0x01,0x6,0x1,0,ca 3d 00 00 00 10 00 00,"Heartbeat"
2026-03-09T09:13:36.633162,RX,COM6,0x0205b987,0x2,0x05,0x2e,0x6,7,00 00 ff ff 01 00 00 00,"Status frame 6 (new)"
2026-03-09T09:13:36.646828,RX,COM6,0x0205b807,0x2,0x05,0x2e,0x0,7,00 00 3f 0b 00 00 80 00,"Status frame 0 (new)"
2026-03-09T09:13:36.646828,RX,COM6,0x0205b887,0x2,0x05,0x2e,0x2,7,00 00 00 00 00 00 00 00,"Status frame 2 (new)"
2026-03-09T09:13:36.648815,RX,COM6,0x0205b8c7,0x2,0x05,0x2e,0x3,7,3b 00 00 00 46 31 96 3e,"Status frame 3 (new)"
2026-03-09T09:13:36.648815,RX,COM6,0x0205b907,0x2,0x05,0x2e,0x4,7,00 00 00 00 00 00 00 00,"Status frame 4 (new)"
2026-03-09T09:13:36.652819,RX,COM6,0x0205b947,0x2,0x05,0x2e,0x5,7,00 00 00 00 00 00 00 00,"Status frame 5 (new)"
2026-03-09T09:13:36.652819,HEARTBEAT,COM6,0x01011840,0x1,0x01,0x6,0x1,0,e0 3d 00 00 00 10 00 00,"Heartbeat"
2026-03-09T09:13:36.652819,RX,COM6,0x0205b987,0x2,0x05,0x2e,0x6,7,00 00 ff ff 01 00 00 00,"Status frame 6 (new)"
2026-03-09T09:13:36.670908,RX,COM6,0x0205b807,0x2,0x05,0x2e,0x0,7,00 00 40 0b 00 00 80 00,"Status frame 0 (new)"
2026-03-09T09:13:36.670908,RX,COM6,0x0205b887,0x2,0x05,0x2e,0x2,7,00 00 00 00 00 00 00 00,"Status frame 2 (new)"
2026-03-09T09:13:36.670908,RX,COM6,0x0205b8c7,0x2,0x05,0x2e,0x3,7,3b 00 00 00 90 b3 94 3e,"Status frame 3 (new)"
2026-03-09T09:13:36.670908,RX,COM6,0x0205b907,0x2,0x05,0x2e,0x4,7,00 00 00 00 00 00 00 00,"Status frame 4 (new)"
2026-03-09T09:13:36.671908,HEARTBEAT,COM6,0x01011840,0x1,0x01,0x6,0x1,0,f2 3d 00 00 00 10 00 00,"Heartbeat"
2026-03-09T09:13:36.671908,RX,COM6,0x0205b947,0x2,0x05,0x2e,0x5,7,00 00 00 00 00 00 00 00,"Status frame 5 (new)"
2026-03-09T09:13:36.673042,RX,COM6,0x0205b987,0x2,0x05,0x2e,0x6,7,00 00 ff ff 01 00 00 00,"Status frame 6 (new)"
2026-03-09T09:13:36.687145,RX,COM6,0x0205b807,0x2,0x05,0x2e,0x0,7,00 00 42 0b 00 00 80 00,"Status frame 0 (new)"
2026-03-09T09:13:36.687145,RX,COM6,0x0205b887,0x2,0x05,0x2e,0x2,7,00 00 00 00 00 00 00 00,"Status frame 2 (new)"
2026-03-09T09:13:36.689234,RX,COM6,0x0205b8c7,0x2,0x05,0x2e,0x3,7,3b 00 00 00 c5 f2 94 3e,"Status frame 3 (new)"
2026-03-09T09:13:36.689234,RX,COM6,0x0205b907,0x2,0x05,0x2e,0x4,7,00 00 00 00 00 00 00 00,"Status frame 4 (new)"
2026-03-09T09:13:36.690215,RX,COM6,0x0205b947,0x2,0x05,0x2e,0x5,7,00 00 00 00 00 00 00 00,"Status frame 5 (new)"
2026-03-09T09:13:36.691783,HEARTBEAT,COM6,0x01011840,0x1,0x01,0x6,0x1,0,06 3e 00 00 00 10 00 00,"Heartbeat"
2026-03-09T09:13:36.692851,RX,COM6,0x0205b987,0x2,0x05,0x2e,0x6,7,00 00 ff ff 01 00 00 00,"Status frame 6 (new)"
2026-03-09T09:13:36.707854,RX,COM6,0x0205b807,0x2,0x05,0x2e,0x0,7,00 00 3e 0b 00 00 80 00,"Status frame 0 (new)"
2026-03-09T09:13:36.707854,RX,COM6,0x0205b887,0x2,0x05,0x2e,0x2,7,00 00 00 00 00 00 00 00,"Status frame 2 (new)"
2026-03-09T09:13:36.708848,RX,COM6,0x0205b8c7,0x2,0x05,0x2e,0x3,7,3b 00 00 00 a3 43 95 3e,"Status frame 3 (new)"
2026-03-09T09:13:36.708848,RX,COM6,0x0205b907,0x2,0x05,0x2e,0x4,7,00 00 00 00 00 00 00 00,"Status frame 4 (new)"
2026-03-09T09:13:36.710845,HEARTBEAT,COM6,0x01011840,0x1,0x01,0x6,0x1,0,19 3e 00 00 00 10 00 00,"Heartbeat"
2026-03-09T09:13:36.710845,RX,COM6,0x0205b947,0x2,0x05,0x2e,0x5,7,00 00 00 00 00 00 00 00,"Status frame 5 (new)"
2026-03-09T09:13:36.712854,RX,COM6,0x0205b987,0x2,0x05,0x2e,0x6,7,00 00 ff ff 01 00 00 00,"Status frame 6 (new)"
2026-03-09T09:13:36.726950,RX,COM6,0x0205b807,0x2,0x05,0x2e,0x0,7,00 00 46 0b 00 00 80 00,"Status frame 0 (new)"
2026-03-09T09:13:36.726950,RX,COM6,0x0205b887,0x2,0x05,0x2e,0x2,7,00 00 00 00 00 00 00 00,"Status frame 2 (new)"
2026-03-09T09:13:36.728785,RX,COM6,0x0205b8c7,0x2,0x05,0x2e,0x3,7,3b 00 00 00 bd c9 94 3e,"Status frame 3 (new)"
2026-03-09T09:13:36.728785,RX,COM6,0x0205b907,0x2,0x05,0x2e,0x4,7,00 00 00 00 00 00 00 00,"Status frame 4 (new)"
2026-03-09T09:13:36.730610,RX,COM6,0x0205b947,0x2,0x05,0x2e,0x5,7,00 00 00 00 00 00 00 00,"Status frame 5 (new)"
2026-03-09T09:13:36.731619,HEARTBEAT,COM6,0x01011840,0x1,0x01,0x6,0x1,0,2e 3e 00 00 00 10 00 00,"Heartbeat"
2026-03-09T09:13:36.732620,RX,COM6,0x0205b987,0x2,0x05,0x2e,0x6,7,00 00 ff ff 01 00 00 00,"Status frame 6 (new)"
2026-03-09T09:13:36.747200,RX,COM6,0x0205b807,0x2,0x05,0x2e,0x0,7,00 00 41 0b 00 00 80 00,"Status frame 0 (new)"
2026-03-09T09:13:36.747200,RX,COM6,0x0205b887,0x2,0x05,0x2e,0x2,7,00 00 00 00 00 00 00 00,"Status frame 2 (new)"
2026-03-09T09:13:36.748206,RX,COM6,0x0205b8c7,0x2,0x05,0x2e,0x3,7,3b 00 00 00 a4 e0 95 3e,"Status frame 3 (new)"
2026-03-09T09:13:36.748206,RX,COM6,0x0205b907,0x2,0x05,0x2e,0x4,7,00 00 00 00 00 00 00 00,"Status frame 4 (new)"
2026-03-09T09:13:36.750744,HEARTBEAT,COM6,0x01011840,0x1,0x01,0x6,0x1,0,41 3e 00 00 00 10 00 00,"Heartbeat"
2026-03-09T09:13:36.750744,RX,COM6,0x0205b947,0x2,0x05,0x2e,0x5,7,00 00 00 00 00 00 00 00,"Status frame 5 (new)"
2026-03-09T09:13:36.754738,RX,COM6,0x0205b987,0x2,0x05,0x2e,0x6,7,00 00 ff ff 01 00 00 00,"Status frame 6 (new)"
2026-03-09T09:13:36.767275,RX,COM6,0x0205b807,0x2,0x05,0x2e,0x0,7,00 00 42 0b 00 00 80 00,"Status frame 0 (new)"
2026-03-09T09:13:36.767275,RX,COM6,0x0205b887,0x2,0x05,0x2e,0x2,7,00 00 00 00 00 00 00 00,"Status frame 2 (new)"
2026-03-09T09:13:36.771887,RX,COM6,0x0205b8c7,0x2,0x05,0x2e,0x3,7,3b 00 00 00 99 34 94 3e,"Status frame 3 (new)"
2026-03-09T09:13:36.771887,RX,COM6,0x0205b907,0x2,0x05,0x2e,0x4,7,00 00 00 00 00 00 00 00,"Status frame 4 (new)"
2026-03-09T09:13:36.771887,HEARTBEAT,COM6,0x01011840,0x1,0x01,0x6,0x1,0,57 3e 00 00 00 10 00 00,"Heartbeat"
2026-03-09T09:13:36.771887,RX,COM6,0x0205b947,0x2,0x05,0x2e,0x5,7,00 00 00 00 00 00 00 00,"Status frame 5 (new)"
2026-03-09T09:13:36.774886,RX,COM6,0x0205b987,0x2,0x05,0x2e,0x6,7,00 00 ff ff 01 00 00 00,"Status frame 6 (new)"
2026-03-09T09:13:36.786451,RX,COM6,0x0205b807,0x2,0x05,0x2e,0x0,7,00 00 35 0b 00 00 80 00,"Status frame 0 (new)"
2026-03-09T09:13:36.786451,RX,COM6,0x0205b887,0x2,0x05,0x2e,0x2,7,00 00 00 00 00 00 00 00,"Status frame 2 (new)"
2026-03-09T09:13:36.788451,RX,COM6,0x0205b8c7,0x2,0x05,0x2e,0x3,7,3b 00 00 00 02 25 95 3e,"Status frame 3 (new)"
2026-03-09T09:13:36.788451,RX,COM6,0x0205b907,0x2,0x05,0x2e,0x4,7,00 00 00 00 00 00 00 00,"Status frame 4 (new)"
2026-03-09T09:13:36.790451,RX,COM6,0x0205b947,0x2,0x05,0x2e,0x5,7,00 00 00 00 00 00 00 00,"Status frame 5 (new)"
2026-03-09T09:13:36.792177,HEARTBEAT,COM6,0x01011840,0x1,0x01,0x6,0x1,0,6b 3e 00 00 00 10 00 00,"Heartbeat"
2026-03-09T09:13:36.796686,RX,COM6,0x0205b987,0x2,0x05,0x2e,0x6,7,00 00 ff ff 01 00 00 00,"Status frame 6 (new)"
2026-03-09T09:13:36.807223,RX,COM6,0x0205b807,0x2,0x05,0x2e,0x0,7,00 00 44 0b 00 00 80 00,"Status frame 0 (new)"
2026-03-09T09:13:36.807223,RX,COM6,0x0205b887,0x2,0x05,0x2e,0x2,7,00 00 00 00 00 00 00 00,"Status frame 2 (new)"
2026-03-09T09:13:36.809219,RX,COM6,0x0205b8c7,0x2,0x05,0x2e,0x3,7,3b 00 00 00 06 2b 95 3e,"Status frame 3 (new)"
2026-03-09T09:13:36.809219,RX,COM6,0x0205b907,0x2,0x05,0x2e,0x4,7,00 00 00 00 00 00 00 00,"Status frame 4 (new)"
2026-03-09T09:13:36.810230,RX,COM6,0x0205b947,0x2,0x05,0x2e,0x5,7,00 00 00 00 00 00 00 00,"Status frame 5 (new)"
2026-03-09T09:13:36.811218,HEARTBEAT,COM6,0x01011840,0x1,0x01,0x6,0x1,0,7e 3e 00 00 00 10 00 00,"Heartbeat"
2026-03-09T09:13:36.812735,RX,COM6,0x0205b987,0x2,0x05,0x2e,0x6,7,00 00 ff ff 01 00 00 00,"Status frame 6 (new)"
2026-03-09T09:13:36.825754,RX,COM6,0x0205b807,0x2,0x05,0x2e,0x0,7,00 00 3e 0b 00 00 80 00,"Status frame 0 (new)"
2026-03-09T09:13:36.827259,RX,COM6,0x0205b887,0x2,0x05,0x2e,0x2,7,00 00 00 00 00 00 00 00,"Status frame 2 (new)"
2026-03-09T09:13:36.829279,RX,COM6,0x0205b8c7,0x2,0x05,0x2e,0x3,7,3b 00 00 00 fc 49 95 3e,"Status frame 3 (new)"
2026-03-09T09:13:36.829279,RX,COM6,0x0205b907,0x2,0x05,0x2e,0x4,7,00 00 00 00 00 00 00 00,"Status frame 4 (new)"
2026-03-09T09:13:36.830275,RX,COM6,0x0205b947,0x2,0x05,0x2e,0x5,7,00 00 00 00 00 00 00 00,"Status frame 5 (new)"
2026-03-09T09:13:36.831263,HEARTBEAT,COM6,0x01011840,0x1,0x01,0x6,0x1,0,92 3e 00 00 00 10 00 00,"Heartbeat"
2026-03-09T09:13:36.832273,RX,COM6,0x0205b987,0x2,0x05,0x2e,0x6,7,00 00 ff ff 01 00 00 00,"Status frame 6 (new)"
2026-03-09T09:13:36.848335,RX,COM6,0x0205b807,0x2,0x05,0x2e,0x0,7,00 00 41 0b 00 00 80 00,"Status frame 0 (new)"
2026-03-09T09:13:36.848335,RX,COM6,0x0205b887,0x2,0x05,0x2e,0x2,7,00 00 00 00 00 00 00 00,"Status frame 2 (new)"
2026-03-09T09:13:36.848853,RX,COM6,0x0205b8c7,0x2,0x05,0x2e,0x3,7,3b 04 00 00 62 53 94 3e,"Status frame 3 (new)"
2026-03-09T09:13:36.849861,RX,COM6,0x0205b907,0x2,0x05,0x2e,0x4,7,00 00 00 00 00 00 00 00,"Status frame 4 (new)"
2026-03-09T09:13:36.850862,RX,COM6,0x0205b947,0x2,0x05,0x2e,0x5,7,00 00 00 00 00 00 00 00,"Status frame 5 (new)"
2026-03-09T09:13:36.851863,HEARTBEAT,COM6,0x01011840,0x1,0x01,0x6,0x1,0,a6 3e 00 00 00 10 00 00,"Heartbeat"
2026-03-09T09:13:36.852962,RX,COM6,0x0205b987,0x2,0x05,0x2e,0x6,7,00 00 ff ff 01 00 00 00,"Status frame 6 (new)"
2026-03-09T09:13:36.867375,RX,COM6,0x0205b807,0x2,0x05,0x2e,0x0,7,00 00 44 0b 00 00 80 00,"Status frame 0 (new)"
2026-03-09T09:13:36.867375,RX,COM6,0x0205b847,0x2,0x05,0x2e,0x1,7,00 00 00 24 00 01 00 00,"Status frame 1 (new)"
2026-03-09T09:13:36.867375,RX,COM6,0x0205b887,0x2,0x05,0x2e,0x2,7,00 00 00 00 00 00 00 00,"Status frame 2 (new)"
2026-03-09T09:13:36.868914,RX,COM6,0x0205b8c7,0x2,0x05,0x2e,0x3,7,3b 00 00 00 05 62 95 3e,"Status frame 3 (new)"
2026-03-09T09:13:36.868914,RX,COM6,0x0205b907,0x2,0x05,0x2e,0x4,7,00 00 00 00 00 00 00 00,"Status frame 4 (new)"
2026-03-09T09:13:36.868914,RX,COM6,0x0205bc07,0x2,0x05,0x2f,0x0,7,12 e2 2e be 00 00 00 00,"DATA apiClass=0x2f apiIndex=0x0"
2026-03-09T09:13:36.870932,HEARTBEAT,COM6,0x01011840,0x1,0x01,0x6,0x1,0,b9 3e 00 00 00 10 00 00,"Heartbeat"
2026-03-09T09:13:36.870932,RX,COM6,0x0205b947,0x2,0x05,0x2e,0x5,7,00 00 00 00 00 00 00 00,"Status frame 5 (new)"
2026-03-09T09:13:36.872934,RX,COM6,0x0205b987,0x2,0x05,0x2e,0x6,7,00 00 ff ff 01 00 00 00,"Status frame 6 (new)"
2026-03-09T09:13:36.887006,RX,COM6,0x0205b807,0x2,0x05,0x2e,0x0,7,00 00 0b 0b 00 00 80 00,"Status frame 0 (new)"
2026-03-09T09:13:36.887006,RX,COM6,0x0205b887,0x2,0x05,0x2e,0x2,7,00 00 00 00 00 00 00 00,"Status frame 2 (new)"
2026-03-09T09:13:36.889002,RX,COM6,0x0205b8c7,0x2,0x05,0x2e,0x3,7,3b 00 00 00 85 9f 94 3e,"Status frame 3 (new)"
2026-03-09T09:13:36.889002,RX,COM6,0x0205b907,0x2,0x05,0x2e,0x4,7,00 00 00 00 00 00 00 00,"Status frame 4 (new)"
2026-03-09T09:13:36.891003,HEARTBEAT,COM6,0x01011840,0x1,0x01,0x6,0x1,0,ce 3e 00 00 00 10 00 00,"Heartbeat"
2026-03-09T09:13:36.891003,RX,COM6,0x0205b947,0x2,0x05,0x2e,0x5,7,00 00 00 00 00 00 00 00,"Status frame 5 (new)"
2026-03-09T09:13:36.893003,RX,COM6,0x0205b987,0x2,0x05,0x2e,0x6,7,00 00 ff ff 01 00 00 00,"Status frame 6 (new)"
2026-03-09T09:13:36.907038,RX,COM6,0x0205b807,0x2,0x05,0x2e,0x0,7,00 00 40 0b 00 00 80 00,"Status frame 0 (new)"
2026-03-09T09:13:36.907038,RX,COM6,0x0205b887,0x2,0x05,0x2e,0x2,7,00 00 00 00 00 00 00 00,"Status frame 2 (new)"
2026-03-09T09:13:36.909045,RX,COM6,0x0205b8c7,0x2,0x05,0x2e,0x3,7,3b 00 00 00 86 40 94 3e,"Status frame 3 (new)"
2026-03-09T09:13:36.909045,RX,COM6,0x0205b907,0x2,0x05,0x2e,0x4,7,00 00 00 00 00 00 00 00,"Status frame 4 (new)"
2026-03-09T09:13:36.910273,RX,COM6,0x0205b947,0x2,0x05,0x2e,0x5,7,00 00 00 00 00 00 00 00,"Status frame 5 (new)"
2026-03-09T09:13:36.911260,HEARTBEAT,COM6,0x01011840,0x1,0x01,0x6,0x1,0,e2 3e 00 00 00 10 00 00,"Heartbeat"
2026-03-09T09:13:36.912278,RX,COM6,0x0205b987,0x2,0x05,0x2e,0x6,7,00 00 ff ff 01 00 00 00,"Status frame 6 (new)"
2026-03-09T09:13:36.926819,RX,COM6,0x0205b807,0x2,0x05,0x2e,0x0,7,00 00 3e 0b 00 00 80 00,"Status frame 0 (new)"
2026-03-09T09:13:36.927327,RX,COM6,0x0205b887,0x2,0x05,0x2e,0x2,7,00 00 00 00 00 00 00 00,"Status frame 2 (new)"
2026-03-09T09:13:36.928344,RX,COM6,0x0205b8c7,0x2,0x05,0x2e,0x3,7,3a 00 00 00 50 56 93 3e,"Status frame 3 (new)"
2026-03-09T09:13:36.928344,RX,COM6,0x0205b907,0x2,0x05,0x2e,0x4,7,00 00 00 00 00 00 00 00,"Status frame 4 (new)"
2026-03-09T09:13:36.931341,RX,COM6,0x0205b947,0x2,0x05,0x2e,0x5,7,00 00 00 00 00 00 00 00,"Status frame 5 (new)"
2026-03-09T09:13:36.931341,HEARTBEAT,COM6,0x01011840,0x1,0x01,0x6,0x1,0,f6 3e 00 00 00 10 00 00,"Heartbeat"
2026-03-09T09:13:36.935834,RX,COM6,0x0205b987,0x2,0x05,0x2e,0x6,7,00 00 ff ff 01 00 00 00,"Status frame 6 (new)"
2026-03-09T09:13:36.947088,RX,COM6,0x0205b807,0x2,0x05,0x2e,0x0,7,00 00 41 0b 00 00 80 00,"Status frame 0 (new)"
2026-03-09T09:13:36.947088,RX,COM6,0x0205b887,0x2,0x05,0x2e,0x2,7,00 00 00 00 00 00 00 00,"Status frame 2 (new)"
2026-03-09T09:13:36.949087,RX,COM6,0x0205b8c7,0x2,0x05,0x2e,0x3,7,3b 00 00 00 be a1 94 3e,"Status frame 3 (new)"
2026-03-09T09:13:36.949087,RX,COM6,0x0205b907,0x2,0x05,0x2e,0x4,7,00 00 00 00 00 00 00 00,"Status frame 4 (new)"
2026-03-09T09:13:36.953092,RX,COM6,0x0205b947,0x2,0x05,0x2e,0x5,7,00 00 00 00 00 00 00 00,"Status frame 5 (new)"
2026-03-09T09:13:36.953092,HEARTBEAT,COM6,0x01011840,0x1,0x01,0x6,0x1,0,0c 3f 00 00 00 10 00 00,"Heartbeat"
2026-03-09T09:13:36.953092,RX,COM6,0x0205b987,0x2,0x05,0x2e,0x6,7,00 00 ff ff 01 00 00 00,"Status frame 6 (new)"
2026-03-09T09:13:36.967143,RX,COM6,0x0205b807,0x2,0x05,0x2e,0x0,7,00 00 41 0b 00 00 80 00,"Status frame 0 (new)"
2026-03-09T09:13:36.967143,RX,COM6,0x0205b887,0x2,0x05,0x2e,0x2,7,00 00 00 00 00 00 00 00,"Status frame 2 (new)"
2026-03-09T09:13:36.972679,RX,COM6,0x0205b8c7,0x2,0x05,0x2e,0x3,7,3b 00 00 00 4c a6 95 3e,"Status frame 3 (new)"
2026-03-09T09:13:36.972679,RX,COM6,0x0205b907,0x2,0x05,0x2e,0x4,7,00 00 00 00 00 00 00 00,"Status frame 4 (new)"
2026-03-09T09:13:36.972679,HEARTBEAT,COM6,0x01011840,0x1,0x01,0x6,0x1,0,20 3f 00 00 00 10 00 00,"Heartbeat"
2026-03-09T09:13:36.972679,RX,COM6,0x0205b947,0x2,0x05,0x2e,0x5,7,00 00 00 00 00 00 00 00,"Status frame 5 (new)"
2026-03-09T09:13:36.972679,RX,COM6,0x0205b987,0x2,0x05,0x2e,0x6,7,00 00 ff ff 01 00 00 00,"Status frame 6 (new)"
2026-03-09T09:13:36.986737,RX,COM6,0x0205b807,0x2,0x05,0x2e,0x0,7,00 00 05 0b 00 00 80 00,"Status frame 0 (new)"
2026-03-09T09:13:36.986737,RX,COM6,0x0205b887,0x2,0x05,0x2e,0x2,7,00 00 00 00 00 00 00 00,"Status frame 2 (new)"
2026-03-09T09:13:36.990729,RX,COM6,0x0205b8c7,0x2,0x05,0x2e,0x3,7,3b 00 00 00 f1 f7 94 3e,"Status frame 3 (new)"
2026-03-09T09:13:36.990729,RX,COM6,0x0205b907,0x2,0x05,0x2e,0x4,7,00 00 00 00 00 00 00 00,"Status frame 4 (new)"
2026-03-09T09:13:36.990729,HEARTBEAT,COM6,0x01011840,0x1,0x01,0x6,0x1,0,31 3f 00 00 00 10 00 00,"Heartbeat"
2026-03-09T09:13:36.990729,RX,COM6,0x0205b947,0x2,0x05,0x2e,0x5,7,00 00 00 00 00 00 00 00,"Status frame 5 (new)"
2026-03-09T09:13:36.992741,RX,COM6,0x0205b987,0x2,0x05,0x2e,0x6,7,00 00 ff ff 01 00 00 00,"Status frame 6 (new)"
2026-03-09T09:13:37.006818,RX,COM6,0x0205b807,0x2,0x05,0x2e,0x0,7,00 00 46 0b 00 00 80 00,"Status frame 0 (new)"
2026-03-09T09:13:37.006818,RX,COM6,0x0205b887,0x2,0x05,0x2e,0x2,7,00 00 00 00 00 00 00 00,"Status frame 2 (new)"
2026-03-09T09:13:37.008809,RX,COM6,0x0205b8c7,0x2,0x05,0x2e,0x3,7,3b 00 00 00 bd 90 94 3e,"Status frame 3 (new)"
2026-03-09T09:13:37.008809,RX,COM6,0x0205b907,0x2,0x05,0x2e,0x4,7,00 00 00 00 00 00 00 00,"Status frame 4 (new)"
2026-03-09T09:13:37.010809,HEARTBEAT,COM6,0x01011840,0x1,0x01,0x6,0x1,0,45 3f 00 00 00 10 00 00,"Heartbeat"
2026-03-09T09:13:37.010809,RX,COM6,0x0205b947,0x2,0x05,0x2e,0x5,7,00 00 00 00 00 00 00 00,"Status frame 5 (new)"
2026-03-09T09:13:37.012809,RX,COM6,0x0205b987,0x2,0x05,0x2e,0x6,7,00 00 ff ff 01 00 00 00,"Status frame 6 (new)"
2026-03-09T09:13:37.026865,RX,COM6,0x0205b807,0x2,0x05,0x2e,0x0,7,00 00 46 0b 00 00 80 00,"Status frame 0 (new)"
2026-03-09T09:13:37.026865,RX,COM6,0x0205b887,0x2,0x05,0x2e,0x2,7,00 00 00 00 00 00 00 00,"Status frame 2 (new)"
2026-03-09T09:13:37.028903,RX,COM6,0x0205b8c7,0x2,0x05,0x2e,0x3,7,3b 00 00 00 d5 7d 94 3e,"Status frame 3 (new)"
2026-03-09T09:13:37.028903,RX,COM6,0x0205b907,0x2,0x05,0x2e,0x4,7,00 00 00 00 00 00 00 00,"Status frame 4 (new)"
2026-03-09T09:13:37.030911,HEARTBEAT,COM6,0x01011840,0x1,0x01,0x6,0x1,0,5a 3f 00 00 00 10 00 00,"Heartbeat"
2026-03-09T09:13:37.030911,RX,COM6,0x0205b947,0x2,0x05,0x2e,0x5,7,00 00 00 00 00 00 00 00,"Status frame 5 (new)"
2026-03-09T09:13:37.032903,RX,COM6,0x0205b987,0x2,0x05,0x2e,0x6,7,00 00 ff ff 01 00 00 00,"Status frame 6 (new)"
2026-03-09T09:13:37.046536,RX,COM6,0x0205b807,0x2,0x05,0x2e,0x0,7,00 00 42 0b 00 00 80 00,"Status frame 0 (new)"
2026-03-09T09:13:37.046536,RX,COM6,0x0205b887,0x2,0x05,0x2e,0x2,7,00 00 00 00 00 00 00 00,"Status frame 2 (new)"
2026-03-09T09:13:37.048440,RX,COM6,0x0205b8c7,0x2,0x05,0x2e,0x3,7,3c 00 00 00 a6 10 97 3e,"Status frame 3 (new)"
2026-03-09T09:13:37.052431,RX,COM6,0x0205b907,0x2,0x05,0x2e,0x4,7,00 00 00 00 00 00 00 00,"Status frame 4 (new)"
2026-03-09T09:13:37.053431,RX,COM6,0x0205b947,0x2,0x05,0x2e,0x5,7,00 00 00 00 00 00 00 00,"Status frame 5 (new)"
2026-03-09T09:13:37.053431,HEARTBEAT,COM6,0x01011840,0x1,0x01,0x6,0x1,0,70 3f 00 00 00 10 00 00,"Heartbeat"
2026-03-09T09:13:37.053431,RX,COM6,0x0205b987,0x2,0x05,0x2e,0x6,7,00 00 ff ff 01 00 00 00,"Status frame 6 (new)"
2026-03-09T09:13:37.065973,RX,COM6,0x0205b887,0x2,0x05,0x2e,0x2,7,00 00 00 00 00 00 00 00,"Status frame 2 (new)"
2026-03-09T09:13:37.070528,RX,COM6,0x0205b807,0x2,0x05,0x2e,0x0,7,00 00 45 0b 00 00 80 00,"Status frame 0 (new)"
2026-03-09T09:13:37.070528,RX,COM6,0x0205b8c7,0x2,0x05,0x2e,0x3,7,3b 00 00 00 60 cd 95 3e,"Status frame 3 (new)"
2026-03-09T09:13:37.070528,RX,COM6,0x0205b907,0x2,0x05,0x2e,0x4,7,00 00 00 00 00 00 00 00,"Status frame 4 (new)"
2026-03-09T09:13:37.071528,RX,COM6,0x0205b947,0x2,0x05,0x2e,0x5,7,00 00 00 00 00 00 00 00,"Status frame 5 (new)"
2026-03-09T09:13:37.071528,HEARTBEAT,COM6,0x01011840,0x1,0x01,0x6,0x1,0,82 3f 00 00 00 10 00 00,"Heartbeat"
2026-03-09T09:13:37.072528,RX,COM6,0x0205b987,0x2,0x05,0x2e,0x6,7,00 00 ff ff 01 00 00 00,"Status frame 6 (new)"
2026-03-09T09:13:37.090738,RX,COM6,0x0205b807,0x2,0x05,0x2e,0x0,7,00 00 21 0b 00 00 80 00,"Status frame 0 (new)"
2026-03-09T09:13:37.090738,RX,COM6,0x0205b887,0x2,0x05,0x2e,0x2,7,00 00 00 00 00 00 00 00,"Status frame 2 (new)"
2026-03-09T09:13:37.090738,RX,COM6,0x0205b8c7,0x2,0x05,0x2e,0x3,7,3b 00 00 00 33 4f 95 3e,"Status frame 3 (new)"
2026-03-09T09:13:37.090738,RX,COM6,0x0205b907,0x2,0x05,0x2e,0x4,7,00 00 00 00 00 00 00 00,"Status frame 4 (new)"
2026-03-09T09:13:37.090738,HEARTBEAT,COM6,0x01011840,0x1,0x01,0x6,0x1,0,96 3f 00 00 00 10 00 00,"Heartbeat"
2026-03-09T09:13:37.090738,RX,COM6,0x0205b947,0x2,0x05,0x2e,0x5,7,00 00 00 00 00 00 00 00,"Status frame 5 (new)"
2026-03-09T09:13:37.092759,RX,COM6,0x0205b987,0x2,0x05,0x2e,0x6,7,00 00 ff ff 01 00 00 00,"Status frame 6 (new)"
2026-03-09T09:13:37.106838,RX,COM6,0x0205b807,0x2,0x05,0x2e,0x0,7,00 00 4c 0b 00 00 80 00,"Status frame 0 (new)"
2026-03-09T09:13:37.106838,RX,COM6,0x0205b887,0x2,0x05,0x2e,0x2,7,00 00 00 00 00 00 00 00,"Status frame 2 (new)"
2026-03-09T09:13:37.108838,RX,COM6,0x0205b8c7,0x2,0x05,0x2e,0x3,7,3b 04 00 00 ef ee 95 3e,"Status frame 3 (new)"
2026-03-09T09:13:37.108838,RX,COM6,0x0205b907,0x2,0x05,0x2e,0x4,7,00 00 00 00 00 00 00 00,"Status frame 4 (new)"
2026-03-09T09:13:37.110842,HEARTBEAT,COM6,0x01011840,0x1,0x01,0x6,0x1,0,a9 3f 00 00 00 10 00 00,"Heartbeat"
2026-03-09T09:13:37.110842,RX,COM6,0x0205b947,0x2,0x05,0x2e,0x5,7,00 00 00 00 00 00 00 00,"Status frame 5 (new)"
2026-03-09T09:13:37.113007,RX,COM6,0x0205b987,0x2,0x05,0x2e,0x6,7,00 00 ff ff 01 00 00 00,"Status frame 6 (new)"
2026-03-09T09:13:37.118849,RX,COM6,0x0205b847,0x2,0x05,0x2e,0x1,7,00 00 00 24 00 01 00 00,"Status frame 1 (new)"
2026-03-09T09:13:37.129862,RX,COM6,0x0205b807,0x2,0x05,0x2e,0x0,7,00 00 45 0b 00 00 80 00,"Status frame 0 (new)"
2026-03-09T09:13:37.129862,RX,COM6,0x0205b887,0x2,0x05,0x2e,0x2,7,00 00 00 00 00 00 00 00,"Status frame 2 (new)"
2026-03-09T09:13:37.129862,RX,COM6,0x0205b8c7,0x2,0x05,0x2e,0x3,7,3b 00 00 00 af b4 94 3e,"Status frame 3 (new)"
2026-03-09T09:13:37.129862,RX,COM6,0x0205b907,0x2,0x05,0x2e,0x4,7,00 00 00 00 00 00 00 00,"Status frame 4 (new)"
2026-03-09T09:13:37.132866,HEARTBEAT,COM6,0x01011840,0x1,0x01,0x6,0x1,0,c0 3f 00 00 00 10 00 00,"Heartbeat"
2026-03-09T09:13:37.132866,RX,COM6,0x0205b947,0x2,0x05,0x2e,0x5,7,00 00 00 00 00 00 00 00,"Status frame 5 (new)"
2026-03-09T09:13:37.132866,RX,COM6,0x0205b987,0x2,0x05,0x2e,0x6,7,00 00 ff ff 01 00 00 00,"Status frame 6 (new)"
2026-03-09T09:13:37.146967,RX,COM6,0x0205b807,0x2,0x05,0x2e,0x0,7,00 00 44 0b 00 00 80 00,"Status frame 0 (new)"
2026-03-09T09:13:37.146967,RX,COM6,0x0205b887,0x2,0x05,0x2e,0x2,7,00 00 00 00 00 00 00 00,"Status frame 2 (new)"
2026-03-09T09:13:37.148888,RX,COM6,0x0205b8c7,0x2,0x05,0x2e,0x3,7,3b 00 00 00 9b 01 94 3e,"Status frame 3 (new)"
2026-03-09T09:13:37.148888,RX,COM6,0x0205b907,0x2,0x05,0x2e,0x4,7,00 00 00 00 00 00 00 00,"Status frame 4 (new)"
2026-03-09T09:13:37.150889,HEARTBEAT,COM6,0x01011840,0x1,0x01,0x6,0x1,0,d1 3f 00 00 00 10 00 00,"Heartbeat"
2026-03-09T09:13:37.150889,RX,COM6,0x0205b947,0x2,0x05,0x2e,0x5,7,00 00 00 00 00 00 00 00,"Status frame 5 (new)"
2026-03-09T09:13:37.151959,RX,COM6,0x0205b987,0x2,0x05,0x2e,0x6,7,00 00 ff ff 01 00 00 00,"Status frame 6 (new)"
2026-03-09T09:13:37.167536,RX,COM6,0x0205b807,0x2,0x05,0x2e,0x0,7,00 00 4c 0b 00 00 80 00,"Status frame 0 (new)"
2026-03-09T09:13:37.167536,RX,COM6,0x0205b887,0x2,0x05,0x2e,0x2,7,00 00 00 00 00 00 00 00,"Status frame 2 (new)"
2026-03-09T09:13:37.169043,RX,COM6,0x0205b8c7,0x2,0x05,0x2e,0x3,7,3b 00 00 00 ac bd 95 3e,"Status frame 3 (new)"
2026-03-09T09:13:37.169043,RX,COM6,0x0205b907,0x2,0x05,0x2e,0x4,7,00 00 00 00 00 00 00 00,"Status frame 4 (new)"
2026-03-09T09:13:37.176048,HEARTBEAT,COM6,0x01011840,0x1,0x01,0x6,0x1,0,eb 3f 00 00 00 10 00 00,"Heartbeat"
2026-03-09T09:13:37.176048,RX,COM6,0x0205b947,0x2,0x05,0x2e,0x5,7,00 00 00 00 00 00 00 00,"Status frame 5 (new)"
2026-03-09T09:13:37.177049,RX,COM6,0x0205b987,0x2,0x05,0x2e,0x6,7,00 00 ff ff 01 00 00 00,"Status frame 6 (new)"
2026-03-09T09:13:37.186448,RX,COM6,0x0205b807,0x2,0x05,0x2e,0x0,7,00 00 34 0b 00 00 80 00,"Status frame 0 (new)"
2026-03-09T09:13:37.191439,RX,COM6,0x0205b887,0x2,0x05,0x2e,0x2,7,00 00 00 00 00 00 00 00,"Status frame 2 (new)"
2026-03-09T09:13:37.192441,RX,COM6,0x0205b8c7,0x2,0x05,0x2e,0x3,7,3b 00 00 00 68 ef 94 3e,"Status frame 3 (new)"
2026-03-09T09:13:37.192441,RX,COM6,0x0205b907,0x2,0x05,0x2e,0x4,7,00 00 00 00 00 00 00 00,"Status frame 4 (new)"
2026-03-09T09:13:37.192441,HEARTBEAT,COM6,0x01011840,0x1,0x01,0x6,0x1,0,fb 3f 00 00 00 10 00 00,"Heartbeat"
2026-03-09T09:13:37.192441,RX,COM6,0x0205b947,0x2,0x05,0x2e,0x5,7,00 00 00 00 00 00 00 00,"Status frame 5 (new)"
2026-03-09T09:13:37.192441,RX,COM6,0x0205b987,0x2,0x05,0x2e,0x6,7,00 00 ff ff 01 00 00 00,"Status frame 6 (new)"
2026-03-09T09:13:37.207490,RX,COM6,0x0205b807,0x2,0x05,0x2e,0x0,7,00 00 4d 0b 00 00 80 00,"Status frame 0 (new)"
2026-03-09T09:13:37.207490,RX,COM6,0x0205b887,0x2,0x05,0x2e,0x2,7,00 00 00 00 00 00 00 00,"Status frame 2 (new)"
2026-03-09T09:13:37.208488,RX,COM6,0x0205b8c7,0x2,0x05,0x2e,0x3,7,3a 00 00 00 ee e4 93 3e,"Status frame 3 (new)"
2026-03-09T09:13:37.208488,RX,COM6,0x0205b907,0x2,0x05,0x2e,0x4,7,00 00 00 00 00 00 00 00,"Status frame 4 (new)"
2026-03-09T09:13:37.210506,RX,COM6,0x0205b947,0x2,0x05,0x2e,0x5,7,00 00 00 00 00 00 00 00,"Status frame 5 (new)"
2026-03-09T09:13:37.212491,HEARTBEAT,COM6,0x01011840,0x1,0x01,0x6,0x1,0,0f 40 00 00 00 10 00 00,"Heartbeat"
2026-03-09T09:13:37.212491,RX,COM6,0x0205b987,0x2,0x05,0x2e,0x6,7,00 00 ff ff 01 00 00 00,"Status frame 6 (new)"
2026-03-09T09:13:37.226974,RX,COM6,0x0205b807,0x2,0x05,0x2e,0x0,7,00 00 45 0b 00 00 80 00,"Status frame 0 (new)"
2026-03-09T09:13:37.226974,RX,COM6,0x0205b887,0x2,0x05,0x2e,0x2,7,00 00 00 00 00 00 00 00,"Status frame 2 (new)"
2026-03-09T09:13:37.229062,RX,COM6,0x0205b8c7,0x2,0x05,0x2e,0x3,7,3b 00 00 00 d9 30 95 3e,"Status frame 3 (new)"
2026-03-09T09:13:37.229062,RX,COM6,0x0205b907,0x2,0x05,0x2e,0x4,7,00 00 00 00 00 00 00 00,"Status frame 4 (new)"
2026-03-09T09:13:37.231058,HEARTBEAT,COM6,0x01011840,0x1,0x01,0x6,0x1,0,22 40 00 00 00 10 00 00,"Heartbeat"
2026-03-09T09:13:37.231058,RX,COM6,0x0205b947,0x2,0x05,0x2e,0x5,7,00 00 00 00 00 00 00 00,"Status frame 5 (new)"
2026-03-09T09:13:37.232979,RX,COM6,0x0205b987,0x2,0x05,0x2e,0x6,7,00 00 ff ff 01 00 00 00,"Status frame 6 (new)"
2026-03-09T09:13:37.246536,RX,COM6,0x0205b807,0x2,0x05,0x2e,0x0,7,00 00 4a 0b 00 00 80 00,"Status frame 0 (new)"
2026-03-09T09:13:37.247521,RX,COM6,0x0205b887,0x2,0x05,0x2e,0x2,7,00 00 00 00 00 00 00 00,"Status frame 2 (new)"
2026-03-09T09:13:37.248530,RX,COM6,0x0205b8c7,0x2,0x05,0x2e,0x3,7,3b 00 00 00 84 37 95 3e,"Status frame 3 (new)"
2026-03-09T09:13:37.248530,RX,COM6,0x0205b907,0x2,0x05,0x2e,0x4,7,00 00 00 00 00 00 00 00,"Status frame 4 (new)"
2026-03-09T09:13:37.250526,RX,COM6,0x0205b947,0x2,0x05,0x2e,0x5,7,00 00 00 00 00 00 00 00,"Status frame 5 (new)"
2026-03-09T09:13:37.251519,HEARTBEAT,COM6,0x01011840,0x1,0x01,0x6,0x1,0,36 40 00 00 00 10 00 00,"Heartbeat"
2026-03-09T09:13:37.257052,RX,COM6,0x0205b987,0x2,0x05,0x2e,0x6,7,00 00 ff ff 01 00 00 00,"Status frame 6 (new)"
2026-03-09T09:13:37.267042,RX,COM6,0x0205b807,0x2,0x05,0x2e,0x0,7,00 00 47 0b 00 00 80 00,"Status frame 0 (new)"
2026-03-09T09:13:37.267042,RX,COM6,0x0205b887,0x2,0x05,0x2e,0x2,7,00 00 00 00 00 00 00 00,"Status frame 2 (new)"
2026-03-09T09:13:37.273554,RX,COM6,0x0205b8c7,0x2,0x05,0x2e,0x3,7,3b 00 00 00 65 b8 94 3e,"Status frame 3 (new)"
2026-03-09T09:13:37.274553,RX,COM6,0x0205b907,0x2,0x05,0x2e,0x4,7,00 00 00 00 00 00 00 00,"Status frame 4 (new)"
2026-03-09T09:13:37.274553,HEARTBEAT,COM6,0x01011840,0x1,0x01,0x6,0x1,0,4d 40 00 00 00 10 00 00,"Heartbeat"
2026-03-09T09:13:37.274553,RX,COM6,0x0205b947,0x2,0x05,0x2e,0x5,7,00 00 00 00 00 00 00 00,"Status frame 5 (new)"
2026-03-09T09:13:37.274553,RX,COM6,0x0205b987,0x2,0x05,0x2e,0x6,7,00 00 ff ff 01 00 00 00,"Status frame 6 (new)"
2026-03-09T09:13:37.287067,RX,COM6,0x0205b807,0x2,0x05,0x2e,0x0,7,00 00 4a 0b 00 00 80 00,"Status frame 0 (new)"
2026-03-09T09:13:37.288549,RX,COM6,0x0205b887,0x2,0x05,0x2e,0x2,7,00 00 00 00 00 00 00 00,"Status frame 2 (new)"
2026-03-09T09:13:37.289550,RX,COM6,0x0205b8c7,0x2,0x05,0x2e,0x3,7,3b 00 00 00 fd 65 96 3e,"Status frame 3 (new)"
2026-03-09T09:13:37.289550,RX,COM6,0x0205b907,0x2,0x05,0x2e,0x4,7,00 00 00 00 00 00 00 00,"Status frame 4 (new)"
2026-03-09T09:13:37.290547,RX,COM6,0x0205b947,0x2,0x05,0x2e,0x5,7,00 00 00 00 00 00 00 00,"Status frame 5 (new)"
2026-03-09T09:13:37.298576,HEARTBEAT,COM6,0x01011840,0x1,0x01,0x6,0x1,0,65 40 00 00 00 10 00 00,"Heartbeat"
2026-03-09T09:13:37.298576,RX,COM6,0x0205b987,0x2,0x05,0x2e,0x6,7,00 00 ff ff 01 00 00 00,"Status frame 6 (new)"
2026-03-09T09:13:37.306575,RX,COM6,0x0205b807,0x2,0x05,0x2e,0x0,7,00 00 48 0b 00 00 80 00,"Status frame 0 (new)"
2026-03-09T09:13:37.306575,RX,COM6,0x0205b887,0x2,0x05,0x2e,0x2,7,00 00 00 00 00 00 00 00,"Status frame 2 (new)"
2026-03-09T09:13:37.310091,RX,COM6,0x0205b8c7,0x2,0x05,0x2e,0x3,7,3b 00 00 00 60 0b 95 3e,"Status frame 3 (new)"
2026-03-09T09:13:37.310091,RX,COM6,0x0205b907,0x2,0x05,0x2e,0x4,7,00 00 00 00 00 00 00 00,"Status frame 4 (new)"
2026-03-09T09:13:37.311088,HEARTBEAT,COM6,0x01011840,0x1,0x01,0x6,0x1,0,72 40 00 00 00 10 00 00,"Heartbeat"
2026-03-09T09:13:37.311088,RX,COM6,0x0205b947,0x2,0x05,0x2e,0x5,7,00 00 00 00 00 00 00 00,"Status frame 5 (new)"
2026-03-09T09:13:37.313200,RX,COM6,0x0205b987,0x2,0x05,0x2e,0x6,7,00 00 ff ff 01 00 00 00,"Status frame 6 (new)"
2026-03-09T09:13:37.326715,RX,COM6,0x0205b807,0x2,0x05,0x2e,0x0,7,00 00 4d 0b 00 00 80 00,"Status frame 0 (new)"
2026-03-09T09:13:37.326715,RX,COM6,0x0205b887,0x2,0x05,0x2e,0x2,7,00 00 00 00 00 00 00 00,"Status frame 2 (new)"
2026-03-09T09:13:37.328588,RX,COM6,0x0205b8c7,0x2,0x05,0x2e,0x3,7,3b 00 00 00 6c 57 94 3e,"Status frame 3 (new)"
2026-03-09T09:13:37.329651,RX,COM6,0x0205b907,0x2,0x05,0x2e,0x4,7,00 00 00 00 00 00 00 00,"Status frame 4 (new)"
2026-03-09T09:13:37.335598,HEARTBEAT,COM6,0x01011840,0x1,0x01,0x6,0x1,0,8b 40 00 00 00 10 00 00,"Heartbeat"
2026-03-09T09:13:37.335598,RX,COM6,0x0205b947,0x2,0x05,0x2e,0x5,7,00 00 00 00 00 00 00 00,"Status frame 5 (new)"
2026-03-09T09:13:37.335598,RX,COM6,0x0205b987,0x2,0x05,0x2e,0x6,7,00 00 ff ff 01 00 00 00,"Status frame 6 (new)"
2026-03-09T09:13:37.351110,RX,COM6,0x0205b807,0x2,0x05,0x2e,0x0,7,00 00 4c 0b 00 00 80 00,"Status frame 0 (new)"
2026-03-09T09:13:37.351110,RX,COM6,0x0205b887,0x2,0x05,0x2e,0x2,7,00 00 00 00 00 00 00 00,"Status frame 2 (new)"
2026-03-09T09:13:37.351110,RX,COM6,0x0205b8c7,0x2,0x05,0x2e,0x3,7,3b 00 00 00 8c a8 95 3e,"Status frame 3 (new)"
2026-03-09T09:13:37.351110,RX,COM6,0x0205b907,0x2,0x05,0x2e,0x4,7,00 00 00 00 00 00 00 00,"Status frame 4 (new)"
2026-03-09T09:13:37.351110,RX,COM6,0x0205b947,0x2,0x05,0x2e,0x5,7,00 00 00 00 00 00 00 00,"Status frame 5 (new)"
2026-03-09T09:13:37.351110,HEARTBEAT,COM6,0x01011840,0x1,0x01,0x6,0x1,0,9a 40 00 00 00 10 00 00,"Heartbeat"
2026-03-09T09:13:37.352745,RX,COM6,0x0205b987,0x2,0x05,0x2e,0x6,7,00 00 ff ff 01 00 00 00,"Status frame 6 (new)"
2026-03-09T09:13:37.367194,RX,COM6,0x0205b807,0x2,0x05,0x2e,0x0,7,00 00 4e 0b 00 00 80 00,"Status frame 0 (new)"
2026-03-09T09:13:37.367194,RX,COM6,0x0205b847,0x2,0x05,0x2e,0x1,7,00 00 00 24 00 01 00 00,"Status frame 1 (new)"
2026-03-09T09:13:37.367194,RX,COM6,0x0205b887,0x2,0x05,0x2e,0x2,7,00 00 00 00 00 00 00 00,"Status frame 2 (new)"
2026-03-09T09:13:37.374730,RX,COM6,0x0205b8c7,0x2,0x05,0x2e,0x3,7,3b 00 00 00 86 ac 94 3e,"Status frame 3 (new)"
2026-03-09T09:13:37.374730,RX,COM6,0x0205b907,0x2,0x05,0x2e,0x4,7,00 00 00 00 00 00 00 00,"Status frame 4 (new)"
2026-03-09T09:13:37.374730,HEARTBEAT,COM6,0x01011840,0x1,0x01,0x6,0x1,0,b2 40 00 00 00 10 00 00,"Heartbeat"
2026-03-09T09:13:37.374730,RX,COM6,0x0205b947,0x2,0x05,0x2e,0x5,7,00 00 00 00 00 00 00 00,"Status frame 5 (new)"
2026-03-09T09:13:37.374730,RX,COM6,0x0205b987,0x2,0x05,0x2e,0x6,7,00 00 ff ff 01 00 00 00,"Status frame 6 (new)"
2026-03-09T09:13:37.392278,RX,COM6,0x0205b807,0x2,0x05,0x2e,0x0,7,00 00 4e 0b 00 00 80 00,"Status frame 0 (new)"
2026-03-09T09:13:37.392278,RX,COM6,0x0205b887,0x2,0x05,0x2e,0x2,7,00 00 00 00 00 00 00 00,"Status frame 2 (new)"
2026-03-09T09:13:37.392278,RX,COM6,0x0205b8c7,0x2,0x05,0x2e,0x3,7,3b 00 00 00 20 a4 95 3e,"Status frame 3 (new)"
2026-03-09T09:13:37.392278,RX,COM6,0x0205b907,0x2,0x05,0x2e,0x4,7,00 00 00 00 00 00 00 00,"Status frame 4 (new)"
2026-03-09T09:13:37.392278,RX,COM6,0x0205b947,0x2,0x05,0x2e,0x5,7,00 00 00 00 00 00 00 00,"Status frame 5 (new)"
2026-03-09T09:13:37.392278,HEARTBEAT,COM6,0x01011840,0x1,0x01,0x6,0x1,0,c4 40 00 00 00 10 00 00,"Heartbeat"
2026-03-09T09:13:37.393280,RX,COM6,0x0205b987,0x2,0x05,0x2e,0x6,7,00 00 ff ff 01 00 00 00,"Status frame 6 (new)"
2026-03-09T09:13:37.407359,RX,COM6,0x0205b807,0x2,0x05,0x2e,0x0,7,00 00 4e 0b 00 00 80 00,"Status frame 0 (new)"
2026-03-09T09:13:37.407359,RX,COM6,0x0205b887,0x2,0x05,0x2e,0x2,7,00 00 00 00 00 00 00 00,"Status frame 2 (new)"
2026-03-09T09:13:37.411358,RX,COM6,0x0205b8c7,0x2,0x05,0x2e,0x3,7,3b 00 00 00 83 c8 95 3e,"Status frame 3 (new)"
2026-03-09T09:13:37.412359,RX,COM6,0x0205b907,0x2,0x05,0x2e,0x4,7,00 00 00 00 00 00 00 00,"Status frame 4 (new)"
2026-03-09T09:13:37.412359,RX,COM6,0x0205b947,0x2,0x05,0x2e,0x5,7,00 00 00 00 00 00 00 00,"Status frame 5 (new)"
2026-03-09T09:13:37.412359,HEARTBEAT,COM6,0x01011840,0x1,0x01,0x6,0x1,0,d7 40 00 00 00 10 00 00,"Heartbeat"
2026-03-09T09:13:37.412359,RX,COM6,0x0205b987,0x2,0x05,0x2e,0x6,7,00 00 ff ff 01 00 00 00,"Status frame 6 (new)"
2026-03-09T09:13:37.426916,RX,COM6,0x0205b807,0x2,0x05,0x2e,0x0,7,00 00 4a 0b 00 00 80 00,"Status frame 0 (new)"
2026-03-09T09:13:37.426916,RX,COM6,0x0205b887,0x2,0x05,0x2e,0x2,7,00 00 00 00 00 00 00 00,"Status frame 2 (new)"
2026-03-09T09:13:37.428921,RX,COM6,0x0205b8c7,0x2,0x05,0x2e,0x3,7,3b 00 00 00 3b d6 94 3e,"Status frame 3 (new)"
2026-03-09T09:13:37.428921,RX,COM6,0x0205b907,0x2,0x05,0x2e,0x4,7,00 00 00 00 00 00 00 00,"Status frame 4 (new)"
2026-03-09T09:13:37.434923,RX,COM6,0x0205b947,0x2,0x05,0x2e,0x5,7,00 00 00 00 00 00 00 00,"Status frame 5 (new)"
2026-03-09T09:13:37.434923,HEARTBEAT,COM6,0x01011840,0x1,0x01,0x6,0x1,0,ee 40 00 00 00 10 00 00,"Heartbeat"
2026-03-09T09:13:37.434923,RX,COM6,0x0205b987,0x2,0x05,0x2e,0x6,7,00 00 ff ff 01 00 00 00,"Status frame 6 (new)"
2026-03-09T09:13:37.446441,RX,COM6,0x0205b807,0x2,0x05,0x2e,0x0,7,00 00 53 0b 00 00 80 00,"Status frame 0 (new)"
2026-03-09T09:13:37.446441,RX,COM6,0x0205b887,0x2,0x05,0x2e,0x2,7,00 00 00 00 00 00 00 00,"Status frame 2 (new)"
2026-03-09T09:13:37.448434,RX,COM6,0x0205b8c7,0x2,0x05,0x2e,0x3,7,3b 00 00 00 e9 27 95 3e,"Status frame 3 (new)"
2026-03-09T09:13:37.448434,RX,COM6,0x0205b907,0x2,0x05,0x2e,0x4,7,00 00 00 00 00 00 00 00,"Status frame 4 (new)"
2026-03-09T09:13:37.450434,RX,COM6,0x0205b947,0x2,0x05,0x2e,0x5,7,00 00 00 00 00 00 00 00,"Status frame 5 (new)"
2026-03-09T09:13:37.451435,HEARTBEAT,COM6,0x01011840,0x1,0x01,0x6,0x1,0,fe 40 00 00 00 10 00 00,"Heartbeat"
2026-03-09T09:13:37.455947,RX,COM6,0x0205b987,0x2,0x05,0x2e,0x6,7,00 00 ff ff 01 00 00 00,"Status frame 6 (new)"
2026-03-09T09:13:37.466945,RX,COM6,0x0205b807,0x2,0x05,0x2e,0x0,7,00 00 53 0b 00 00 80 00,"Status frame 0 (new)"
2026-03-09T09:13:37.466945,RX,COM6,0x0205b887,0x2,0x05,0x2e,0x2,7,00 00 00 00 00 00 00 00,"Status frame 2 (new)"
2026-03-09T09:13:37.473464,RX,COM6,0x0205b8c7,0x2,0x05,0x2e,0x3,7,3c 00 00 00 c9 76 96 3e,"Status frame 3 (new)"
2026-03-09T09:13:37.473464,RX,COM6,0x0205b907,0x2,0x05,0x2e,0x4,7,00 00 00 00 00 00 00 00,"Status frame 4 (new)"
2026-03-09T09:13:37.473464,RX,COM6,0x0205b947,0x2,0x05,0x2e,0x5,7,00 00 00 00 00 00 00 00,"Status frame 5 (new)"
2026-03-09T09:13:37.473464,HEARTBEAT,COM6,0x01011840,0x1,0x01,0x6,0x1,0,14 41 00 00 00 10 00 00,"Heartbeat"
2026-03-09T09:13:37.473464,RX,COM6,0x0205b987,0x2,0x05,0x2e,0x6,7,00 00 ff ff 01 00 00 00,"Status frame 6 (new)"
2026-03-09T09:13:37.489534,RX,COM6,0x0205b807,0x2,0x05,0x2e,0x0,7,00 00 4d 0b 00 00 80 00,"Status frame 0 (new)"
2026-03-09T09:13:37.489534,RX,COM6,0x0205b887,0x2,0x05,0x2e,0x2,7,00 00 00 00 00 00 00 00,"Status frame 2 (new)"
2026-03-09T09:13:37.489534,RX,COM6,0x0205b8c7,0x2,0x05,0x2e,0x3,7,3b 00 00 00 a2 70 95 3e,"Status frame 3 (new)"
2026-03-09T09:13:37.489534,RX,COM6,0x0205b907,0x2,0x05,0x2e,0x4,7,00 00 00 00 00 00 00 00,"Status frame 4 (new)"
2026-03-09T09:13:37.490527,RX,COM6,0x0205b947,0x2,0x05,0x2e,0x5,7,00 00 00 00 00 00 00 00,"Status frame 5 (new)"
2026-03-09T09:13:37.491598,HEARTBEAT,COM6,0x01011840,0x1,0x01,0x6,0x1,0,26 41 00 00 00 10 00 00,"Heartbeat"
2026-03-09T09:13:37.492595,RX,COM6,0x0205b987,0x2,0x05,0x2e,0x6,7,00 00 ff ff 01 00 00 00,"Status frame 6 (new)"
2026-03-09T09:13:37.509108,RX,COM6,0x0205b807,0x2,0x05,0x2e,0x0,7,00 00 4f 0b 00 00 80 00,"Status frame 0 (new)"
2026-03-09T09:13:37.509108,RX,COM6,0x0205b887,0x2,0x05,0x2e,0x2,7,00 00 00 00 00 00 00 00,"Status frame 2 (new)"
2026-03-09T09:13:37.509108,RX,COM6,0x0205b8c7,0x2,0x05,0x2e,0x3,7,3b 00 00 00 5c 70 94 3e,"Status frame 3 (new)"
2026-03-09T09:13:37.509108,RX,COM6,0x0205b907,0x2,0x05,0x2e,0x4,7,00 00 00 00 00 00 00 00,"Status frame 4 (new)"
2026-03-09T09:13:37.511105,RX,COM6,0x0205b947,0x2,0x05,0x2e,0x5,7,00 00 00 00 00 00 00 00,"Status frame 5 (new)"
2026-03-09T09:13:37.511105,HEARTBEAT,COM6,0x01011840,0x1,0x01,0x6,0x1,0,3a 41 00 00 00 10 00 00,"Heartbeat"
2026-03-09T09:13:37.513123,RX,COM6,0x0205b987,0x2,0x05,0x2e,0x6,7,00 00 ff ff 01 00 00 00,"Status frame 6 (new)"
2026-03-09T09:13:37.527336,RX,COM6,0x0205b807,0x2,0x05,0x2e,0x0,7,00 00 3d 0b 00 00 80 00,"Status frame 0 (new)"
2026-03-09T09:13:37.527336,RX,COM6,0x0205b887,0x2,0x05,0x2e,0x2,7,00 00 00 00 00 00 00 00,"Status frame 2 (new)"
2026-03-09T09:13:37.529171,RX,COM6,0x0205b8c7,0x2,0x05,0x2e,0x3,7,3b 00 00 00 08 44 95 3e,"Status frame 3 (new)"
2026-03-09T09:13:37.529171,RX,COM6,0x0205b907,0x2,0x05,0x2e,0x4,7,00 00 00 00 00 00 00 00,"Status frame 4 (new)"
2026-03-09T09:13:37.531179,RX,COM6,0x0205b947,0x2,0x05,0x2e,0x5,7,00 00 00 00 00 00 00 00,"Status frame 5 (new)"
2026-03-09T09:13:37.531179,HEARTBEAT,COM6,0x01011840,0x1,0x01,0x6,0x1,0,4e 41 00 00 00 10 00 00,"Heartbeat"
2026-03-09T09:13:37.533182,RX,COM6,0x0205b987,0x2,0x05,0x2e,0x6,7,00 00 ff ff 01 00 00 00,"Status frame 6 (new)"
2026-03-09T09:13:37.546704,RX,COM6,0x0205b807,0x2,0x05,0x2e,0x0,7,00 00 50 0b 00 00 80 00,"Status frame 0 (new)"
2026-03-09T09:13:37.546704,RX,COM6,0x0205b887,0x2,0x05,0x2e,0x2,7,00 00 00 00 00 00 00 00,"Status frame 2 (new)"
2026-03-09T09:13:37.549215,RX,COM6,0x0205b8c7,0x2,0x05,0x2e,0x3,7,3b 00 00 00 11 4b 95 3e,"Status frame 3 (new)"
2026-03-09T09:13:37.549215,RX,COM6,0x0205b907,0x2,0x05,0x2e,0x4,7,00 00 00 00 00 00 00 00,"Status frame 4 (new)"
2026-03-09T09:13:37.550212,RX,COM6,0x0205b947,0x2,0x05,0x2e,0x5,7,00 00 00 00 00 00 00 00,"Status frame 5 (new)"
2026-03-09T09:13:37.551213,HEARTBEAT,COM6,0x01011840,0x1,0x01,0x6,0x1,0,62 41 00 00 00 10 00 00,"Heartbeat"
2026-03-09T09:13:37.552211,RX,COM6,0x0205b987,0x2,0x05,0x2e,0x6,7,00 00 ff ff 01 00 00 00,"Status frame 6 (new)"
2026-03-09T09:13:37.566806,RX,COM6,0x0205b807,0x2,0x05,0x2e,0x0,7,00 00 50 0b 00 00 80 00,"Status frame 0 (new)"
2026-03-09T09:13:37.566806,RX,COM6,0x0205b887,0x2,0x05,0x2e,0x2,7,00 00 00 00 00 00 00 00,"Status frame 2 (new)"
2026-03-09T09:13:37.568807,RX,COM6,0x0205b8c7,0x2,0x05,0x2e,0x3,7,3b 00 00 00 5c 2d 96 3e,"Status frame 3 (new)"
2026-03-09T09:13:37.573321,RX,COM6,0x0205b907,0x2,0x05,0x2e,0x4,7,00 00 00 00 00 00 00 00,"Status frame 4 (new)"
2026-03-09T09:13:37.573321,RX,COM6,0x0205b947,0x2,0x05,0x2e,0x5,7,00 00 00 00 00 00 00 00,"Status frame 5 (new)"
2026-03-09T09:13:37.573321,HEARTBEAT,COM6,0x01011840,0x1,0x01,0x6,0x1,0,79 41 00 00 00 10 00 00,"Heartbeat"
2026-03-09T09:13:37.573321,RX,COM6,0x0205b987,0x2,0x05,0x2e,0x6,7,00 00 ff ff 01 00 00 00,"Status frame 6 (new)"
2026-03-09T09:13:37.590205,RX,COM6,0x0205b807,0x2,0x05,0x2e,0x0,7,00 00 4f 0b 00 00 80 00,"Status frame 0 (new)"
2026-03-09T09:13:37.590205,RX,COM6,0x0205b887,0x2,0x05,0x2e,0x2,7,00 00 00 00 00 00 00 00,"Status frame 2 (new)"
2026-03-09T09:13:37.590205,RX,COM6,0x0205b8c7,0x2,0x05,0x2e,0x3,7,3b 00 00 00 22 fc 94 3e,"Status frame 3 (new)"
2026-03-09T09:13:37.590205,RX,COM6,0x0205b907,0x2,0x05,0x2e,0x4,7,00 00 00 00 00 00 00 00,"Status frame 4 (new)"
2026-03-09T09:13:37.591022,HEARTBEAT,COM6,0x01011840,0x1,0x01,0x6,0x1,0,8a 41 00 00 00 10 00 00,"Heartbeat"
2026-03-09T09:13:37.591022,RX,COM6,0x0205b947,0x2,0x05,0x2e,0x5,7,00 00 00 00 00 00 00 00,"Status frame 5 (new)"
2026-03-09T09:13:37.593028,RX,COM6,0x0205b987,0x2,0x05,0x2e,0x6,7,00 00 ff ff 01 00 00 00,"Status frame 6 (new)"
2026-03-09T09:13:37.606547,RX,COM6,0x0205b807,0x2,0x05,0x2e,0x0,7,00 00 55 0b 00 00 80 00,"Status frame 0 (new)"
2026-03-09T09:13:37.607532,RX,COM6,0x0205b887,0x2,0x05,0x2e,0x2,7,00 00 00 00 00 00 00 00,"Status frame 2 (new)"
2026-03-09T09:13:37.608531,RX,COM6,0x0205b8c7,0x2,0x05,0x2e,0x3,7,3c 00 00 00 01 7e 96 3e,"Status frame 3 (new)"
2026-03-09T09:13:37.608531,RX,COM6,0x0205b907,0x2,0x05,0x2e,0x4,7,00 00 00 00 00 00 00 00,"Status frame 4 (new)"
2026-03-09T09:13:37.611345,HEARTBEAT,COM6,0x01011840,0x1,0x01,0x6,0x1,0,9e 41 00 00 00 10 00 00,"Heartbeat"
2026-03-09T09:13:37.611345,RX,COM6,0x0205b947,0x2,0x05,0x2e,0x5,7,00 00 00 00 00 00 00 00,"Status frame 5 (new)"
2026-03-09T09:13:37.613089,RX,COM6,0x0205b987,0x2,0x05,0x2e,0x6,7,00 00 ff ff 01 00 00 00,"Status frame 6 (new)"
2026-03-09T09:13:37.617088,RX,COM6,0x0205b847,0x2,0x05,0x2e,0x1,7,00 00 00 24 00 01 00 00,"Status frame 1 (new)"
2026-03-09T09:13:37.629148,RX,COM6,0x0205b807,0x2,0x05,0x2e,0x0,7,00 00 13 0b 00 00 80 00,"Status frame 0 (new)"
2026-03-09T09:13:37.629148,RX,COM6,0x0205b887,0x2,0x05,0x2e,0x2,7,00 00 00 00 00 00 00 00,"Status frame 2 (new)"
2026-03-09T09:13:37.629148,RX,COM6,0x0205b8c7,0x2,0x05,0x2e,0x3,7,3b 00 00 00 74 16 96 3e,"Status frame 3 (new)"
2026-03-09T09:13:37.629148,RX,COM6,0x0205b907,0x2,0x05,0x2e,0x4,7,00 00 00 00 00 00 00 00,"Status frame 4 (new)"
2026-03-09T09:13:37.631149,RX,COM6,0x0205b947,0x2,0x05,0x2e,0x5,7,00 00 00 00 00 00 00 00,"Status frame 5 (new)"
2026-03-09T09:13:37.632149,HEARTBEAT,COM6,0x01011840,0x1,0x01,0x6,0x1,0,b3 41 00 00 00 10 00 00,"Heartbeat"
2026-03-09T09:13:37.633210,RX,COM6,0x0205b987,0x2,0x05,0x2e,0x6,7,00 00 ff ff 01 00 00 00,"Status frame 6 (new)"
2026-03-09T09:13:37.647861,RX,COM6,0x0205b807,0x2,0x05,0x2e,0x0,7,00 00 56 0b 00 00 80 00,"Status frame 0 (new)"
2026-03-09T09:13:37.647861,RX,COM6,0x0205b887,0x2,0x05,0x2e,0x2,7,00 00 00 00 00 00 00 00,"Status frame 2 (new)"
2026-03-09T09:13:37.648888,RX,COM6,0x0205b8c7,0x2,0x05,0x2e,0x3,7,3b 00 00 00 24 fb 94 3e,"Status frame 3 (new)"
2026-03-09T09:13:37.648888,RX,COM6,0x0205b907,0x2,0x05,0x2e,0x4,7,00 00 00 00 00 00 00 00,"Status frame 4 (new)"
2026-03-09T09:13:37.650894,RX,COM6,0x0205b947,0x2,0x05,0x2e,0x5,7,00 00 00 00 00 00 00 00,"Status frame 5 (new)"
2026-03-09T09:13:37.651894,HEARTBEAT,COM6,0x01011840,0x1,0x01,0x6,0x1,0,c7 41 00 00 00 10 00 00,"Heartbeat"
2026-03-09T09:13:37.653891,RX,COM6,0x0205b987,0x2,0x05,0x2e,0x6,7,00 00 ff ff 01 00 00 00,"Status frame 6 (new)"
2026-03-09T09:13:37.667402,RX,COM6,0x0205b807,0x2,0x05,0x2e,0x0,7,00 00 51 0b 00 00 80 00,"Status frame 0 (new)"
2026-03-09T09:13:37.667402,RX,COM6,0x0205b887,0x2,0x05,0x2e,0x2,7,00 00 00 00 00 00 00 00,"Status frame 2 (new)"
2026-03-09T09:13:37.670935,RX,COM6,0x0205b8c7,0x2,0x05,0x2e,0x3,7,3b 00 00 00 03 e2 93 3e,"Status frame 3 (new)"
2026-03-09T09:13:37.670935,RX,COM6,0x0205b907,0x2,0x05,0x2e,0x4,7,00 00 00 00 00 00 00 00,"Status frame 4 (new)"
2026-03-09T09:13:37.670935,HEARTBEAT,COM6,0x01011840,0x1,0x01,0x6,0x1,0,da 41 00 00 00 10 00 00,"Heartbeat"
2026-03-09T09:13:37.670935,RX,COM6,0x0205b947,0x2,0x05,0x2e,0x5,7,00 00 00 00 00 00 00 00,"Status frame 5 (new)"
2026-03-09T09:13:37.672947,RX,COM6,0x0205b987,0x2,0x05,0x2e,0x6,7,00 00 ff ff 01 00 00 00,"Status frame 6 (new)"
2026-03-09T09:13:37.686999,RX,COM6,0x0205b807,0x2,0x05,0x2e,0x0,7,00 00 52 0b 00 00 80 00,"Status frame 0 (new)"
2026-03-09T09:13:37.686999,RX,COM6,0x0205b887,0x2,0x05,0x2e,0x2,7,00 00 00 00 00 00 00 00,"Status frame 2 (new)"
2026-03-09T09:13:37.688999,RX,COM6,0x0205b8c7,0x2,0x05,0x2e,0x3,7,3b 00 00 00 89 5c 95 3e,"Status frame 3 (new)"
2026-03-09T09:13:37.688999,RX,COM6,0x0205b907,0x2,0x05,0x2e,0x4,7,00 00 00 00 00 00 00 00,"Status frame 4 (new)"
2026-03-09T09:13:37.691,HEARTBEAT,COM6,0x01011840,0x1,0x01,0x6,0x1,0,ee 41 00 00 00 10 00 00,"Heartbeat"
2026-03-09T09:13:37.691,RX,COM6,0x0205b947,0x2,0x05,0x2e,0x5,7,00 00 00 00 00 00 00 00,"Status frame 5 (new)"
2026-03-09T09:13:37.692999,RX,COM6,0x0205b987,0x2,0x05,0x2e,0x6,7,00 00 ff ff 01 00 00 00,"Status frame 6 (new)"
2026-03-09T09:13:37.707064,RX,COM6,0x0205b807,0x2,0x05,0x2e,0x0,7,00 00 52 0b 00 00 80 00,"Status frame 0 (new)"
2026-03-09T09:13:37.707064,RX,COM6,0x0205b887,0x2,0x05,0x2e,0x2,7,00 00 00 00 00 00 00 00,"Status frame 2 (new)"
2026-03-09T09:13:37.709064,RX,COM6,0x0205b8c7,0x2,0x05,0x2e,0x3,7,3b 00 00 00 8f f3 94 3e,"Status frame 3 (new)"
2026-03-09T09:13:37.709064,RX,COM6,0x0205b907,0x2,0x05,0x2e,0x4,7,00 00 00 00 00 00 00 00,"Status frame 4 (new)"
2026-03-09T09:13:37.711056,HEARTBEAT,COM6,0x01011840,0x1,0x01,0x6,0x1,0,02 42 00 00 00 10 00 00,"Heartbeat"
2026-03-09T09:13:37.711056,RX,COM6,0x0205b947,0x2,0x05,0x2e,0x5,7,00 00 00 00 00 00 00 00,"Status frame 5 (new)"
2026-03-09T09:13:37.713074,RX,COM6,0x0205b987,0x2,0x05,0x2e,0x6,7,00 00 ff ff 01 00 00 00,"Status frame 6 (new)"
2026-03-09T09:13:37.727115,RX,COM6,0x0205b807,0x2,0x05,0x2e,0x0,7,00 00 1a 0b 00 00 80 00,"Status frame 0 (new)"
2026-03-09T09:13:37.727115,RX,COM6,0x0205b887,0x2,0x05,0x2e,0x2,7,00 00 00 00 00 00 00 00,"Status frame 2 (new)"
2026-03-09T09:13:37.729137,RX,COM6,0x0205b8c7,0x2,0x05,0x2e,0x3,7,3b 00 00 00 d8 2e 94 3e,"Status frame 3 (new)"
2026-03-09T09:13:37.729137,RX,COM6,0x0205b907,0x2,0x05,0x2e,0x4,7,00 00 00 00 00 00 00 00,"Status frame 4 (new)"
2026-03-09T09:13:37.730614,RX,COM6,0x0205b947,0x2,0x05,0x2e,0x5,7,00 00 00 00 00 00 00 00,"Status frame 5 (new)"
2026-03-09T09:13:37.731618,HEARTBEAT,COM6,0x01011840,0x1,0x01,0x6,0x1,0,16 42 00 00 00 10 00 00,"Heartbeat"
2026-03-09T09:13:37.732623,RX,COM6,0x0205b987,0x2,0x05,0x2e,0x6,7,00 00 ff ff 01 00 00 00,"Status frame 6 (new)"
2026-03-09T09:13:37.746681,RX,COM6,0x0205b807,0x2,0x05,0x2e,0x0,7,00 00 56 0b 00 00 80 00,"Status frame 0 (new)"
2026-03-09T09:13:37.746681,RX,COM6,0x0205b887,0x2,0x05,0x2e,0x2,7,00 00 00 00 00 00 00 00,"Status frame 2 (new)"
2026-03-09T09:13:37.748680,RX,COM6,0x0205b8c7,0x2,0x05,0x2e,0x3,7,3b 00 00 00 da 97 94 3e,"Status frame 3 (new)"
2026-03-09T09:13:37.748680,RX,COM6,0x0205b907,0x2,0x05,0x2e,0x4,7,00 00 00 00 00 00 00 00,"Status frame 4 (new)"
2026-03-09T09:13:37.750699,HEARTBEAT,COM6,0x01011840,0x1,0x01,0x6,0x1,0,29 42 00 00 00 10 00 00,"Heartbeat"
2026-03-09T09:13:37.750699,RX,COM6,0x0205b947,0x2,0x05,0x2e,0x5,7,00 00 00 00 00 00 00 00,"Status frame 5 (new)"
2026-03-09T09:13:37.758194,RX,COM6,0x0205b987,0x2,0x05,0x2e,0x6,7,00 00 ff ff 01 00 00 00,"Status frame 6 (new)"
2026-03-09T09:13:37.766707,RX,COM6,0x0205b807,0x2,0x05,0x2e,0x0,7,00 00 54 0b 00 00 80 00,"Status frame 0 (new)"
2026-03-09T09:13:37.766707,RX,COM6,0x0205b887,0x2,0x05,0x2e,0x2,7,00 00 00 00 00 00 00 00,"Status frame 2 (new)"
2026-03-09T09:13:37.769219,RX,COM6,0x0205b8c7,0x2,0x05,0x2e,0x3,7,3b 00 00 00 8b b6 94 3e,"Status frame 3 (new)"
2026-03-09T09:13:37.774224,RX,COM6,0x0205b907,0x2,0x05,0x2e,0x4,7,00 00 00 00 00 00 00 00,"Status frame 4 (new)"
2026-03-09T09:13:37.774224,RX,COM6,0x0205b947,0x2,0x05,0x2e,0x5,7,00 00 00 00 00 00 00 00,"Status frame 5 (new)"
2026-03-09T09:13:37.774224,HEARTBEAT,COM6,0x01011840,0x1,0x01,0x6,0x1,0,41 42 00 00 00 10 00 00,"Heartbeat"
2026-03-09T09:13:37.774224,RX,COM6,0x0205b987,0x2,0x05,0x2e,0x6,7,00 00 ff ff 01 00 00 00,"Status frame 6 (new)"
2026-03-09T09:13:37.787278,RX,COM6,0x0205b807,0x2,0x05,0x2e,0x0,7,00 00 54 0b 00 00 80 00,"Status frame 0 (new)"
2026-03-09T09:13:37.787278,RX,COM6,0x0205b887,0x2,0x05,0x2e,0x2,7,00 00 00 00 00 00 00 00,"Status frame 2 (new)"
2026-03-09T09:13:37.791287,RX,COM6,0x0205b8c7,0x2,0x05,0x2e,0x3,7,3b 00 00 00 65 df 94 3e,"Status frame 3 (new)"
2026-03-09T09:13:37.791287,RX,COM6,0x0205b907,0x2,0x05,0x2e,0x4,7,00 00 00 00 00 00 00 00,"Status frame 4 (new)"
2026-03-09T09:13:37.792286,HEARTBEAT,COM6,0x01011840,0x1,0x01,0x6,0x1,0,53 42 00 00 00 10 00 00,"Heartbeat"
2026-03-09T09:13:37.792286,RX,COM6,0x0205b947,0x2,0x05,0x2e,0x5,7,00 00 00 00 00 00 00 00,"Status frame 5 (new)"
2026-03-09T09:13:37.792286,RX,COM6,0x0205b987,0x2,0x05,0x2e,0x6,7,00 00 ff ff 01 00 00 00,"Status frame 6 (new)"
2026-03-09T09:13:37.806894,RX,COM6,0x0205b807,0x2,0x05,0x2e,0x0,7,00 00 54 0b 00 00 80 00,"Status frame 0 (new)"
2026-03-09T09:13:37.806894,RX,COM6,0x0205b887,0x2,0x05,0x2e,0x2,7,00 00 00 00 00 00 00 00,"Status frame 2 (new)"
2026-03-09T09:13:37.809088,RX,COM6,0x0205b8c7,0x2,0x05,0x2e,0x3,7,3b 00 00 00 3d 4c 95 3e,"Status frame 3 (new)"
2026-03-09T09:13:37.809088,RX,COM6,0x0205b907,0x2,0x05,0x2e,0x4,7,00 00 00 00 00 00 00 00,"Status frame 4 (new)"
2026-03-09T09:13:37.811076,RX,COM6,0x0205b947,0x2,0x05,0x2e,0x5,7,00 00 00 00 00 00 00 00,"Status frame 5 (new)"
2026-03-09T09:13:37.813079,HEARTBEAT,COM6,0x01011840,0x1,0x01,0x6,0x1,0,67 42 00 00 00 10 00 00,"Heartbeat"
2026-03-09T09:13:37.813079,RX,COM6,0x0205b987,0x2,0x05,0x2e,0x6,7,00 00 ff ff 01 00 00 00,"Status frame 6 (new)"
2026-03-09T09:13:37.828138,RX,COM6,0x0205b807,0x2,0x05,0x2e,0x0,7,00 00 35 0b 00 00 80 00,"Status frame 0 (new)"
2026-03-09T09:13:37.828138,RX,COM6,0x0205b887,0x2,0x05,0x2e,0x2,7,00 00 00 00 00 00 00 00,"Status frame 2 (new)"
2026-03-09T09:13:37.829137,RX,COM6,0x0205b8c7,0x2,0x05,0x2e,0x3,7,3b 00 00 00 d0 cf 94 3e,"Status frame 3 (new)"
2026-03-09T09:13:37.829137,RX,COM6,0x0205b907,0x2,0x05,0x2e,0x4,7,00 00 00 00 00 00 00 00,"Status frame 4 (new)"
2026-03-09T09:13:37.830690,RX,COM6,0x0205b947,0x2,0x05,0x2e,0x5,7,00 00 00 00 00 00 00 00,"Status frame 5 (new)"
2026-03-09T09:13:37.831693,HEARTBEAT,COM6,0x01011840,0x1,0x01,0x6,0x1,0,7a 42 00 00 00 10 00 00,"Heartbeat"
2026-03-09T09:13:37.832796,RX,COM6,0x0205b987,0x2,0x05,0x2e,0x6,7,00 00 ff ff 01 00 00 00,"Status frame 6 (new)"
2026-03-09T09:13:37.846354,RX,COM6,0x0205b807,0x2,0x05,0x2e,0x0,7,00 00 49 0b 00 00 80 00,"Status frame 0 (new)"
2026-03-09T09:13:37.846354,RX,COM6,0x0205b887,0x2,0x05,0x2e,0x2,7,00 00 00 00 00 00 00 00,"Status frame 2 (new)"
2026-03-09T09:13:37.848354,RX,COM6,0x0205b8c7,0x2,0x05,0x2e,0x3,7,3b 00 00 00 ec e9 94 3e,"Status frame 3 (new)"
2026-03-09T09:13:37.848354,RX,COM6,0x0205b907,0x2,0x05,0x2e,0x4,7,00 00 00 00 00 00 00 00,"Status frame 4 (new)"
2026-03-09T09:13:37.850873,HEARTBEAT,COM6,0x01011840,0x1,0x01,0x6,0x1,0,8d 42 00 00 00 10 00 00,"Heartbeat"
2026-03-09T09:13:37.850873,RX,COM6,0x0205b947,0x2,0x05,0x2e,0x5,7,00 00 00 00 00 00 00 00,"Status frame 5 (new)"
2026-03-09T09:13:37.852872,RX,COM6,0x0205b987,0x2,0x05,0x2e,0x6,7,00 00 ff ff 01 00 00 00,"Status frame 6 (new)"
2026-03-09T09:13:37.867496,RX,COM6,0x0205b807,0x2,0x05,0x2e,0x0,7,00 00 46 0b 00 00 80 00,"Status frame 0 (new)"
2026-03-09T09:13:37.867496,RX,COM6,0x0205b847,0x2,0x05,0x2e,0x1,7,00 00 00 24 00 01 00 00,"Status frame 1 (new)"
2026-03-09T09:13:37.867496,RX,COM6,0x0205b887,0x2,0x05,0x2e,0x2,7,00 00 00 00 00 00 00 00,"Status frame 2 (new)"
2026-03-09T09:13:37.870537,RX,COM6,0x0205b8c7,0x2,0x05,0x2e,0x3,7,3b 00 00 00 e6 3a 95 3e,"Status frame 3 (new)"
2026-03-09T09:13:37.870537,RX,COM6,0x0205b907,0x2,0x05,0x2e,0x4,7,00 00 00 00 00 00 00 00,"Status frame 4 (new)"
2026-03-09T09:13:37.870537,RX,COM6,0x0205bc07,0x2,0x05,0x2f,0x0,7,12 e2 2e be 00 00 00 00,"DATA apiClass=0x2f apiIndex=0x0"
2026-03-09T09:13:37.870537,RX,COM6,0x0205b947,0x2,0x05,0x2e,0x5,7,00 00 00 00 00 00 00 00,"Status frame 5 (new)"
2026-03-09T09:13:37.871543,HEARTBEAT,COM6,0x01011840,0x1,0x01,0x6,0x1,0,a2 42 00 00 00 10 00 00,"Heartbeat"
2026-03-09T09:13:37.872542,RX,COM6,0x0205b987,0x2,0x05,0x2e,0x6,7,00 00 ff ff 01 00 00 00,"Status frame 6 (new)"
2026-03-09T09:13:37.891075,RX,COM6,0x0205b807,0x2,0x05,0x2e,0x0,7,00 00 4c 0b 00 00 80 00,"Status frame 0 (new)"
2026-03-09T09:13:37.891075,RX,COM6,0x0205b887,0x2,0x05,0x2e,0x2,7,00 00 00 00 00 00 00 00,"Status frame 2 (new)"
2026-03-09T09:13:37.891075,RX,COM6,0x0205b8c7,0x2,0x05,0x2e,0x3,7,3b 00 00 00 54 8d 95 3e,"Status frame 3 (new)"
2026-03-09T09:13:37.891075,RX,COM6,0x0205b907,0x2,0x05,0x2e,0x4,7,00 00 00 00 00 00 00 00,"Status frame 4 (new)"
2026-03-09T09:13:37.891075,HEARTBEAT,COM6,0x01011840,0x1,0x01,0x6,0x1,0,b6 42 00 00 00 10 00 00,"Heartbeat"
2026-03-09T09:13:37.891075,RX,COM6,0x0205b947,0x2,0x05,0x2e,0x5,7,00 00 00 00 00 00 00 00,"Status frame 5 (new)"
2026-03-09T09:13:37.893080,RX,COM6,0x0205b987,0x2,0x05,0x2e,0x6,7,00 00 ff ff 01 00 00 00,"Status frame 6 (new)"
2026-03-09T09:13:37.910142,RX,COM6,0x0205b807,0x2,0x05,0x2e,0x0,7,00 00 46 0b 00 00 80 00,"Status frame 0 (new)"
2026-03-09T09:13:37.910142,RX,COM6,0x0205b887,0x2,0x05,0x2e,0x2,7,00 00 00 00 00 00 00 00,"Status frame 2 (new)"
2026-03-09T09:13:37.910142,RX,COM6,0x0205b8c7,0x2,0x05,0x2e,0x3,7,3b 00 00 00 25 2f 94 3e,"Status frame 3 (new)"
2026-03-09T09:13:37.910142,RX,COM6,0x0205b907,0x2,0x05,0x2e,0x4,7,00 00 00 00 00 00 00 00,"Status frame 4 (new)"
2026-03-09T09:13:37.911144,HEARTBEAT,COM6,0x01011840,0x1,0x01,0x6,0x1,0,ca 42 00 00 00 10 00 00,"Heartbeat"
2026-03-09T09:13:37.911144,RX,COM6,0x0205b947,0x2,0x05,0x2e,0x5,7,00 00 00 00 00 00 00 00,"Status frame 5 (new)"
2026-03-09T09:13:37.913148,RX,COM6,0x0205b987,0x2,0x05,0x2e,0x6,7,00 00 ff ff 01 00 00 00,"Status frame 6 (new)"
2026-03-09T09:13:37.932206,RX,COM6,0x0205b807,0x2,0x05,0x2e,0x0,7,00 00 36 0b 00 00 80 00,"Status frame 0 (new)"
2026-03-09T09:13:37.932206,RX,COM6,0x0205b887,0x2,0x05,0x2e,0x2,7,00 00 00 00 00 00 00 00,"Status frame 2 (new)"
2026-03-09T09:13:37.932206,RX,COM6,0x0205b8c7,0x2,0x05,0x2e,0x3,7,3b 00 00 00 34 01 95 3e,"Status frame 3 (new)"
2026-03-09T09:13:37.932206,RX,COM6,0x0205b907,0x2,0x05,0x2e,0x4,7,00 00 00 00 00 00 00 00,"Status frame 4 (new)"
2026-03-09T09:13:37.932206,HEARTBEAT,COM6,0x01011840,0x1,0x01,0x6,0x1,0,df 42 00 00 00 10 00 00,"Heartbeat"
2026-03-09T09:13:37.932206,RX,COM6,0x0205b947,0x2,0x05,0x2e,0x5,7,00 00 00 00 00 00 00 00,"Status frame 5 (new)"
2026-03-09T09:13:37.933203,RX,COM6,0x0205b987,0x2,0x05,0x2e,0x6,7,00 00 ff ff 01 00 00 00,"Status frame 6 (new)"
2026-03-09T09:13:37.946283,RX,COM6,0x0205b807,0x2,0x05,0x2e,0x0,7,00 00 44 0b 00 00 80 00,"Status frame 0 (new)"
2026-03-09T09:13:37.947790,RX,COM6,0x0205b887,0x2,0x05,0x2e,0x2,7,00 00 00 00 00 00 00 00,"Status frame 2 (new)"
2026-03-09T09:13:37.948805,RX,COM6,0x0205b8c7,0x2,0x05,0x2e,0x3,7,3b 00 00 00 a5 1b 96 3e,"Status frame 3 (new)"
2026-03-09T09:13:37.953796,RX,COM6,0x0205b907,0x2,0x05,0x2e,0x4,7,00 00 00 00 00 00 00 00,"Status frame 4 (new)"
2026-03-09T09:13:37.953796,HEARTBEAT,COM6,0x01011840,0x1,0x01,0x6,0x1,0,f4 42 00 00 00 10 00 00,"Heartbeat"
2026-03-09T09:13:37.953796,RX,COM6,0x0205b947,0x2,0x05,0x2e,0x5,7,00 00 00 00 00 00 00 00,"Status frame 5 (new)"
2026-03-09T09:13:37.953796,RX,COM6,0x0205b987,0x2,0x05,0x2e,0x6,7,00 00 ff ff 01 00 00 00,"Status frame 6 (new)"
2026-03-09T09:13:37.966337,RX,COM6,0x0205b807,0x2,0x05,0x2e,0x0,7,00 00 41 0b 00 00 80 00,"Status frame 0 (new)"
2026-03-09T09:13:37.967330,RX,COM6,0x0205b887,0x2,0x05,0x2e,0x2,7,00 00 00 00 00 00 00 00,"Status frame 2 (new)"
2026-03-09T09:13:37.973383,RX,COM6,0x0205b8c7,0x2,0x05,0x2e,0x3,7,3a 00 00 00 f4 b8 93 3e,"Status frame 3 (new)"
2026-03-09T09:13:37.973383,RX,COM6,0x0205b907,0x2,0x05,0x2e,0x4,7,00 00 00 00 00 00 00 00,"Status frame 4 (new)"
2026-03-09T09:13:37.973383,RX,COM6,0x0205b947,0x2,0x05,0x2e,0x5,7,00 00 00 00 00 00 00 00,"Status frame 5 (new)"
2026-03-09T09:13:37.973383,HEARTBEAT,COM6,0x01011840,0x1,0x01,0x6,0x1,0,08 43 00 00 00 10 00 00,"Heartbeat"
2026-03-09T09:13:37.973383,RX,COM6,0x0205b987,0x2,0x05,0x2e,0x6,7,00 00 ff ff 01 00 00 00,"Status frame 6 (new)"
2026-03-09T09:13:37.986413,RX,COM6,0x0205b807,0x2,0x05,0x2e,0x0,7,00 00 45 0b 00 00 80 00,"Status frame 0 (new)"
2026-03-09T09:13:37.986413,RX,COM6,0x0205b887,0x2,0x05,0x2e,0x2,7,00 00 00 00 00 00 00 00,"Status frame 2 (new)"
2026-03-09T09:13:37.989924,RX,COM6,0x0205b8c7,0x2,0x05,0x2e,0x3,7,3b 00 00 00 5e 96 94 3e,"Status frame 3 (new)"
2026-03-09T09:13:37.989924,RX,COM6,0x0205b907,0x2,0x05,0x2e,0x4,7,00 00 00 00 00 00 00 00,"Status frame 4 (new)"
2026-03-09T09:13:37.990926,HEARTBEAT,COM6,0x01011840,0x1,0x01,0x6,0x1,0,1a 43 00 00 00 10 00 00,"Heartbeat"
2026-03-09T09:13:37.990926,RX,COM6,0x0205b947,0x2,0x05,0x2e,0x5,7,00 00 00 00 00 00 00 00,"Status frame 5 (new)"
2026-03-09T09:13:37.992921,RX,COM6,0x0205b987,0x2,0x05,0x2e,0x6,7,00 00 ff ff 01 00 00 00,"Status frame 6 (new)"
2026-03-09T09:13:38.006454,RX,COM6,0x0205b807,0x2,0x05,0x2e,0x0,7,00 00 46 0b 00 00 80 00,"Status frame 0 (new)"
2026-03-09T09:13:38.006454,RX,COM6,0x0205b887,0x2,0x05,0x2e,0x2,7,00 00 00 00 00 00 00 00,"Status frame 2 (new)"
2026-03-09T09:13:38.008454,RX,COM6,0x0205b8c7,0x2,0x05,0x2e,0x3,7,3c 00 00 00 8f 56 97 3e,"Status frame 3 (new)"
2026-03-09T09:13:38.008454,RX,COM6,0x0205b907,0x2,0x05,0x2e,0x4,7,00 00 00 00 00 00 00 00,"Status frame 4 (new)"
2026-03-09T09:13:38.010460,RX,COM6,0x0205b947,0x2,0x05,0x2e,0x5,7,00 00 00 00 00 00 00 00,"Status frame 5 (new)"
2026-03-09T09:13:38.011451,HEARTBEAT,COM6,0x01011840,0x1,0x01,0x6,0x1,0,2e 43 00 00 00 10 00 00,"Heartbeat"
2026-03-09T09:13:38.012971,RX,COM6,0x0205b987,0x2,0x05,0x2e,0x6,7,00 00 ff ff 01 00 00 00,"Status frame 6 (new)"
2026-03-09T09:13:38.027485,RX,COM6,0x0205b807,0x2,0x05,0x2e,0x0,7,00 00 40 0b 00 00 80 00,"Status frame 0 (new)"
2026-03-09T09:13:38.027485,RX,COM6,0x0205b887,0x2,0x05,0x2e,0x2,7,00 00 00 00 00 00 00 00,"Status frame 2 (new)"
2026-03-09T09:13:38.029505,RX,COM6,0x0205b8c7,0x2,0x05,0x2e,0x3,7,3b 00 00 00 a8 7e 94 3e,"Status frame 3 (new)"
2026-03-09T09:13:38.029505,RX,COM6,0x0205b907,0x2,0x05,0x2e,0x4,7,00 00 00 00 00 00 00 00,"Status frame 4 (new)"
2026-03-09T09:13:38.030503,HEARTBEAT,COM6,0x01011840,0x1,0x01,0x6,0x1,0,41 43 00 00 00 10 00 00,"Heartbeat"
2026-03-09T09:13:38.030503,RX,COM6,0x0205b947,0x2,0x05,0x2e,0x5,7,00 00 00 00 00 00 00 00,"Status frame 5 (new)"
2026-03-09T09:13:38.032498,RX,COM6,0x0205b987,0x2,0x05,0x2e,0x6,7,00 00 ff ff 01 00 00 00,"Status frame 6 (new)"
2026-03-09T09:13:38.047078,RX,COM6,0x0205b807,0x2,0x05,0x2e,0x0,7,00 00 43 0b 00 00 80 00,"Status frame 0 (new)"
2026-03-09T09:13:38.047078,RX,COM6,0x0205b887,0x2,0x05,0x2e,0x2,7,00 00 00 00 00 00 00 00,"Status frame 2 (new)"
2026-03-09T09:13:38.048594,RX,COM6,0x0205b8c7,0x2,0x05,0x2e,0x3,7,3b 00 00 00 a3 9a 94 3e,"Status frame 3 (new)"
2026-03-09T09:13:38.048594,RX,COM6,0x0205b907,0x2,0x05,0x2e,0x4,7,00 00 00 00 00 00 00 00,"Status frame 4 (new)"
2026-03-09T09:13:38.050611,HEARTBEAT,COM6,0x01011840,0x1,0x01,0x6,0x1,0,55 43 00 00 00 10 00 00,"Heartbeat"
2026-03-09T09:13:38.051611,RX,COM6,0x0205b947,0x2,0x05,0x2e,0x5,7,00 00 00 00 00 00 00 00,"Status frame 5 (new)"
2026-03-09T09:13:38.052613,RX,COM6,0x0205b987,0x2,0x05,0x2e,0x6,7,00 00 ff ff 01 00 00 00,"Status frame 6 (new)"
2026-03-09T09:13:38.067167,RX,COM6,0x0205b807,0x2,0x05,0x2e,0x0,7,00 00 40 0b 00 00 80 00,"Status frame 0 (new)"
2026-03-09T09:13:38.067167,RX,COM6,0x0205b887,0x2,0x05,0x2e,0x2,7,00 00 00 00 00 00 00 00,"Status frame 2 (new)"
2026-03-09T09:13:38.068169,RX,COM6,0x0205b8c7,0x2,0x05,0x2e,0x3,7,3b 00 00 00 77 3c 96 3e,"Status frame 3 (new)"
2026-03-09T09:13:38.068169,RX,COM6,0x0205b907,0x2,0x05,0x2e,0x4,7,00 00 00 00 00 00 00 00,"Status frame 4 (new)"
2026-03-09T09:13:38.070707,HEARTBEAT,COM6,0x01011840,0x1,0x01,0x6,0x1,0,69 43 00 00 00 10 00 00,"Heartbeat"
2026-03-09T09:13:38.070707,RX,COM6,0x0205b947,0x2,0x05,0x2e,0x5,7,00 00 00 00 00 00 00 00,"Status frame 5 (new)"
2026-03-09T09:13:38.072702,RX,COM6,0x0205b987,0x2,0x05,0x2e,0x6,7,00 00 ff ff 01 00 00 00,"Status frame 6 (new)"
2026-03-09T09:13:38.087565,RX,COM6,0x0205b807,0x2,0x05,0x2e,0x0,7,00 00 45 0b 00 00 80 00,"Status frame 0 (new)"
2026-03-09T09:13:38.087565,RX,COM6,0x0205b887,0x2,0x05,0x2e,0x2,7,00 00 00 00 00 00 00 00,"Status frame 2 (new)"
2026-03-09T09:13:38.090556,RX,COM6,0x0205b8c7,0x2,0x05,0x2e,0x3,7,3b 00 00 00 01 c5 94 3e,"Status frame 3 (new)"
2026-03-09T09:13:38.090556,RX,COM6,0x0205b907,0x2,0x05,0x2e,0x4,7,00 00 00 00 00 00 00 00,"Status frame 4 (new)"
2026-03-09T09:13:38.090556,RX,COM6,0x0205b947,0x2,0x05,0x2e,0x5,7,00 00 00 00 00 00 00 00,"Status frame 5 (new)"
2026-03-09T09:13:38.091570,HEARTBEAT,COM6,0x01011840,0x1,0x01,0x6,0x1,0,7e 43 00 00 00 10 00 00,"Heartbeat"
2026-03-09T09:13:38.092568,RX,COM6,0x0205b987,0x2,0x05,0x2e,0x6,7,00 00 ff ff 01 00 00 00,"Status frame 6 (new)"
2026-03-09T09:13:38.106624,RX,COM6,0x0205b807,0x2,0x05,0x2e,0x0,7,00 00 46 0b 00 00 80 00,"Status frame 0 (new)"
2026-03-09T09:13:38.106624,RX,COM6,0x0205b887,0x2,0x05,0x2e,0x2,7,00 00 00 00 00 00 00 00,"Status frame 2 (new)"
2026-03-09T09:13:38.108619,RX,COM6,0x0205b8c7,0x2,0x05,0x2e,0x3,7,3b 00 00 00 a9 0b 94 3e,"Status frame 3 (new)"
2026-03-09T09:13:38.108619,RX,COM6,0x0205b907,0x2,0x05,0x2e,0x4,7,00 00 00 00 00 00 00 00,"Status frame 4 (new)"
2026-03-09T09:13:38.110619,HEARTBEAT,COM6,0x01011840,0x1,0x01,0x6,0x1,0,91 43 00 00 00 10 00 00,"Heartbeat"
2026-03-09T09:13:38.110619,RX,COM6,0x0205b947,0x2,0x05,0x2e,0x5,7,00 00 00 00 00 00 00 00,"Status frame 5 (new)"
2026-03-09T09:13:38.112632,RX,COM6,0x0205b987,0x2,0x05,0x2e,0x6,7,00 00 ff ff 01 00 00 00,"Status frame 6 (new)"
2026-03-09T09:13:38.116618,RX,COM6,0x0205b847,0x2,0x05,0x2e,0x1,7,00 00 00 24 00 01 00 00,"Status frame 1 (new)"
2026-03-09T09:13:38.127129,RX,COM6,0x0205b807,0x2,0x05,0x2e,0x0,7,00 00 45 0b 00 00 80 00,"Status frame 0 (new)"
2026-03-09T09:13:38.127129,RX,COM6,0x0205b887,0x2,0x05,0x2e,0x2,7,00 00 00 00 00 00 00 00,"Status frame 2 (new)"
2026-03-09T09:13:38.128641,RX,COM6,0x0205b8c7,0x2,0x05,0x2e,0x3,7,3b 00 00 00 2b 7a 95 3e,"Status frame 3 (new)"
2026-03-09T09:13:38.129639,RX,COM6,0x0205b907,0x2,0x05,0x2e,0x4,7,00 00 00 00 00 00 00 00,"Status frame 4 (new)"
2026-03-09T09:13:38.130638,HEARTBEAT,COM6,0x01011840,0x1,0x01,0x6,0x1,0,a5 43 00 00 00 10 00 00,"Heartbeat"
2026-03-09T09:13:38.130638,RX,COM6,0x0205b947,0x2,0x05,0x2e,0x5,7,00 00 00 00 00 00 00 00,"Status frame 5 (new)"
2026-03-09T09:13:38.132637,RX,COM6,0x0205b987,0x2,0x05,0x2e,0x6,7,00 00 ff ff 01 00 00 00,"Status frame 6 (new)"
2026-03-09T09:13:38.147293,RX,COM6,0x0205b807,0x2,0x05,0x2e,0x0,7,00 00 41 0b 00 00 80 00,"Status frame 0 (new)"
2026-03-09T09:13:38.147293,RX,COM6,0x0205b887,0x2,0x05,0x2e,0x2,7,00 00 00 00 00 00 00 00,"Status frame 2 (new)"
2026-03-09T09:13:38.149302,RX,COM6,0x0205b8c7,0x2,0x05,0x2e,0x3,7,3b 00 00 00 e5 b1 94 3e,"Status frame 3 (new)"
2026-03-09T09:13:38.149302,RX,COM6,0x0205b907,0x2,0x05,0x2e,0x4,7,00 00 00 00 00 00 00 00,"Status frame 4 (new)"
2026-03-09T09:13:38.150365,RX,COM6,0x0205b947,0x2,0x05,0x2e,0x5,7,00 00 00 00 00 00 00 00,"Status frame 5 (new)"
2026-03-09T09:13:38.151301,HEARTBEAT,COM6,0x01011840,0x1,0x01,0x6,0x1,0,ba 43 00 00 00 10 00 00,"Heartbeat"
2026-03-09T09:13:38.152361,RX,COM6,0x0205b987,0x2,0x05,0x2e,0x6,7,00 00 ff ff 01 00 00 00,"Status frame 6 (new)"
2026-03-09T09:13:38.165823,RX,COM6,0x0205b807,0x2,0x05,0x2e,0x0,7,00 00 3a 0b 00 00 80 00,"Status frame 0 (new)"
2026-03-09T09:13:38.167328,RX,COM6,0x0205b887,0x2,0x05,0x2e,0x2,7,00 00 00 00 00 00 00 00,"Status frame 2 (new)"
2026-03-09T09:13:38.168344,RX,COM6,0x0205b8c7,0x2,0x05,0x2e,0x3,7,3b 00 00 00 22 39 95 3e,"Status frame 3 (new)"
2026-03-09T09:13:38.168344,RX,COM6,0x0205b907,0x2,0x05,0x2e,0x4,7,00 00 00 00 00 00 00 00,"Status frame 4 (new)"
2026-03-09T09:13:38.172855,RX,COM6,0x0205b947,0x2,0x05,0x2e,0x5,7,00 00 00 00 00 00 00 00,"Status frame 5 (new)"
2026-03-09T09:13:38.173855,HEARTBEAT,COM6,0x01011840,0x1,0x01,0x6,0x1,0,d0 43 00 00 00 10 00 00,"Heartbeat"
2026-03-09T09:13:38.173855,RX,COM6,0x0205b987,0x2,0x05,0x2e,0x6,7,00 00 ff ff 01 00 00 00,"Status frame 6 (new)"
2026-03-09T09:13:38.191114,RX,COM6,0x0205b807,0x2,0x05,0x2e,0x0,7,00 00 44 0b 00 00 80 00,"Status frame 0 (new)"
2026-03-09T09:13:38.191114,RX,COM6,0x0205b887,0x2,0x05,0x2e,0x2,7,00 00 00 00 00 00 00 00,"Status frame 2 (new)"
2026-03-09T09:13:38.191114,RX,COM6,0x0205b8c7,0x2,0x05,0x2e,0x3,7,3b 00 00 00 5e 9d 95 3e,"Status frame 3 (new)"
2026-03-09T09:13:38.191114,RX,COM6,0x0205b907,0x2,0x05,0x2e,0x4,7,00 00 00 00 00 00 00 00,"Status frame 4 (new)"
2026-03-09T09:13:38.191114,RX,COM6,0x0205b947,0x2,0x05,0x2e,0x5,7,00 00 00 00 00 00 00 00,"Status frame 5 (new)"
2026-03-09T09:13:38.191114,HEARTBEAT,COM6,0x01011840,0x1,0x01,0x6,0x1,0,e2 43 00 00 00 10 00 00,"Heartbeat"
2026-03-09T09:13:38.193121,RX,COM6,0x0205b987,0x2,0x05,0x2e,0x6,7,00 00 ff ff 01 00 00 00,"Status frame 6 (new)"
2026-03-09T09:13:38.207313,RX,COM6,0x0205b807,0x2,0x05,0x2e,0x0,7,00 00 42 0b 00 00 80 00,"Status frame 0 (new)"
2026-03-09T09:13:38.207313,RX,COM6,0x0205b887,0x2,0x05,0x2e,0x2,7,00 00 00 00 00 00 00 00,"Status frame 2 (new)"
2026-03-09T09:13:38.208998,RX,COM6,0x0205b8c7,0x2,0x05,0x2e,0x3,7,3b 00 00 00 30 9a 94 3e,"Status frame 3 (new)"
2026-03-09T09:13:38.208998,RX,COM6,0x0205b907,0x2,0x05,0x2e,0x4,7,00 00 00 00 00 00 00 00,"Status frame 4 (new)"
2026-03-09T09:13:38.210977,HEARTBEAT,COM6,0x01011840,0x1,0x01,0x6,0x1,0,f6 43 00 00 00 10 00 00,"Heartbeat"
2026-03-09T09:13:38.210977,RX,COM6,0x0205b947,0x2,0x05,0x2e,0x5,7,00 00 00 00 00 00 00 00,"Status frame 5 (new)"
2026-03-09T09:13:38.216919,RX,COM6,0x0205b987,0x2,0x05,0x2e,0x6,7,00 00 ff ff 01 00 00 00,"Status frame 6 (new)"
2026-03-09T09:13:38.227075,RX,COM6,0x0205b807,0x2,0x05,0x2e,0x0,7,00 00 42 0b 00 00 80 00,"Status frame 0 (new)"
2026-03-09T09:13:38.227075,RX,COM6,0x0205b887,0x2,0x05,0x2e,0x2,7,00 00 00 00 00 00 00 00,"Status frame 2 (new)"
2026-03-09T09:13:38.228147,RX,COM6,0x0205b8c7,0x2,0x05,0x2e,0x3,7,3c 00 00 00 da 8c 96 3e,"Status frame 3 (new)"
2026-03-09T09:13:38.228147,RX,COM6,0x0205b907,0x2,0x05,0x2e,0x4,7,00 00 00 00 00 00 00 00,"Status frame 4 (new)"
2026-03-09T09:13:38.230718,RX,COM6,0x0205b947,0x2,0x05,0x2e,0x5,7,00 00 00 00 00 00 00 00,"Status frame 5 (new)"
2026-03-09T09:13:38.231721,HEARTBEAT,COM6,0x01011840,0x1,0x01,0x6,0x1,0,0a 44 00 00 00 10 00 00,"Heartbeat"
2026-03-09T09:13:38.232721,RX,COM6,0x0205b987,0x2,0x05,0x2e,0x6,7,00 00 ff ff 01 00 00 00,"Status frame 6 (new)"
2026-03-09T09:13:38.246238,RX,COM6,0x0205b807,0x2,0x05,0x2e,0x0,7,00 00 3f 0b 00 00 80 00,"Status frame 0 (new)"
2026-03-09T09:13:38.247240,RX,COM6,0x0205b887,0x2,0x05,0x2e,0x2,7,00 00 00 00 00 00 00 00,"Status frame 2 (new)"
2026-03-09T09:13:38.248776,RX,COM6,0x0205b8c7,0x2,0x05,0x2e,0x3,7,3b 00 00 00 cc d8 95 3e,"Status frame 3 (new)"
2026-03-09T09:13:38.248776,RX,COM6,0x0205b907,0x2,0x05,0x2e,0x4,7,00 00 00 00 00 00 00 00,"Status frame 4 (new)"
2026-03-09T09:13:38.250776,HEARTBEAT,COM6,0x01011840,0x1,0x01,0x6,0x1,0,1d 44 00 00 00 10 00 00,"Heartbeat"
2026-03-09T09:13:38.250776,RX,COM6,0x0205b947,0x2,0x05,0x2e,0x5,7,00 00 00 00 00 00 00 00,"Status frame 5 (new)"
2026-03-09T09:13:38.252780,RX,COM6,0x0205b987,0x2,0x05,0x2e,0x6,7,00 00 ff ff 01 00 00 00,"Status frame 6 (new)"
2026-03-09T09:13:38.266316,RX,COM6,0x0205b807,0x2,0x05,0x2e,0x0,7,00 00 25 0b 00 00 80 00,"Status frame 0 (new)"
2026-03-09T09:13:38.267306,RX,COM6,0x0205b887,0x2,0x05,0x2e,0x2,7,00 00 00 00 00 00 00 00,"Status frame 2 (new)"
2026-03-09T09:13:38.269828,RX,COM6,0x0205b8c7,0x2,0x05,0x2e,0x3,7,3b 00 00 00 89 e3 94 3e,"Status frame 3 (new)"
2026-03-09T09:13:38.269828,RX,COM6,0x0205b907,0x2,0x05,0x2e,0x4,7,00 00 00 00 00 00 00 00,"Status frame 4 (new)"
2026-03-09T09:13:38.270847,HEARTBEAT,COM6,0x01011840,0x1,0x01,0x6,0x1,0,31 44 00 00 00 10 00 00,"Heartbeat"
2026-03-09T09:13:38.270847,RX,COM6,0x0205b947,0x2,0x05,0x2e,0x5,7,00 00 00 00 00 00 00 00,"Status frame 5 (new)"
2026-03-09T09:13:38.272842,RX,COM6,0x0205b987,0x2,0x05,0x2e,0x6,7,00 00 ff ff 01 00 00 00,"Status frame 6 (new)"
2026-03-09T09:13:38.286430,RX,COM6,0x0205b807,0x2,0x05,0x2e,0x0,7,00 00 46 0b 00 00 80 00,"Status frame 0 (new)"
2026-03-09T09:13:38.286430,RX,COM6,0x0205b887,0x2,0x05,0x2e,0x2,7,00 00 00 00 00 00 00 00,"Status frame 2 (new)"
2026-03-09T09:13:38.288430,RX,COM6,0x0205b8c7,0x2,0x05,0x2e,0x3,7,3b 00 00 00 39 be 94 3e,"Status frame 3 (new)"
2026-03-09T09:13:38.288430,RX,COM6,0x0205b907,0x2,0x05,0x2e,0x4,7,00 00 00 00 00 00 00 00,"Status frame 4 (new)"
2026-03-09T09:13:38.293961,RX,COM6,0x0205b947,0x2,0x05,0x2e,0x5,7,00 00 00 00 00 00 00 00,"Status frame 5 (new)"
2026-03-09T09:13:38.293961,HEARTBEAT,COM6,0x01011840,0x1,0x01,0x6,0x1,0,49 44 00 00 00 10 00 00,"Heartbeat"
2026-03-09T09:13:38.293961,RX,COM6,0x0205b987,0x2,0x05,0x2e,0x6,7,00 00 ff ff 01 00 00 00,"Status frame 6 (new)"
2026-03-09T09:13:38.306492,RX,COM6,0x0205b807,0x2,0x05,0x2e,0x0,7,00 00 45 0b 00 00 80 00,"Status frame 0 (new)"
2026-03-09T09:13:38.306492,RX,COM6,0x0205b887,0x2,0x05,0x2e,0x2,7,00 00 00 00 00 00 00 00,"Status frame 2 (new)"
2026-03-09T09:13:38.311484,RX,COM6,0x0205b8c7,0x2,0x05,0x2e,0x3,7,3b 00 00 00 69 eb 95 3e,"Status frame 3 (new)"
2026-03-09T09:13:38.311484,RX,COM6,0x0205b907,0x2,0x05,0x2e,0x4,7,00 00 00 00 00 00 00 00,"Status frame 4 (new)"
2026-03-09T09:13:38.311484,HEARTBEAT,COM6,0x01011840,0x1,0x01,0x6,0x1,0,5a 44 00 00 00 10 00 00,"Heartbeat"
2026-03-09T09:13:38.311484,RX,COM6,0x0205b947,0x2,0x05,0x2e,0x5,7,00 00 00 00 00 00 00 00,"Status frame 5 (new)"
2026-03-09T09:13:38.313488,RX,COM6,0x0205b987,0x2,0x05,0x2e,0x6,7,00 00 ff ff 01 00 00 00,"Status frame 6 (new)"
2026-03-09T09:13:38.327052,RX,COM6,0x0205b807,0x2,0x05,0x2e,0x0,7,00 00 40 0b 00 00 80 00,"Status frame 0 (new)"
2026-03-09T09:13:38.327052,RX,COM6,0x0205b887,0x2,0x05,0x2e,0x2,7,00 00 00 00 00 00 00 00,"Status frame 2 (new)"
2026-03-09T09:13:38.329062,RX,COM6,0x0205b8c7,0x2,0x05,0x2e,0x3,7,3b 00 00 00 3e 57 95 3e,"Status frame 3 (new)"
2026-03-09T09:13:38.329062,RX,COM6,0x0205b907,0x2,0x05,0x2e,0x4,7,00 00 00 00 00 00 00 00,"Status frame 4 (new)"
2026-03-09T09:13:38.331165,RX,COM6,0x0205b947,0x2,0x05,0x2e,0x5,7,00 00 00 00 00 00 00 00,"Status frame 5 (new)"
2026-03-09T09:13:38.331165,HEARTBEAT,COM6,0x01011840,0x1,0x01,0x6,0x1,0,6e 44 00 00 00 10 00 00,"Heartbeat"
2026-03-09T09:13:38.332181,RX,COM6,0x0205b987,0x2,0x05,0x2e,0x6,7,00 00 ff ff 01 00 00 00,"Status frame 6 (new)"
2026-03-09T09:13:38.347243,RX,COM6,0x0205b807,0x2,0x05,0x2e,0x0,7,00 00 40 0b 00 00 80 00,"Status frame 0 (new)"
2026-03-09T09:13:38.347243,RX,COM6,0x0205b887,0x2,0x05,0x2e,0x2,7,00 00 00 00 00 00 00 00,"Status frame 2 (new)"
2026-03-09T09:13:38.348256,RX,COM6,0x0205b8c7,0x2,0x05,0x2e,0x3,7,3b 00 00 00 9c 33 95 3e,"Status frame 3 (new)"
2026-03-09T09:13:38.349241,RX,COM6,0x0205b907,0x2,0x05,0x2e,0x4,7,00 00 00 00 00 00 00 00,"Status frame 4 (new)"
2026-03-09T09:13:38.350252,RX,COM6,0x0205b947,0x2,0x05,0x2e,0x5,7,00 00 00 00 00 00 00 00,"Status frame 5 (new)"
2026-03-09T09:13:38.351241,HEARTBEAT,COM6,0x01011840,0x1,0x01,0x6,0x1,0,82 44 00 00 00 10 00 00,"Heartbeat"
2026-03-09T09:13:38.356766,RX,COM6,0x0205b987,0x2,0x05,0x2e,0x6,7,00 00 ff ff 01 00 00 00,"Status frame 6 (new)"
2026-03-09T09:13:38.366307,RX,COM6,0x0205b807,0x2,0x05,0x2e,0x0,7,00 00 f9 0a 00 00 80 00,"Status frame 0 (new)"
2026-03-09T09:13:38.367300,RX,COM6,0x0205b847,0x2,0x05,0x2e,0x1,7,00 00 00 24 00 01 00 00,"Status frame 1 (new)"
2026-03-09T09:13:38.367300,RX,COM6,0x0205b887,0x2,0x05,0x2e,0x2,7,00 00 00 00 00 00 00 00,"Status frame 2 (new)"
2026-03-09T09:13:38.371828,RX,COM6,0x0205b8c7,0x2,0x05,0x2e,0x3,7,3b 00 00 00 ba bc 95 3e,"Status frame 3 (new)"
2026-03-09T09:13:38.372828,RX,COM6,0x0205b907,0x2,0x05,0x2e,0x4,7,00 00 00 00 00 00 00 00,"Status frame 4 (new)"
2026-03-09T09:13:38.372828,RX,COM6,0x0205b947,0x2,0x05,0x2e,0x5,7,00 00 00 00 00 00 00 00,"Status frame 5 (new)"
2026-03-09T09:13:38.372828,HEARTBEAT,COM6,0x01011840,0x1,0x01,0x6,0x1,0,97 44 00 00 00 10 00 00,"Heartbeat"
2026-03-09T09:13:38.372828,RX,COM6,0x0205b987,0x2,0x05,0x2e,0x6,7,00 00 ff ff 01 00 00 00,"Status frame 6 (new)"
2026-03-09T09:13:38.386910,RX,COM6,0x0205b807,0x2,0x05,0x2e,0x0,7,00 00 40 0b 00 00 80 00,"Status frame 0 (new)"
2026-03-09T09:13:38.386910,RX,COM6,0x0205b887,0x2,0x05,0x2e,0x2,7,00 00 00 00 00 00 00 00,"Status frame 2 (new)"
2026-03-09T09:13:38.389912,RX,COM6,0x0205b8c7,0x2,0x05,0x2e,0x3,7,3b 00 00 00 5b d7 95 3e,"Status frame 3 (new)"
2026-03-09T09:13:38.389912,RX,COM6,0x0205b907,0x2,0x05,0x2e,0x4,7,00 00 00 00 00 00 00 00,"Status frame 4 (new)"
2026-03-09T09:13:38.393910,HEARTBEAT,COM6,0x01011840,0x1,0x01,0x6,0x1,0,ad 44 00 00 00 10 00 00,"Heartbeat"
2026-03-09T09:13:38.393910,RX,COM6,0x0205b947,0x2,0x05,0x2e,0x5,7,00 00 00 00 00 00 00 00,"Status frame 5 (new)"
2026-03-09T09:13:38.393910,RX,COM6,0x0205b987,0x2,0x05,0x2e,0x6,7,00 00 ff ff 01 00 00 00,"Status frame 6 (new)"
2026-03-09T09:13:38.406597,RX,COM6,0x0205b807,0x2,0x05,0x2e,0x0,7,00 00 42 0b 00 00 80 00,"Status frame 0 (new)"
2026-03-09T09:13:38.406597,RX,COM6,0x0205b887,0x2,0x05,0x2e,0x2,7,00 00 00 00 00 00 00 00,"Status frame 2 (new)"
2026-03-09T09:13:38.408594,RX,COM6,0x0205b8c7,0x2,0x05,0x2e,0x3,7,3b 00 00 00 1e b0 94 3e,"Status frame 3 (new)"
2026-03-09T09:13:38.409596,RX,COM6,0x0205b907,0x2,0x05,0x2e,0x4,7,00 00 00 00 00 00 00 00,"Status frame 4 (new)"
2026-03-09T09:13:38.410609,HEARTBEAT,COM6,0x01011840,0x1,0x01,0x6,0x1,0,be 44 00 00 00 10 00 00,"Heartbeat"
2026-03-09T09:13:38.410609,RX,COM6,0x0205b947,0x2,0x05,0x2e,0x5,7,00 00 00 00 00 00 00 00,"Status frame 5 (new)"
2026-03-09T09:13:38.412600,RX,COM6,0x0205b987,0x2,0x05,0x2e,0x6,7,00 00 ff ff 01 00 00 00,"Status frame 6 (new)"
2026-03-09T09:13:38.427184,RX,COM6,0x0205b807,0x2,0x05,0x2e,0x0,7,00 00 40 0b 00 00 80 00,"Status frame 0 (new)"
2026-03-09T09:13:38.427184,RX,COM6,0x0205b887,0x2,0x05,0x2e,0x2,7,00 00 00 00 00 00 00 00,"Status frame 2 (new)"
2026-03-09T09:13:38.429204,RX,COM6,0x0205b8c7,0x2,0x05,0x2e,0x3,7,3b 00 00 00 95 00 95 3e,"Status frame 3 (new)"
2026-03-09T09:13:38.429204,RX,COM6,0x0205b907,0x2,0x05,0x2e,0x4,7,00 00 00 00 00 00 00 00,"Status frame 4 (new)"
2026-03-09T09:13:38.430194,RX,COM6,0x0205b947,0x2,0x05,0x2e,0x5,7,00 00 00 00 00 00 00 00,"Status frame 5 (new)"
2026-03-09T09:13:38.431192,HEARTBEAT,COM6,0x01011840,0x1,0x01,0x6,0x1,0,d2 44 00 00 00 10 00 00,"Heartbeat"
2026-03-09T09:13:38.432205,RX,COM6,0x0205b987,0x2,0x05,0x2e,0x6,7,00 00 ff ff 01 00 00 00,"Status frame 6 (new)"
2026-03-09T09:13:38.446685,RX,COM6,0x0205b807,0x2,0x05,0x2e,0x0,7,00 00 40 0b 00 00 80 00,"Status frame 0 (new)"
2026-03-09T09:13:38.446685,RX,COM6,0x0205b887,0x2,0x05,0x2e,0x2,7,00 00 00 00 00 00 00 00,"Status frame 2 (new)"
2026-03-09T09:13:38.448688,RX,COM6,0x0205b8c7,0x2,0x05,0x2e,0x3,7,3b 00 00 00 86 f2 95 3e,"Status frame 3 (new)"
2026-03-09T09:13:38.448688,RX,COM6,0x0205b907,0x2,0x05,0x2e,0x4,7,00 00 00 00 00 00 00 00,"Status frame 4 (new)"
2026-03-09T09:13:38.450685,RX,COM6,0x0205b947,0x2,0x05,0x2e,0x5,7,00 00 00 00 00 00 00 00,"Status frame 5 (new)"
2026-03-09T09:13:38.451681,HEARTBEAT,COM6,0x01011840,0x1,0x01,0x6,0x1,0,e6 44 00 00 00 10 00 00,"Heartbeat"
2026-03-09T09:13:38.452677,RX,COM6,0x0205b987,0x2,0x05,0x2e,0x6,7,00 00 ff ff 01 00 00 00,"Status frame 6 (new)"
2026-03-09T09:13:38.467212,RX,COM6,0x0205b807,0x2,0x05,0x2e,0x0,7,00 00 0e 0b 00 00 80 00,"Status frame 0 (new)"
2026-03-09T09:13:38.467212,RX,COM6,0x0205b887,0x2,0x05,0x2e,0x2,7,00 00 00 00 00 00 00 00,"Status frame 2 (new)"
2026-03-09T09:13:38.472463,RX,COM6,0x0205b8c7,0x2,0x05,0x2e,0x3,7,3b 00 00 00 ec 06 95 3e,"Status frame 3 (new)"
2026-03-09T09:13:38.472463,RX,COM6,0x0205b907,0x2,0x05,0x2e,0x4,7,00 00 00 00 00 00 00 00,"Status frame 4 (new)"
2026-03-09T09:13:38.472463,RX,COM6,0x0205b947,0x2,0x05,0x2e,0x5,7,00 00 00 00 00 00 00 00,"Status frame 5 (new)"
2026-03-09T09:13:38.472463,HEARTBEAT,COM6,0x01011840,0x1,0x01,0x6,0x1,0,fb 44 00 00 00 10 00 00,"Heartbeat"
2026-03-09T09:13:38.472463,RX,COM6,0x0205b987,0x2,0x05,0x2e,0x6,7,00 00 ff ff 01 00 00 00,"Status frame 6 (new)"
2026-03-09T09:13:38.490044,RX,COM6,0x0205b807,0x2,0x05,0x2e,0x0,7,00 00 3d 0b 00 00 80 00,"Status frame 0 (new)"
2026-03-09T09:13:38.491058,RX,COM6,0x0205b887,0x2,0x05,0x2e,0x2,7,00 00 00 00 00 00 00 00,"Status frame 2 (new)"
2026-03-09T09:13:38.491058,RX,COM6,0x0205b8c7,0x2,0x05,0x2e,0x3,7,3b 00 00 00 ed 89 94 3e,"Status frame 3 (new)"
2026-03-09T09:13:38.491058,RX,COM6,0x0205b907,0x2,0x05,0x2e,0x4,7,00 00 00 00 00 00 00 00,"Status frame 4 (new)"
2026-03-09T09:13:38.491568,HEARTBEAT,COM6,0x01011840,0x1,0x01,0x6,0x1,0,0e 45 00 00 00 10 00 00,"Heartbeat"
2026-03-09T09:13:38.491568,RX,COM6,0x0205b947,0x2,0x05,0x2e,0x5,7,00 00 00 00 00 00 00 00,"Status frame 5 (new)"
2026-03-09T09:13:38.493582,RX,COM6,0x0205b987,0x2,0x05,0x2e,0x6,7,00 00 ff ff 01 00 00 00,"Status frame 6 (new)"
2026-03-09T09:13:38.508143,RX,COM6,0x0205b807,0x2,0x05,0x2e,0x0,7,00 00 3d 0b 00 00 80 00,"Status frame 0 (new)"
2026-03-09T09:13:38.508143,RX,COM6,0x0205b887,0x2,0x05,0x2e,0x2,7,00 00 00 00 00 00 00 00,"Status frame 2 (new)"
2026-03-09T09:13:38.509131,RX,COM6,0x0205b8c7,0x2,0x05,0x2e,0x3,7,3b 00 00 00 9e da 94 3e,"Status frame 3 (new)"
2026-03-09T09:13:38.509131,RX,COM6,0x0205b907,0x2,0x05,0x2e,0x4,7,00 00 00 00 00 00 00 00,"Status frame 4 (new)"
2026-03-09T09:13:38.511134,RX,COM6,0x0205b947,0x2,0x05,0x2e,0x5,7,00 00 00 00 00 00 00 00,"Status frame 5 (new)"
2026-03-09T09:13:38.511134,HEARTBEAT,COM6,0x01011840,0x1,0x01,0x6,0x1,0,22 45 00 00 00 10 00 00,"Heartbeat"
2026-03-09T09:13:38.512841,RX,COM6,0x0205b987,0x2,0x05,0x2e,0x6,7,00 00 ff ff 01 00 00 00,"Status frame 6 (new)"
2026-03-09T09:13:38.529417,RX,COM6,0x0205b887,0x2,0x05,0x2e,0x2,7,00 00 00 00 00 00 00 00,"Status frame 2 (new)"
2026-03-09T09:13:38.529417,RX,COM6,0x0205b807,0x2,0x05,0x2e,0x0,7,00 00 42 0b 00 00 80 00,"Status frame 0 (new)"
2026-03-09T09:13:38.529417,RX,COM6,0x0205b8c7,0x2,0x05,0x2e,0x3,7,3b 00 00 00 da f7 94 3e,"Status frame 3 (new)"
2026-03-09T09:13:38.529417,RX,COM6,0x0205b907,0x2,0x05,0x2e,0x4,7,00 00 00 00 00 00 00 00,"Status frame 4 (new)"
2026-03-09T09:13:38.530412,RX,COM6,0x0205b947,0x2,0x05,0x2e,0x5,7,00 00 00 00 00 00 00 00,"Status frame 5 (new)"
2026-03-09T09:13:38.531918,HEARTBEAT,COM6,0x01011840,0x1,0x01,0x6,0x1,0,36 45 00 00 00 10 00 00,"Heartbeat"
2026-03-09T09:13:38.532923,RX,COM6,0x0205b987,0x2,0x05,0x2e,0x6,7,00 00 ff ff 01 00 00 00,"Status frame 6 (new)"
2026-03-09T09:13:38.549994,RX,COM6,0x0205b807,0x2,0x05,0x2e,0x0,7,00 00 42 0b 00 00 80 00,"Status frame 0 (new)"
2026-03-09T09:13:38.549994,RX,COM6,0x0205b887,0x2,0x05,0x2e,0x2,7,00 00 00 00 00 00 00 00,"Status frame 2 (new)"
2026-03-09T09:13:38.549994,RX,COM6,0x0205b8c7,0x2,0x05,0x2e,0x3,7,3b 00 00 00 86 71 95 3e,"Status frame 3 (new)"
2026-03-09T09:13:38.549994,RX,COM6,0x0205b907,0x2,0x05,0x2e,0x4,7,00 00 00 00 00 00 00 00,"Status frame 4 (new)"
2026-03-09T09:13:38.551070,HEARTBEAT,COM6,0x01011840,0x1,0x01,0x6,0x1,0,4a 45 00 00 00 10 00 00,"Heartbeat"
2026-03-09T09:13:38.551576,RX,COM6,0x0205b947,0x2,0x05,0x2e,0x5,7,00 00 00 00 00 00 00 00,"Status frame 5 (new)"
2026-03-09T09:13:38.552593,RX,COM6,0x0205b987,0x2,0x05,0x2e,0x6,7,00 00 ff ff 01 00 00 00,"Status frame 6 (new)"
2026-03-09T09:13:38.566853,RX,COM6,0x0205b807,0x2,0x05,0x2e,0x0,7,00 00 24 0b 00 00 80 00,"Status frame 0 (new)"
2026-03-09T09:13:38.566853,RX,COM6,0x0205b887,0x2,0x05,0x2e,0x2,7,00 00 00 00 00 00 00 00,"Status frame 2 (new)"
2026-03-09T09:13:38.568870,RX,COM6,0x0205b8c7,0x2,0x05,0x2e,0x3,7,3b 00 00 00 f5 61 96 3e,"Status frame 3 (new)"
2026-03-09T09:13:38.568870,RX,COM6,0x0205b907,0x2,0x05,0x2e,0x4,7,00 00 00 00 00 00 00 00,"Status frame 4 (new)"
2026-03-09T09:13:38.570870,HEARTBEAT,COM6,0x01011840,0x1,0x01,0x6,0x1,0,5e 45 00 00 00 10 00 00,"Heartbeat"
2026-03-09T09:13:38.574870,RX,COM6,0x0205b947,0x2,0x05,0x2e,0x5,7,00 00 00 00 00 00 00 00,"Status frame 5 (new)"
2026-03-09T09:13:38.574870,RX,COM6,0x0205b987,0x2,0x05,0x2e,0x6,7,00 00 ff ff 01 00 00 00,"Status frame 6 (new)"
2026-03-09T09:13:38.586965,RX,COM6,0x0205b807,0x2,0x05,0x2e,0x0,7,00 00 3d 0b 00 00 80 00,"Status frame 0 (new)"
2026-03-09T09:13:38.587985,RX,COM6,0x0205b887,0x2,0x05,0x2e,0x2,7,00 00 00 00 00 00 00 00,"Status frame 2 (new)"
2026-03-09T09:13:38.591983,RX,COM6,0x0205b8c7,0x2,0x05,0x2e,0x3,7,3c 00 00 00 9c 81 96 3e,"Status frame 3 (new)"
2026-03-09T09:13:38.591983,RX,COM6,0x0205b907,0x2,0x05,0x2e,0x4,7,00 00 00 00 00 00 00 00,"Status frame 4 (new)"
2026-03-09T09:13:38.591983,HEARTBEAT,COM6,0x01011840,0x1,0x01,0x6,0x1,0,73 45 00 00 00 10 00 00,"Heartbeat"
2026-03-09T09:13:38.591983,RX,COM6,0x0205b947,0x2,0x05,0x2e,0x5,7,00 00 00 00 00 00 00 00,"Status frame 5 (new)"
2026-03-09T09:13:38.592973,RX,COM6,0x0205b987,0x2,0x05,0x2e,0x6,7,00 00 ff ff 01 00 00 00,"Status frame 6 (new)"
2026-03-09T09:13:38.606249,RX,COM6,0x0205b807,0x2,0x05,0x2e,0x0,7,00 00 41 0b 00 00 80 00,"Status frame 0 (new)"
2026-03-09T09:13:38.606249,RX,COM6,0x0205b887,0x2,0x05,0x2e,0x2,7,00 00 00 00 00 00 00 00,"Status frame 2 (new)"
2026-03-09T09:13:38.608734,RX,COM6,0x0205b8c7,0x2,0x05,0x2e,0x3,7,3b 00 00 00 e0 5f 95 3e,"Status frame 3 (new)"
2026-03-09T09:13:38.608734,RX,COM6,0x0205b907,0x2,0x05,0x2e,0x4,7,00 00 00 00 00 00 00 00,"Status frame 4 (new)"
2026-03-09T09:13:38.614066,HEARTBEAT,COM6,0x01011840,0x1,0x01,0x6,0x1,0,89 45 00 00 00 10 00 00,"Heartbeat"
2026-03-09T09:13:38.614066,RX,COM6,0x0205b947,0x2,0x05,0x2e,0x5,7,00 00 00 00 00 00 00 00,"Status frame 5 (new)"
2026-03-09T09:13:38.614066,RX,COM6,0x0205b987,0x2,0x05,0x2e,0x6,7,00 00 ff ff 01 00 00 00,"Status frame 6 (new)"
2026-03-09T09:13:38.616590,RX,COM6,0x0205b847,0x2,0x05,0x2e,0x1,7,00 00 00 24 00 01 00 00,"Status frame 1 (new)"
2026-03-09T09:13:38.629178,RX,COM6,0x0205b807,0x2,0x05,0x2e,0x0,7,00 00 42 0b 00 00 80 00,"Status frame 0 (new)"
2026-03-09T09:13:38.629178,RX,COM6,0x0205b887,0x2,0x05,0x2e,0x2,7,00 00 00 00 00 00 00 00,"Status frame 2 (new)"
2026-03-09T09:13:38.629178,RX,COM6,0x0205b8c7,0x2,0x05,0x2e,0x3,7,3b 00 00 00 20 51 94 3e,"Status frame 3 (new)"
2026-03-09T09:13:38.629178,RX,COM6,0x0205b907,0x2,0x05,0x2e,0x4,7,00 00 00 00 00 00 00 00,"Status frame 4 (new)"
2026-03-09T09:13:38.631170,HEARTBEAT,COM6,0x01011840,0x1,0x01,0x6,0x1,0,9b 45 00 00 00 10 00 00,"Heartbeat"
2026-03-09T09:13:38.632170,RX,COM6,0x0205b947,0x2,0x05,0x2e,0x5,7,00 00 00 00 00 00 00 00,"Status frame 5 (new)"
2026-03-09T09:13:38.632674,RX,COM6,0x0205b987,0x2,0x05,0x2e,0x6,7,00 00 ff ff 01 00 00 00,"Status frame 6 (new)"
2026-03-09T09:13:38.646970,RX,COM6,0x0205b887,0x2,0x05,0x2e,0x2,7,00 00 00 00 00 00 00 00,"Status frame 2 (new)"
2026-03-09T09:13:38.646970,RX,COM6,0x0205b807,0x2,0x05,0x2e,0x0,7,00 00 43 0b 00 00 80 00,"Status frame 0 (new)"
2026-03-09T09:13:38.650993,RX,COM6,0x0205b8c7,0x2,0x05,0x2e,0x3,7,3b 04 00 00 46 ed 95 3e,"Status frame 3 (new)"
2026-03-09T09:13:38.650993,RX,COM6,0x0205b907,0x2,0x05,0x2e,0x4,7,00 00 00 00 00 00 00 00,"Status frame 4 (new)"
2026-03-09T09:13:38.650993,RX,COM6,0x0205b947,0x2,0x05,0x2e,0x5,7,00 00 00 00 00 00 00 00,"Status frame 5 (new)"
2026-03-09T09:13:38.651993,HEARTBEAT,COM6,0x01011840,0x1,0x01,0x6,0x1,0,af 45 00 00 00 10 00 00,"Heartbeat"
2026-03-09T09:13:38.651993,RX,COM6,0x0205b987,0x2,0x05,0x2e,0x6,7,00 00 ff ff 01 00 00 00,"Status frame 6 (new)"
2026-03-09T09:13:38.666720,RX,COM6,0x0205b807,0x2,0x05,0x2e,0x0,7,00 00 33 0b 00 00 80 00,"Status frame 0 (new)"
2026-03-09T09:13:38.666720,RX,COM6,0x0205b887,0x2,0x05,0x2e,0x2,7,00 00 00 00 00 00 00 00,"Status frame 2 (new)"
2026-03-09T09:13:38.669142,RX,COM6,0x0205b8c7,0x2,0x05,0x2e,0x3,7,3b 00 00 00 49 60 96 3e,"Status frame 3 (new)"
2026-03-09T09:13:38.669142,RX,COM6,0x0205b907,0x2,0x05,0x2e,0x4,7,00 00 00 00 00 00 00 00,"Status frame 4 (new)"
2026-03-09T09:13:38.674645,RX,COM6,0x0205b947,0x2,0x05,0x2e,0x5,7,00 00 00 00 00 00 00 00,"Status frame 5 (new)"
2026-03-09T09:13:38.674645,HEARTBEAT,COM6,0x01011840,0x1,0x01,0x6,0x1,0,c6 45 00 00 00 10 00 00,"Heartbeat"
2026-03-09T09:13:38.674645,RX,COM6,0x0205b987,0x2,0x05,0x2e,0x6,7,00 00 ff ff 01 00 00 00,"Status frame 6 (new)"
2026-03-09T09:13:38.690436,RX,COM6,0x0205b807,0x2,0x05,0x2e,0x0,7,00 00 41 0b 00 00 80 00,"Status frame 0 (new)"
2026-03-09T09:13:38.690436,RX,COM6,0x0205b887,0x2,0x05,0x2e,0x2,7,00 00 00 00 00 00 00 00,"Status frame 2 (new)"
2026-03-09T09:13:38.690436,RX,COM6,0x0205b8c7,0x2,0x05,0x2e,0x3,7,3b 00 00 00 a9 8e 95 3e,"Status frame 3 (new)"
2026-03-09T09:13:38.690436,RX,COM6,0x0205b907,0x2,0x05,0x2e,0x4,7,00 00 00 00 00 00 00 00,"Status frame 4 (new)"
2026-03-09T09:13:38.690436,RX,COM6,0x0205b947,0x2,0x05,0x2e,0x5,7,00 00 00 00 00 00 00 00,"Status frame 5 (new)"
2026-03-09T09:13:38.691435,HEARTBEAT,COM6,0x01011840,0x1,0x01,0x6,0x1,0,d6 45 00 00 00 10 00 00,"Heartbeat"
2026-03-09T09:13:38.692437,RX,COM6,0x0205b987,0x2,0x05,0x2e,0x6,7,00 00 ff ff 01 00 00 00,"Status frame 6 (new)"
2026-03-09T09:13:38.707496,RX,COM6,0x0205b887,0x2,0x05,0x2e,0x2,7,00 00 00 00 00 00 00 00,"Status frame 2 (new)"
2026-03-09T09:13:38.707496,RX,COM6,0x0205b807,0x2,0x05,0x2e,0x0,7,00 00 43 0b 00 00 80 00,"Status frame 0 (new)"
2026-03-09T09:13:38.708501,RX,COM6,0x0205b8c7,0x2,0x05,0x2e,0x3,7,3b 00 00 00 db 91 95 3e,"Status frame 3 (new)"
2026-03-09T09:13:38.708501,RX,COM6,0x0205b907,0x2,0x05,0x2e,0x4,7,00 00 00 00 00 00 00 00,"Status frame 4 (new)"
2026-03-09T09:13:38.710492,HEARTBEAT,COM6,0x01011840,0x1,0x01,0x6,0x1,0,e9 45 00 00 00 10 00 00,"Heartbeat"
2026-03-09T09:13:38.710492,RX,COM6,0x0205b947,0x2,0x05,0x2e,0x5,7,00 00 00 00 00 00 00 00,"Status frame 5 (new)"
2026-03-09T09:13:38.712499,RX,COM6,0x0205b987,0x2,0x05,0x2e,0x6,7,00 00 ff ff 01 00 00 00,"Status frame 6 (new)"
2026-03-09T09:13:38.727058,RX,COM6,0x0205b807,0x2,0x05,0x2e,0x0,7,00 00 3d 0b 00 00 80 00,"Status frame 0 (new)"
2026-03-09T09:13:38.727058,RX,COM6,0x0205b887,0x2,0x05,0x2e,0x2,7,00 00 00 00 00 00 00 00,"Status frame 2 (new)"
2026-03-09T09:13:38.729078,RX,COM6,0x0205b8c7,0x2,0x05,0x2e,0x3,7,3b 00 00 00 ba ad 95 3e,"Status frame 3 (new)"
2026-03-09T09:13:38.729078,RX,COM6,0x0205b907,0x2,0x05,0x2e,0x4,7,00 00 00 00 00 00 00 00,"Status frame 4 (new)"
2026-03-09T09:13:38.731068,HEARTBEAT,COM6,0x01011840,0x1,0x01,0x6,0x1,0,fe 45 00 00 00 10 00 00,"Heartbeat"
2026-03-09T09:13:38.731068,RX,COM6,0x0205b947,0x2,0x05,0x2e,0x5,7,00 00 00 00 00 00 00 00,"Status frame 5 (new)"
2026-03-09T09:13:38.732594,RX,COM6,0x0205b987,0x2,0x05,0x2e,0x6,7,00 00 ff ff 01 00 00 00,"Status frame 6 (new)"
2026-03-09T09:13:38.746707,RX,COM6,0x0205b807,0x2,0x05,0x2e,0x0,7,00 00 40 0b 00 00 80 00,"Status frame 0 (new)"
2026-03-09T09:13:38.746707,RX,COM6,0x0205b887,0x2,0x05,0x2e,0x2,7,00 00 00 00 00 00 00 00,"Status frame 2 (new)"
2026-03-09T09:13:38.748726,RX,COM6,0x0205b8c7,0x2,0x05,0x2e,0x3,7,3b 00 00 00 26 b8 95 3e,"Status frame 3 (new)"
2026-03-09T09:13:38.748726,RX,COM6,0x0205b907,0x2,0x05,0x2e,0x4,7,00 00 00 00 00 00 00 00,"Status frame 4 (new)"
2026-03-09T09:13:38.751578,RX,COM6,0x0205b947,0x2,0x05,0x2e,0x5,7,00 00 00 00 00 00 00 00,"Status frame 5 (new)"
2026-03-09T09:13:38.752611,HEARTBEAT,COM6,0x01011840,0x1,0x01,0x6,0x1,0,13 46 00 00 00 10 00 00,"Heartbeat"
2026-03-09T09:13:38.752611,RX,COM6,0x0205b987,0x2,0x05,0x2e,0x6,7,00 00 ff ff 01 00 00 00,"Status frame 6 (new)"
2026-03-09T09:13:38.767321,RX,COM6,0x0205b807,0x2,0x05,0x2e,0x0,7,00 00 3c 0b 00 00 80 00,"Status frame 0 (new)"
2026-03-09T09:13:38.767321,RX,COM6,0x0205b887,0x2,0x05,0x2e,0x2,7,00 00 00 00 00 00 00 00,"Status frame 2 (new)"
2026-03-09T09:13:38.768319,RX,COM6,0x0205b8c7,0x2,0x05,0x2e,0x3,7,3c 00 00 00 b4 67 96 3e,"Status frame 3 (new)"
2026-03-09T09:13:38.769318,RX,COM6,0x0205b907,0x2,0x05,0x2e,0x4,7,00 00 00 00 00 00 00 00,"Status frame 4 (new)"
2026-03-09T09:13:38.774323,RX,COM6,0x0205b947,0x2,0x05,0x2e,0x5,7,00 00 00 00 00 00 00 00,"Status frame 5 (new)"
2026-03-09T09:13:38.774323,HEARTBEAT,COM6,0x01011840,0x1,0x01,0x6,0x1,0,2a 46 00 00 00 10 00 00,"Heartbeat"
2026-03-09T09:13:38.774323,RX,COM6,0x0205b987,0x2,0x05,0x2e,0x6,7,00 00 ff ff 01 00 00 00,"Status frame 6 (new)"
2026-03-09T09:13:38.790399,RX,COM6,0x0205b807,0x2,0x05,0x2e,0x0,7,00 00 45 0b 00 00 80 00,"Status frame 0 (new)"
2026-03-09T09:13:38.790399,RX,COM6,0x0205b887,0x2,0x05,0x2e,0x2,7,00 00 00 00 00 00 00 00,"Status frame 2 (new)"
2026-03-09T09:13:38.791404,RX,COM6,0x0205b8c7,0x2,0x05,0x2e,0x3,7,3c 04 00 00 eb a2 97 3e,"Status frame 3 (new)"
2026-03-09T09:13:38.791404,RX,COM6,0x0205b907,0x2,0x05,0x2e,0x4,7,00 00 00 00 00 00 00 00,"Status frame 4 (new)"
2026-03-09T09:13:38.791404,HEARTBEAT,COM6,0x01011840,0x1,0x01,0x6,0x1,0,3a 46 00 00 00 10 00 00,"Heartbeat"
2026-03-09T09:13:38.791404,RX,COM6,0x0205b947,0x2,0x05,0x2e,0x5,7,00 00 00 00 00 00 00 00,"Status frame 5 (new)"
2026-03-09T09:13:38.792398,RX,COM6,0x0205b987,0x2,0x05,0x2e,0x6,7,00 00 ff ff 01 00 00 00,"Status frame 6 (new)"
2026-03-09T09:13:38.806430,RX,COM6,0x0205b807,0x2,0x05,0x2e,0x0,7,00 00 3d 0b 00 00 80 00,"Status frame 0 (new)"
2026-03-09T09:13:38.807443,RX,COM6,0x0205b887,0x2,0x05,0x2e,0x2,7,00 00 00 00 00 00 00 00,"Status frame 2 (new)"
2026-03-09T09:13:38.811982,RX,COM6,0x0205b8c7,0x2,0x05,0x2e,0x3,7,3b 00 00 00 00 4d 95 3e,"Status frame 3 (new)"
2026-03-09T09:13:38.811982,RX,COM6,0x0205b907,0x2,0x05,0x2e,0x4,7,00 00 00 00 00 00 00 00,"Status frame 4 (new)"
2026-03-09T09:13:38.811982,RX,COM6,0x0205b947,0x2,0x05,0x2e,0x5,7,00 00 00 00 00 00 00 00,"Status frame 5 (new)"
2026-03-09T09:13:38.811982,HEARTBEAT,COM6,0x01011840,0x1,0x01,0x6,0x1,0,4f 46 00 00 00 10 00 00,"Heartbeat"
2026-03-09T09:13:38.814985,RX,COM6,0x0205b987,0x2,0x05,0x2e,0x6,7,00 00 ff ff 01 00 00 00,"Status frame 6 (new)"
2026-03-09T09:13:38.827100,RX,COM6,0x0205b807,0x2,0x05,0x2e,0x0,7,00 00 45 0b 00 00 80 00,"Status frame 0 (new)"
2026-03-09T09:13:38.827100,RX,COM6,0x0205b887,0x2,0x05,0x2e,0x2,7,00 00 00 00 00 00 00 00,"Status frame 2 (new)"
2026-03-09T09:13:38.828632,RX,COM6,0x0205b8c7,0x2,0x05,0x2e,0x3,7,3b 00 00 00 a2 01 96 3e,"Status frame 3 (new)"
2026-03-09T09:13:38.828632,RX,COM6,0x0205b907,0x2,0x05,0x2e,0x4,7,00 00 00 00 00 00 00 00,"Status frame 4 (new)"
2026-03-09T09:13:38.830650,HEARTBEAT,COM6,0x01011840,0x1,0x01,0x6,0x1,0,61 46 00 00 00 10 00 00,"Heartbeat"
2026-03-09T09:13:38.830650,RX,COM6,0x0205b947,0x2,0x05,0x2e,0x5,7,00 00 00 00 00 00 00 00,"Status frame 5 (new)"
2026-03-09T09:13:38.833160,RX,COM6,0x0205b987,0x2,0x05,0x2e,0x6,7,00 00 ff ff 01 00 00 00,"Status frame 6 (new)"
2026-03-09T09:13:38.847293,RX,COM6,0x0205b807,0x2,0x05,0x2e,0x0,7,00 00 45 0b 00 00 80 00,"Status frame 0 (new)"
2026-03-09T09:13:38.847293,RX,COM6,0x0205b887,0x2,0x05,0x2e,0x2,7,00 00 00 00 00 00 00 00,"Status frame 2 (new)"
2026-03-09T09:13:38.848293,RX,COM6,0x0205b8c7,0x2,0x05,0x2e,0x3,7,3b 00 00 00 ed 26 96 3e,"Status frame 3 (new)"
2026-03-09T09:13:38.848293,RX,COM6,0x0205b907,0x2,0x05,0x2e,0x4,7,00 00 00 00 00 00 00 00,"Status frame 4 (new)"
2026-03-09T09:13:38.854827,HEARTBEAT,COM6,0x01011840,0x1,0x01,0x6,0x1,0,7a 46 00 00 00 10 00 00,"Heartbeat"
2026-03-09T09:13:38.854827,RX,COM6,0x0205b947,0x2,0x05,0x2e,0x5,7,00 00 00 00 00 00 00 00,"Status frame 5 (new)"
2026-03-09T09:13:38.854827,RX,COM6,0x0205b987,0x2,0x05,0x2e,0x6,7,00 00 ff ff 01 00 00 00,"Status frame 6 (new)"
2026-03-09T09:13:38.869901,RX,COM6,0x0205b807,0x2,0x05,0x2e,0x0,7,00 00 40 0b 00 00 80 00,"Status frame 0 (new)"
2026-03-09T09:13:38.869901,RX,COM6,0x0205b847,0x2,0x05,0x2e,0x1,7,00 00 00 24 00 01 00 00,"Status frame 1 (new)"
2026-03-09T09:13:38.869901,RX,COM6,0x0205b887,0x2,0x05,0x2e,0x2,7,00 00 00 00 00 00 00 00,"Status frame 2 (new)"
2026-03-09T09:13:38.869901,RX,COM6,0x0205b8c7,0x2,0x05,0x2e,0x3,7,3b 00 00 00 fd 05 96 3e,"Status frame 3 (new)"
2026-03-09T09:13:38.869901,RX,COM6,0x0205b907,0x2,0x05,0x2e,0x4,7,00 00 00 00 00 00 00 00,"Status frame 4 (new)"
2026-03-09T09:13:38.869901,RX,COM6,0x0205bc07,0x2,0x05,0x2f,0x0,7,12 e2 2e be 00 00 00 00,"DATA apiClass=0x2f apiIndex=0x0"
2026-03-09T09:13:38.870901,HEARTBEAT,COM6,0x01011840,0x1,0x01,0x6,0x1,0,8a 46 00 00 00 10 00 00,"Heartbeat"
2026-03-09T09:13:38.870901,RX,COM6,0x0205b947,0x2,0x05,0x2e,0x5,7,00 00 00 00 00 00 00 00,"Status frame 5 (new)"
2026-03-09T09:13:38.872901,RX,COM6,0x0205b987,0x2,0x05,0x2e,0x6,7,00 00 ff ff 01 00 00 00,"Status frame 6 (new)"
2026-03-09T09:13:38.886694,RX,COM6,0x0205b807,0x2,0x05,0x2e,0x0,7,00 00 44 0b 00 00 80 00,"Status frame 0 (new)"
2026-03-09T09:13:38.886694,RX,COM6,0x0205b887,0x2,0x05,0x2e,0x2,7,00 00 00 00 00 00 00 00,"Status frame 2 (new)"
2026-03-09T09:13:38.888709,RX,COM6,0x0205b8c7,0x2,0x05,0x2e,0x3,7,3b 00 00 00 8d d1 95 3e,"Status frame 3 (new)"
2026-03-09T09:13:38.888709,RX,COM6,0x0205b907,0x2,0x05,0x2e,0x4,7,00 00 00 00 00 00 00 00,"Status frame 4 (new)"
2026-03-09T09:13:38.891244,RX,COM6,0x0205b947,0x2,0x05,0x2e,0x5,7,00 00 00 00 00 00 00 00,"Status frame 5 (new)"
2026-03-09T09:13:38.895249,HEARTBEAT,COM6,0x01011840,0x1,0x01,0x6,0x1,0,a2 46 00 00 00 10 00 00,"Heartbeat"
2026-03-09T09:13:38.895249,RX,COM6,0x0205b987,0x2,0x05,0x2e,0x6,7,00 00 ff ff 01 00 00 00,"Status frame 6 (new)"
2026-03-09T09:13:38.908925,RX,COM6,0x0205b807,0x2,0x05,0x2e,0x0,7,00 00 3d 0b 00 00 80 00,"Status frame 0 (new)"
2026-03-09T09:13:38.908925,RX,COM6,0x0205b887,0x2,0x05,0x2e,0x2,7,00 00 00 00 00 00 00 00,"Status frame 2 (new)"
2026-03-09T09:13:38.908925,RX,COM6,0x0205b8c7,0x2,0x05,0x2e,0x3,7,3c 00 00 00 67 77 96 3e,"Status frame 3 (new)"
2026-03-09T09:13:38.908925,RX,COM6,0x0205b907,0x2,0x05,0x2e,0x4,7,00 00 00 00 00 00 00 00,"Status frame 4 (new)"
2026-03-09T09:13:38.910917,HEARTBEAT,COM6,0x01011840,0x1,0x01,0x6,0x1,0,b2 46 00 00 00 10 00 00,"Heartbeat"
2026-03-09T09:13:38.910917,RX,COM6,0x0205b947,0x2,0x05,0x2e,0x5,7,00 00 00 00 00 00 00 00,"Status frame 5 (new)"
2026-03-09T09:13:38.912917,RX,COM6,0x0205b987,0x2,0x05,0x2e,0x6,7,00 00 ff ff 01 00 00 00,"Status frame 6 (new)"
2026-03-09T09:13:38.926991,RX,COM6,0x0205b807,0x2,0x05,0x2e,0x0,7,00 00 42 0b 00 00 80 00,"Status frame 0 (new)"
2026-03-09T09:13:38.926991,RX,COM6,0x0205b887,0x2,0x05,0x2e,0x2,7,00 00 00 00 00 00 00 00,"Status frame 2 (new)"
2026-03-09T09:13:38.929002,RX,COM6,0x0205b8c7,0x2,0x05,0x2e,0x3,7,3c 00 00 00 f4 60 97 3e,"Status frame 3 (new)"
2026-03-09T09:13:38.929002,RX,COM6,0x0205b907,0x2,0x05,0x2e,0x4,7,00 00 00 00 00 00 00 00,"Status frame 4 (new)"
2026-03-09T09:13:38.931008,HEARTBEAT,COM6,0x01011840,0x1,0x01,0x6,0x1,0,c6 46 00 00 00 10 00 00,"Heartbeat"
2026-03-09T09:13:38.931008,RX,COM6,0x0205b947,0x2,0x05,0x2e,0x5,7,00 00 00 00 00 00 00 00,"Status frame 5 (new)"
2026-03-09T09:13:38.934548,RX,COM6,0x0205b987,0x2,0x05,0x2e,0x6,7,00 00 ff ff 01 00 00 00,"Status frame 6 (new)"
2026-03-09T09:13:38.947100,RX,COM6,0x0205b807,0x2,0x05,0x2e,0x0,7,00 00 41 0b 00 00 80 00,"Status frame 0 (new)"
2026-03-09T09:13:38.947100,RX,COM6,0x0205b887,0x2,0x05,0x2e,0x2,7,00 00 00 00 00 00 00 00,"Status frame 2 (new)"
2026-03-09T09:13:38.949119,RX,COM6,0x0205b8c7,0x2,0x05,0x2e,0x3,7,3b 00 00 00 58 61 96 3e,"Status frame 3 (new)"
2026-03-09T09:13:38.949119,RX,COM6,0x0205b907,0x2,0x05,0x2e,0x4,7,00 00 00 00 00 00 00 00,"Status frame 4 (new)"
2026-03-09T09:13:38.951149,RX,COM6,0x0205b947,0x2,0x05,0x2e,0x5,7,00 00 00 00 00 00 00 00,"Status frame 5 (new)"
2026-03-09T09:13:38.951149,HEARTBEAT,COM6,0x01011840,0x1,0x01,0x6,0x1,0,da 46 00 00 00 10 00 00,"Heartbeat"
2026-03-09T09:13:38.953215,RX,COM6,0x0205b987,0x2,0x05,0x2e,0x6,7,00 00 ff ff 01 00 00 00,"Status frame 6 (new)"
2026-03-09T09:13:38.967382,RX,COM6,0x0205b807,0x2,0x05,0x2e,0x0,7,00 00 3f 0b 00 00 80 00,"Status frame 0 (new)"
2026-03-09T09:13:38.967382,RX,COM6,0x0205b887,0x2,0x05,0x2e,0x2,7,00 00 00 00 00 00 00 00,"Status frame 2 (new)"
2026-03-09T09:13:38.969730,RX,COM6,0x0205b8c7,0x2,0x05,0x2e,0x3,7,3c 00 00 00 f0 aa 96 3e,"Status frame 3 (new)"
2026-03-09T09:13:38.969730,RX,COM6,0x0205b907,0x2,0x05,0x2e,0x4,7,00 00 00 00 00 00 00 00,"Status frame 4 (new)"
2026-03-09T09:13:38.970730,RX,COM6,0x0205b947,0x2,0x05,0x2e,0x5,7,00 00 00 00 00 00 00 00,"Status frame 5 (new)"
2026-03-09T09:13:38.971730,HEARTBEAT,COM6,0x01011840,0x1,0x01,0x6,0x1,0,ee 46 00 00 00 10 00 00,"Heartbeat"
2026-03-09T09:13:38.972726,RX,COM6,0x0205b987,0x2,0x05,0x2e,0x6,7,00 00 ff ff 01 00 00 00,"Status frame 6 (new)"
2026-03-09T09:13:38.986433,RX,COM6,0x0205b807,0x2,0x05,0x2e,0x0,7,00 00 40 0b 00 00 80 00,"Status frame 0 (new)"
2026-03-09T09:13:38.986433,RX,COM6,0x0205b887,0x2,0x05,0x2e,0x2,7,00 00 00 00 00 00 00 00,"Status frame 2 (new)"
2026-03-09T09:13:38.988983,RX,COM6,0x0205b8c7,0x2,0x05,0x2e,0x3,7,3b 00 00 00 aa 31 96 3e,"Status frame 3 (new)"
2026-03-09T09:13:38.988983,RX,COM6,0x0205b907,0x2,0x05,0x2e,0x4,7,00 00 00 00 00 00 00 00,"Status frame 4 (new)"
2026-03-09T09:13:38.990977,HEARTBEAT,COM6,0x01011840,0x1,0x01,0x6,0x1,0,02 47 00 00 00 10 00 00,"Heartbeat"
2026-03-09T09:13:38.990977,RX,COM6,0x0205b947,0x2,0x05,0x2e,0x5,7,00 00 00 00 00 00 00 00,"Status frame 5 (new)"
2026-03-09T09:13:38.992976,RX,COM6,0x0205b987,0x2,0x05,0x2e,0x6,7,00 00 ff ff 01 00 00 00,"Status frame 6 (new)"
2026-03-09T09:13:39.006547,RX,COM6,0x0205b807,0x2,0x05,0x2e,0x0,7,00 00 1a 0b 00 00 80 00,"Status frame 0 (new)"
2026-03-09T09:13:39.006547,RX,COM6,0x0205b887,0x2,0x05,0x2e,0x2,7,00 00 00 00 00 00 00 00,"Status frame 2 (new)"
2026-03-09T09:13:39.009068,RX,COM6,0x0205b8c7,0x2,0x05,0x2e,0x3,7,3b 00 00 00 f9 be 95 3e,"Status frame 3 (new)"
2026-03-09T09:13:39.009068,RX,COM6,0x0205b907,0x2,0x05,0x2e,0x4,7,00 00 00 00 00 00 00 00,"Status frame 4 (new)"
2026-03-09T09:13:39.011077,RX,COM6,0x0205b947,0x2,0x05,0x2e,0x5,7,00 00 00 00 00 00 00 00,"Status frame 5 (new)"
2026-03-09T09:13:39.011077,HEARTBEAT,COM6,0x01011840,0x1,0x01,0x6,0x1,0,16 47 00 00 00 10 00 00,"Heartbeat"
2026-03-09T09:13:39.013087,RX,COM6,0x0205b987,0x2,0x05,0x2e,0x6,7,00 00 ff ff 01 00 00 00,"Status frame 6 (new)"
2026-03-09T09:13:39.027178,RX,COM6,0x0205b807,0x2,0x05,0x2e,0x0,7,00 00 46 0b 00 00 80 00,"Status frame 0 (new)"
2026-03-09T09:13:39.027178,RX,COM6,0x0205b887,0x2,0x05,0x2e,0x2,7,00 00 00 00 00 00 00 00,"Status frame 2 (new)"
2026-03-09T09:13:39.029194,RX,COM6,0x0205b8c7,0x2,0x05,0x2e,0x3,7,3b 00 00 00 b9 0f 96 3e,"Status frame 3 (new)"
2026-03-09T09:13:39.029194,RX,COM6,0x0205b907,0x2,0x05,0x2e,0x4,7,00 00 00 00 00 00 00 00,"Status frame 4 (new)"
2026-03-09T09:13:39.031191,RX,COM6,0x0205b947,0x2,0x05,0x2e,0x5,7,00 00 00 00 00 00 00 00,"Status frame 5 (new)"
2026-03-09T09:13:39.031191,HEARTBEAT,COM6,0x01011840,0x1,0x01,0x6,0x1,0,2a 47 00 00 00 10 00 00,"Heartbeat"
2026-03-09T09:13:39.032710,RX,COM6,0x0205b987,0x2,0x05,0x2e,0x6,7,00 00 ff ff 01 00 00 00,"Status frame 6 (new)"
2026-03-09T09:13:39.046822,RX,COM6,0x0205b807,0x2,0x05,0x2e,0x0,7,00 00 43 0b 00 00 80 00,"Status frame 0 (new)"
2026-03-09T09:13:39.046822,RX,COM6,0x0205b887,0x2,0x05,0x2e,0x2,7,00 00 00 00 00 00 00 00,"Status frame 2 (new)"
2026-03-09T09:13:39.048838,RX,COM6,0x0205b8c7,0x2,0x05,0x2e,0x3,7,3c 00 00 00 f0 bd 96 3e,"Status frame 3 (new)"
2026-03-09T09:13:39.049847,RX,COM6,0x0205b907,0x2,0x05,0x2e,0x4,7,00 00 00 00 00 00 00 00,"Status frame 4 (new)"
2026-03-09T09:13:39.050844,RX,COM6,0x0205b947,0x2,0x05,0x2e,0x5,7,00 00 00 00 00 00 00 00,"Status frame 5 (new)"
2026-03-09T09:13:39.051839,HEARTBEAT,COM6,0x01011840,0x1,0x01,0x6,0x1,0,3e 47 00 00 00 10 00 00,"Heartbeat"
2026-03-09T09:13:39.052839,RX,COM6,0x0205b987,0x2,0x05,0x2e,0x6,7,00 00 ff ff 01 00 00 00,"Status frame 6 (new)"
2026-03-09T09:13:39.066406,RX,COM6,0x0205b807,0x2,0x05,0x2e,0x0,7,00 00 42 0b 00 00 80 00,"Status frame 0 (new)"
2026-03-09T09:13:39.066406,RX,COM6,0x0205b887,0x2,0x05,0x2e,0x2,7,00 00 00 00 00 00 00 00,"Status frame 2 (new)"
2026-03-09T09:13:39.068424,RX,COM6,0x0205b8c7,0x2,0x05,0x2e,0x3,7,3b 00 00 00 f7 52 96 3e,"Status frame 3 (new)"
2026-03-09T09:13:39.068424,RX,COM6,0x0205b907,0x2,0x05,0x2e,0x4,7,00 00 00 00 00 00 00 00,"Status frame 4 (new)"
2026-03-09T09:13:39.070424,RX,COM6,0x0205b947,0x2,0x05,0x2e,0x5,7,00 00 00 00 00 00 00 00,"Status frame 5 (new)"
2026-03-09T09:13:39.071417,HEARTBEAT,COM6,0x01011840,0x1,0x01,0x6,0x1,0,52 47 00 00 00 10 00 00,"Heartbeat"
2026-03-09T09:13:39.072431,RX,COM6,0x0205b987,0x2,0x05,0x2e,0x6,7,00 00 ff ff 01 00 00 00,"Status frame 6 (new)"
2026-03-09T09:13:39.086523,RX,COM6,0x0205b807,0x2,0x05,0x2e,0x0,7,00 00 49 0b 00 00 80 00,"Status frame 0 (new)"
2026-03-09T09:13:39.086523,RX,COM6,0x0205b887,0x2,0x05,0x2e,0x2,7,00 00 00 00 00 00 00 00,"Status frame 2 (new)"
2026-03-09T09:13:39.088536,RX,COM6,0x0205b8c7,0x2,0x05,0x2e,0x3,7,3c 00 00 00 9a 77 97 3e,"Status frame 3 (new)"
2026-03-09T09:13:39.088536,RX,COM6,0x0205b907,0x2,0x05,0x2e,0x4,7,00 00 00 00 00 00 00 00,"Status frame 4 (new)"
2026-03-09T09:13:39.091072,RX,COM6,0x0205b947,0x2,0x05,0x2e,0x5,7,00 00 00 00 00 00 00 00,"Status frame 5 (new)"
2026-03-09T09:13:39.092072,HEARTBEAT,COM6,0x01011840,0x1,0x01,0x6,0x1,0,67 47 00 00 00 10 00 00,"Heartbeat"
2026-03-09T09:13:39.093072,RX,COM6,0x0205b987,0x2,0x05,0x2e,0x6,7,00 00 ff ff 01 00 00 00,"Status frame 6 (new)"
2026-03-09T09:13:39.107028,RX,COM6,0x0205b807,0x2,0x05,0x2e,0x0,7,00 00 fb 0a 00 00 80 00,"Status frame 0 (new)"
2026-03-09T09:13:39.107028,RX,COM6,0x0205b887,0x2,0x05,0x2e,0x2,7,00 00 00 00 00 00 00 00,"Status frame 2 (new)"
2026-03-09T09:13:39.112033,RX,COM6,0x0205b8c7,0x2,0x05,0x2e,0x3,7,3b 00 00 00 9f 67 96 3e,"Status frame 3 (new)"
2026-03-09T09:13:39.112033,RX,COM6,0x0205b907,0x2,0x05,0x2e,0x4,7,00 00 00 00 00 00 00 00,"Status frame 4 (new)"
2026-03-09T09:13:39.112033,RX,COM6,0x0205b947,0x2,0x05,0x2e,0x5,7,00 00 00 00 00 00 00 00,"Status frame 5 (new)"
2026-03-09T09:13:39.112033,HEARTBEAT,COM6,0x01011840,0x1,0x01,0x6,0x1,0,7b 47 00 00 00 10 00 00,"Heartbeat"
2026-03-09T09:13:39.113036,RX,COM6,0x0205b987,0x2,0x05,0x2e,0x6,7,00 00 ff ff 01 00 00 00,"Status frame 6 (new)"
2026-03-09T09:13:39.116579,RX,COM6,0x0205b847,0x2,0x05,0x2e,0x1,7,00 00 00 24 00 01 00 00,"Status frame 1 (new)"
2026-03-09T09:13:39.127111,RX,COM6,0x0205b887,0x2,0x05,0x2e,0x2,7,00 00 00 00 00 00 00 00,"Status frame 2 (new)"
2026-03-09T09:13:39.127111,RX,COM6,0x0205b807,0x2,0x05,0x2e,0x0,7,00 00 47 0b 00 00 80 00,"Status frame 0 (new)"
2026-03-09T09:13:39.129130,RX,COM6,0x0205b8c7,0x2,0x05,0x2e,0x3,7,3b 00 00 00 5e 27 95 3e,"Status frame 3 (new)"
2026-03-09T09:13:39.129130,RX,COM6,0x0205b907,0x2,0x05,0x2e,0x4,7,00 00 00 00 00 00 00 00,"Status frame 4 (new)"
2026-03-09T09:13:39.131129,RX,COM6,0x0205b947,0x2,0x05,0x2e,0x5,7,00 00 00 00 00 00 00 00,"Status frame 5 (new)"
2026-03-09T09:13:39.131129,HEARTBEAT,COM6,0x01011840,0x1,0x01,0x6,0x1,0,8e 47 00 00 00 10 00 00,"Heartbeat"
2026-03-09T09:13:39.132648,RX,COM6,0x0205b987,0x2,0x05,0x2e,0x6,7,00 00 ff ff 01 00 00 00,"Status frame 6 (new)"
2026-03-09T09:13:39.147269,RX,COM6,0x0205b807,0x2,0x05,0x2e,0x0,7,00 00 44 0b 00 00 80 00,"Status frame 0 (new)"
2026-03-09T09:13:39.147269,RX,COM6,0x0205b887,0x2,0x05,0x2e,0x2,7,00 00 00 00 00 00 00 00,"Status frame 2 (new)"
2026-03-09T09:13:39.148271,RX,COM6,0x0205b8c7,0x2,0x05,0x2e,0x3,7,3c 00 00 00 b5 89 96 3e,"Status frame 3 (new)"
2026-03-09T09:13:39.149258,RX,COM6,0x0205b907,0x2,0x05,0x2e,0x4,7,00 00 00 00 00 00 00 00,"Status frame 4 (new)"
2026-03-09T09:13:39.150774,RX,COM6,0x0205b947,0x2,0x05,0x2e,0x5,7,00 00 00 00 00 00 00 00,"Status frame 5 (new)"
2026-03-09T09:13:39.151795,HEARTBEAT,COM6,0x01011840,0x1,0x01,0x6,0x1,0,a2 47 00 00 00 10 00 00,"Heartbeat"
2026-03-09T09:13:39.152799,RX,COM6,0x0205b987,0x2,0x05,0x2e,0x6,7,00 00 ff ff 01 00 00 00,"Status frame 6 (new)"
2026-03-09T09:13:39.166845,RX,COM6,0x0205b807,0x2,0x05,0x2e,0x0,7,00 00 46 0b 00 00 80 00,"Status frame 0 (new)"
2026-03-09T09:13:39.166845,RX,COM6,0x0205b887,0x2,0x05,0x2e,0x2,7,00 00 00 00 00 00 00 00,"Status frame 2 (new)"
2026-03-09T09:13:39.169058,RX,COM6,0x0205b8c7,0x2,0x05,0x2e,0x3,7,3b 00 00 00 e3 4b 95 3e,"Status frame 3 (new)"
2026-03-09T09:13:39.169058,RX,COM6,0x0205b907,0x2,0x05,0x2e,0x4,7,00 00 00 00 00 00 00 00,"Status frame 4 (new)"
2026-03-09T09:13:39.171143,RX,COM6,0x0205b947,0x2,0x05,0x2e,0x5,7,00 00 00 00 00 00 00 00,"Status frame 5 (new)"
2026-03-09T09:13:39.171143,HEARTBEAT,COM6,0x01011840,0x1,0x01,0x6,0x1,0,b6 47 00 00 00 10 00 00,"Heartbeat"
2026-03-09T09:13:39.176121,RX,COM6,0x0205b987,0x2,0x05,0x2e,0x6,7,00 00 ff ff 01 00 00 00,"Status frame 6 (new)"
2026-03-09T09:13:39.187788,RX,COM6,0x0205b807,0x2,0x05,0x2e,0x0,7,00 00 47 0b 00 00 80 00,"Status frame 0 (new)"
2026-03-09T09:13:39.187788,RX,COM6,0x0205b887,0x2,0x05,0x2e,0x2,7,00 00 00 00 00 00 00 00,"Status frame 2 (new)"
2026-03-09T09:13:39.191793,RX,COM6,0x0205b8c7,0x2,0x05,0x2e,0x3,7,3b 00 00 00 22 1c 96 3e,"Status frame 3 (new)"
2026-03-09T09:13:39.191793,RX,COM6,0x0205b907,0x2,0x05,0x2e,0x4,7,00 00 00 00 00 00 00 00,"Status frame 4 (new)"
2026-03-09T09:13:39.191793,RX,COM6,0x0205b947,0x2,0x05,0x2e,0x5,7,00 00 00 00 00 00 00 00,"Status frame 5 (new)"
2026-03-09T09:13:39.191793,HEARTBEAT,COM6,0x01011840,0x1,0x01,0x6,0x1,0,cb 47 00 00 00 10 00 00,"Heartbeat"
2026-03-09T09:13:39.192863,RX,COM6,0x0205b987,0x2,0x05,0x2e,0x6,7,00 00 ff ff 01 00 00 00,"Status frame 6 (new)"
2026-03-09T09:13:39.208724,RX,COM6,0x0205b807,0x2,0x05,0x2e,0x0,7,00 00 1c 0b 00 00 80 00,"Status frame 0 (new)"
2026-03-09T09:13:39.208724,RX,COM6,0x0205b887,0x2,0x05,0x2e,0x2,7,00 00 00 00 00 00 00 00,"Status frame 2 (new)"
2026-03-09T09:13:39.208724,RX,COM6,0x0205b8c7,0x2,0x05,0x2e,0x3,7,3b 00 00 00 d1 cb 95 3e,"Status frame 3 (new)"
2026-03-09T09:13:39.208724,RX,COM6,0x0205b907,0x2,0x05,0x2e,0x4,7,00 00 00 00 00 00 00 00,"Status frame 4 (new)"
2026-03-09T09:13:39.210803,HEARTBEAT,COM6,0x01011840,0x1,0x01,0x6,0x1,0,dd 47 00 00 00 10 00 00,"Heartbeat"
2026-03-09T09:13:39.210803,RX,COM6,0x0205b947,0x2,0x05,0x2e,0x5,7,00 00 00 00 00 00 00 00,"Status frame 5 (new)"
2026-03-09T09:13:39.216234,RX,COM6,0x0205b987,0x2,0x05,0x2e,0x6,7,00 00 ff ff 01 00 00 00,"Status frame 6 (new)"
2026-03-09T09:13:39.226285,RX,COM6,0x0205b807,0x2,0x05,0x2e,0x0,7,00 00 45 0b 00 00 80 00,"Status frame 0 (new)"
2026-03-09T09:13:39.227292,RX,COM6,0x0205b887,0x2,0x05,0x2e,0x2,7,00 00 00 00 00 00 00 00,"Status frame 2 (new)"
2026-03-09T09:13:39.228831,RX,COM6,0x0205b8c7,0x2,0x05,0x2e,0x3,7,3b 00 00 00 2d 26 96 3e,"Status frame 3 (new)"
2026-03-09T09:13:39.228831,RX,COM6,0x0205b907,0x2,0x05,0x2e,0x4,7,00 00 00 00 00 00 00 00,"Status frame 4 (new)"
2026-03-09T09:13:39.230830,HEARTBEAT,COM6,0x01011840,0x1,0x01,0x6,0x1,0,f1 47 00 00 00 10 00 00,"Heartbeat"
2026-03-09T09:13:39.230830,RX,COM6,0x0205b947,0x2,0x05,0x2e,0x5,7,00 00 00 00 00 00 00 00,"Status frame 5 (new)"
2026-03-09T09:13:39.232464,RX,COM6,0x0205b987,0x2,0x05,0x2e,0x6,7,00 00 ff ff 01 00 00 00,"Status frame 6 (new)"
2026-03-09T09:13:39.246597,RX,COM6,0x0205b807,0x2,0x05,0x2e,0x0,7,00 00 46 0b 00 00 80 00,"Status frame 0 (new)"
2026-03-09T09:13:39.246597,RX,COM6,0x0205b887,0x2,0x05,0x2e,0x2,7,00 00 00 00 00 00 00 00,"Status frame 2 (new)"
2026-03-09T09:13:39.248606,RX,COM6,0x0205b8c7,0x2,0x05,0x2e,0x3,7,3b 00 00 00 97 12 96 3e,"Status frame 3 (new)"
2026-03-09T09:13:39.248606,RX,COM6,0x0205b907,0x2,0x05,0x2e,0x4,7,00 00 00 00 00 00 00 00,"Status frame 4 (new)"
2026-03-09T09:13:39.250605,RX,COM6,0x0205b947,0x2,0x05,0x2e,0x5,7,00 00 00 00 00 00 00 00,"Status frame 5 (new)"
2026-03-09T09:13:39.251605,HEARTBEAT,COM6,0x01011840,0x1,0x01,0x6,0x1,0,07 48 00 00 00 10 00 00,"Heartbeat"
2026-03-09T09:13:39.252605,RX,COM6,0x0205b987,0x2,0x05,0x2e,0x6,7,00 00 ff ff 01 00 00 00,"Status frame 6 (new)"
2026-03-09T09:13:39.267133,RX,COM6,0x0205b807,0x2,0x05,0x2e,0x0,7,00 00 4c 0b 00 00 80 00,"Status frame 0 (new)"
2026-03-09T09:13:39.267133,RX,COM6,0x0205b887,0x2,0x05,0x2e,0x2,7,00 00 00 00 00 00 00 00,"Status frame 2 (new)"
2026-03-09T09:13:39.272132,RX,COM6,0x0205b8c7,0x2,0x05,0x2e,0x3,7,3c 00 00 00 6f 51 97 3e,"Status frame 3 (new)"
2026-03-09T09:13:39.272132,RX,COM6,0x0205b907,0x2,0x05,0x2e,0x4,7,00 00 00 00 00 00 00 00,"Status frame 4 (new)"
2026-03-09T09:13:39.272132,HEARTBEAT,COM6,0x01011840,0x1,0x01,0x6,0x1,0,1b 48 00 00 00 10 00 00,"Heartbeat"
2026-03-09T09:13:39.272132,RX,COM6,0x0205b947,0x2,0x05,0x2e,0x5,7,00 00 00 00 00 00 00 00,"Status frame 5 (new)"
2026-03-09T09:13:39.273132,RX,COM6,0x0205b987,0x2,0x05,0x2e,0x6,7,00 00 ff ff 01 00 00 00,"Status frame 6 (new)"
2026-03-09T09:13:39.289187,RX,COM6,0x0205b807,0x2,0x05,0x2e,0x0,7,00 00 44 0b 00 00 80 00,"Status frame 0 (new)"
2026-03-09T09:13:39.289187,RX,COM6,0x0205b887,0x2,0x05,0x2e,0x2,7,00 00 00 00 00 00 00 00,"Status frame 2 (new)"
2026-03-09T09:13:39.290187,RX,COM6,0x0205b8c7,0x2,0x05,0x2e,0x3,7,3b 04 00 00 c4 5b 96 3e,"Status frame 3 (new)"
2026-03-09T09:13:39.290187,RX,COM6,0x0205b907,0x2,0x05,0x2e,0x4,7,00 00 00 00 00 00 00 00,"Status frame 4 (new)"
2026-03-09T09:13:39.291187,RX,COM6,0x0205b947,0x2,0x05,0x2e,0x5,7,00 00 00 00 00 00 00 00,"Status frame 5 (new)"
2026-03-09T09:13:39.291187,HEARTBEAT,COM6,0x01011840,0x1,0x01,0x6,0x1,0,2e 48 00 00 00 10 00 00,"Heartbeat"
2026-03-09T09:13:39.293188,RX,COM6,0x0205b987,0x2,0x05,0x2e,0x6,7,00 00 ff ff 01 00 00 00,"Status frame 6 (new)"
2026-03-09T09:13:39.307720,RX,COM6,0x0205b807,0x2,0x05,0x2e,0x0,7,00 00 33 0b 00 00 80 00,"Status frame 0 (new)"
2026-03-09T09:13:39.307720,RX,COM6,0x0205b887,0x2,0x05,0x2e,0x2,7,00 00 00 00 00 00 00 00,"Status frame 2 (new)"
2026-03-09T09:13:39.310723,RX,COM6,0x0205b8c7,0x2,0x05,0x2e,0x3,7,3c 00 00 00 75 18 97 3e,"Status frame 3 (new)"
2026-03-09T09:13:39.310723,RX,COM6,0x0205b907,0x2,0x05,0x2e,0x4,7,00 00 00 00 00 00 00 00,"Status frame 4 (new)"
2026-03-09T09:13:39.310723,RX,COM6,0x0205b947,0x2,0x05,0x2e,0x5,7,00 00 00 00 00 00 00 00,"Status frame 5 (new)"
2026-03-09T09:13:39.311729,HEARTBEAT,COM6,0x01011840,0x1,0x01,0x6,0x1,0,42 48 00 00 00 10 00 00,"Heartbeat"
2026-03-09T09:13:39.312786,RX,COM6,0x0205b987,0x2,0x05,0x2e,0x6,7,00 00 ff ff 01 00 00 00,"Status frame 6 (new)"
2026-03-09T09:13:39.327045,RX,COM6,0x0205b807,0x2,0x05,0x2e,0x0,7,00 00 4e 0b 00 00 80 00,"Status frame 0 (new)"
2026-03-09T09:13:39.328054,RX,COM6,0x0205b887,0x2,0x05,0x2e,0x2,7,00 00 00 00 00 00 00 00,"Status frame 2 (new)"
2026-03-09T09:13:39.330053,RX,COM6,0x0205b8c7,0x2,0x05,0x2e,0x3,7,3b 00 00 00 24 ca 95 3e,"Status frame 3 (new)"
2026-03-09T09:13:39.330053,RX,COM6,0x0205b907,0x2,0x05,0x2e,0x4,7,00 00 00 00 00 00 00 00,"Status frame 4 (new)"
2026-03-09T09:13:39.335081,HEARTBEAT,COM6,0x01011840,0x1,0x01,0x6,0x1,0,5a 48 00 00 00 10 00 00,"Heartbeat"
2026-03-09T09:13:39.335081,RX,COM6,0x0205b947,0x2,0x05,0x2e,0x5,7,00 00 00 00 00 00 00 00,"Status frame 5 (new)"
2026-03-09T09:13:39.335081,RX,COM6,0x0205b987,0x2,0x05,0x2e,0x6,7,00 00 ff ff 01 00 00 00,"Status frame 6 (new)"
2026-03-09T09:13:39.350935,RX,COM6,0x0205b807,0x2,0x05,0x2e,0x0,7,00 00 49 0b 00 00 80 00,"Status frame 0 (new)"
2026-03-09T09:13:39.350935,RX,COM6,0x0205b887,0x2,0x05,0x2e,0x2,7,00 00 00 00 00 00 00 00,"Status frame 2 (new)"
2026-03-09T09:13:39.350935,RX,COM6,0x0205b8c7,0x2,0x05,0x2e,0x3,7,3b 00 00 00 a4 0e 96 3e,"Status frame 3 (new)"
2026-03-09T09:13:39.350935,RX,COM6,0x0205b907,0x2,0x05,0x2e,0x4,7,00 00 00 00 00 00 00 00,"Status frame 4 (new)"
2026-03-09T09:13:39.350935,RX,COM6,0x0205b947,0x2,0x05,0x2e,0x5,7,00 00 00 00 00 00 00 00,"Status frame 5 (new)"
2026-03-09T09:13:39.352008,HEARTBEAT,COM6,0x01011840,0x1,0x01,0x6,0x1,0,6b 48 00 00 00 10 00 00,"Heartbeat"
2026-03-09T09:13:39.353015,RX,COM6,0x0205b987,0x2,0x05,0x2e,0x6,7,00 00 ff ff 01 00 00 00,"Status frame 6 (new)"
2026-03-09T09:13:39.367168,RX,COM6,0x0205b807,0x2,0x05,0x2e,0x0,7,00 00 49 0b 00 00 80 00,"Status frame 0 (new)"
2026-03-09T09:13:39.367168,RX,COM6,0x0205b847,0x2,0x05,0x2e,0x1,7,00 00 00 24 00 01 00 00,"Status frame 1 (new)"
2026-03-09T09:13:39.367168,RX,COM6,0x0205b887,0x2,0x05,0x2e,0x2,7,00 00 00 00 00 00 00 00,"Status frame 2 (new)"
2026-03-09T09:13:39.373160,RX,COM6,0x0205b8c7,0x2,0x05,0x2e,0x3,7,3b 00 00 00 af 18 96 3e,"Status frame 3 (new)"
2026-03-09T09:13:39.373160,RX,COM6,0x0205b907,0x2,0x05,0x2e,0x4,7,00 00 00 00 00 00 00 00,"Status frame 4 (new)"
2026-03-09T09:13:39.373160,RX,COM6,0x0205b947,0x2,0x05,0x2e,0x5,7,00 00 00 00 00 00 00 00,"Status frame 5 (new)"
2026-03-09T09:13:39.373160,HEARTBEAT,COM6,0x01011840,0x1,0x01,0x6,0x1,0,80 48 00 00 00 10 00 00,"Heartbeat"
2026-03-09T09:13:39.373160,RX,COM6,0x0205b987,0x2,0x05,0x2e,0x6,7,00 00 ff ff 01 00 00 00,"Status frame 6 (new)"
2026-03-09T09:13:39.388762,RX,COM6,0x0205b807,0x2,0x05,0x2e,0x0,7,00 00 47 0b 00 00 80 00,"Status frame 0 (new)"
2026-03-09T09:13:39.388762,RX,COM6,0x0205b887,0x2,0x05,0x2e,0x2,7,00 00 00 00 00 00 00 00,"Status frame 2 (new)"
2026-03-09T09:13:39.388762,RX,COM6,0x0205b8c7,0x2,0x05,0x2e,0x3,7,3b 00 00 00 b4 1d 96 3e,"Status frame 3 (new)"
2026-03-09T09:13:39.388762,RX,COM6,0x0205b907,0x2,0x05,0x2e,0x4,7,00 00 00 00 00 00 00 00,"Status frame 4 (new)"
2026-03-09T09:13:39.390774,RX,COM6,0x0205b947,0x2,0x05,0x2e,0x5,7,00 00 00 00 00 00 00 00,"Status frame 5 (new)"
2026-03-09T09:13:39.391773,HEARTBEAT,COM6,0x01011840,0x1,0x01,0x6,0x1,0,92 48 00 00 00 10 00 00,"Heartbeat"
2026-03-09T09:13:39.396625,RX,COM6,0x0205b987,0x2,0x05,0x2e,0x6,7,00 00 ff ff 01 00 00 00,"Status frame 6 (new)"
2026-03-09T09:13:39.407086,RX,COM6,0x0205b807,0x2,0x05,0x2e,0x0,7,00 00 47 0b 00 00 80 00,"Status frame 0 (new)"
2026-03-09T09:13:39.410081,RX,COM6,0x0205b887,0x2,0x05,0x2e,0x2,7,00 00 00 00 00 00 00 00,"Status frame 2 (new)"
2026-03-09T09:13:39.410081,RX,COM6,0x0205b8c7,0x2,0x05,0x2e,0x3,7,3b 00 00 00 4b b8 94 3e,"Status frame 3 (new)"
2026-03-09T09:13:39.410081,RX,COM6,0x0205b907,0x2,0x05,0x2e,0x4,7,00 00 00 00 00 00 00 00,"Status frame 4 (new)"
2026-03-09T09:13:39.411082,RX,COM6,0x0205b947,0x2,0x05,0x2e,0x5,7,00 00 00 00 00 00 00 00,"Status frame 5 (new)"
2026-03-09T09:13:39.411082,HEARTBEAT,COM6,0x01011840,0x1,0x01,0x6,0x1,0,a6 48 00 00 00 10 00 00,"Heartbeat"
2026-03-09T09:13:39.413090,RX,COM6,0x0205b987,0x2,0x05,0x2e,0x6,7,00 00 ff ff 01 00 00 00,"Status frame 6 (new)"
2026-03-09T09:13:39.427969,RX,COM6,0x0205b807,0x2,0x05,0x2e,0x0,7,00 00 4d 0b 00 00 80 00,"Status frame 0 (new)"
2026-03-09T09:13:39.428965,RX,COM6,0x0205b887,0x2,0x05,0x2e,0x2,7,00 00 00 00 00 00 00 00,"Status frame 2 (new)"
2026-03-09T09:13:39.428965,RX,COM6,0x0205b8c7,0x2,0x05,0x2e,0x3,7,3b 00 00 00 c0 28 96 3e,"Status frame 3 (new)"
2026-03-09T09:13:39.428965,RX,COM6,0x0205b907,0x2,0x05,0x2e,0x4,7,00 00 00 00 00 00 00 00,"Status frame 4 (new)"
2026-03-09T09:13:39.430970,RX,COM6,0x0205b947,0x2,0x05,0x2e,0x5,7,00 00 00 00 00 00 00 00,"Status frame 5 (new)"
2026-03-09T09:13:39.430970,HEARTBEAT,COM6,0x01011840,0x1,0x01,0x6,0x1,0,ba 48 00 00 00 10 00 00,"Heartbeat"
2026-03-09T09:13:39.432490,RX,COM6,0x0205b987,0x2,0x05,0x2e,0x6,7,00 00 ff ff 01 00 00 00,"Status frame 6 (new)"
2026-03-09T09:13:39.446632,RX,COM6,0x0205b807,0x2,0x05,0x2e,0x0,7,00 00 4a 0b 00 00 80 00,"Status frame 0 (new)"
2026-03-09T09:13:39.446632,RX,COM6,0x0205b887,0x2,0x05,0x2e,0x2,7,00 00 00 00 00 00 00 00,"Status frame 2 (new)"
2026-03-09T09:13:39.448650,RX,COM6,0x0205b8c7,0x2,0x05,0x2e,0x3,7,3c 00 00 00 00 67 97 3e,"Status frame 3 (new)"
2026-03-09T09:13:39.448650,RX,COM6,0x0205b907,0x2,0x05,0x2e,0x4,7,00 00 00 00 00 00 00 00,"Status frame 4 (new)"
2026-03-09T09:13:39.450649,RX,COM6,0x0205b947,0x2,0x05,0x2e,0x5,7,00 00 00 00 00 00 00 00,"Status frame 5 (new)"
2026-03-09T09:13:39.451650,HEARTBEAT,COM6,0x01011840,0x1,0x01,0x6,0x1,0,ce 48 00 00 00 10 00 00,"Heartbeat"
2026-03-09T09:13:39.452649,RX,COM6,0x0205b987,0x2,0x05,0x2e,0x6,7,00 00 ff ff 01 00 00 00,"Status frame 6 (new)"
2026-03-09T09:13:39.466698,RX,COM6,0x0205b807,0x2,0x05,0x2e,0x0,7,00 00 4d 0b 00 00 80 00,"Status frame 0 (new)"
2026-03-09T09:13:39.466698,RX,COM6,0x0205b887,0x2,0x05,0x2e,0x2,7,00 00 00 00 00 00 00 00,"Status frame 2 (new)"
2026-03-09T09:13:39.468717,RX,COM6,0x0205b8c7,0x2,0x05,0x2e,0x3,7,3b 04 00 00 eb 20 96 3e,"Status frame 3 (new)"
2026-03-09T09:13:39.468717,RX,COM6,0x0205b907,0x2,0x05,0x2e,0x4,7,00 00 00 00 00 00 00 00,"Status frame 4 (new)"
2026-03-09T09:13:39.470716,HEARTBEAT,COM6,0x01011840,0x1,0x01,0x6,0x1,0,e1 48 00 00 00 10 00 00,"Heartbeat"
2026-03-09T09:13:39.470716,RX,COM6,0x0205b947,0x2,0x05,0x2e,0x5,7,00 00 00 00 00 00 00 00,"Status frame 5 (new)"
2026-03-09T09:13:39.472716,RX,COM6,0x0205b987,0x2,0x05,0x2e,0x6,7,00 00 ff ff 01 00 00 00,"Status frame 6 (new)"
2026-03-09T09:13:39.486516,RX,COM6,0x0205b807,0x2,0x05,0x2e,0x0,7,00 00 4d 0b 00 00 80 00,"Status frame 0 (new)"
2026-03-09T09:13:39.486516,RX,COM6,0x0205b887,0x2,0x05,0x2e,0x2,7,00 00 00 00 00 00 00 00,"Status frame 2 (new)"
2026-03-09T09:13:39.488461,RX,COM6,0x0205b8c7,0x2,0x05,0x2e,0x3,7,3b 00 00 00 68 9e 94 3e,"Status frame 3 (new)"
2026-03-09T09:13:39.488461,RX,COM6,0x0205b907,0x2,0x05,0x2e,0x4,7,00 00 00 00 00 00 00 00,"Status frame 4 (new)"
2026-03-09T09:13:39.490460,RX,COM6,0x0205b947,0x2,0x05,0x2e,0x5,7,00 00 00 00 00 00 00 00,"Status frame 5 (new)"
2026-03-09T09:13:39.491465,HEARTBEAT,COM6,0x01011840,0x1,0x01,0x6,0x1,0,f6 48 00 00 00 10 00 00,"Heartbeat"
2026-03-09T09:13:39.492464,RX,COM6,0x0205b987,0x2,0x05,0x2e,0x6,7,00 00 ff ff 01 00 00 00,"Status frame 6 (new)"
2026-03-09T09:13:39.506827,RX,COM6,0x0205b807,0x2,0x05,0x2e,0x0,7,00 00 4c 0b 00 00 80 00,"Status frame 0 (new)"
2026-03-09T09:13:39.506827,RX,COM6,0x0205b887,0x2,0x05,0x2e,0x2,7,00 00 00 00 00 00 00 00,"Status frame 2 (new)"
2026-03-09T09:13:39.509834,RX,COM6,0x0205b8c7,0x2,0x05,0x2e,0x3,7,3c 00 00 00 7a ac 96 3e,"Status frame 3 (new)"
2026-03-09T09:13:39.509834,RX,COM6,0x0205b907,0x2,0x05,0x2e,0x4,7,00 00 00 00 00 00 00 00,"Status frame 4 (new)"
2026-03-09T09:13:39.510890,HEARTBEAT,COM6,0x01011840,0x1,0x01,0x6,0x1,0,0a 49 00 00 00 10 00 00,"Heartbeat"
2026-03-09T09:13:39.510890,RX,COM6,0x0205b947,0x2,0x05,0x2e,0x5,7,00 00 00 00 00 00 00 00,"Status frame 5 (new)"
2026-03-09T09:13:39.512833,RX,COM6,0x0205b987,0x2,0x05,0x2e,0x6,7,00 00 ff ff 01 00 00 00,"Status frame 6 (new)"
2026-03-09T09:13:39.527290,RX,COM6,0x0205b807,0x2,0x05,0x2e,0x0,7,00 00 4c 0b 00 00 80 00,"Status frame 0 (new)"
2026-03-09T09:13:39.527290,RX,COM6,0x0205b887,0x2,0x05,0x2e,0x2,7,00 00 00 00 00 00 00 00,"Status frame 2 (new)"
2026-03-09T09:13:39.528334,RX,COM6,0x0205b8c7,0x2,0x05,0x2e,0x3,7,3b 04 00 00 ec 5c 95 3e,"Status frame 3 (new)"
2026-03-09T09:13:39.529297,RX,COM6,0x0205b907,0x2,0x05,0x2e,0x4,7,00 00 00 00 00 00 00 00,"Status frame 4 (new)"
2026-03-09T09:13:39.530297,RX,COM6,0x0205b947,0x2,0x05,0x2e,0x5,7,00 00 00 00 00 00 00 00,"Status frame 5 (new)"
2026-03-09T09:13:39.531296,HEARTBEAT,COM6,0x01011840,0x1,0x01,0x6,0x1,0,1e 49 00 00 00 10 00 00,"Heartbeat"
2026-03-09T09:13:39.532813,RX,COM6,0x0205b987,0x2,0x05,0x2e,0x6,7,00 00 ff ff 01 00 00 00,"Status frame 6 (new)"
2026-03-09T09:13:39.547357,RX,COM6,0x0205b807,0x2,0x05,0x2e,0x0,7,00 00 4c 0b 00 00 80 00,"Status frame 0 (new)"
2026-03-09T09:13:39.547357,RX,COM6,0x0205b887,0x2,0x05,0x2e,0x2,7,00 00 00 00 00 00 00 00,"Status frame 2 (new)"
2026-03-09T09:13:39.548861,RX,COM6,0x0205b8c7,0x2,0x05,0x2e,0x3,7,3b 00 00 00 9c e2 95 3e,"Status frame 3 (new)"
2026-03-09T09:13:39.548861,RX,COM6,0x0205b907,0x2,0x05,0x2e,0x4,7,00 00 00 00 00 00 00 00,"Status frame 4 (new)"
2026-03-09T09:13:39.550866,HEARTBEAT,COM6,0x01011840,0x1,0x01,0x6,0x1,0,31 49 00 00 00 10 00 00,"Heartbeat"
2026-03-09T09:13:39.550866,RX,COM6,0x0205b947,0x2,0x05,0x2e,0x5,7,00 00 00 00 00 00 00 00,"Status frame 5 (new)"
2026-03-09T09:13:39.559051,RX,COM6,0x0205b987,0x2,0x05,0x2e,0x6,7,00 00 ff ff 01 00 00 00,"Status frame 6 (new)"
2026-03-09T09:13:39.566567,RX,COM6,0x0205b807,0x2,0x05,0x2e,0x0,7,00 00 4e 0b 00 00 80 00,"Status frame 0 (new)"
2026-03-09T09:13:39.566567,RX,COM6,0x0205b887,0x2,0x05,0x2e,0x2,7,00 00 00 00 00 00 00 00,"Status frame 2 (new)"
2026-03-09T09:13:39.569186,RX,COM6,0x0205b8c7,0x2,0x05,0x2e,0x3,7,3b 00 00 00 78 1f 96 3e,"Status frame 3 (new)"
2026-03-09T09:13:39.569186,RX,COM6,0x0205b907,0x2,0x05,0x2e,0x4,7,00 00 00 00 00 00 00 00,"Status frame 4 (new)"
2026-03-09T09:13:39.571102,HEARTBEAT,COM6,0x01011840,0x1,0x01,0x6,0x1,0,46 49 00 00 00 10 00 00,"Heartbeat"
2026-03-09T09:13:39.571102,RX,COM6,0x0205b947,0x2,0x05,0x2e,0x5,7,00 00 00 00 00 00 00 00,"Status frame 5 (new)"
2026-03-09T09:13:39.575093,RX,COM6,0x0205b987,0x2,0x05,0x2e,0x6,7,00 00 ff ff 01 00 00 00,"Status frame 6 (new)"
2026-03-09T09:13:39.586451,RX,COM6,0x0205b807,0x2,0x05,0x2e,0x0,7,00 00 4e 0b 00 00 80 00,"Status frame 0 (new)"
2026-03-09T09:13:39.586451,RX,COM6,0x0205b887,0x2,0x05,0x2e,0x2,7,00 00 00 00 00 00 00 00,"Status frame 2 (new)"
2026-03-09T09:13:39.588456,RX,COM6,0x0205b8c7,0x2,0x05,0x2e,0x3,7,3b 00 00 00 85 69 96 3e,"Status frame 3 (new)"
2026-03-09T09:13:39.588456,RX,COM6,0x0205b907,0x2,0x05,0x2e,0x4,7,00 00 00 00 00 00 00 00,"Status frame 4 (new)"
2026-03-09T09:13:39.594555,RX,COM6,0x0205b947,0x2,0x05,0x2e,0x5,7,00 00 00 00 00 00 00 00,"Status frame 5 (new)"
2026-03-09T09:13:39.594555,HEARTBEAT,COM6,0x01011840,0x1,0x01,0x6,0x1,0,5e 49 00 00 00 10 00 00,"Heartbeat"
2026-03-09T09:13:39.594555,RX,COM6,0x0205b987,0x2,0x05,0x2e,0x6,7,00 00 ff ff 01 00 00 00,"Status frame 6 (new)"
2026-03-09T09:13:39.607313,RX,COM6,0x0205b807,0x2,0x05,0x2e,0x0,7,00 00 4c 0b 00 00 80 00,"Status frame 0 (new)"
2026-03-09T09:13:39.607313,RX,COM6,0x0205b887,0x2,0x05,0x2e,0x2,7,00 00 00 00 00 00 00 00,"Status frame 2 (new)"
2026-03-09T09:13:39.611319,RX,COM6,0x0205b8c7,0x2,0x05,0x2e,0x3,7,3b 00 00 00 c0 0a 96 3e,"Status frame 3 (new)"
2026-03-09T09:13:39.612318,RX,COM6,0x0205b907,0x2,0x05,0x2e,0x4,7,00 00 00 00 00 00 00 00,"Status frame 4 (new)"
2026-03-09T09:13:39.612318,HEARTBEAT,COM6,0x01011840,0x1,0x01,0x6,0x1,0,6f 49 00 00 00 10 00 00,"Heartbeat"
2026-03-09T09:13:39.612318,RX,COM6,0x0205b947,0x2,0x05,0x2e,0x5,7,00 00 00 00 00 00 00 00,"Status frame 5 (new)"
2026-03-09T09:13:39.613333,RX,COM6,0x0205b987,0x2,0x05,0x2e,0x6,7,00 00 ff ff 01 00 00 00,"Status frame 6 (new)"
2026-03-09T09:13:39.616986,RX,COM6,0x0205b847,0x2,0x05,0x2e,0x1,7,00 00 00 24 00 01 00 00,"Status frame 1 (new)"
2026-03-09T09:13:39.626873,RX,COM6,0x0205b887,0x2,0x05,0x2e,0x2,7,00 00 00 00 00 00 00 00,"Status frame 2 (new)"
2026-03-09T09:13:39.626873,RX,COM6,0x0205b807,0x2,0x05,0x2e,0x0,7,00 00 55 0b 00 00 80 00,"Status frame 0 (new)"
2026-03-09T09:13:39.633414,RX,COM6,0x0205b8c7,0x2,0x05,0x2e,0x3,7,3c 00 00 00 3d e7 97 3e,"Status frame 3 (new)"
2026-03-09T09:13:39.633414,RX,COM6,0x0205b907,0x2,0x05,0x2e,0x4,7,00 00 00 00 00 00 00 00,"Status frame 4 (new)"
2026-03-09T09:13:39.633414,RX,COM6,0x0205b947,0x2,0x05,0x2e,0x5,7,00 00 00 00 00 00 00 00,"Status frame 5 (new)"
2026-03-09T09:13:39.633414,HEARTBEAT,COM6,0x01011840,0x1,0x01,0x6,0x1,0,85 49 00 00 00 10 00 00,"Heartbeat"
2026-03-09T09:13:39.634415,RX,COM6,0x0205b987,0x2,0x05,0x2e,0x6,7,00 00 ff ff 01 00 00 00,"Status frame 6 (new)"
2026-03-09T09:13:39.646630,RX,COM6,0x0205b807,0x2,0x05,0x2e,0x0,7,00 00 4a 0b 00 00 80 00,"Status frame 0 (new)"
2026-03-09T09:13:39.647509,RX,COM6,0x0205b887,0x2,0x05,0x2e,0x2,7,00 00 00 00 00 00 00 00,"Status frame 2 (new)"
2026-03-09T09:13:39.648509,RX,COM6,0x0205b8c7,0x2,0x05,0x2e,0x3,7,3b 00 00 00 29 0a 95 3e,"Status frame 3 (new)"
2026-03-09T09:13:39.649508,RX,COM6,0x0205b907,0x2,0x05,0x2e,0x4,7,00 00 00 00 00 00 00 00,"Status frame 4 (new)"
2026-03-09T09:13:39.650508,RX,COM6,0x0205b947,0x2,0x05,0x2e,0x5,7,00 00 00 00 00 00 00 00,"Status frame 5 (new)"
2026-03-09T09:13:39.651509,HEARTBEAT,COM6,0x01011840,0x1,0x01,0x6,0x1,0,96 49 00 00 00 10 00 00,"Heartbeat"
2026-03-09T09:13:39.652509,RX,COM6,0x0205b987,0x2,0x05,0x2e,0x6,7,00 00 ff ff 01 00 00 00,"Status frame 6 (new)"
2026-03-09T09:13:39.667560,RX,COM6,0x0205b807,0x2,0x05,0x2e,0x0,7,00 00 54 0b 00 00 80 00,"Status frame 0 (new)"
2026-03-09T09:13:39.667560,RX,COM6,0x0205b887,0x2,0x05,0x2e,0x2,7,00 00 00 00 00 00 00 00,"Status frame 2 (new)"
2026-03-09T09:13:39.669584,RX,COM6,0x0205b8c7,0x2,0x05,0x2e,0x3,7,3b 00 00 00 14 50 96 3e,"Status frame 3 (new)"
2026-03-09T09:13:39.669584,RX,COM6,0x0205b907,0x2,0x05,0x2e,0x4,7,00 00 00 00 00 00 00 00,"Status frame 4 (new)"
2026-03-09T09:13:39.670645,HEARTBEAT,COM6,0x01011840,0x1,0x01,0x6,0x1,0,a9 49 00 00 00 10 00 00,"Heartbeat"
2026-03-09T09:13:39.670645,RX,COM6,0x0205b947,0x2,0x05,0x2e,0x5,7,00 00 00 00 00 00 00 00,"Status frame 5 (new)"
2026-03-09T09:13:39.672606,RX,COM6,0x0205b987,0x2,0x05,0x2e,0x6,7,00 00 ff ff 01 00 00 00,"Status frame 6 (new)"
2026-03-09T09:13:39.686404,RX,COM6,0x0205b807,0x2,0x05,0x2e,0x0,7,00 00 55 0b 00 00 80 00,"Status frame 0 (new)"
2026-03-09T09:13:39.687408,RX,COM6,0x0205b887,0x2,0x05,0x2e,0x2,7,00 00 00 00 00 00 00 00,"Status frame 2 (new)"
2026-03-09T09:13:39.688409,RX,COM6,0x0205b8c7,0x2,0x05,0x2e,0x3,7,3c 00 00 00 1d ab 96 3e,"Status frame 3 (new)"
2026-03-09T09:13:39.688409,RX,COM6,0x0205b907,0x2,0x05,0x2e,0x4,7,00 00 00 00 00 00 00 00,"Status frame 4 (new)"
2026-03-09T09:13:39.695917,RX,COM6,0x0205b947,0x2,0x05,0x2e,0x5,7,00 00 00 00 00 00 00 00,"Status frame 5 (new)"
2026-03-09T09:13:39.696434,HEARTBEAT,COM6,0x01011840,0x1,0x01,0x6,0x1,0,c3 49 00 00 00 10 00 00,"Heartbeat"
2026-03-09T09:13:39.696434,RX,COM6,0x0205b987,0x2,0x05,0x2e,0x6,7,00 00 ff ff 01 00 00 00,"Status frame 6 (new)"
2026-03-09T09:13:39.706578,RX,COM6,0x0205b807,0x2,0x05,0x2e,0x0,7,00 00 51 0b 00 00 80 00,"Status frame 0 (new)"
2026-03-09T09:13:39.706578,RX,COM6,0x0205b887,0x2,0x05,0x2e,0x2,7,00 00 00 00 00 00 00 00,"Status frame 2 (new)"
2026-03-09T09:13:39.708507,RX,COM6,0x0205b8c7,0x2,0x05,0x2e,0x3,7,3b 00 00 00 46 c8 95 3e,"Status frame 3 (new)"
2026-03-09T09:13:39.708507,RX,COM6,0x0205b907,0x2,0x05,0x2e,0x4,7,00 00 00 00 00 00 00 00,"Status frame 4 (new)"
2026-03-09T09:13:39.710506,RX,COM6,0x0205b947,0x2,0x05,0x2e,0x5,7,00 00 00 00 00 00 00 00,"Status frame 5 (new)"
2026-03-09T09:13:39.715506,HEARTBEAT,COM6,0x01011840,0x1,0x01,0x6,0x1,0,d6 49 00 00 00 10 00 00,"Heartbeat"
2026-03-09T09:13:39.715506,RX,COM6,0x0205b987,0x2,0x05,0x2e,0x6,7,00 00 ff ff 01 00 00 00,"Status frame 6 (new)"
2026-03-09T09:13:39.727068,RX,COM6,0x0205b807,0x2,0x05,0x2e,0x0,7,00 00 50 0b 00 00 80 00,"Status frame 0 (new)"
2026-03-09T09:13:39.727068,RX,COM6,0x0205b887,0x2,0x05,0x2e,0x2,7,00 00 00 00 00 00 00 00,"Status frame 2 (new)"
2026-03-09T09:13:39.728596,RX,COM6,0x0205b8c7,0x2,0x05,0x2e,0x3,7,3c 00 00 00 b9 aa 96 3e,"Status frame 3 (new)"
2026-03-09T09:13:39.728596,RX,COM6,0x0205b907,0x2,0x05,0x2e,0x4,7,00 00 00 00 00 00 00 00,"Status frame 4 (new)"
2026-03-09T09:13:39.730597,HEARTBEAT,COM6,0x01011840,0x1,0x01,0x6,0x1,0,e5 49 00 00 00 10 00 00,"Heartbeat"
2026-03-09T09:13:39.730597,RX,COM6,0x0205b947,0x2,0x05,0x2e,0x5,7,00 00 00 00 00 00 00 00,"Status frame 5 (new)"
2026-03-09T09:13:39.733112,RX,COM6,0x0205b987,0x2,0x05,0x2e,0x6,7,00 00 ff ff 01 00 00 00,"Status frame 6 (new)"
2026-03-09T09:13:39.747211,RX,COM6,0x0205b807,0x2,0x05,0x2e,0x0,7,00 00 22 0b 00 00 80 00,"Status frame 0 (new)"
2026-03-09T09:13:39.747211,RX,COM6,0x0205b887,0x2,0x05,0x2e,0x2,7,00 00 00 00 00 00 00 00,"Status frame 2 (new)"
2026-03-09T09:13:39.748216,RX,COM6,0x0205b8c7,0x2,0x05,0x2e,0x3,7,3c 00 00 00 39 9d 97 3e,"Status frame 3 (new)"
2026-03-09T09:13:39.748216,RX,COM6,0x0205b907,0x2,0x05,0x2e,0x4,7,00 00 00 00 00 00 00 00,"Status frame 4 (new)"
2026-03-09T09:13:39.750637,HEARTBEAT,COM6,0x01011840,0x1,0x01,0x6,0x1,0,f9 49 00 00 00 10 00 00,"Heartbeat"
2026-03-09T09:13:39.750637,RX,COM6,0x0205b947,0x2,0x05,0x2e,0x5,7,00 00 00 00 00 00 00 00,"Status frame 5 (new)"
2026-03-09T09:13:39.752637,RX,COM6,0x0205b987,0x2,0x05,0x2e,0x6,7,00 00 ff ff 01 00 00 00,"Status frame 6 (new)"
2026-03-09T09:13:39.767240,RX,COM6,0x0205b807,0x2,0x05,0x2e,0x0,7,00 00 54 0b 00 00 80 00,"Status frame 0 (new)"
2026-03-09T09:13:39.767240,RX,COM6,0x0205b887,0x2,0x05,0x2e,0x2,7,00 00 00 00 00 00 00 00,"Status frame 2 (new)"
2026-03-09T09:13:39.768867,RX,COM6,0x0205b8c7,0x2,0x05,0x2e,0x3,7,3b 00 00 00 0c 61 96 3e,"Status frame 3 (new)"
2026-03-09T09:13:39.768867,RX,COM6,0x0205b907,0x2,0x05,0x2e,0x4,7,00 00 00 00 00 00 00 00,"Status frame 4 (new)"
2026-03-09T09:13:39.770771,HEARTBEAT,COM6,0x01011840,0x1,0x01,0x6,0x1,0,0d 4a 00 00 00 10 00 00,"Heartbeat"
2026-03-09T09:13:39.770771,RX,COM6,0x0205b947,0x2,0x05,0x2e,0x5,7,00 00 00 00 00 00 00 00,"Status frame 5 (new)"
2026-03-09T09:13:39.772772,RX,COM6,0x0205b987,0x2,0x05,0x2e,0x6,7,00 00 ff ff 01 00 00 00,"Status frame 6 (new)"
2026-03-09T09:13:39.786862,RX,COM6,0x0205b807,0x2,0x05,0x2e,0x0,7,00 00 54 0b 00 00 80 00,"Status frame 0 (new)"
2026-03-09T09:13:39.786862,RX,COM6,0x0205b887,0x2,0x05,0x2e,0x2,7,00 00 00 00 00 00 00 00,"Status frame 2 (new)"
2026-03-09T09:13:39.788876,RX,COM6,0x0205b8c7,0x2,0x05,0x2e,0x3,7,3c 00 00 00 f6 9d 96 3e,"Status frame 3 (new)"
2026-03-09T09:13:39.788876,RX,COM6,0x0205b907,0x2,0x05,0x2e,0x4,7,00 00 00 00 00 00 00 00,"Status frame 4 (new)"
2026-03-09T09:13:39.790377,RX,COM6,0x0205b947,0x2,0x05,0x2e,0x5,7,00 00 00 00 00 00 00 00,"Status frame 5 (new)"
2026-03-09T09:13:39.791382,HEARTBEAT,COM6,0x01011840,0x1,0x01,0x6,0x1,0,22 4a 00 00 00 10 00 00,"Heartbeat"
2026-03-09T09:13:39.792392,RX,COM6,0x0205b987,0x2,0x05,0x2e,0x6,7,00 00 ff ff 01 00 00 00,"Status frame 6 (new)"
2026-03-09T09:13:39.806990,RX,COM6,0x0205b807,0x2,0x05,0x2e,0x0,7,00 00 58 0b 00 00 80 00,"Status frame 0 (new)"
2026-03-09T09:13:39.806990,RX,COM6,0x0205b887,0x2,0x05,0x2e,0x2,7,00 00 00 00 00 00 00 00,"Status frame 2 (new)"
2026-03-09T09:13:39.809008,RX,COM6,0x0205b8c7,0x2,0x05,0x2e,0x3,7,3b 00 00 00 a1 a4 95 3e,"Status frame 3 (new)"
2026-03-09T09:13:39.809008,RX,COM6,0x0205b907,0x2,0x05,0x2e,0x4,7,00 00 00 00 00 00 00 00,"Status frame 4 (new)"
2026-03-09T09:13:39.810998,RX,COM6,0x0205b947,0x2,0x05,0x2e,0x5,7,00 00 00 00 00 00 00 00,"Status frame 5 (new)"
2026-03-09T09:13:39.812009,HEARTBEAT,COM6,0x01011840,0x1,0x01,0x6,0x1,0,37 4a 00 00 00 10 00 00,"Heartbeat"
2026-03-09T09:13:39.813008,RX,COM6,0x0205b987,0x2,0x05,0x2e,0x6,7,00 00 ff ff 01 00 00 00,"Status frame 6 (new)"
2026-03-09T09:13:39.827076,RX,COM6,0x0205b807,0x2,0x05,0x2e,0x0,7,00 00 53 0b 00 00 80 00,"Status frame 0 (new)"
2026-03-09T09:13:39.827076,RX,COM6,0x0205b887,0x2,0x05,0x2e,0x2,7,00 00 00 00 00 00 00 00,"Status frame 2 (new)"
2026-03-09T09:13:39.828558,RX,COM6,0x0205b8c7,0x2,0x05,0x2e,0x3,7,3b 00 00 00 d3 2f 95 3e,"Status frame 3 (new)"
2026-03-09T09:13:39.829559,RX,COM6,0x0205b907,0x2,0x05,0x2e,0x4,7,00 00 00 00 00 00 00 00,"Status frame 4 (new)"
2026-03-09T09:13:39.830580,RX,COM6,0x0205b947,0x2,0x05,0x2e,0x5,7,00 00 00 00 00 00 00 00,"Status frame 5 (new)"
2026-03-09T09:13:39.831571,HEARTBEAT,COM6,0x01011840,0x1,0x01,0x6,0x1,0,4a 4a 00 00 00 10 00 00,"Heartbeat"
2026-03-09T09:13:39.833085,RX,COM6,0x0205b987,0x2,0x05,0x2e,0x6,7,00 00 ff ff 01 00 00 00,"Status frame 6 (new)"
2026-03-09T09:13:39.847169,RX,COM6,0x0205b887,0x2,0x05,0x2e,0x2,7,00 00 00 00 00 00 00 00,"Status frame 2 (new)"
2026-03-09T09:13:39.847169,RX,COM6,0x0205b807,0x2,0x05,0x2e,0x0,7,00 00 10 0b 00 00 80 00,"Status frame 0 (new)"
2026-03-09T09:13:39.849163,RX,COM6,0x0205b8c7,0x2,0x05,0x2e,0x3,7,3b 00 00 00 61 5c 94 3e,"Status frame 3 (new)"
2026-03-09T09:13:39.849163,RX,COM6,0x0205b907,0x2,0x05,0x2e,0x4,7,00 00 00 00 00 00 00 00,"Status frame 4 (new)"
2026-03-09T09:13:39.850166,RX,COM6,0x0205b947,0x2,0x05,0x2e,0x5,7,00 00 00 00 00 00 00 00,"Status frame 5 (new)"
2026-03-09T09:13:39.851163,HEARTBEAT,COM6,0x01011840,0x1,0x01,0x6,0x1,0,5e 4a 00 00 00 10 00 00,"Heartbeat"
2026-03-09T09:13:39.852171,RX,COM6,0x0205b987,0x2,0x05,0x2e,0x6,7,00 00 ff ff 01 00 00 00,"Status frame 6 (new)"
2026-03-09T09:13:39.867198,RX,COM6,0x0205b807,0x2,0x05,0x2e,0x0,7,00 00 52 0b 00 00 80 00,"Status frame 0 (new)"
2026-03-09T09:13:39.867198,RX,COM6,0x0205b847,0x2,0x05,0x2e,0x1,7,00 00 00 24 00 01 00 00,"Status frame 1 (new)"
2026-03-09T09:13:39.867198,RX,COM6,0x0205b887,0x2,0x05,0x2e,0x2,7,00 00 00 00 00 00 00 00,"Status frame 2 (new)"
2026-03-09T09:13:39.869204,RX,COM6,0x0205b8c7,0x2,0x05,0x2e,0x3,7,3c 00 00 00 47 c0 96 3e,"Status frame 3 (new)"
2026-03-09T09:13:39.869204,RX,COM6,0x0205b907,0x2,0x05,0x2e,0x4,7,00 00 00 00 00 00 00 00,"Status frame 4 (new)"
2026-03-09T09:13:39.869204,RX,COM6,0x0205bc07,0x2,0x05,0x2f,0x0,7,12 e2 2e be 00 00 00 00,"DATA apiClass=0x2f apiIndex=0x0"
2026-03-09T09:13:39.870204,RX,COM6,0x0205b947,0x2,0x05,0x2e,0x5,7,00 00 00 00 00 00 00 00,"Status frame 5 (new)"
2026-03-09T09:13:39.871203,HEARTBEAT,COM6,0x01011840,0x1,0x01,0x6,0x1,0,72 4a 00 00 00 10 00 00,"Heartbeat"
2026-03-09T09:13:39.872204,RX,COM6,0x0205b987,0x2,0x05,0x2e,0x6,7,00 00 ff ff 01 00 00 00,"Status frame 6 (new)"
2026-03-09T09:13:39.886711,RX,COM6,0x0205b807,0x2,0x05,0x2e,0x0,7,00 00 55 0b 00 00 80 00,"Status frame 0 (new)"
2026-03-09T09:13:39.886711,RX,COM6,0x0205b887,0x2,0x05,0x2e,0x2,7,00 00 00 00 00 00 00 00,"Status frame 2 (new)"
2026-03-09T09:13:39.888941,RX,COM6,0x0205b8c7,0x2,0x05,0x2e,0x3,7,3b 00 00 00 3e df 95 3e,"Status frame 3 (new)"
2026-03-09T09:13:39.888941,RX,COM6,0x0205b907,0x2,0x05,0x2e,0x4,7,00 00 00 00 00 00 00 00,"Status frame 4 (new)"
2026-03-09T09:13:39.890940,RX,COM6,0x0205b947,0x2,0x05,0x2e,0x5,7,00 00 00 00 00 00 00 00,"Status frame 5 (new)"
2026-03-09T09:13:39.892131,HEARTBEAT,COM6,0x01011840,0x1,0x01,0x6,0x1,0,87 4a 00 00 00 10 00 00,"Heartbeat"
2026-03-09T09:13:39.892944,RX,COM6,0x0205b987,0x2,0x05,0x2e,0x6,7,00 00 ff ff 01 00 00 00,"Status frame 6 (new)"
2026-03-09T09:13:39.906473,RX,COM6,0x0205b807,0x2,0x05,0x2e,0x0,7,00 00 54 0b 00 00 80 00,"Status frame 0 (new)"
2026-03-09T09:13:39.907475,RX,COM6,0x0205b887,0x2,0x05,0x2e,0x2,7,00 00 00 00 00 00 00 00,"Status frame 2 (new)"
2026-03-09T09:13:39.910473,RX,COM6,0x0205b8c7,0x2,0x05,0x2e,0x3,7,3b 00 00 00 33 e3 95 3e,"Status frame 3 (new)"
2026-03-09T09:13:39.910473,RX,COM6,0x0205b907,0x2,0x05,0x2e,0x4,7,00 00 00 00 00 00 00 00,"Status frame 4 (new)"
2026-03-09T09:13:39.910473,RX,COM6,0x0205b947,0x2,0x05,0x2e,0x5,7,00 00 00 00 00 00 00 00,"Status frame 5 (new)"
2026-03-09T09:13:39.911477,HEARTBEAT,COM6,0x01011840,0x1,0x01,0x6,0x1,0,9a 4a 00 00 00 10 00 00,"Heartbeat"
2026-03-09T09:13:39.913063,RX,COM6,0x0205b987,0x2,0x05,0x2e,0x6,7,00 00 ff ff 01 00 00 00,"Status frame 6 (new)"
2026-03-09T09:13:39.927081,RX,COM6,0x0205b807,0x2,0x05,0x2e,0x0,7,00 00 52 0b 00 00 80 00,"Status frame 0 (new)"
2026-03-09T09:13:39.927081,RX,COM6,0x0205b887,0x2,0x05,0x2e,0x2,7,00 00 00 00 00 00 00 00,"Status frame 2 (new)"
2026-03-09T09:13:39.929092,RX,COM6,0x0205b8c7,0x2,0x05,0x2e,0x3,7,3b 00 00 00 81 09 96 3e,"Status frame 3 (new)"
2026-03-09T09:13:39.929092,RX,COM6,0x0205b907,0x2,0x05,0x2e,0x4,7,00 00 00 00 00 00 00 00,"Status frame 4 (new)"
2026-03-09T09:13:39.931086,HEARTBEAT,COM6,0x01011840,0x1,0x01,0x6,0x1,0,ae 4a 00 00 00 10 00 00,"Heartbeat"
2026-03-09T09:13:39.931086,RX,COM6,0x0205b947,0x2,0x05,0x2e,0x5,7,00 00 00 00 00 00 00 00,"Status frame 5 (new)"
2026-03-09T09:13:39.933101,RX,COM6,0x0205b987,0x2,0x05,0x2e,0x6,7,00 00 ff ff 01 00 00 00,"Status frame 6 (new)"
2026-03-09T09:13:39.946616,RX,COM6,0x0205b807,0x2,0x05,0x2e,0x0,7,00 00 28 0b 00 00 80 00,"Status frame 0 (new)"
2026-03-09T09:13:39.946616,RX,COM6,0x0205b887,0x2,0x05,0x2e,0x2,7,00 00 00 00 00 00 00 00,"Status frame 2 (new)"
2026-03-09T09:13:39.949119,RX,COM6,0x0205b8c7,0x2,0x05,0x2e,0x3,7,3c 00 00 00 e6 b5 96 3e,"Status frame 3 (new)"
2026-03-09T09:13:39.949119,RX,COM6,0x0205b907,0x2,0x05,0x2e,0x4,7,00 00 00 00 00 00 00 00,"Status frame 4 (new)"
2026-03-09T09:13:39.951124,RX,COM6,0x0205b947,0x2,0x05,0x2e,0x5,7,00 00 00 00 00 00 00 00,"Status frame 5 (new)"
2026-03-09T09:13:39.951124,HEARTBEAT,COM6,0x01011840,0x1,0x01,0x6,0x1,0,c2 4a 00 00 00 10 00 00,"Heartbeat"
2026-03-09T09:13:39.953330,RX,COM6,0x0205b987,0x2,0x05,0x2e,0x6,7,00 00 ff ff 01 00 00 00,"Status frame 6 (new)"
2026-03-09T09:13:39.966919,RX,COM6,0x0205b807,0x2,0x05,0x2e,0x0,7,00 00 4c 0b 00 00 80 00,"Status frame 0 (new)"
2026-03-09T09:13:39.966919,RX,COM6,0x0205b887,0x2,0x05,0x2e,0x2,7,00 00 00 00 00 00 00 00,"Status frame 2 (new)"
2026-03-09T09:13:39.968998,RX,COM6,0x0205b8c7,0x2,0x05,0x2e,0x3,7,3b 00 00 00 f1 7a 95 3e,"Status frame 3 (new)"
2026-03-09T09:13:39.968998,RX,COM6,0x0205b907,0x2,0x05,0x2e,0x4,7,00 00 00 00 00 00 00 00,"Status frame 4 (new)"
2026-03-09T09:13:39.971002,RX,COM6,0x0205b947,0x2,0x05,0x2e,0x5,7,00 00 00 00 00 00 00 00,"Status frame 5 (new)"
2026-03-09T09:13:39.971917,HEARTBEAT,COM6,0x01011840,0x1,0x01,0x6,0x1,0,d7 4a 00 00 00 10 00 00,"Heartbeat"
2026-03-09T09:13:39.972995,RX,COM6,0x0205b987,0x2,0x05,0x2e,0x6,7,00 00 ff ff 01 00 00 00,"Status frame 6 (new)"
2026-03-09T09:13:39.988018,RX,COM6,0x0205b807,0x2,0x05,0x2e,0x0,7,00 00 4d 0b 00 00 80 00,"Status frame 0 (new)"
2026-03-09T09:13:39.988018,RX,COM6,0x0205b887,0x2,0x05,0x2e,0x2,7,00 00 00 00 00 00 00 00,"Status frame 2 (new)"
2026-03-09T09:13:39.989017,RX,COM6,0x0205b8c7,0x2,0x05,0x2e,0x3,7,3c 00 00 00 1a 72 96 3e,"Status frame 3 (new)"
2026-03-09T09:13:39.989017,RX,COM6,0x0205b907,0x2,0x05,0x2e,0x4,7,00 00 00 00 00 00 00 00,"Status frame 4 (new)"
2026-03-09T09:13:39.991028,HEARTBEAT,COM6,0x01011840,0x1,0x01,0x6,0x1,0,ea 4a 00 00 00 10 00 00,"Heartbeat"
2026-03-09T09:13:39.991028,RX,COM6,0x0205b947,0x2,0x05,0x2e,0x5,7,00 00 00 00 00 00 00 00,"Status frame 5 (new)"
2026-03-09T09:13:39.992029,RX,COM6,0x0205b987,0x2,0x05,0x2e,0x6,7,00 00 ff ff 01 00 00 00,"Status frame 6 (new)"
2026-03-09T09:13:40.007092,RX,COM6,0x0205b807,0x2,0x05,0x2e,0x0,7,00 00 48 0b 00 00 80 00,"Status frame 0 (new)"
2026-03-09T09:13:40.007092,RX,COM6,0x0205b887,0x2,0x05,0x2e,0x2,7,00 00 00 00 00 00 00 00,"Status frame 2 (new)"
2026-03-09T09:13:40.009091,RX,COM6,0x0205b8c7,0x2,0x05,0x2e,0x3,7,3b 00 00 00 e3 32 95 3e,"Status frame 3 (new)"
2026-03-09T09:13:40.009091,RX,COM6,0x0205b907,0x2,0x05,0x2e,0x4,7,00 00 00 00 00 00 00 00,"Status frame 4 (new)"
2026-03-09T09:13:40.011091,RX,COM6,0x0205b947,0x2,0x05,0x2e,0x5,7,00 00 00 00 00 00 00 00,"Status frame 5 (new)"
2026-03-09T09:13:40.011091,HEARTBEAT,COM6,0x01011840,0x1,0x01,0x6,0x1,0,fe 4a 00 00 00 10 00 00,"Heartbeat"
2026-03-09T09:13:40.013108,RX,COM6,0x0205b987,0x2,0x05,0x2e,0x6,7,00 00 ff ff 01 00 00 00,"Status frame 6 (new)"
2026-03-09T09:13:40.026889,RX,COM6,0x0205b807,0x2,0x05,0x2e,0x0,7,00 00 45 0b 00 00 80 00,"Status frame 0 (new)"
2026-03-09T09:13:40.026889,RX,COM6,0x0205b887,0x2,0x05,0x2e,0x2,7,00 00 00 00 00 00 00 00,"Status frame 2 (new)"
2026-03-09T09:13:40.029356,RX,COM6,0x0205b8c7,0x2,0x05,0x2e,0x3,7,3c 00 00 00 d8 76 96 3e,"Status frame 3 (new)"
2026-03-09T09:13:40.029356,RX,COM6,0x0205b907,0x2,0x05,0x2e,0x4,7,00 00 00 00 00 00 00 00,"Status frame 4 (new)"
2026-03-09T09:13:40.030873,RX,COM6,0x0205b947,0x2,0x05,0x2e,0x5,7,00 00 00 00 00 00 00 00,"Status frame 5 (new)"
2026-03-09T09:13:40.031896,HEARTBEAT,COM6,0x01011840,0x1,0x01,0x6,0x1,0,12 4b 00 00 00 10 00 00,"Heartbeat"
2026-03-09T09:13:40.032895,RX,COM6,0x0205b987,0x2,0x05,0x2e,0x6,7,00 00 ff ff 01 00 00 00,"Status frame 6 (new)"
2026-03-09T09:13:40.047288,RX,COM6,0x0205b807,0x2,0x05,0x2e,0x0,7,00 00 35 0b 00 00 80 00,"Status frame 0 (new)"
2026-03-09T09:13:40.047288,RX,COM6,0x0205b887,0x2,0x05,0x2e,0x2,7,00 00 00 00 00 00 00 00,"Status frame 2 (new)"
2026-03-09T09:13:40.048751,RX,COM6,0x0205b8c7,0x2,0x05,0x2e,0x3,7,3c 00 00 00 2f 95 96 3e,"Status frame 3 (new)"
2026-03-09T09:13:40.048751,RX,COM6,0x0205b907,0x2,0x05,0x2e,0x4,7,00 00 00 00 00 00 00 00,"Status frame 4 (new)"
2026-03-09T09:13:40.050756,RX,COM6,0x0205b947,0x2,0x05,0x2e,0x5,7,00 00 00 00 00 00 00 00,"Status frame 5 (new)"
2026-03-09T09:13:40.051768,HEARTBEAT,COM6,0x01011840,0x1,0x01,0x6,0x1,0,26 4b 00 00 00 10 00 00,"Heartbeat"
2026-03-09T09:13:40.052764,RX,COM6,0x0205b987,0x2,0x05,0x2e,0x6,7,00 00 ff ff 01 00 00 00,"Status frame 6 (new)"
2026-03-09T09:13:40.066945,RX,COM6,0x0205b807,0x2,0x05,0x2e,0x0,7,00 00 46 0b 00 00 80 00,"Status frame 0 (new)"
2026-03-09T09:13:40.066945,RX,COM6,0x0205b887,0x2,0x05,0x2e,0x2,7,00 00 00 00 00 00 00 00,"Status frame 2 (new)"
2026-03-09T09:13:40.068942,RX,COM6,0x0205b8c7,0x2,0x05,0x2e,0x3,7,3b 00 00 00 c7 07 96 3e,"Status frame 3 (new)"
2026-03-09T09:13:40.072932,RX,COM6,0x0205b907,0x2,0x05,0x2e,0x4,7,00 00 00 00 00 00 00 00,"Status frame 4 (new)"
2026-03-09T09:13:40.072932,HEARTBEAT,COM6,0x01011840,0x1,0x01,0x6,0x1,0,3c 4b 00 00 00 10 00 00,"Heartbeat"
2026-03-09T09:13:40.073931,RX,COM6,0x0205b947,0x2,0x05,0x2e,0x5,7,00 00 00 00 00 00 00 00,"Status frame 5 (new)"
2026-03-09T09:13:40.073931,RX,COM6,0x0205b987,0x2,0x05,0x2e,0x6,7,00 00 ff ff 01 00 00 00,"Status frame 6 (new)"
2026-03-09T09:13:40.089439,RX,COM6,0x0205b807,0x2,0x05,0x2e,0x0,7,00 00 47 0b 00 00 80 00,"Status frame 0 (new)"
2026-03-09T09:13:40.089439,RX,COM6,0x0205b887,0x2,0x05,0x2e,0x2,7,00 00 00 00 00 00 00 00,"Status frame 2 (new)"
2026-03-09T09:13:40.089439,RX,COM6,0x0205b8c7,0x2,0x05,0x2e,0x3,7,3b 00 00 00 55 90 95 3e,"Status frame 3 (new)"
2026-03-09T09:13:40.089439,RX,COM6,0x0205b907,0x2,0x05,0x2e,0x4,7,00 00 00 00 00 00 00 00,"Status frame 4 (new)"
2026-03-09T09:13:40.096493,RX,COM6,0x0205b947,0x2,0x05,0x2e,0x5,7,00 00 00 00 00 00 00 00,"Status frame 5 (new)"
2026-03-09T09:13:40.096493,HEARTBEAT,COM6,0x01011840,0x1,0x01,0x6,0x1,0,53 4b 00 00 00 10 00 00,"Heartbeat"
2026-03-09T09:13:40.096493,RX,COM6,0x0205b987,0x2,0x05,0x2e,0x6,7,00 00 ff ff 01 00 00 00,"Status frame 6 (new)"
2026-03-09T09:13:40.107007,RX,COM6,0x0205b807,0x2,0x05,0x2e,0x0,7,00 00 48 0b 00 00 80 00,"Status frame 0 (new)"
2026-03-09T09:13:40.107007,RX,COM6,0x0205b887,0x2,0x05,0x2e,0x2,7,00 00 00 00 00 00 00 00,"Status frame 2 (new)"
2026-03-09T09:13:40.109013,RX,COM6,0x0205b8c7,0x2,0x05,0x2e,0x3,7,3b 00 00 00 55 71 96 3e,"Status frame 3 (new)"
2026-03-09T09:13:40.109013,RX,COM6,0x0205b907,0x2,0x05,0x2e,0x4,7,00 00 00 00 00 00 00 00,"Status frame 4 (new)"
2026-03-09T09:13:40.111003,HEARTBEAT,COM6,0x01011840,0x1,0x01,0x6,0x1,0,62 4b 00 00 00 10 00 00,"Heartbeat"
2026-03-09T09:13:40.111003,RX,COM6,0x0205b947,0x2,0x05,0x2e,0x5,7,00 00 00 00 00 00 00 00,"Status frame 5 (new)"
2026-03-09T09:13:40.119524,RX,COM6,0x0205b987,0x2,0x05,0x2e,0x6,7,00 00 ff ff 01 00 00 00,"Status frame 6 (new)"
2026-03-09T09:13:40.119524,RX,COM6,0x0205b847,0x2,0x05,0x2e,0x1,7,00 00 00 24 00 01 00 00,"Status frame 1 (new)"
2026-03-09T09:13:40.127022,RX,COM6,0x0205b807,0x2,0x05,0x2e,0x0,7,00 00 43 0b 00 00 80 00,"Status frame 0 (new)"
2026-03-09T09:13:40.127022,RX,COM6,0x0205b887,0x2,0x05,0x2e,0x2,7,00 00 00 00 00 00 00 00,"Status frame 2 (new)"
2026-03-09T09:13:40.129025,RX,COM6,0x0205b8c7,0x2,0x05,0x2e,0x3,7,3c 00 00 00 2e 05 97 3e,"Status frame 3 (new)"
2026-03-09T09:13:40.129025,RX,COM6,0x0205b907,0x2,0x05,0x2e,0x4,7,00 00 00 00 00 00 00 00,"Status frame 4 (new)"
2026-03-09T09:13:40.131027,HEARTBEAT,COM6,0x01011840,0x1,0x01,0x6,0x1,0,76 4b 00 00 00 10 00 00,"Heartbeat"
2026-03-09T09:13:40.131027,RX,COM6,0x0205b947,0x2,0x05,0x2e,0x5,7,00 00 00 00 00 00 00 00,"Status frame 5 (new)"
2026-03-09T09:13:40.136536,RX,COM6,0x0205b987,0x2,0x05,0x2e,0x6,7,00 00 ff ff 01 00 00 00,"Status frame 6 (new)"
2026-03-09T09:13:40.147218,RX,COM6,0x0205b807,0x2,0x05,0x2e,0x0,7,00 00 3f 0b 00 00 80 00,"Status frame 0 (new)"
2026-03-09T09:13:40.147218,RX,COM6,0x0205b887,0x2,0x05,0x2e,0x2,7,00 00 00 00 00 00 00 00,"Status frame 2 (new)"
2026-03-09T09:13:40.148224,RX,COM6,0x0205b8c7,0x2,0x05,0x2e,0x3,7,3b 00 00 00 f4 66 95 3e,"Status frame 3 (new)"
2026-03-09T09:13:40.149224,RX,COM6,0x0205b907,0x2,0x05,0x2e,0x4,7,00 00 00 00 00 00 00 00,"Status frame 4 (new)"
2026-03-09T09:13:40.151224,RX,COM6,0x0205b947,0x2,0x05,0x2e,0x5,7,00 00 00 00 00 00 00 00,"Status frame 5 (new)"
2026-03-09T09:13:40.151224,HEARTBEAT,COM6,0x01011840,0x1,0x01,0x6,0x1,0,8a 4b 00 00 00 10 00 00,"Heartbeat"
2026-03-09T09:13:40.158224,RX,COM6,0x0205b987,0x2,0x05,0x2e,0x6,7,00 00 ff ff 01 00 00 00,"Status frame 6 (new)"
2026-03-09T09:13:40.166737,RX,COM6,0x0205b807,0x2,0x05,0x2e,0x0,7,00 00 43 0b 00 00 80 00,"Status frame 0 (new)"
2026-03-09T09:13:40.166737,RX,COM6,0x0205b887,0x2,0x05,0x2e,0x2,7,00 00 00 00 00 00 00 00,"Status frame 2 (new)"
2026-03-09T09:13:40.168735,RX,COM6,0x0205b8c7,0x2,0x05,0x2e,0x3,7,3c 04 00 00 58 94 96 3e,"Status frame 3 (new)"
2026-03-09T09:13:40.168735,RX,COM6,0x0205b907,0x2,0x05,0x2e,0x4,7,00 00 00 00 00 00 00 00,"Status frame 4 (new)"
2026-03-09T09:13:40.175261,RX,COM6,0x0205b947,0x2,0x05,0x2e,0x5,7,00 00 00 00 00 00 00 00,"Status frame 5 (new)"
2026-03-09T09:13:40.175261,HEARTBEAT,COM6,0x01011840,0x1,0x01,0x6,0x1,0,a3 4b 00 00 00 10 00 00,"Heartbeat"
2026-03-09T09:13:40.175261,RX,COM6,0x0205b987,0x2,0x05,0x2e,0x6,7,00 00 ff ff 01 00 00 00,"Status frame 6 (new)"
2026-03-09T09:13:40.186785,RX,COM6,0x0205b807,0x2,0x05,0x2e,0x0,7,00 00 3e 0b 00 00 80 00,"Status frame 0 (new)"
2026-03-09T09:13:40.186785,RX,COM6,0x0205b887,0x2,0x05,0x2e,0x2,7,00 00 00 00 00 00 00 00,"Status frame 2 (new)"
2026-03-09T09:13:40.188783,RX,COM6,0x0205b8c7,0x2,0x05,0x2e,0x3,7,3b 00 00 00 f0 2f 96 3e,"Status frame 3 (new)"
2026-03-09T09:13:40.188783,RX,COM6,0x0205b907,0x2,0x05,0x2e,0x4,7,00 00 00 00 00 00 00 00,"Status frame 4 (new)"
2026-03-09T09:13:40.201281,HEARTBEAT,COM6,0x01011840,0x1,0x01,0x6,0x1,0,bc 4b 00 00 00 10 00 00,"Heartbeat"
2026-03-09T09:13:40.201281,RX,COM6,0x0205b947,0x2,0x05,0x2e,0x5,7,00 00 00 00 00 00 00 00,"Status frame 5 (new)"
2026-03-09T09:13:40.201281,RX,COM6,0x0205b987,0x2,0x05,0x2e,0x6,7,00 00 ff ff 01 00 00 00,"Status frame 6 (new)"
2026-03-09T09:13:40.206404,RX,COM6,0x0205b807,0x2,0x05,0x2e,0x0,7,00 00 44 0b 00 00 80 00,"Status frame 0 (new)"
2026-03-09T09:13:40.206404,RX,COM6,0x0205b887,0x2,0x05,0x2e,0x2,7,00 00 00 00 00 00 00 00,"Status frame 2 (new)"
2026-03-09T09:13:40.208441,RX,COM6,0x0205b8c7,0x2,0x05,0x2e,0x3,7,3b 04 00 00 74 35 96 3e,"Status frame 3 (new)"
2026-03-09T09:13:40.208441,RX,COM6,0x0205b907,0x2,0x05,0x2e,0x4,7,00 00 00 00 00 00 00 00,"Status frame 4 (new)"
2026-03-09T09:13:40.210488,RX,COM6,0x0205b947,0x2,0x05,0x2e,0x5,7,00 00 00 00 00 00 00 00,"Status frame 5 (new)"
2026-03-09T09:13:40.211498,HEARTBEAT,COM6,0x01011840,0x1,0x01,0x6,0x1,0,c6 4b 00 00 00 10 00 00,"Heartbeat"
2026-03-09T09:13:40.217503,RX,COM6,0x0205b987,0x2,0x05,0x2e,0x6,7,00 00 ff ff 01 00 00 00,"Status frame 6 (new)"
2026-03-09T09:13:40.227513,RX,COM6,0x0205b807,0x2,0x05,0x2e,0x0,7,00 00 47 0b 00 00 80 00,"Status frame 0 (new)"
2026-03-09T09:13:40.227513,RX,COM6,0x0205b887,0x2,0x05,0x2e,0x2,7,00 00 00 00 00 00 00 00,"Status frame 2 (new)"
2026-03-09T09:13:40.228517,RX,COM6,0x0205b8c7,0x2,0x05,0x2e,0x3,7,3b 04 00 00 ea 78 96 3e,"Status frame 3 (new)"
2026-03-09T09:13:40.228517,RX,COM6,0x0205b907,0x2,0x05,0x2e,0x4,7,00 00 00 00 00 00 00 00,"Status frame 4 (new)"
2026-03-09T09:13:40.230517,RX,COM6,0x0205b947,0x2,0x05,0x2e,0x5,7,00 00 00 00 00 00 00 00,"Status frame 5 (new)"
2026-03-09T09:13:40.237549,RX,COM6,0x0205b987,0x2,0x05,0x2e,0x6,7,00 00 ff ff 01 00 00 00,"Status frame 6 (new)"
2026-03-09T09:13:40.239054,HEARTBEAT,COM6,0x01011840,0x1,0x01,0x6,0x1,0,e2 4b 00 00 00 10 00 00,"Heartbeat"
2026-03-09T09:13:40.247059,RX,COM6,0x0205b807,0x2,0x05,0x2e,0x0,7,00 00 3e 0b 00 00 80 00,"Status frame 0 (new)"
2026-03-09T09:13:40.247059,RX,COM6,0x0205b887,0x2,0x05,0x2e,0x2,7,00 00 00 00 00 00 00 00,"Status frame 2 (new)"
2026-03-09T09:13:40.249058,RX,COM6,0x0205b8c7,0x2,0x05,0x2e,0x3,7,3c 04 00 00 10 f4 96 3e,"Status frame 3 (new)"
2026-03-09T09:13:40.249058,RX,COM6,0x0205b907,0x2,0x05,0x2e,0x4,7,00 00 00 00 00 00 00 00,"Status frame 4 (new)"
2026-03-09T09:13:40.255584,HEARTBEAT,COM6,0x01011840,0x1,0x01,0x6,0x1,0,f2 4b 00 00 00 10 00 00,"Heartbeat"
2026-03-09T09:13:40.255584,RX,COM6,0x0205b947,0x2,0x05,0x2e,0x5,7,00 00 00 00 00 00 00 00,"Status frame 5 (new)"
2026-03-09T09:13:40.255584,RX,COM6,0x0205b987,0x2,0x05,0x2e,0x6,7,00 00 ff ff 01 00 00 00,"Status frame 6 (new)"
2026-03-09T09:13:40.267119,RX,COM6,0x0205b807,0x2,0x05,0x2e,0x0,7,00 00 44 0b 00 00 80 00,"Status frame 0 (new)"
2026-03-09T09:13:40.267119,RX,COM6,0x0205b887,0x2,0x05,0x2e,0x2,7,00 00 00 00 00 00 00 00,"Status frame 2 (new)"
2026-03-09T09:13:40.269112,RX,COM6,0x0205b8c7,0x2,0x05,0x2e,0x3,7,3b 00 00 00 fc f2 95 3e,"Status frame 3 (new)"
2026-03-09T09:13:40.269112,RX,COM6,0x0205b907,0x2,0x05,0x2e,0x4,7,00 00 00 00 00 00 00 00,"Status frame 4 (new)"
2026-03-09T09:13:40.271112,RX,COM6,0x0205b947,0x2,0x05,0x2e,0x5,7,00 00 00 00 00 00 00 00,"Status frame 5 (new)"
2026-03-09T09:13:40.271112,HEARTBEAT,COM6,0x01011840,0x1,0x01,0x6,0x1,0,02 4c 00 00 00 10 00 00,"Heartbeat"
2026-03-09T09:13:40.273112,RX,COM6,0x0205b987,0x2,0x05,0x2e,0x6,7,00 00 ff ff 01 00 00 00,"Status frame 6 (new)"
2026-03-09T09:13:40.286548,RX,COM6,0x0205b807,0x2,0x05,0x2e,0x0,7,00 00 3f 0b 00 00 80 00,"Status frame 0 (new)"
2026-03-09T09:13:40.286548,RX,COM6,0x0205b887,0x2,0x05,0x2e,0x2,7,00 00 00 00 00 00 00 00,"Status frame 2 (new)"
2026-03-09T09:13:40.288546,RX,COM6,0x0205b8c7,0x2,0x05,0x2e,0x3,7,3c 00 00 00 f8 46 97 3e,"Status frame 3 (new)"
2026-03-09T09:13:40.288546,RX,COM6,0x0205b907,0x2,0x05,0x2e,0x4,7,00 00 00 00 00 00 00 00,"Status frame 4 (new)"
2026-03-09T09:13:40.290546,HEARTBEAT,COM6,0x01011840,0x1,0x01,0x6,0x1,0,15 4c 00 00 00 10 00 00,"Heartbeat"
2026-03-09T09:13:40.290546,RX,COM6,0x0205b947,0x2,0x05,0x2e,0x5,7,00 00 00 00 00 00 00 00,"Status frame 5 (new)"
2026-03-09T09:13:40.292549,RX,COM6,0x0205b987,0x2,0x05,0x2e,0x6,7,00 00 ff ff 01 00 00 00,"Status frame 6 (new)"
2026-03-09T09:13:40.306581,RX,COM6,0x0205b807,0x2,0x05,0x2e,0x0,7,00 00 3e 0b 00 00 80 00,"Status frame 0 (new)"
2026-03-09T09:13:40.306581,RX,COM6,0x0205b887,0x2,0x05,0x2e,0x2,7,00 00 00 00 00 00 00 00,"Status frame 2 (new)"
2026-03-09T09:13:40.308581,RX,COM6,0x0205b8c7,0x2,0x05,0x2e,0x3,7,3a 00 00 00 1b 5e 92 3e,"Status frame 3 (new)"
2026-03-09T09:13:40.308581,RX,COM6,0x0205b907,0x2,0x05,0x2e,0x4,7,00 00 00 00 00 00 00 00,"Status frame 4 (new)"
2026-03-09T09:13:40.313579,HEARTBEAT,COM6,0x01011840,0x1,0x01,0x6,0x1,0,2d 4c 00 00 00 10 00 00,"Heartbeat"
2026-03-09T09:13:40.313579,RX,COM6,0x0205b947,0x2,0x05,0x2e,0x5,7,00 00 00 00 00 00 00 00,"Status frame 5 (new)"
2026-03-09T09:13:40.314579,RX,COM6,0x0205b987,0x2,0x05,0x2e,0x6,7,00 00 ff ff 01 00 00 00,"Status frame 6 (new)"
2026-03-09T09:13:40.327141,RX,COM6,0x0205b807,0x2,0x05,0x2e,0x0,7,00 00 46 0b 00 00 80 00,"Status frame 0 (new)"
2026-03-09T09:13:40.327141,RX,COM6,0x0205b887,0x2,0x05,0x2e,0x2,7,00 00 00 00 00 00 00 00,"Status frame 2 (new)"
2026-03-09T09:13:40.333686,RX,COM6,0x0205b8c7,0x2,0x05,0x2e,0x3,7,3a 00 00 00 d6 81 92 3e,"Status frame 3 (new)"
2026-03-09T09:13:40.333686,RX,COM6,0x0205b907,0x2,0x05,0x2e,0x4,7,00 00 00 00 00 00 00 00,"Status frame 4 (new)"
2026-03-09T09:13:40.333686,RX,COM6,0x0205b947,0x2,0x05,0x2e,0x5,7,00 00 00 00 00 00 00 00,"Status frame 5 (new)"
2026-03-09T09:13:40.333686,HEARTBEAT,COM6,0x01011840,0x1,0x01,0x6,0x1,0,41 4c 00 00 00 10 00 00,"Heartbeat"
2026-03-09T09:13:40.333686,RX,COM6,0x0205b987,0x2,0x05,0x2e,0x6,7,00 00 ff ff 01 00 00 00,"Status frame 6 (new)"
2026-03-09T09:13:40.347020,RX,COM6,0x0205b807,0x2,0x05,0x2e,0x0,7,00 00 43 0b 00 00 80 00,"Status frame 0 (new)"
2026-03-09T09:13:40.347020,RX,COM6,0x0205b887,0x2,0x05,0x2e,0x2,7,00 00 00 00 00 00 00 00,"Status frame 2 (new)"
2026-03-09T09:13:40.354014,RX,COM6,0x0205b8c7,0x2,0x05,0x2e,0x3,7,3a 00 00 00 a5 41 93 3e,"Status frame 3 (new)"
2026-03-09T09:13:40.354014,RX,COM6,0x0205b907,0x2,0x05,0x2e,0x4,7,00 00 00 00 00 00 00 00,"Status frame 4 (new)"
2026-03-09T09:13:40.354014,HEARTBEAT,COM6,0x01011840,0x1,0x01,0x6,0x1,0,55 4c 00 00 00 10 00 00,"Heartbeat"
2026-03-09T09:13:40.354014,RX,COM6,0x0205b947,0x2,0x05,0x2e,0x5,7,00 00 00 00 00 00 00 00,"Status frame 5 (new)"
2026-03-09T09:13:40.354014,RX,COM6,0x0205b987,0x2,0x05,0x2e,0x6,7,00 00 ff ff 01 00 00 00,"Status frame 6 (new)"
2026-03-09T09:13:40.366524,RX,COM6,0x0205b807,0x2,0x05,0x2e,0x0,7,00 00 3f 0b 00 00 80 00,"Status frame 0 (new)"
2026-03-09T09:13:40.366524,RX,COM6,0x0205b847,0x2,0x05,0x2e,0x1,7,00 00 00 24 00 01 00 00,"Status frame 1 (new)"
2026-03-09T09:13:40.366524,RX,COM6,0x0205b887,0x2,0x05,0x2e,0x2,7,00 00 00 00 00 00 00 00,"Status frame 2 (new)"
2026-03-09T09:13:40.369039,RX,COM6,0x0205b8c7,0x2,0x05,0x2e,0x3,7,3a 00 00 00 21 8f 93 3e,"Status frame 3 (new)"
2026-03-09T09:13:40.375036,RX,COM6,0x0205b907,0x2,0x05,0x2e,0x4,7,00 00 00 00 00 00 00 00,"Status frame 4 (new)"
2026-03-09T09:13:40.375036,HEARTBEAT,COM6,0x01011840,0x1,0x01,0x6,0x1,0,6a 4c 00 00 00 10 00 00,"Heartbeat"
2026-03-09T09:13:40.375036,RX,COM6,0x0205b947,0x2,0x05,0x2e,0x5,7,00 00 00 00 00 00 00 00,"Status frame 5 (new)"
2026-03-09T09:13:40.375036,RX,COM6,0x0205b987,0x2,0x05,0x2e,0x6,7,00 00 ff ff 01 00 00 00,"Status frame 6 (new)"
2026-03-09T09:13:40.386597,RX,COM6,0x0205b807,0x2,0x05,0x2e,0x0,7,00 00 35 0b 00 00 80 00,"Status frame 0 (new)"
2026-03-09T09:13:40.386597,RX,COM6,0x0205b887,0x2,0x05,0x2e,0x2,7,00 00 00 00 00 00 00 00,"Status frame 2 (new)"
2026-03-09T09:13:40.389100,RX,COM6,0x0205b8c7,0x2,0x05,0x2e,0x3,7,3a 00 00 00 54 78 92 3e,"Status frame 3 (new)"
2026-03-09T09:13:40.389100,RX,COM6,0x0205b907,0x2,0x05,0x2e,0x4,7,00 00 00 00 00 00 00 00,"Status frame 4 (new)"
2026-03-09T09:13:40.391103,RX,COM6,0x0205b947,0x2,0x05,0x2e,0x5,7,00 00 00 00 00 00 00 00,"Status frame 5 (new)"
2026-03-09T09:13:40.391103,HEARTBEAT,COM6,0x01011840,0x1,0x01,0x6,0x1,0,7a 4c 00 00 00 10 00 00,"Heartbeat"
2026-03-09T09:13:40.393103,RX,COM6,0x0205b987,0x2,0x05,0x2e,0x6,7,00 00 ff ff 01 00 00 00,"Status frame 6 (new)"
2026-03-09T09:13:40.407161,RX,COM6,0x0205b807,0x2,0x05,0x2e,0x0,7,00 00 3e 0b 00 00 80 00,"Status frame 0 (new)"
2026-03-09T09:13:40.407161,RX,COM6,0x0205b887,0x2,0x05,0x2e,0x2,7,00 00 00 00 00 00 00 00,"Status frame 2 (new)"
2026-03-09T09:13:40.408176,RX,COM6,0x0205b8c7,0x2,0x05,0x2e,0x3,7,3a 00 00 00 e7 93 93 3e,"Status frame 3 (new)"
2026-03-09T09:13:40.408176,RX,COM6,0x0205b907,0x2,0x05,0x2e,0x4,7,00 00 00 00 00 00 00 00,"Status frame 4 (new)"
2026-03-09T09:13:40.410695,HEARTBEAT,COM6,0x01011840,0x1,0x01,0x6,0x1,0,8d 4c 00 00 00 10 00 00,"Heartbeat"
2026-03-09T09:13:40.410695,RX,COM6,0x0205b947,0x2,0x05,0x2e,0x5,7,00 00 00 00 00 00 00 00,"Status frame 5 (new)"
2026-03-09T09:13:40.412695,RX,COM6,0x0205b987,0x2,0x05,0x2e,0x6,7,00 00 ff ff 01 00 00 00,"Status frame 6 (new)"
2026-03-09T09:13:40.427232,RX,COM6,0x0205b807,0x2,0x05,0x2e,0x0,7,00 00 42 0b 00 00 80 00,"Status frame 0 (new)"
2026-03-09T09:13:40.427232,RX,COM6,0x0205b887,0x2,0x05,0x2e,0x2,7,00 00 00 00 00 00 00 00,"Status frame 2 (new)"
2026-03-09T09:13:40.428541,RX,COM6,0x0205b8c7,0x2,0x05,0x2e,0x3,7,3a 08 00 00 fa 2c 92 3e,"Status frame 3 (new)"
2026-03-09T09:13:40.429534,RX,COM6,0x0205b907,0x2,0x05,0x2e,0x4,7,00 00 00 00 00 00 00 00,"Status frame 4 (new)"
2026-03-09T09:13:40.431073,RX,COM6,0x0205b947,0x2,0x05,0x2e,0x5,7,00 00 00 00 00 00 00 00,"Status frame 5 (new)"
2026-03-09T09:13:40.431073,HEARTBEAT,COM6,0x01011840,0x1,0x01,0x6,0x1,0,a2 4c 00 00 00 10 00 00,"Heartbeat"
2026-03-09T09:13:40.433091,RX,COM6,0x0205b987,0x2,0x05,0x2e,0x6,7,00 00 ff ff 01 00 00 00,"Status frame 6 (new)"
2026-03-09T09:13:40.447175,RX,COM6,0x0205b807,0x2,0x05,0x2e,0x0,7,00 00 41 0b 00 00 80 00,"Status frame 0 (new)"
2026-03-09T09:13:40.447175,RX,COM6,0x0205b887,0x2,0x05,0x2e,0x2,7,00 00 00 00 00 00 00 00,"Status frame 2 (new)"
2026-03-09T09:13:40.449158,RX,COM6,0x0205b8c7,0x2,0x05,0x2e,0x3,7,39 04 00 00 ec 55 91 3e,"Status frame 3 (new)"
2026-03-09T09:13:40.449158,RX,COM6,0x0205b907,0x2,0x05,0x2e,0x4,7,00 00 00 00 00 00 00 00,"Status frame 4 (new)"
2026-03-09T09:13:40.451158,RX,COM6,0x0205b947,0x2,0x05,0x2e,0x5,7,00 00 00 00 00 00 00 00,"Status frame 5 (new)"
2026-03-09T09:13:40.451158,HEARTBEAT,COM6,0x01011840,0x1,0x01,0x6,0x1,0,b6 4c 00 00 00 10 00 00,"Heartbeat"
2026-03-09T09:13:40.452158,RX,COM6,0x0205b987,0x2,0x05,0x2e,0x6,7,00 00 ff ff 01 00 00 00,"Status frame 6 (new)"
2026-03-09T09:13:40.466813,RX,COM6,0x0205b807,0x2,0x05,0x2e,0x0,7,00 00 3e 0b 00 00 80 00,"Status frame 0 (new)"
2026-03-09T09:13:40.466813,RX,COM6,0x0205b887,0x2,0x05,0x2e,0x2,7,00 00 00 00 00 00 00 00,"Status frame 2 (new)"
2026-03-09T09:13:40.468808,RX,COM6,0x0205b8c7,0x2,0x05,0x2e,0x3,7,3a 04 00 00 01 d7 93 3e,"Status frame 3 (new)"
2026-03-09T09:13:40.468808,RX,COM6,0x0205b907,0x2,0x05,0x2e,0x4,7,00 00 00 00 00 00 00 00,"Status frame 4 (new)"
2026-03-09T09:13:40.470808,HEARTBEAT,COM6,0x01011840,0x1,0x01,0x6,0x1,0,c9 4c 00 00 00 10 00 00,"Heartbeat"
2026-03-09T09:13:40.470808,RX,COM6,0x0205b947,0x2,0x05,0x2e,0x5,7,00 00 00 00 00 00 00 00,"Status frame 5 (new)"
2026-03-09T09:13:40.472811,RX,COM6,0x0205b987,0x2,0x05,0x2e,0x6,7,00 00 ff ff 01 00 00 00,"Status frame 6 (new)"
2026-03-09T09:13:40.486838,RX,COM6,0x0205b807,0x2,0x05,0x2e,0x0,7,00 00 07 0b 00 00 80 00,"Status frame 0 (new)"
2026-03-09T09:13:40.486838,RX,COM6,0x0205b887,0x2,0x05,0x2e,0x2,7,00 00 00 00 00 00 00 00,"Status frame 2 (new)"
2026-03-09T09:13:40.488857,RX,COM6,0x0205b8c7,0x2,0x05,0x2e,0x3,7,3a 04 00 00 9f 23 92 3e,"Status frame 3 (new)"
2026-03-09T09:13:40.493846,RX,COM6,0x0205b907,0x2,0x05,0x2e,0x4,7,00 00 00 00 00 00 00 00,"Status frame 4 (new)"
2026-03-09T09:13:40.494846,HEARTBEAT,COM6,0x01011840,0x1,0x01,0x6,0x1,0,e1 4c 00 00 00 10 00 00,"Heartbeat"
2026-03-09T09:13:40.494846,RX,COM6,0x0205b947,0x2,0x05,0x2e,0x5,7,00 00 00 00 00 00 00 00,"Status frame 5 (new)"
2026-03-09T09:13:40.494846,RX,COM6,0x0205b987,0x2,0x05,0x2e,0x6,7,00 00 ff ff 01 00 00 00,"Status frame 6 (new)"
2026-03-09T09:13:40.505905,RX,COM6,0x0205b807,0x2,0x05,0x2e,0x0,7,00 00 3e 0b 00 00 80 00,"Status frame 0 (new)"
2026-03-09T09:13:40.507410,RX,COM6,0x0205b887,0x2,0x05,0x2e,0x2,7,00 00 00 00 00 00 00 00,"Status frame 2 (new)"
2026-03-09T09:13:40.508485,RX,COM6,0x0205b8c7,0x2,0x05,0x2e,0x3,7,3a 00 00 00 1d 5e 92 3e,"Status frame 3 (new)"
2026-03-09T09:13:40.508485,RX,COM6,0x0205b907,0x2,0x05,0x2e,0x4,7,00 00 00 00 00 00 00 00,"Status frame 4 (new)"
2026-03-09T09:13:40.510483,RX,COM6,0x0205b947,0x2,0x05,0x2e,0x5,7,00 00 00 00 00 00 00 00,"Status frame 5 (new)"
2026-03-09T09:13:40.511415,HEARTBEAT,COM6,0x01011840,0x1,0x01,0x6,0x1,0,f2 4c 00 00 00 10 00 00,"Heartbeat"
2026-03-09T09:13:40.512492,RX,COM6,0x0205b987,0x2,0x05,0x2e,0x6,7,00 00 ff ff 01 00 00 00,"Status frame 6 (new)"
2026-03-09T09:13:40.526948,RX,COM6,0x0205b807,0x2,0x05,0x2e,0x0,7,00 00 42 0b 00 00 80 00,"Status frame 0 (new)"
2026-03-09T09:13:40.526948,RX,COM6,0x0205b887,0x2,0x05,0x2e,0x2,7,00 00 00 00 00 00 00 00,"Status frame 2 (new)"
2026-03-09T09:13:40.529101,RX,COM6,0x0205b8c7,0x2,0x05,0x2e,0x3,7,3a 00 00 00 75 4a 93 3e,"Status frame 3 (new)"
2026-03-09T09:13:40.529101,RX,COM6,0x0205b907,0x2,0x05,0x2e,0x4,7,00 00 00 00 00 00 00 00,"Status frame 4 (new)"
2026-03-09T09:13:40.531102,RX,COM6,0x0205b947,0x2,0x05,0x2e,0x5,7,00 00 00 00 00 00 00 00,"Status frame 5 (new)"
2026-03-09T09:13:40.531102,HEARTBEAT,COM6,0x01011840,0x1,0x01,0x6,0x1,0,06 4d 00 00 00 10 00 00,"Heartbeat"
2026-03-09T09:13:40.533100,RX,COM6,0x0205b987,0x2,0x05,0x2e,0x6,7,00 00 ff ff 01 00 00 00,"Status frame 6 (new)"
2026-03-09T09:13:40.547295,RX,COM6,0x0205b807,0x2,0x05,0x2e,0x0,7,00 00 3d 0b 00 00 80 00,"Status frame 0 (new)"
2026-03-09T09:13:40.547295,RX,COM6,0x0205b887,0x2,0x05,0x2e,0x2,7,00 00 00 00 00 00 00 00,"Status frame 2 (new)"
2026-03-09T09:13:40.549069,RX,COM6,0x0205b8c7,0x2,0x05,0x2e,0x3,7,3b 04 00 00 e3 2c 94 3e,"Status frame 3 (new)"
2026-03-09T09:13:40.549069,RX,COM6,0x0205b907,0x2,0x05,0x2e,0x4,7,00 00 00 00 00 00 00 00,"Status frame 4 (new)"
2026-03-09T09:13:40.550835,RX,COM6,0x0205b947,0x2,0x05,0x2e,0x5,7,00 00 00 00 00 00 00 00,"Status frame 5 (new)"
2026-03-09T09:13:40.551847,HEARTBEAT,COM6,0x01011840,0x1,0x01,0x6,0x1,0,1b 4d 00 00 00 10 00 00,"Heartbeat"
2026-03-09T09:13:40.552837,RX,COM6,0x0205b987,0x2,0x05,0x2e,0x6,7,00 00 ff ff 01 00 00 00,"Status frame 6 (new)"
2026-03-09T09:13:40.566364,RX,COM6,0x0205b807,0x2,0x05,0x2e,0x0,7,00 00 3a 0b 00 00 80 00,"Status frame 0 (new)"
2026-03-09T09:13:40.567356,RX,COM6,0x0205b887,0x2,0x05,0x2e,0x2,7,00 00 00 00 00 00 00 00,"Status frame 2 (new)"
2026-03-09T09:13:40.568367,RX,COM6,0x0205b8c7,0x2,0x05,0x2e,0x3,7,3b 04 00 00 79 7c 94 3e,"Status frame 3 (new)"
2026-03-09T09:13:40.568367,RX,COM6,0x0205b907,0x2,0x05,0x2e,0x4,7,00 00 00 00 00 00 00 00,"Status frame 4 (new)"
2026-03-09T09:13:40.570903,HEARTBEAT,COM6,0x01011840,0x1,0x01,0x6,0x1,0,2d 4d 00 00 00 10 00 00,"Heartbeat"
2026-03-09T09:13:40.570903,RX,COM6,0x0205b947,0x2,0x05,0x2e,0x5,7,00 00 00 00 00 00 00 00,"Status frame 5 (new)"
2026-03-09T09:13:40.572895,RX,COM6,0x0205b987,0x2,0x05,0x2e,0x6,7,00 00 ff ff 01 00 00 00,"Status frame 6 (new)"
2026-03-09T09:13:40.586988,RX,COM6,0x0205b807,0x2,0x05,0x2e,0x0,7,00 00 02 0b 00 00 80 00,"Status frame 0 (new)"
2026-03-09T09:13:40.586988,RX,COM6,0x0205b887,0x2,0x05,0x2e,0x2,7,00 00 00 00 00 00 00 00,"Status frame 2 (new)"
2026-03-09T09:13:40.588974,RX,COM6,0x0205b8c7,0x2,0x05,0x2e,0x3,7,3b 04 00 00 9a 5e 94 3e,"Status frame 3 (new)"
2026-03-09T09:13:40.588974,RX,COM6,0x0205b907,0x2,0x05,0x2e,0x4,7,00 00 00 00 00 00 00 00,"Status frame 4 (new)"
2026-03-09T09:13:40.590983,HEARTBEAT,COM6,0x01011840,0x1,0x01,0x6,0x1,0,42 4d 00 00 00 10 00 00,"Heartbeat"
2026-03-09T09:13:40.590983,RX,COM6,0x0205b947,0x2,0x05,0x2e,0x5,7,00 00 00 00 00 00 00 00,"Status frame 5 (new)"
2026-03-09T09:13:40.595522,RX,COM6,0x0205b987,0x2,0x05,0x2e,0x6,7,00 00 ff ff 01 00 00 00,"Status frame 6 (new)"
2026-03-09T09:13:40.607035,RX,COM6,0x0205b807,0x2,0x05,0x2e,0x0,7,00 00 3c 0b 00 00 80 00,"Status frame 0 (new)"
2026-03-09T09:13:40.607035,RX,COM6,0x0205b887,0x2,0x05,0x2e,0x2,7,00 00 00 00 00 00 00 00,"Status frame 2 (new)"
2026-03-09T09:13:40.609030,RX,COM6,0x0205b8c7,0x2,0x05,0x2e,0x3,7,3a 08 00 00 90 89 93 3e,"Status frame 3 (new)"
2026-03-09T09:13:40.609030,RX,COM6,0x0205b907,0x2,0x05,0x2e,0x4,7,00 00 00 00 00 00 00 00,"Status frame 4 (new)"
2026-03-09T09:13:40.611033,RX,COM6,0x0205b947,0x2,0x05,0x2e,0x5,7,00 00 00 00 00 00 00 00,"Status frame 5 (new)"
2026-03-09T09:13:40.611033,HEARTBEAT,COM6,0x01011840,0x1,0x01,0x6,0x1,0,56 4d 00 00 00 10 00 00,"Heartbeat"
2026-03-09T09:13:40.613051,RX,COM6,0x0205b987,0x2,0x05,0x2e,0x6,7,00 00 ff ff 01 00 00 00,"Status frame 6 (new)"
2026-03-09T09:13:40.617057,RX,COM6,0x0205b847,0x2,0x05,0x2e,0x1,7,00 00 00 24 00 01 00 00,"Status frame 1 (new)"
2026-03-09T09:13:40.627077,RX,COM6,0x0205b887,0x2,0x05,0x2e,0x2,7,00 00 00 00 00 00 00 00,"Status frame 2 (new)"
2026-03-09T09:13:40.627077,RX,COM6,0x0205b807,0x2,0x05,0x2e,0x0,7,00 00 45 0b 00 00 80 00,"Status frame 0 (new)"
2026-03-09T09:13:40.629101,RX,COM6,0x0205b8c7,0x2,0x05,0x2e,0x3,7,3a 04 00 00 50 fa 92 3e,"Status frame 3 (new)"
2026-03-09T09:13:40.629101,RX,COM6,0x0205b907,0x2,0x05,0x2e,0x4,7,00 00 00 00 00 00 00 00,"Status frame 4 (new)"
2026-03-09T09:13:40.631091,RX,COM6,0x0205b947,0x2,0x05,0x2e,0x5,7,00 00 00 00 00 00 00 00,"Status frame 5 (new)"
2026-03-09T09:13:40.631091,HEARTBEAT,COM6,0x01011840,0x1,0x01,0x6,0x1,0,6a 4d 00 00 00 10 00 00,"Heartbeat"
2026-03-09T09:13:40.633092,RX,COM6,0x0205b987,0x2,0x05,0x2e,0x6,7,00 00 ff ff 01 00 00 00,"Status frame 6 (new)"
2026-03-09T09:13:40.646259,RX,COM6,0x0205b807,0x2,0x05,0x2e,0x0,7,00 00 3e 0b 00 00 80 00,"Status frame 0 (new)"
2026-03-09T09:13:40.647258,RX,COM6,0x0205b887,0x2,0x05,0x2e,0x2,7,00 00 00 00 00 00 00 00,"Status frame 2 (new)"
2026-03-09T09:13:40.648272,RX,COM6,0x0205b8c7,0x2,0x05,0x2e,0x3,7,3b 04 00 00 20 60 94 3e,"Status frame 3 (new)"
2026-03-09T09:13:40.649258,RX,COM6,0x0205b907,0x2,0x05,0x2e,0x4,7,00 00 00 00 00 00 00 00,"Status frame 4 (new)"
2026-03-09T09:13:40.650270,RX,COM6,0x0205b947,0x2,0x05,0x2e,0x5,7,00 00 00 00 00 00 00 00,"Status frame 5 (new)"
2026-03-09T09:13:40.651259,HEARTBEAT,COM6,0x01011840,0x1,0x01,0x6,0x1,0,7e 4d 00 00 00 10 00 00,"Heartbeat"
2026-03-09T09:13:40.652270,RX,COM6,0x0205b987,0x2,0x05,0x2e,0x6,7,00 00 ff ff 01 00 00 00,"Status frame 6 (new)"
2026-03-09T09:13:40.666341,RX,COM6,0x0205b807,0x2,0x05,0x2e,0x0,7,00 00 40 0b 00 00 80 00,"Status frame 0 (new)"
2026-03-09T09:13:40.667330,RX,COM6,0x0205b887,0x2,0x05,0x2e,0x2,7,00 00 00 00 00 00 00 00,"Status frame 2 (new)"
2026-03-09T09:13:40.668331,RX,COM6,0x0205b8c7,0x2,0x05,0x2e,0x3,7,3b 00 00 00 bd 56 94 3e,"Status frame 3 (new)"
2026-03-09T09:13:40.668331,RX,COM6,0x0205b907,0x2,0x05,0x2e,0x4,7,00 00 00 00 00 00 00 00,"Status frame 4 (new)"
2026-03-09T09:13:40.670347,RX,COM6,0x0205b947,0x2,0x05,0x2e,0x5,7,00 00 00 00 00 00 00 00,"Status frame 5 (new)"
2026-03-09T09:13:40.671331,HEARTBEAT,COM6,0x01011840,0x1,0x01,0x6,0x1,0,92 4d 00 00 00 10 00 00,"Heartbeat"
2026-03-09T09:13:40.672331,RX,COM6,0x0205b987,0x2,0x05,0x2e,0x6,7,00 00 ff ff 01 00 00 00,"Status frame 6 (new)"
2026-03-09T09:13:40.686384,RX,COM6,0x0205b807,0x2,0x05,0x2e,0x0,7,00 00 1c 0b 00 00 80 00,"Status frame 0 (new)"
2026-03-09T09:13:40.687393,RX,COM6,0x0205b887,0x2,0x05,0x2e,0x2,7,00 00 00 00 00 00 00 00,"Status frame 2 (new)"
2026-03-09T09:13:40.688405,RX,COM6,0x0205b8c7,0x2,0x05,0x2e,0x3,7,3b 00 00 00 3a 57 94 3e,"Status frame 3 (new)"
2026-03-09T09:13:40.688405,RX,COM6,0x0205b907,0x2,0x05,0x2e,0x4,7,00 00 00 00 00 00 00 00,"Status frame 4 (new)"
2026-03-09T09:13:40.691396,RX,COM6,0x0205b947,0x2,0x05,0x2e,0x5,7,00 00 00 00 00 00 00 00,"Status frame 5 (new)"
2026-03-09T09:13:40.692412,HEARTBEAT,COM6,0x01011840,0x1,0x01,0x6,0x1,0,a7 4d 00 00 00 10 00 00,"Heartbeat"
2026-03-09T09:13:40.692412,RX,COM6,0x0205b987,0x2,0x05,0x2e,0x6,7,00 00 ff ff 01 00 00 00,"Status frame 6 (new)"
2026-03-09T09:13:40.706462,RX,COM6,0x0205b807,0x2,0x05,0x2e,0x0,7,00 00 3e 0b 00 00 80 00,"Status frame 0 (new)"
2026-03-09T09:13:40.706462,RX,COM6,0x0205b887,0x2,0x05,0x2e,0x2,7,00 00 00 00 00 00 00 00,"Status frame 2 (new)"
2026-03-09T09:13:40.713456,RX,COM6,0x0205b8c7,0x2,0x05,0x2e,0x3,7,3b 00 00 00 1e f5 94 3e,"Status frame 3 (new)"
2026-03-09T09:13:40.713456,RX,COM6,0x0205b907,0x2,0x05,0x2e,0x4,7,00 00 00 00 00 00 00 00,"Status frame 4 (new)"
2026-03-09T09:13:40.713456,HEARTBEAT,COM6,0x01011840,0x1,0x01,0x6,0x1,0,bd 4d 00 00 00 10 00 00,"Heartbeat"
2026-03-09T09:13:40.713456,RX,COM6,0x0205b947,0x2,0x05,0x2e,0x5,7,00 00 00 00 00 00 00 00,"Status frame 5 (new)"
2026-03-09T09:13:40.713456,RX,COM6,0x0205b987,0x2,0x05,0x2e,0x6,7,00 00 ff ff 01 00 00 00,"Status frame 6 (new)"
2026-03-09T09:13:40.727030,RX,COM6,0x0205b807,0x2,0x05,0x2e,0x0,7,00 00 3f 0b 00 00 80 00,"Status frame 0 (new)"
2026-03-09T09:13:40.727030,RX,COM6,0x0205b887,0x2,0x05,0x2e,0x2,7,00 00 00 00 00 00 00 00,"Status frame 2 (new)"
2026-03-09T09:13:40.729033,RX,COM6,0x0205b8c7,0x2,0x05,0x2e,0x3,7,3a 00 00 00 38 84 93 3e,"Status frame 3 (new)"
2026-03-09T09:13:40.729033,RX,COM6,0x0205b907,0x2,0x05,0x2e,0x4,7,00 00 00 00 00 00 00 00,"Status frame 4 (new)"
2026-03-09T09:13:40.734543,HEARTBEAT,COM6,0x01011840,0x1,0x01,0x6,0x1,0,d1 4d 00 00 00 10 00 00,"Heartbeat"
2026-03-09T09:13:40.734543,RX,COM6,0x0205b947,0x2,0x05,0x2e,0x5,7,00 00 00 00 00 00 00 00,"Status frame 5 (new)"
2026-03-09T09:13:40.734543,RX,COM6,0x0205b987,0x2,0x05,0x2e,0x6,7,00 00 ff ff 01 00 00 00,"Status frame 6 (new)"
2026-03-09T09:13:40.746065,RX,COM6,0x0205b807,0x2,0x05,0x2e,0x0,7,00 00 3e 0b 00 00 80 00,"Status frame 0 (new)"
2026-03-09T09:13:40.746065,RX,COM6,0x0205b887,0x2,0x05,0x2e,0x2,7,00 00 00 00 00 00 00 00,"Status frame 2 (new)"
2026-03-09T09:13:40.748589,RX,COM6,0x0205b8c7,0x2,0x05,0x2e,0x3,7,3a 00 00 00 d3 25 93 3e,"Status frame 3 (new)"
2026-03-09T09:13:40.748589,RX,COM6,0x0205b907,0x2,0x05,0x2e,0x4,7,00 00 00 00 00 00 00 00,"Status frame 4 (new)"
2026-03-09T09:13:40.750585,HEARTBEAT,COM6,0x01011840,0x1,0x01,0x6,0x1,0,e1 4d 00 00 00 10 00 00,"Heartbeat"
2026-03-09T09:13:40.750585,RX,COM6,0x0205b947,0x2,0x05,0x2e,0x5,7,00 00 00 00 00 00 00 00,"Status frame 5 (new)"
2026-03-09T09:13:40.752584,RX,COM6,0x0205b987,0x2,0x05,0x2e,0x6,7,00 00 ff ff 01 00 00 00,"Status frame 6 (new)"
2026-03-09T09:13:40.767086,RX,COM6,0x0205b807,0x2,0x05,0x2e,0x0,7,00 00 43 0b 00 00 80 00,"Status frame 0 (new)"
2026-03-09T09:13:40.767086,RX,COM6,0x0205b887,0x2,0x05,0x2e,0x2,7,00 00 00 00 00 00 00 00,"Status frame 2 (new)"
2026-03-09T09:13:40.768734,RX,COM6,0x0205b8c7,0x2,0x05,0x2e,0x3,7,3b 00 00 00 d3 7b 95 3e,"Status frame 3 (new)"
2026-03-09T09:13:40.768734,RX,COM6,0x0205b907,0x2,0x05,0x2e,0x4,7,00 00 00 00 00 00 00 00,"Status frame 4 (new)"
2026-03-09T09:13:40.775631,HEARTBEAT,COM6,0x01011840,0x1,0x01,0x6,0x1,0,fa 4d 00 00 00 10 00 00,"Heartbeat"
2026-03-09T09:13:40.775631,RX,COM6,0x0205b947,0x2,0x05,0x2e,0x5,7,00 00 00 00 00 00 00 00,"Status frame 5 (new)"
2026-03-09T09:13:40.775631,RX,COM6,0x0205b987,0x2,0x05,0x2e,0x6,7,00 00 ff ff 01 00 00 00,"Status frame 6 (new)"
2026-03-09T09:13:40.786690,RX,COM6,0x0205b807,0x2,0x05,0x2e,0x0,7,00 00 2d 0b 00 00 80 00,"Status frame 0 (new)"
2026-03-09T09:13:40.786690,RX,COM6,0x0205b887,0x2,0x05,0x2e,0x2,7,00 00 00 00 00 00 00 00,"Status frame 2 (new)"
2026-03-09T09:13:40.788688,RX,COM6,0x0205b8c7,0x2,0x05,0x2e,0x3,7,3a 00 00 00 9b 03 93 3e,"Status frame 3 (new)"
2026-03-09T09:13:40.788688,RX,COM6,0x0205b907,0x2,0x05,0x2e,0x4,7,00 00 00 00 00 00 00 00,"Status frame 4 (new)"
2026-03-09T09:13:40.791036,RX,COM6,0x0205b947,0x2,0x05,0x2e,0x5,7,00 00 00 00 00 00 00 00,"Status frame 5 (new)"
2026-03-09T09:13:40.791036,HEARTBEAT,COM6,0x01011840,0x1,0x01,0x6,0x1,0,0a 4e 00 00 00 10 00 00,"Heartbeat"
2026-03-09T09:13:40.798266,RX,COM6,0x0205b987,0x2,0x05,0x2e,0x6,7,00 00 ff ff 01 00 00 00,"Status frame 6 (new)"
2026-03-09T09:13:40.808797,RX,COM6,0x0205b807,0x2,0x05,0x2e,0x0,7,00 00 42 0b 00 00 80 00,"Status frame 0 (new)"
2026-03-09T09:13:40.808797,RX,COM6,0x0205b887,0x2,0x05,0x2e,0x2,7,00 00 00 00 00 00 00 00,"Status frame 2 (new)"
2026-03-09T09:13:40.808797,RX,COM6,0x0205b8c7,0x2,0x05,0x2e,0x3,7,3a 00 00 00 bf 2c 93 3e,"Status frame 3 (new)"
2026-03-09T09:13:40.808797,RX,COM6,0x0205b907,0x2,0x05,0x2e,0x4,7,00 00 00 00 00 00 00 00,"Status frame 4 (new)"
2026-03-09T09:13:40.810526,HEARTBEAT,COM6,0x01011840,0x1,0x01,0x6,0x1,0,1d 4e 00 00 00 10 00 00,"Heartbeat"
2026-03-09T09:13:40.810526,RX,COM6,0x0205b947,0x2,0x05,0x2e,0x5,7,00 00 00 00 00 00 00 00,"Status frame 5 (new)"
2026-03-09T09:13:40.812318,RX,COM6,0x0205b987,0x2,0x05,0x2e,0x6,7,00 00 ff ff 01 00 00 00,"Status frame 6 (new)"
2026-03-09T09:13:40.827349,RX,COM6,0x0205b807,0x2,0x05,0x2e,0x0,7,00 00 42 0b 00 00 80 00,"Status frame 0 (new)"
2026-03-09T09:13:40.828361,RX,COM6,0x0205b887,0x2,0x05,0x2e,0x2,7,00 00 00 00 00 00 00 00,"Status frame 2 (new)"
2026-03-09T09:13:40.828361,RX,COM6,0x0205b8c7,0x2,0x05,0x2e,0x3,7,3a 00 00 00 67 7b 93 3e,"Status frame 3 (new)"
2026-03-09T09:13:40.828361,RX,COM6,0x0205b907,0x2,0x05,0x2e,0x4,7,00 00 00 00 00 00 00 00,"Status frame 4 (new)"
2026-03-09T09:13:40.831358,RX,COM6,0x0205b947,0x2,0x05,0x2e,0x5,7,00 00 00 00 00 00 00 00,"Status frame 5 (new)"
2026-03-09T09:13:40.831358,HEARTBEAT,COM6,0x01011840,0x1,0x01,0x6,0x1,0,32 4e 00 00 00 10 00 00,"Heartbeat"
2026-03-09T09:13:40.831867,RX,COM6,0x0205b987,0x2,0x05,0x2e,0x6,7,00 00 ff ff 01 00 00 00,"Status frame 6 (new)"
2026-03-09T09:13:40.847617,RX,COM6,0x0205b807,0x2,0x05,0x2e,0x0,7,00 00 3e 0b 00 00 80 00,"Status frame 0 (new)"
2026-03-09T09:13:40.847617,RX,COM6,0x0205b887,0x2,0x05,0x2e,0x2,7,00 00 00 00 00 00 00 00,"Status frame 2 (new)"
2026-03-09T09:13:40.849612,RX,COM6,0x0205b8c7,0x2,0x05,0x2e,0x3,7,3b 00 00 00 18 bd 94 3e,"Status frame 3 (new)"
2026-03-09T09:13:40.850612,RX,COM6,0x0205b907,0x2,0x05,0x2e,0x4,7,00 00 00 00 00 00 00 00,"Status frame 4 (new)"
2026-03-09T09:13:40.850612,HEARTBEAT,COM6,0x01011840,0x1,0x01,0x6,0x1,0,45 4e 00 00 00 10 00 00,"Heartbeat"
2026-03-09T09:13:40.850612,RX,COM6,0x0205b947,0x2,0x05,0x2e,0x5,7,00 00 00 00 00 00 00 00,"Status frame 5 (new)"
2026-03-09T09:13:40.852623,RX,COM6,0x0205b987,0x2,0x05,0x2e,0x6,7,00 00 ff ff 01 00 00 00,"Status frame 6 (new)"
2026-03-09T09:13:40.866656,RX,COM6,0x0205b807,0x2,0x05,0x2e,0x0,7,00 00 45 0b 00 00 80 00,"Status frame 0 (new)"
2026-03-09T09:13:40.866656,RX,COM6,0x0205b847,0x2,0x05,0x2e,0x1,7,00 00 00 24 00 01 00 00,"Status frame 1 (new)"
2026-03-09T09:13:40.866656,RX,COM6,0x0205b887,0x2,0x05,0x2e,0x2,7,00 00 00 00 00 00 00 00,"Status frame 2 (new)"
2026-03-09T09:13:40.868673,RX,COM6,0x0205b8c7,0x2,0x05,0x2e,0x3,7,3a 00 00 00 37 2b 93 3e,"Status frame 3 (new)"
2026-03-09T09:13:40.868673,RX,COM6,0x0205b907,0x2,0x05,0x2e,0x4,7,00 00 00 00 00 00 00 00,"Status frame 4 (new)"
2026-03-09T09:13:40.868673,RX,COM6,0x0205bc07,0x2,0x05,0x2f,0x0,7,12 e2 2e be 00 00 00 00,"DATA apiClass=0x2f apiIndex=0x0"
2026-03-09T09:13:40.870673,HEARTBEAT,COM6,0x01011840,0x1,0x01,0x6,0x1,0,59 4e 00 00 00 10 00 00,"Heartbeat"
2026-03-09T09:13:40.870673,RX,COM6,0x0205b947,0x2,0x05,0x2e,0x5,7,00 00 00 00 00 00 00 00,"Status frame 5 (new)"
2026-03-09T09:13:40.872675,RX,COM6,0x0205b987,0x2,0x05,0x2e,0x6,7,00 00 ff ff 01 00 00 00,"Status frame 6 (new)"
2026-03-09T09:13:40.886198,RX,COM6,0x0205b887,0x2,0x05,0x2e,0x2,7,00 00 00 00 00 00 00 00,"Status frame 2 (new)"
2026-03-09T09:13:40.886198,RX,COM6,0x0205b807,0x2,0x05,0x2e,0x0,7,00 00 3d 0b 00 00 80 00,"Status frame 0 (new)"
2026-03-09T09:13:40.888716,RX,COM6,0x0205b8c7,0x2,0x05,0x2e,0x3,7,3b 00 00 00 bc 4b 95 3e,"Status frame 3 (new)"
2026-03-09T09:13:40.888716,RX,COM6,0x0205b907,0x2,0x05,0x2e,0x4,7,00 00 00 00 00 00 00 00,"Status frame 4 (new)"
2026-03-09T09:13:40.890716,HEARTBEAT,COM6,0x01011840,0x1,0x01,0x6,0x1,0,6d 4e 00 00 00 10 00 00,"Heartbeat"
2026-03-09T09:13:40.890716,RX,COM6,0x0205b947,0x2,0x05,0x2e,0x5,7,00 00 00 00 00 00 00 00,"Status frame 5 (new)"
2026-03-09T09:13:40.892715,RX,COM6,0x0205b987,0x2,0x05,0x2e,0x6,7,00 00 ff ff 01 00 00 00,"Status frame 6 (new)"
2026-03-09T09:13:40.908911,RX,COM6,0x0205b807,0x2,0x05,0x2e,0x0,7,00 00 42 0b 00 00 80 00,"Status frame 0 (new)"
2026-03-09T09:13:40.908911,RX,COM6,0x0205b887,0x2,0x05,0x2e,0x2,7,00 00 00 00 00 00 00 00,"Status frame 2 (new)"
2026-03-09T09:13:40.909720,RX,COM6,0x0205b8c7,0x2,0x05,0x2e,0x3,7,3a 00 00 00 38 2d 93 3e,"Status frame 3 (new)"
2026-03-09T09:13:40.909720,RX,COM6,0x0205b907,0x2,0x05,0x2e,0x4,7,00 00 00 00 00 00 00 00,"Status frame 4 (new)"
2026-03-09T09:13:40.910724,HEARTBEAT,COM6,0x01011840,0x1,0x01,0x6,0x1,0,81 4e 00 00 00 10 00 00,"Heartbeat"
2026-03-09T09:13:40.910724,RX,COM6,0x0205b947,0x2,0x05,0x2e,0x5,7,00 00 00 00 00 00 00 00,"Status frame 5 (new)"
2026-03-09T09:13:40.912719,RX,COM6,0x0205b987,0x2,0x05,0x2e,0x6,7,00 00 ff ff 01 00 00 00,"Status frame 6 (new)"
2026-03-09T09:13:40.926743,RX,COM6,0x0205b807,0x2,0x05,0x2e,0x0,7,00 00 3c 0b 00 00 80 00,"Status frame 0 (new)"
2026-03-09T09:13:40.926743,RX,COM6,0x0205b887,0x2,0x05,0x2e,0x2,7,00 00 00 00 00 00 00 00,"Status frame 2 (new)"
2026-03-09T09:13:40.928764,RX,COM6,0x0205b8c7,0x2,0x05,0x2e,0x3,7,3a 00 00 00 2a 80 93 3e,"Status frame 3 (new)"
2026-03-09T09:13:40.928764,RX,COM6,0x0205b907,0x2,0x05,0x2e,0x4,7,00 00 00 00 00 00 00 00,"Status frame 4 (new)"
2026-03-09T09:13:40.930274,RX,COM6,0x0205b947,0x2,0x05,0x2e,0x5,7,00 00 00 00 00 00 00 00,"Status frame 5 (new)"
2026-03-09T09:13:40.931289,HEARTBEAT,COM6,0x01011840,0x1,0x01,0x6,0x1,0,96 4e 00 00 00 10 00 00,"Heartbeat"
2026-03-09T09:13:40.932301,RX,COM6,0x0205b987,0x2,0x05,0x2e,0x6,7,00 00 ff ff 01 00 00 00,"Status frame 6 (new)"
2026-03-09T09:13:40.948019,RX,COM6,0x0205b807,0x2,0x05,0x2e,0x0,7,00 00 3e 0b 00 00 80 00,"Status frame 0 (new)"
2026-03-09T09:13:40.948019,RX,COM6,0x0205b887,0x2,0x05,0x2e,0x2,7,00 00 00 00 00 00 00 00,"Status frame 2 (new)"
2026-03-09T09:13:40.949017,RX,COM6,0x0205b8c7,0x2,0x05,0x2e,0x3,7,3b 00 00 00 82 62 94 3e,"Status frame 3 (new)"
2026-03-09T09:13:40.949017,RX,COM6,0x0205b907,0x2,0x05,0x2e,0x4,7,00 00 00 00 00 00 00 00,"Status frame 4 (new)"
2026-03-09T09:13:40.950534,RX,COM6,0x0205b947,0x2,0x05,0x2e,0x5,7,00 00 00 00 00 00 00 00,"Status frame 5 (new)"
2026-03-09T09:13:40.951544,HEARTBEAT,COM6,0x01011840,0x1,0x01,0x6,0x1,0,aa 4e 00 00 00 10 00 00,"Heartbeat"
2026-03-09T09:13:40.952555,RX,COM6,0x0205b987,0x2,0x05,0x2e,0x6,7,00 00 ff ff 01 00 00 00,"Status frame 6 (new)"
2026-03-09T09:13:40.970084,RX,COM6,0x0205b807,0x2,0x05,0x2e,0x0,7,00 00 3d 0b 00 00 80 00,"Status frame 0 (new)"
2026-03-09T09:13:40.970084,RX,COM6,0x0205b887,0x2,0x05,0x2e,0x2,7,00 00 00 00 00 00 00 00,"Status frame 2 (new)"
2026-03-09T09:13:40.970084,RX,COM6,0x0205b8c7,0x2,0x05,0x2e,0x3,7,3b 00 00 00 90 a8 94 3e,"Status frame 3 (new)"
2026-03-09T09:13:40.970084,RX,COM6,0x0205b907,0x2,0x05,0x2e,0x4,7,00 00 00 00 00 00 00 00,"Status frame 4 (new)"
2026-03-09T09:13:40.971587,HEARTBEAT,COM6,0x01011840,0x1,0x01,0x6,0x1,0,be 4e 00 00 00 10 00 00,"Heartbeat"
2026-03-09T09:13:40.971587,RX,COM6,0x0205b947,0x2,0x05,0x2e,0x5,7,00 00 00 00 00 00 00 00,"Status frame 5 (new)"
2026-03-09T09:13:40.972592,RX,COM6,0x0205b987,0x2,0x05,0x2e,0x6,7,00 00 ff ff 01 00 00 00,"Status frame 6 (new)"
2026-03-09T09:13:40.987137,RX,COM6,0x0205b807,0x2,0x05,0x2e,0x0,7,00 00 3c 0b 00 00 80 00,"Status frame 0 (new)"
2026-03-09T09:13:40.987137,RX,COM6,0x0205b887,0x2,0x05,0x2e,0x2,7,00 00 00 00 00 00 00 00,"Status frame 2 (new)"
2026-03-09T09:13:40.989128,RX,COM6,0x0205b8c7,0x2,0x05,0x2e,0x3,7,3a 00 00 00 45 45 93 3e,"Status frame 3 (new)"
2026-03-09T09:13:40.989128,RX,COM6,0x0205b907,0x2,0x05,0x2e,0x4,7,00 00 00 00 00 00 00 00,"Status frame 4 (new)"
2026-03-09T09:13:40.991147,RX,COM6,0x0205b947,0x2,0x05,0x2e,0x5,7,00 00 00 00 00 00 00 00,"Status frame 5 (new)"
2026-03-09T09:13:40.991147,HEARTBEAT,COM6,0x01011840,0x1,0x01,0x6,0x1,0,d2 4e 00 00 00 10 00 00,"Heartbeat"
2026-03-09T09:13:40.993127,RX,COM6,0x0205b987,0x2,0x05,0x2e,0x6,7,00 00 ff ff 01 00 00 00,"Status frame 6 (new)"
2026-03-09T09:13:41.007176,RX,COM6,0x0205b807,0x2,0x05,0x2e,0x0,7,00 00 47 0b 00 00 80 00,"Status frame 0 (new)"
2026-03-09T09:13:41.007176,RX,COM6,0x0205b887,0x2,0x05,0x2e,0x2,7,00 00 00 00 00 00 00 00,"Status frame 2 (new)"
2026-03-09T09:13:41.009175,RX,COM6,0x0205b8c7,0x2,0x05,0x2e,0x3,7,3b 00 00 00 57 2a 95 3e,"Status frame 3 (new)"
2026-03-09T09:13:41.009175,RX,COM6,0x0205b907,0x2,0x05,0x2e,0x4,7,00 00 00 00 00 00 00 00,"Status frame 4 (new)"
2026-03-09T09:13:41.014186,RX,COM6,0x0205b947,0x2,0x05,0x2e,0x5,7,00 00 00 00 00 00 00 00,"Status frame 5 (new)"
2026-03-09T09:13:41.014186,HEARTBEAT,COM6,0x01011840,0x1,0x01,0x6,0x1,0,e9 4e 00 00 00 10 00 00,"Heartbeat"
2026-03-09T09:13:41.014186,RX,COM6,0x0205b987,0x2,0x05,0x2e,0x6,7,00 00 ff ff 01 00 00 00,"Status frame 6 (new)"
2026-03-09T09:13:41.027203,RX,COM6,0x0205b807,0x2,0x05,0x2e,0x0,7,00 00 3f 0b 00 00 80 00,"Status frame 0 (new)"
2026-03-09T09:13:41.027203,RX,COM6,0x0205b887,0x2,0x05,0x2e,0x2,7,00 00 00 00 00 00 00 00,"Status frame 2 (new)"
2026-03-09T09:13:41.029207,RX,COM6,0x0205b8c7,0x2,0x05,0x2e,0x3,7,3a 04 00 00 a5 4d 93 3e,"Status frame 3 (new)"
2026-03-09T09:13:41.029207,RX,COM6,0x0205b907,0x2,0x05,0x2e,0x4,7,00 00 00 00 00 00 00 00,"Status frame 4 (new)"
2026-03-09T09:13:41.030208,RX,COM6,0x0205b947,0x2,0x05,0x2e,0x5,7,00 00 00 00 00 00 00 00,"Status frame 5 (new)"
2026-03-09T09:13:41.031213,HEARTBEAT,COM6,0x01011840,0x1,0x01,0x6,0x1,0,fa 4e 00 00 00 10 00 00,"Heartbeat"
2026-03-09T09:13:41.035696,RX,COM6,0x0205b987,0x2,0x05,0x2e,0x6,7,00 00 ff ff 01 00 00 00,"Status frame 6 (new)"
2026-03-09T09:13:41.047712,RX,COM6,0x0205b807,0x2,0x05,0x2e,0x0,7,00 00 3c 0b 00 00 80 00,"Status frame 0 (new)"
2026-03-09T09:13:41.047712,RX,COM6,0x0205b887,0x2,0x05,0x2e,0x2,7,00 00 00 00 00 00 00 00,"Status frame 2 (new)"
2026-03-09T09:13:41.049219,RX,COM6,0x0205b8c7,0x2,0x05,0x2e,0x3,7,3a 00 00 00 5b 96 92 3e,"Status frame 3 (new)"
2026-03-09T09:13:41.054221,RX,COM6,0x0205b907,0x2,0x05,0x2e,0x4,7,00 00 00 00 00 00 00 00,"Status frame 4 (new)"
2026-03-09T09:13:41.054221,RX,COM6,0x0205b947,0x2,0x05,0x2e,0x5,7,00 00 00 00 00 00 00 00,"Status frame 5 (new)"
2026-03-09T09:13:41.054221,HEARTBEAT,COM6,0x01011840,0x1,0x01,0x6,0x1,0,11 4f 00 00 00 10 00 00,"Heartbeat"
2026-03-09T09:13:41.054221,RX,COM6,0x0205b987,0x2,0x05,0x2e,0x6,7,00 00 ff ff 01 00 00 00,"Status frame 6 (new)"
2026-03-09T09:13:41.067597,RX,COM6,0x0205b807,0x2,0x05,0x2e,0x0,7,00 00 47 0b 00 00 80 00,"Status frame 0 (new)"
2026-03-09T09:13:41.067597,RX,COM6,0x0205b887,0x2,0x05,0x2e,0x2,7,00 00 00 00 00 00 00 00,"Status frame 2 (new)"
2026-03-09T09:13:41.069106,RX,COM6,0x0205b8c7,0x2,0x05,0x2e,0x3,7,3a 00 00 00 9e d4 93 3e,"Status frame 3 (new)"
2026-03-09T09:13:41.069106,RX,COM6,0x0205b907,0x2,0x05,0x2e,0x4,7,00 00 00 00 00 00 00 00,"Status frame 4 (new)"
2026-03-09T09:13:41.070614,HEARTBEAT,COM6,0x01011840,0x1,0x01,0x6,0x1,0,21 4f 00 00 00 10 00 00,"Heartbeat"
2026-03-09T09:13:41.071118,RX,COM6,0x0205b947,0x2,0x05,0x2e,0x5,7,00 00 00 00 00 00 00 00,"Status frame 5 (new)"
2026-03-09T09:13:41.072622,RX,COM6,0x0205b987,0x2,0x05,0x2e,0x6,7,00 00 ff ff 01 00 00 00,"Status frame 6 (new)"
2026-03-09T09:13:41.086836,RX,COM6,0x0205b807,0x2,0x05,0x2e,0x0,7,00 00 3c 0b 00 00 80 00,"Status frame 0 (new)"
2026-03-09T09:13:41.086836,RX,COM6,0x0205b887,0x2,0x05,0x2e,0x2,7,00 00 00 00 00 00 00 00,"Status frame 2 (new)"
2026-03-09T09:13:41.088895,RX,COM6,0x0205b8c7,0x2,0x05,0x2e,0x3,7,3b 00 00 00 72 7a 94 3e,"Status frame 3 (new)"
2026-03-09T09:13:41.088895,RX,COM6,0x0205b907,0x2,0x05,0x2e,0x4,7,00 00 00 00 00 00 00 00,"Status frame 4 (new)"
2026-03-09T09:13:41.090895,HEARTBEAT,COM6,0x01011840,0x1,0x01,0x6,0x1,0,35 4f 00 00 00 10 00 00,"Heartbeat"
2026-03-09T09:13:41.090895,RX,COM6,0x0205b947,0x2,0x05,0x2e,0x5,7,00 00 00 00 00 00 00 00,"Status frame 5 (new)"
2026-03-09T09:13:41.095886,RX,COM6,0x0205b987,0x2,0x05,0x2e,0x6,7,00 00 ff ff 01 00 00 00,"Status frame 6 (new)"
2026-03-09T09:13:41.106406,RX,COM6,0x0205b807,0x2,0x05,0x2e,0x0,7,00 00 41 0b 00 00 80 00,"Status frame 0 (new)"
2026-03-09T09:13:41.106406,RX,COM6,0x0205b887,0x2,0x05,0x2e,0x2,7,00 00 00 00 00 00 00 00,"Status frame 2 (new)"
2026-03-09T09:13:41.108396,RX,COM6,0x0205b8c7,0x2,0x05,0x2e,0x3,7,3b 00 00 00 ac 55 94 3e,"Status frame 3 (new)"
2026-03-09T09:13:41.108396,RX,COM6,0x0205b907,0x2,0x05,0x2e,0x4,7,00 00 00 00 00 00 00 00,"Status frame 4 (new)"
2026-03-09T09:13:41.110407,RX,COM6,0x0205b947,0x2,0x05,0x2e,0x5,7,00 00 00 00 00 00 00 00,"Status frame 5 (new)"
2026-03-09T09:13:41.111396,HEARTBEAT,COM6,0x01011840,0x1,0x01,0x6,0x1,0,4a 4f 00 00 00 10 00 00,"Heartbeat"
2026-03-09T09:13:41.112911,RX,COM6,0x0205b987,0x2,0x05,0x2e,0x6,7,00 00 ff ff 01 00 00 00,"Status frame 6 (new)"
2026-03-09T09:13:41.118921,RX,COM6,0x0205b847,0x2,0x05,0x2e,0x1,7,00 00 00 24 00 01 00 00,"Status frame 1 (new)"
2026-03-09T09:13:41.126929,RX,COM6,0x0205b807,0x2,0x05,0x2e,0x0,7,00 00 29 0b 00 00 80 00,"Status frame 0 (new)"
2026-03-09T09:13:41.126929,RX,COM6,0x0205b887,0x2,0x05,0x2e,0x2,7,00 00 00 00 00 00 00 00,"Status frame 2 (new)"
2026-03-09T09:13:41.131981,RX,COM6,0x0205b8c7,0x2,0x05,0x2e,0x3,7,3b 00 00 00 b5 9b 94 3e,"Status frame 3 (new)"
2026-03-09T09:13:41.131981,RX,COM6,0x0205b907,0x2,0x05,0x2e,0x4,7,00 00 00 00 00 00 00 00,"Status frame 4 (new)"
2026-03-09T09:13:41.131981,RX,COM6,0x0205b947,0x2,0x05,0x2e,0x5,7,00 00 00 00 00 00 00 00,"Status frame 5 (new)"
2026-03-09T09:13:41.133570,HEARTBEAT,COM6,0x01011840,0x1,0x01,0x6,0x1,0,60 4f 00 00 00 10 00 00,"Heartbeat"
2026-03-09T09:13:41.133570,RX,COM6,0x0205b987,0x2,0x05,0x2e,0x6,7,00 00 ff ff 01 00 00 00,"Status frame 6 (new)"
2026-03-09T09:13:41.147010,RX,COM6,0x0205b807,0x2,0x05,0x2e,0x0,7,00 00 42 0b 00 00 80 00,"Status frame 0 (new)"
2026-03-09T09:13:41.147010,RX,COM6,0x0205b887,0x2,0x05,0x2e,0x2,7,00 00 00 00 00 00 00 00,"Status frame 2 (new)"
2026-03-09T09:13:41.149009,RX,COM6,0x0205b8c7,0x2,0x05,0x2e,0x3,7,3a 00 00 00 93 96 93 3e,"Status frame 3 (new)"
2026-03-09T09:13:41.149009,RX,COM6,0x0205b907,0x2,0x05,0x2e,0x4,7,00 00 00 00 00 00 00 00,"Status frame 4 (new)"
2026-03-09T09:13:41.150531,RX,COM6,0x0205b947,0x2,0x05,0x2e,0x5,7,00 00 00 00 00 00 00 00,"Status frame 5 (new)"
2026-03-09T09:13:41.155529,HEARTBEAT,COM6,0x01011840,0x1,0x01,0x6,0x1,0,76 4f 00 00 00 10 00 00,"Heartbeat"
2026-03-09T09:13:41.155529,RX,COM6,0x0205b987,0x2,0x05,0x2e,0x6,7,00 00 ff ff 01 00 00 00,"Status frame 6 (new)"
2026-03-09T09:13:41.167190,RX,COM6,0x0205b807,0x2,0x05,0x2e,0x0,7,00 00 40 0b 00 00 80 00,"Status frame 0 (new)"
2026-03-09T09:13:41.167190,RX,COM6,0x0205b887,0x2,0x05,0x2e,0x2,7,00 00 00 00 00 00 00 00,"Status frame 2 (new)"
2026-03-09T09:13:41.169203,RX,COM6,0x0205b8c7,0x2,0x05,0x2e,0x3,7,3b 00 00 00 ef 3b 94 3e,"Status frame 3 (new)"
2026-03-09T09:13:41.169203,RX,COM6,0x0205b907,0x2,0x05,0x2e,0x4,7,00 00 00 00 00 00 00 00,"Status frame 4 (new)"
2026-03-09T09:13:41.171125,RX,COM6,0x0205b947,0x2,0x05,0x2e,0x5,7,00 00 00 00 00 00 00 00,"Status frame 5 (new)"
2026-03-09T09:13:41.172123,HEARTBEAT,COM6,0x01011840,0x1,0x01,0x6,0x1,0,87 4f 00 00 00 10 00 00,"Heartbeat"
2026-03-09T09:13:41.177146,RX,COM6,0x0205b987,0x2,0x05,0x2e,0x6,7,00 00 ff ff 01 00 00 00,"Status frame 6 (new)"
2026-03-09T09:13:41.187262,RX,COM6,0x0205b807,0x2,0x05,0x2e,0x0,7,00 00 47 0b 00 00 80 00,"Status frame 0 (new)"
2026-03-09T09:13:41.187262,RX,COM6,0x0205b887,0x2,0x05,0x2e,0x2,7,00 00 00 00 00 00 00 00,"Status frame 2 (new)"
2026-03-09T09:13:41.188244,RX,COM6,0x0205b8c7,0x2,0x05,0x2e,0x3,7,3b 00 00 00 b9 cf 94 3e,"Status frame 3 (new)"
2026-03-09T09:13:41.189236,RX,COM6,0x0205b907,0x2,0x05,0x2e,0x4,7,00 00 00 00 00 00 00 00,"Status frame 4 (new)"
2026-03-09T09:13:41.190233,RX,COM6,0x0205b947,0x2,0x05,0x2e,0x5,7,00 00 00 00 00 00 00 00,"Status frame 5 (new)"
2026-03-09T09:13:41.191238,HEARTBEAT,COM6,0x01011840,0x1,0x01,0x6,0x1,0,9a 4f 00 00 00 10 00 00,"Heartbeat"
2026-03-09T09:13:41.193151,RX,COM6,0x0205b987,0x2,0x05,0x2e,0x6,7,00 00 ff ff 01 00 00 00,"Status frame 6 (new)"
2026-03-09T09:13:41.207176,RX,COM6,0x0205b807,0x2,0x05,0x2e,0x0,7,00 00 43 0b 00 00 80 00,"Status frame 0 (new)"
2026-03-09T09:13:41.207176,RX,COM6,0x0205b887,0x2,0x05,0x2e,0x2,7,00 00 00 00 00 00 00 00,"Status frame 2 (new)"
2026-03-09T09:13:41.209176,RX,COM6,0x0205b8c7,0x2,0x05,0x2e,0x3,7,3b 04 00 00 86 81 94 3e,"Status frame 3 (new)"
2026-03-09T09:13:41.209176,RX,COM6,0x0205b907,0x2,0x05,0x2e,0x4,7,00 00 00 00 00 00 00 00,"Status frame 4 (new)"
2026-03-09T09:13:41.210175,RX,COM6,0x0205b947,0x2,0x05,0x2e,0x5,7,00 00 00 00 00 00 00 00,"Status frame 5 (new)"
2026-03-09T09:13:41.212176,HEARTBEAT,COM6,0x01011840,0x1,0x01,0x6,0x1,0,af 4f 00 00 00 10 00 00,"Heartbeat"
2026-03-09T09:13:41.212176,RX,COM6,0x0205b987,0x2,0x05,0x2e,0x6,7,00 00 ff ff 01 00 00 00,"Status frame 6 (new)"
2026-03-09T09:13:41.225795,RX,COM6,0x0205b807,0x2,0x05,0x2e,0x0,7,00 00 00 0b 00 00 80 00,"Status frame 0 (new)"
2026-03-09T09:13:41.227311,RX,COM6,0x0205b887,0x2,0x05,0x2e,0x2,7,00 00 00 00 00 00 00 00,"Status frame 2 (new)"
2026-03-09T09:13:41.228393,RX,COM6,0x0205b8c7,0x2,0x05,0x2e,0x3,7,3b 04 00 00 4a d0 94 3e,"Status frame 3 (new)"
2026-03-09T09:13:41.229317,RX,COM6,0x0205b907,0x2,0x05,0x2e,0x4,7,00 00 00 00 00 00 00 00,"Status frame 4 (new)"
2026-03-09T09:13:41.230332,RX,COM6,0x0205b947,0x2,0x05,0x2e,0x5,7,00 00 00 00 00 00 00 00,"Status frame 5 (new)"
2026-03-09T09:13:41.231316,HEARTBEAT,COM6,0x01011840,0x1,0x01,0x6,0x1,0,c2 4f 00 00 00 10 00 00,"Heartbeat"
2026-03-09T09:13:41.232333,RX,COM6,0x0205b987,0x2,0x05,0x2e,0x6,7,00 00 ff ff 01 00 00 00,"Status frame 6 (new)"
2026-03-09T09:13:41.246916,RX,COM6,0x0205b807,0x2,0x05,0x2e,0x0,7,00 00 4a 0b 00 00 80 00,"Status frame 0 (new)"
2026-03-09T09:13:41.246916,RX,COM6,0x0205b887,0x2,0x05,0x2e,0x2,7,00 00 00 00 00 00 00 00,"Status frame 2 (new)"
2026-03-09T09:13:41.248920,RX,COM6,0x0205b8c7,0x2,0x05,0x2e,0x3,7,3b 00 00 00 c3 de 94 3e,"Status frame 3 (new)"
2026-03-09T09:13:41.248920,RX,COM6,0x0205b907,0x2,0x05,0x2e,0x4,7,00 00 00 00 00 00 00 00,"Status frame 4 (new)"
2026-03-09T09:13:41.250920,RX,COM6,0x0205b947,0x2,0x05,0x2e,0x5,7,00 00 00 00 00 00 00 00,"Status frame 5 (new)"
2026-03-09T09:13:41.251923,HEARTBEAT,COM6,0x01011840,0x1,0x01,0x6,0x1,0,d6 4f 00 00 00 10 00 00,"Heartbeat"
2026-03-09T09:13:41.252924,RX,COM6,0x0205b987,0x2,0x05,0x2e,0x6,7,00 00 ff ff 01 00 00 00,"Status frame 6 (new)"
2026-03-09T09:13:41.266972,RX,COM6,0x0205b807,0x2,0x05,0x2e,0x0,7,00 00 43 0b 00 00 80 00,"Status frame 0 (new)"
2026-03-09T09:13:41.266972,RX,COM6,0x0205b887,0x2,0x05,0x2e,0x2,7,00 00 00 00 00 00 00 00,"Status frame 2 (new)"
2026-03-09T09:13:41.268990,RX,COM6,0x0205b8c7,0x2,0x05,0x2e,0x3,7,3a 00 00 00 b6 94 93 3e,"Status frame 3 (new)"
2026-03-09T09:13:41.268990,RX,COM6,0x0205b907,0x2,0x05,0x2e,0x4,7,00 00 00 00 00 00 00 00,"Status frame 4 (new)"
2026-03-09T09:13:41.273981,HEARTBEAT,COM6,0x01011840,0x1,0x01,0x6,0x1,0,ed 4f 00 00 00 10 00 00,"Heartbeat"
2026-03-09T09:13:41.273981,RX,COM6,0x0205b947,0x2,0x05,0x2e,0x5,7,00 00 00 00 00 00 00 00,"Status frame 5 (new)"
2026-03-09T09:13:41.273981,RX,COM6,0x0205b987,0x2,0x05,0x2e,0x6,7,00 00 ff ff 01 00 00 00,"Status frame 6 (new)"
2026-03-09T09:13:41.290012,RX,COM6,0x0205b807,0x2,0x05,0x2e,0x0,7,00 00 48 0b 00 00 80 00,"Status frame 0 (new)"
2026-03-09T09:13:41.291012,RX,COM6,0x0205b887,0x2,0x05,0x2e,0x2,7,00 00 00 00 00 00 00 00,"Status frame 2 (new)"
2026-03-09T09:13:41.291012,RX,COM6,0x0205b8c7,0x2,0x05,0x2e,0x3,7,3b 00 00 00 d1 0e 95 3e,"Status frame 3 (new)"
2026-03-09T09:13:41.291012,RX,COM6,0x0205b907,0x2,0x05,0x2e,0x4,7,00 00 00 00 00 00 00 00,"Status frame 4 (new)"
2026-03-09T09:13:41.291012,RX,COM6,0x0205b947,0x2,0x05,0x2e,0x5,7,00 00 00 00 00 00 00 00,"Status frame 5 (new)"
2026-03-09T09:13:41.291012,HEARTBEAT,COM6,0x01011840,0x1,0x01,0x6,0x1,0,fe 4f 00 00 00 10 00 00,"Heartbeat"
2026-03-09T09:13:41.293014,RX,COM6,0x0205b987,0x2,0x05,0x2e,0x6,7,00 00 ff ff 01 00 00 00,"Status frame 6 (new)"
2026-03-09T09:13:41.306530,RX,COM6,0x0205b807,0x2,0x05,0x2e,0x0,7,00 00 4a 0b 00 00 80 00,"Status frame 0 (new)"
2026-03-09T09:13:41.306530,RX,COM6,0x0205b887,0x2,0x05,0x2e,0x2,7,00 00 00 00 00 00 00 00,"Status frame 2 (new)"
2026-03-09T09:13:41.308529,RX,COM6,0x0205b8c7,0x2,0x05,0x2e,0x3,7,3b 00 00 00 1c 27 95 3e,"Status frame 3 (new)"
2026-03-09T09:13:41.308529,RX,COM6,0x0205b907,0x2,0x05,0x2e,0x4,7,00 00 00 00 00 00 00 00,"Status frame 4 (new)"
2026-03-09T09:13:41.310540,RX,COM6,0x0205b947,0x2,0x05,0x2e,0x5,7,00 00 00 00 00 00 00 00,"Status frame 5 (new)"
2026-03-09T09:13:41.311528,HEARTBEAT,COM6,0x01011840,0x1,0x01,0x6,0x1,0,12 50 00 00 00 10 00 00,"Heartbeat"
2026-03-09T09:13:41.313043,RX,COM6,0x0205b987,0x2,0x05,0x2e,0x6,7,00 00 ff ff 01 00 00 00,"Status frame 6 (new)"
2026-03-09T09:13:41.327065,RX,COM6,0x0205b807,0x2,0x05,0x2e,0x0,7,00 00 09 0b 00 00 80 00,"Status frame 0 (new)"
2026-03-09T09:13:41.327065,RX,COM6,0x0205b887,0x2,0x05,0x2e,0x2,7,00 00 00 00 00 00 00 00,"Status frame 2 (new)"
2026-03-09T09:13:41.328594,RX,COM6,0x0205b8c7,0x2,0x05,0x2e,0x3,7,3a 00 00 00 72 8d 93 3e,"Status frame 3 (new)"
2026-03-09T09:13:41.328594,RX,COM6,0x0205b907,0x2,0x05,0x2e,0x4,7,00 00 00 00 00 00 00 00,"Status frame 4 (new)"
2026-03-09T09:13:41.330581,HEARTBEAT,COM6,0x01011840,0x1,0x01,0x6,0x1,0,25 50 00 00 00 10 00 00,"Heartbeat"
2026-03-09T09:13:41.330581,RX,COM6,0x0205b947,0x2,0x05,0x2e,0x5,7,00 00 00 00 00 00 00 00,"Status frame 5 (new)"
2026-03-09T09:13:41.332588,RX,COM6,0x0205b987,0x2,0x05,0x2e,0x6,7,00 00 ff ff 01 00 00 00,"Status frame 6 (new)"
2026-03-09T09:13:41.346659,RX,COM6,0x0205b807,0x2,0x05,0x2e,0x0,7,00 00 49 0b 00 00 80 00,"Status frame 0 (new)"
2026-03-09T09:13:41.346659,RX,COM6,0x0205b887,0x2,0x05,0x2e,0x2,7,00 00 00 00 00 00 00 00,"Status frame 2 (new)"
2026-03-09T09:13:41.348654,RX,COM6,0x0205b8c7,0x2,0x05,0x2e,0x3,7,3b 00 00 00 48 6f 94 3e,"Status frame 3 (new)"
2026-03-09T09:13:41.348654,RX,COM6,0x0205b907,0x2,0x05,0x2e,0x4,7,00 00 00 00 00 00 00 00,"Status frame 4 (new)"
2026-03-09T09:13:41.350879,HEARTBEAT,COM6,0x01011840,0x1,0x01,0x6,0x1,0,39 50 00 00 00 10 00 00,"Heartbeat"
2026-03-09T09:13:41.350879,RX,COM6,0x0205b947,0x2,0x05,0x2e,0x5,7,00 00 00 00 00 00 00 00,"Status frame 5 (new)"
2026-03-09T09:13:41.353019,RX,COM6,0x0205b987,0x2,0x05,0x2e,0x6,7,00 00 ff ff 01 00 00 00,"Status frame 6 (new)"
2026-03-09T09:13:41.367416,RX,COM6,0x0205b807,0x2,0x05,0x2e,0x0,7,00 00 48 0b 00 00 80 00,"Status frame 0 (new)"
2026-03-09T09:13:41.367416,RX,COM6,0x0205b847,0x2,0x05,0x2e,0x1,7,00 00 00 24 00 01 00 00,"Status frame 1 (new)"
2026-03-09T09:13:41.367416,RX,COM6,0x0205b887,0x2,0x05,0x2e,0x2,7,00 00 00 00 00 00 00 00,"Status frame 2 (new)"
2026-03-09T09:13:41.368417,RX,COM6,0x0205b8c7,0x2,0x05,0x2e,0x3,7,3b 00 00 00 07 83 94 3e,"Status frame 3 (new)"
2026-03-09T09:13:41.368417,RX,COM6,0x0205b907,0x2,0x05,0x2e,0x4,7,00 00 00 00 00 00 00 00,"Status frame 4 (new)"
2026-03-09T09:13:41.370416,RX,COM6,0x0205b947,0x2,0x05,0x2e,0x5,7,00 00 00 00 00 00 00 00,"Status frame 5 (new)"
2026-03-09T09:13:41.375964,HEARTBEAT,COM6,0x01011840,0x1,0x01,0x6,0x1,0,52 50 00 00 00 10 00 00,"Heartbeat"
2026-03-09T09:13:41.375964,RX,COM6,0x0205b987,0x2,0x05,0x2e,0x6,7,00 00 ff ff 01 00 00 00,"Status frame 6 (new)"
2026-03-09T09:13:41.386505,RX,COM6,0x0205b807,0x2,0x05,0x2e,0x0,7,00 00 45 0b 00 00 80 00,"Status frame 0 (new)"
2026-03-09T09:13:41.387496,RX,COM6,0x0205b887,0x2,0x05,0x2e,0x2,7,00 00 00 00 00 00 00 00,"Status frame 2 (new)"
2026-03-09T09:13:41.388508,RX,COM6,0x0205b8c7,0x2,0x05,0x2e,0x3,7,3a 00 00 00 40 e0 93 3e,"Status frame 3 (new)"
2026-03-09T09:13:41.388508,RX,COM6,0x0205b907,0x2,0x05,0x2e,0x4,7,00 00 00 00 00 00 00 00,"Status frame 4 (new)"
2026-03-09T09:13:41.390506,RX,COM6,0x0205b947,0x2,0x05,0x2e,0x5,7,00 00 00 00 00 00 00 00,"Status frame 5 (new)"
2026-03-09T09:13:41.391497,HEARTBEAT,COM6,0x01011840,0x1,0x01,0x6,0x1,0,62 50 00 00 00 10 00 00,"Heartbeat"
2026-03-09T09:13:41.392511,RX,COM6,0x0205b987,0x2,0x05,0x2e,0x6,7,00 00 ff ff 01 00 00 00,"Status frame 6 (new)"
2026-03-09T09:13:41.406581,RX,COM6,0x0205b807,0x2,0x05,0x2e,0x0,7,00 00 46 0b 00 00 80 00,"Status frame 0 (new)"
2026-03-09T09:13:41.406581,RX,COM6,0x0205b887,0x2,0x05,0x2e,0x2,7,00 00 00 00 00 00 00 00,"Status frame 2 (new)"
2026-03-09T09:13:41.408581,RX,COM6,0x0205b8c7,0x2,0x05,0x2e,0x3,7,3b 00 00 00 70 48 95 3e,"Status frame 3 (new)"
2026-03-09T09:13:41.408581,RX,COM6,0x0205b907,0x2,0x05,0x2e,0x4,7,00 00 00 00 00 00 00 00,"Status frame 4 (new)"
2026-03-09T09:13:41.410580,HEARTBEAT,COM6,0x01011840,0x1,0x01,0x6,0x1,0,75 50 00 00 00 10 00 00,"Heartbeat"
2026-03-09T09:13:41.410580,RX,COM6,0x0205b947,0x2,0x05,0x2e,0x5,7,00 00 00 00 00 00 00 00,"Status frame 5 (new)"
2026-03-09T09:13:41.412576,RX,COM6,0x0205b987,0x2,0x05,0x2e,0x6,7,00 00 ff ff 01 00 00 00,"Status frame 6 (new)"
2026-03-09T09:13:41.427121,RX,COM6,0x0205b807,0x2,0x05,0x2e,0x0,7,00 00 29 0b 00 00 80 00,"Status frame 0 (new)"
2026-03-09T09:13:41.427121,RX,COM6,0x0205b887,0x2,0x05,0x2e,0x2,7,00 00 00 00 00 00 00 00,"Status frame 2 (new)"
2026-03-09T09:13:41.429157,RX,COM6,0x0205b8c7,0x2,0x05,0x2e,0x3,7,3b 00 00 00 3d 99 94 3e,"Status frame 3 (new)"
2026-03-09T09:13:41.429157,RX,COM6,0x0205b907,0x2,0x05,0x2e,0x4,7,00 00 00 00 00 00 00 00,"Status frame 4 (new)"
2026-03-09T09:13:41.430167,RX,COM6,0x0205b947,0x2,0x05,0x2e,0x5,7,00 00 00 00 00 00 00 00,"Status frame 5 (new)"
2026-03-09T09:13:41.431154,HEARTBEAT,COM6,0x01011840,0x1,0x01,0x6,0x1,0,8a 50 00 00 00 10 00 00,"Heartbeat"
2026-03-09T09:13:41.432170,RX,COM6,0x0205b987,0x2,0x05,0x2e,0x6,7,00 00 ff ff 01 00 00 00,"Status frame 6 (new)"
2026-03-09T09:13:41.446515,RX,COM6,0x0205b807,0x2,0x05,0x2e,0x0,7,00 00 4b 0b 00 00 80 00,"Status frame 0 (new)"
2026-03-09T09:13:41.446515,RX,COM6,0x0205b887,0x2,0x05,0x2e,0x2,7,00 00 00 00 00 00 00 00,"Status frame 2 (new)"
2026-03-09T09:13:41.449515,RX,COM6,0x0205b8c7,0x2,0x05,0x2e,0x3,7,3a 00 00 00 d7 fb 93 3e,"Status frame 3 (new)"
2026-03-09T09:13:41.449515,RX,COM6,0x0205b907,0x2,0x05,0x2e,0x4,7,00 00 00 00 00 00 00 00,"Status frame 4 (new)"
2026-03-09T09:13:41.453515,RX,COM6,0x0205b947,0x2,0x05,0x2e,0x5,7,00 00 00 00 00 00 00 00,"Status frame 5 (new)"
2026-03-09T09:13:41.453515,HEARTBEAT,COM6,0x01011840,0x1,0x01,0x6,0x1,0,a1 50 00 00 00 10 00 00,"Heartbeat"
2026-03-09T09:13:41.453515,RX,COM6,0x0205b987,0x2,0x05,0x2e,0x6,7,00 00 ff ff 01 00 00 00,"Status frame 6 (new)"
2026-03-09T09:13:41.466560,RX,COM6,0x0205b807,0x2,0x05,0x2e,0x0,7,00 00 4c 0b 00 00 80 00,"Status frame 0 (new)"
2026-03-09T09:13:41.467579,RX,COM6,0x0205b887,0x2,0x05,0x2e,0x2,7,00 00 00 00 00 00 00 00,"Status frame 2 (new)"
2026-03-09T09:13:41.469578,RX,COM6,0x0205b8c7,0x2,0x05,0x2e,0x3,7,3a 00 00 00 9e d2 93 3e,"Status frame 3 (new)"
2026-03-09T09:13:41.469578,RX,COM6,0x0205b907,0x2,0x05,0x2e,0x4,7,00 00 00 00 00 00 00 00,"Status frame 4 (new)"
2026-03-09T09:13:41.470578,HEARTBEAT,COM6,0x01011840,0x1,0x01,0x6,0x1,0,b1 50 00 00 00 10 00 00,"Heartbeat"
2026-03-09T09:13:41.470578,RX,COM6,0x0205b947,0x2,0x05,0x2e,0x5,7,00 00 00 00 00 00 00 00,"Status frame 5 (new)"
2026-03-09T09:13:41.472577,RX,COM6,0x0205b987,0x2,0x05,0x2e,0x6,7,00 00 ff ff 01 00 00 00,"Status frame 6 (new)"
2026-03-09T09:13:41.486101,RX,COM6,0x0205b807,0x2,0x05,0x2e,0x0,7,00 00 4e 0b 00 00 80 00,"Status frame 0 (new)"
2026-03-09T09:13:41.487608,RX,COM6,0x0205b887,0x2,0x05,0x2e,0x2,7,00 00 00 00 00 00 00 00,"Status frame 2 (new)"
2026-03-09T09:13:41.488616,RX,COM6,0x0205b8c7,0x2,0x05,0x2e,0x3,7,3b 00 00 00 88 1c 95 3e,"Status frame 3 (new)"
2026-03-09T09:13:41.488616,RX,COM6,0x0205b907,0x2,0x05,0x2e,0x4,7,00 00 00 00 00 00 00 00,"Status frame 4 (new)"
2026-03-09T09:13:41.490613,HEARTBEAT,COM6,0x01011840,0x1,0x01,0x6,0x1,0,c5 50 00 00 00 10 00 00,"Heartbeat"
2026-03-09T09:13:41.490613,RX,COM6,0x0205b947,0x2,0x05,0x2e,0x5,7,00 00 00 00 00 00 00 00,"Status frame 5 (new)"
2026-03-09T09:13:41.493614,RX,COM6,0x0205b987,0x2,0x05,0x2e,0x6,7,00 00 ff ff 01 00 00 00,"Status frame 6 (new)"
2026-03-09T09:13:41.507157,RX,COM6,0x0205b807,0x2,0x05,0x2e,0x0,7,00 00 4a 0b 00 00 80 00,"Status frame 0 (new)"
2026-03-09T09:13:41.507157,RX,COM6,0x0205b887,0x2,0x05,0x2e,0x2,7,00 00 00 00 00 00 00 00,"Status frame 2 (new)"
2026-03-09T09:13:41.509162,RX,COM6,0x0205b8c7,0x2,0x05,0x2e,0x3,7,3b 00 00 00 0d 53 95 3e,"Status frame 3 (new)"
2026-03-09T09:13:41.509162,RX,COM6,0x0205b907,0x2,0x05,0x2e,0x4,7,00 00 00 00 00 00 00 00,"Status frame 4 (new)"
2026-03-09T09:13:41.510153,RX,COM6,0x0205b947,0x2,0x05,0x2e,0x5,7,00 00 00 00 00 00 00 00,"Status frame 5 (new)"
2026-03-09T09:13:41.511154,HEARTBEAT,COM6,0x01011840,0x1,0x01,0x6,0x1,0,da 50 00 00 00 10 00 00,"Heartbeat"
2026-03-09T09:13:41.512173,RX,COM6,0x0205b987,0x2,0x05,0x2e,0x6,7,00 00 ff ff 01 00 00 00,"Status frame 6 (new)"
2026-03-09T09:13:41.527207,RX,COM6,0x0205b807,0x2,0x05,0x2e,0x0,7,00 00 3b 0b 00 00 80 00,"Status frame 0 (new)"
2026-03-09T09:13:41.527207,RX,COM6,0x0205b887,0x2,0x05,0x2e,0x2,7,00 00 00 00 00 00 00 00,"Status frame 2 (new)"
2026-03-09T09:13:41.528219,RX,COM6,0x0205b8c7,0x2,0x05,0x2e,0x3,7,3b 00 00 00 8e 14 94 3e,"Status frame 3 (new)"
2026-03-09T09:13:41.529218,RX,COM6,0x0205b907,0x2,0x05,0x2e,0x4,7,00 00 00 00 00 00 00 00,"Status frame 4 (new)"
2026-03-09T09:13:41.530233,RX,COM6,0x0205b947,0x2,0x05,0x2e,0x5,7,00 00 00 00 00 00 00 00,"Status frame 5 (new)"
2026-03-09T09:13:41.531218,HEARTBEAT,COM6,0x01011840,0x1,0x01,0x6,0x1,0,ee 50 00 00 00 10 00 00,"Heartbeat"
2026-03-09T09:13:41.532235,RX,COM6,0x0205b987,0x2,0x05,0x2e,0x6,7,00 00 ff ff 01 00 00 00,"Status frame 6 (new)"
2026-03-09T09:13:41.546877,RX,COM6,0x0205b807,0x2,0x05,0x2e,0x0,7,00 00 49 0b 00 00 80 00,"Status frame 0 (new)"
2026-03-09T09:13:41.546877,RX,COM6,0x0205b887,0x2,0x05,0x2e,0x2,7,00 00 00 00 00 00 00 00,"Status frame 2 (new)"
2026-03-09T09:13:41.547865,RX,COM6,0x0205b8c7,0x2,0x05,0x2e,0x3,7,3b 00 00 00 ed 8c 94 3e,"Status frame 3 (new)"
2026-03-09T09:13:41.552372,RX,COM6,0x0205b907,0x2,0x05,0x2e,0x4,7,00 00 00 00 00 00 00 00,"Status frame 4 (new)"
2026-03-09T09:13:41.553372,HEARTBEAT,COM6,0x01011840,0x1,0x01,0x6,0x1,0,04 51 00 00 00 10 00 00,"Heartbeat"
2026-03-09T09:13:41.553372,RX,COM6,0x0205b947,0x2,0x05,0x2e,0x5,7,00 00 00 00 00 00 00 00,"Status frame 5 (new)"
2026-03-09T09:13:41.553372,RX,COM6,0x0205b987,0x2,0x05,0x2e,0x6,7,00 00 ff ff 01 00 00 00,"Status frame 6 (new)"
2026-03-09T09:13:41.569904,RX,COM6,0x0205b807,0x2,0x05,0x2e,0x0,7,00 00 50 0b 00 00 80 00,"Status frame 0 (new)"
2026-03-09T09:13:41.569904,RX,COM6,0x0205b887,0x2,0x05,0x2e,0x2,7,00 00 00 00 00 00 00 00,"Status frame 2 (new)"
2026-03-09T09:13:41.569904,RX,COM6,0x0205b8c7,0x2,0x05,0x2e,0x3,7,3b 00 00 00 75 63 94 3e,"Status frame 3 (new)"
2026-03-09T09:13:41.569904,RX,COM6,0x0205b907,0x2,0x05,0x2e,0x4,7,00 00 00 00 00 00 00 00,"Status frame 4 (new)"
2026-03-09T09:13:41.570905,RX,COM6,0x0205b947,0x2,0x05,0x2e,0x5,7,00 00 00 00 00 00 00 00,"Status frame 5 (new)"
2026-03-09T09:13:41.575410,HEARTBEAT,COM6,0x01011840,0x1,0x01,0x6,0x1,0,1a 51 00 00 00 10 00 00,"Heartbeat"
2026-03-09T09:13:41.575410,RX,COM6,0x0205b987,0x2,0x05,0x2e,0x6,7,00 00 ff ff 01 00 00 00,"Status frame 6 (new)"
2026-03-09T09:13:41.586546,RX,COM6,0x0205b807,0x2,0x05,0x2e,0x0,7,00 00 4f 0b 00 00 80 00,"Status frame 0 (new)"
2026-03-09T09:13:41.587454,RX,COM6,0x0205b887,0x2,0x05,0x2e,0x2,7,00 00 00 00 00 00 00 00,"Status frame 2 (new)"
2026-03-09T09:13:41.592501,RX,COM6,0x0205b8c7,0x2,0x05,0x2e,0x3,7,3b 00 00 00 b9 15 95 3e,"Status frame 3 (new)"
2026-03-09T09:13:41.592501,RX,COM6,0x0205b907,0x2,0x05,0x2e,0x4,7,00 00 00 00 00 00 00 00,"Status frame 4 (new)"
2026-03-09T09:13:41.592501,HEARTBEAT,COM6,0x01011840,0x1,0x01,0x6,0x1,0,2b 51 00 00 00 10 00 00,"Heartbeat"
2026-03-09T09:13:41.592501,RX,COM6,0x0205b947,0x2,0x05,0x2e,0x5,7,00 00 00 00 00 00 00 00,"Status frame 5 (new)"
2026-03-09T09:13:41.592501,RX,COM6,0x0205b987,0x2,0x05,0x2e,0x6,7,00 00 ff ff 01 00 00 00,"Status frame 6 (new)"
2026-03-09T09:13:41.606803,RX,COM6,0x0205b807,0x2,0x05,0x2e,0x0,7,00 00 50 0b 00 00 80 00,"Status frame 0 (new)"
2026-03-09T09:13:41.606803,RX,COM6,0x0205b887,0x2,0x05,0x2e,0x2,7,00 00 00 00 00 00 00 00,"Status frame 2 (new)"
2026-03-09T09:13:41.612721,RX,COM6,0x0205b8c7,0x2,0x05,0x2e,0x3,7,3b 00 00 00 1e 97 95 3e,"Status frame 3 (new)"
2026-03-09T09:13:41.612721,RX,COM6,0x0205b907,0x2,0x05,0x2e,0x4,7,00 00 00 00 00 00 00 00,"Status frame 4 (new)"
2026-03-09T09:13:41.612721,HEARTBEAT,COM6,0x01011840,0x1,0x01,0x6,0x1,0,40 51 00 00 00 10 00 00,"Heartbeat"
2026-03-09T09:13:41.612721,RX,COM6,0x0205b947,0x2,0x05,0x2e,0x5,7,00 00 00 00 00 00 00 00,"Status frame 5 (new)"
2026-03-09T09:13:41.612721,RX,COM6,0x0205b987,0x2,0x05,0x2e,0x6,7,00 00 ff ff 01 00 00 00,"Status frame 6 (new)"
2026-03-09T09:13:41.620824,RX,COM6,0x0205b847,0x2,0x05,0x2e,0x1,7,00 00 00 24 00 01 00 00,"Status frame 1 (new)"
2026-03-09T09:13:41.627237,RX,COM6,0x0205b807,0x2,0x05,0x2e,0x0,7,00 00 46 0b 00 00 80 00,"Status frame 0 (new)"
2026-03-09T09:13:41.627237,RX,COM6,0x0205b887,0x2,0x05,0x2e,0x2,7,00 00 00 00 00 00 00 00,"Status frame 2 (new)"
2026-03-09T09:13:41.628472,RX,COM6,0x0205b8c7,0x2,0x05,0x2e,0x3,7,3b 00 00 00 91 86 94 3e,"Status frame 3 (new)"
2026-03-09T09:13:41.629474,RX,COM6,0x0205b907,0x2,0x05,0x2e,0x4,7,00 00 00 00 00 00 00 00,"Status frame 4 (new)"
2026-03-09T09:13:41.630483,RX,COM6,0x0205b947,0x2,0x05,0x2e,0x5,7,00 00 00 00 00 00 00 00,"Status frame 5 (new)"
2026-03-09T09:13:41.631471,HEARTBEAT,COM6,0x01011840,0x1,0x01,0x6,0x1,0,52 51 00 00 00 10 00 00,"Heartbeat"
2026-03-09T09:13:41.634982,RX,COM6,0x0205b987,0x2,0x05,0x2e,0x6,7,00 00 ff ff 01 00 00 00,"Status frame 6 (new)"
2026-03-09T09:13:41.647065,RX,COM6,0x0205b807,0x2,0x05,0x2e,0x0,7,00 00 4b 0b 00 00 80 00,"Status frame 0 (new)"
2026-03-09T09:13:41.650585,RX,COM6,0x0205b887,0x2,0x05,0x2e,0x2,7,00 00 00 00 00 00 00 00,"Status frame 2 (new)"
2026-03-09T09:13:41.651584,RX,COM6,0x0205b8c7,0x2,0x05,0x2e,0x3,7,3a 00 00 00 84 e9 93 3e,"Status frame 3 (new)"
2026-03-09T09:13:41.651584,RX,COM6,0x0205b907,0x2,0x05,0x2e,0x4,7,00 00 00 00 00 00 00 00,"Status frame 4 (new)"
2026-03-09T09:13:41.651584,HEARTBEAT,COM6,0x01011840,0x1,0x01,0x6,0x1,0,66 51 00 00 00 10 00 00,"Heartbeat"
2026-03-09T09:13:41.651584,RX,COM6,0x0205b947,0x2,0x05,0x2e,0x5,7,00 00 00 00 00 00 00 00,"Status frame 5 (new)"
2026-03-09T09:13:41.652576,RX,COM6,0x0205b987,0x2,0x05,0x2e,0x6,7,00 00 ff ff 01 00 00 00,"Status frame 6 (new)"
2026-03-09T09:13:41.667115,RX,COM6,0x0205b807,0x2,0x05,0x2e,0x0,7,00 00 49 0b 00 00 80 00,"Status frame 0 (new)"
2026-03-09T09:13:41.667115,RX,COM6,0x0205b887,0x2,0x05,0x2e,0x2,7,00 00 00 00 00 00 00 00,"Status frame 2 (new)"
2026-03-09T09:13:41.668635,RX,COM6,0x0205b8c7,0x2,0x05,0x2e,0x3,7,3b 00 00 00 09 8a 94 3e,"Status frame 3 (new)"
2026-03-09T09:13:41.668635,RX,COM6,0x0205b907,0x2,0x05,0x2e,0x4,7,00 00 00 00 00 00 00 00,"Status frame 4 (new)"
2026-03-09T09:13:41.670644,HEARTBEAT,COM6,0x01011840,0x1,0x01,0x6,0x1,0,79 51 00 00 00 10 00 00,"Heartbeat"
2026-03-09T09:13:41.670644,RX,COM6,0x0205b947,0x2,0x05,0x2e,0x5,7,00 00 00 00 00 00 00 00,"Status frame 5 (new)"
2026-03-09T09:13:41.672656,RX,COM6,0x0205b987,0x2,0x05,0x2e,0x6,7,00 00 ff ff 01 00 00 00,"Status frame 6 (new)"
2026-03-09T09:13:41.686786,RX,COM6,0x0205b807,0x2,0x05,0x2e,0x0,7,00 00 50 0b 00 00 80 00,"Status frame 0 (new)"
2026-03-09T09:13:41.686786,RX,COM6,0x0205b887,0x2,0x05,0x2e,0x2,7,00 00 00 00 00 00 00 00,"Status frame 2 (new)"
2026-03-09T09:13:41.688297,RX,COM6,0x0205b8c7,0x2,0x05,0x2e,0x3,7,3b 00 00 00 4e 77 94 3e,"Status frame 3 (new)"
2026-03-09T09:13:41.688297,RX,COM6,0x0205b907,0x2,0x05,0x2e,0x4,7,00 00 00 00 00 00 00 00,"Status frame 4 (new)"
2026-03-09T09:13:41.690317,RX,COM6,0x0205b947,0x2,0x05,0x2e,0x5,7,00 00 00 00 00 00 00 00,"Status frame 5 (new)"
2026-03-09T09:13:41.691305,HEARTBEAT,COM6,0x01011840,0x1,0x01,0x6,0x1,0,8e 51 00 00 00 10 00 00,"Heartbeat"
2026-03-09T09:13:41.692504,RX,COM6,0x0205b987,0x2,0x05,0x2e,0x6,7,00 00 ff ff 01 00 00 00,"Status frame 6 (new)"
2026-03-09T09:13:41.706842,RX,COM6,0x0205b807,0x2,0x05,0x2e,0x0,7,00 00 51 0b 00 00 80 00,"Status frame 0 (new)"
2026-03-09T09:13:41.706842,RX,COM6,0x0205b887,0x2,0x05,0x2e,0x2,7,00 00 00 00 00 00 00 00,"Status frame 2 (new)"
2026-03-09T09:13:41.708842,RX,COM6,0x0205b8c7,0x2,0x05,0x2e,0x3,7,3b 00 00 00 61 53 95 3e,"Status frame 3 (new)"
2026-03-09T09:13:41.708842,RX,COM6,0x0205b907,0x2,0x05,0x2e,0x4,7,00 00 00 00 00 00 00 00,"Status frame 4 (new)"
2026-03-09T09:13:41.710842,RX,COM6,0x0205b947,0x2,0x05,0x2e,0x5,7,00 00 00 00 00 00 00 00,"Status frame 5 (new)"
2026-03-09T09:13:41.716398,HEARTBEAT,COM6,0x01011840,0x1,0x01,0x6,0x1,0,a7 51 00 00 00 10 00 00,"Heartbeat"
2026-03-09T09:13:41.716398,RX,COM6,0x0205b987,0x2,0x05,0x2e,0x6,7,00 00 ff ff 01 00 00 00,"Status frame 6 (new)"
2026-03-09T09:13:41.726402,RX,COM6,0x0205b807,0x2,0x05,0x2e,0x0,7,00 00 53 0b 00 00 80 00,"Status frame 0 (new)"
2026-03-09T09:13:41.733985,RX,COM6,0x0205b887,0x2,0x05,0x2e,0x2,7,00 00 00 00 00 00 00 00,"Status frame 2 (new)"
2026-03-09T09:13:41.734533,RX,COM6,0x0205b8c7,0x2,0x05,0x2e,0x3,7,3b 00 00 00 30 c4 94 3e,"Status frame 3 (new)"
2026-03-09T09:13:41.734533,RX,COM6,0x0205b907,0x2,0x05,0x2e,0x4,7,00 00 00 00 00 00 00 00,"Status frame 4 (new)"
2026-03-09T09:13:41.734533,HEARTBEAT,COM6,0x01011840,0x1,0x01,0x6,0x1,0,b9 51 00 00 00 10 00 00,"Heartbeat"
2026-03-09T09:13:41.734533,RX,COM6,0x0205b947,0x2,0x05,0x2e,0x5,7,00 00 00 00 00 00 00 00,"Status frame 5 (new)"
2026-03-09T09:13:41.734533,RX,COM6,0x0205b987,0x2,0x05,0x2e,0x6,7,00 00 ff ff 01 00 00 00,"Status frame 6 (new)"
2026-03-09T09:13:41.746682,RX,COM6,0x0205b807,0x2,0x05,0x2e,0x0,7,00 00 4e 0b 00 00 80 00,"Status frame 0 (new)"
2026-03-09T09:13:41.746682,RX,COM6,0x0205b887,0x2,0x05,0x2e,0x2,7,00 00 00 00 00 00 00 00,"Status frame 2 (new)"
2026-03-09T09:13:41.749203,RX,COM6,0x0205b8c7,0x2,0x05,0x2e,0x3,7,3a 00 00 00 df af 93 3e,"Status frame 3 (new)"
2026-03-09T09:13:41.749203,RX,COM6,0x0205b907,0x2,0x05,0x2e,0x4,7,00 00 00 00 00 00 00 00,"Status frame 4 (new)"
2026-03-09T09:13:41.751207,RX,COM6,0x0205b947,0x2,0x05,0x2e,0x5,7,00 00 00 00 00 00 00 00,"Status frame 5 (new)"
2026-03-09T09:13:41.751207,HEARTBEAT,COM6,0x01011840,0x1,0x01,0x6,0x1,0,ca 51 00 00 00 10 00 00,"Heartbeat"
2026-03-09T09:13:41.752207,RX,COM6,0x0205b987,0x2,0x05,0x2e,0x6,7,00 00 ff ff 01 00 00 00,"Status frame 6 (new)"
2026-03-09T09:13:41.766736,RX,COM6,0x0205b807,0x2,0x05,0x2e,0x0,7,00 00 4e 0b 00 00 80 00,"Status frame 0 (new)"
2026-03-09T09:13:41.766736,RX,COM6,0x0205b887,0x2,0x05,0x2e,0x2,7,00 00 00 00 00 00 00 00,"Status frame 2 (new)"
2026-03-09T09:13:41.768735,RX,COM6,0x0205b8c7,0x2,0x05,0x2e,0x3,7,3b 00 00 00 bc a1 94 3e,"Status frame 3 (new)"
2026-03-09T09:13:41.768735,RX,COM6,0x0205b907,0x2,0x05,0x2e,0x4,7,00 00 00 00 00 00 00 00,"Status frame 4 (new)"
2026-03-09T09:13:41.770745,HEARTBEAT,COM6,0x01011840,0x1,0x01,0x6,0x1,0,dd 51 00 00 00 10 00 00,"Heartbeat"
2026-03-09T09:13:41.770745,RX,COM6,0x0205b947,0x2,0x05,0x2e,0x5,7,00 00 00 00 00 00 00 00,"Status frame 5 (new)"
2026-03-09T09:13:41.772736,RX,COM6,0x0205b987,0x2,0x05,0x2e,0x6,7,00 00 ff ff 01 00 00 00,"Status frame 6 (new)"
2026-03-09T09:13:41.786801,RX,COM6,0x0205b807,0x2,0x05,0x2e,0x0,7,00 00 4e 0b 00 00 80 00,"Status frame 0 (new)"
2026-03-09T09:13:41.786801,RX,COM6,0x0205b887,0x2,0x05,0x2e,0x2,7,00 00 00 00 00 00 00 00,"Status frame 2 (new)"
2026-03-09T09:13:41.788801,RX,COM6,0x0205b8c7,0x2,0x05,0x2e,0x3,7,3b 00 00 00 22 05 95 3e,"Status frame 3 (new)"
2026-03-09T09:13:41.788801,RX,COM6,0x0205b907,0x2,0x05,0x2e,0x4,7,00 00 00 00 00 00 00 00,"Status frame 4 (new)"
2026-03-09T09:13:41.790802,HEARTBEAT,COM6,0x01011840,0x1,0x01,0x6,0x1,0,f2 51 00 00 00 10 00 00,"Heartbeat"
2026-03-09T09:13:41.790802,RX,COM6,0x0205b947,0x2,0x05,0x2e,0x5,7,00 00 00 00 00 00 00 00,"Status frame 5 (new)"
2026-03-09T09:13:41.792801,RX,COM6,0x0205b987,0x2,0x05,0x2e,0x6,7,00 00 ff ff 01 00 00 00,"Status frame 6 (new)"
2026-03-09T09:13:41.806842,RX,COM6,0x0205b807,0x2,0x05,0x2e,0x0,7,00 00 51 0b 00 00 80 00,"Status frame 0 (new)"
2026-03-09T09:13:41.806842,RX,COM6,0x0205b887,0x2,0x05,0x2e,0x2,7,00 00 00 00 00 00 00 00,"Status frame 2 (new)"
2026-03-09T09:13:41.808842,RX,COM6,0x0205b8c7,0x2,0x05,0x2e,0x3,7,3b 00 00 00 d1 37 94 3e,"Status frame 3 (new)"
2026-03-09T09:13:41.808842,RX,COM6,0x0205b907,0x2,0x05,0x2e,0x4,7,00 00 00 00 00 00 00 00,"Status frame 4 (new)"
2026-03-09T09:13:41.810842,HEARTBEAT,COM6,0x01011840,0x1,0x01,0x6,0x1,0,05 52 00 00 00 10 00 00,"Heartbeat"
2026-03-09T09:13:41.810842,RX,COM6,0x0205b947,0x2,0x05,0x2e,0x5,7,00 00 00 00 00 00 00 00,"Status frame 5 (new)"
2026-03-09T09:13:41.812865,RX,COM6,0x0205b987,0x2,0x05,0x2e,0x6,7,00 00 ff ff 01 00 00 00,"Status frame 6 (new)"
2026-03-09T09:13:41.826913,RX,COM6,0x0205b807,0x2,0x05,0x2e,0x0,7,00 00 52 0b 00 00 80 00,"Status frame 0 (new)"
2026-03-09T09:13:41.826913,RX,COM6,0x0205b887,0x2,0x05,0x2e,0x2,7,00 00 00 00 00 00 00 00,"Status frame 2 (new)"
2026-03-09T09:13:41.828937,RX,COM6,0x0205b8c7,0x2,0x05,0x2e,0x3,7,3b 00 00 00 38 fe 93 3e,"Status frame 3 (new)"
2026-03-09T09:13:41.828937,RX,COM6,0x0205b907,0x2,0x05,0x2e,0x4,7,00 00 00 00 00 00 00 00,"Status frame 4 (new)"
2026-03-09T09:13:41.831632,RX,COM6,0x0205b947,0x2,0x05,0x2e,0x5,7,00 00 00 00 00 00 00 00,"Status frame 5 (new)"
2026-03-09T09:13:41.831924,HEARTBEAT,COM6,0x01011840,0x1,0x01,0x6,0x1,0,1a 52 00 00 00 10 00 00,"Heartbeat"
2026-03-09T09:13:41.832939,RX,COM6,0x0205b987,0x2,0x05,0x2e,0x6,7,00 00 ff ff 01 00 00 00,"Status frame 6 (new)"
2026-03-09T09:13:41.847065,RX,COM6,0x0205b807,0x2,0x05,0x2e,0x0,7,00 00 52 0b 00 00 80 00,"Status frame 0 (new)"
2026-03-09T09:13:41.847065,RX,COM6,0x0205b887,0x2,0x05,0x2e,0x2,7,00 00 00 00 00 00 00 00,"Status frame 2 (new)"
2026-03-09T09:13:41.848604,RX,COM6,0x0205b8c7,0x2,0x05,0x2e,0x3,7,3b 00 00 00 77 1f 95 3e,"Status frame 3 (new)"
2026-03-09T09:13:41.848604,RX,COM6,0x0205b907,0x2,0x05,0x2e,0x4,7,00 00 00 00 00 00 00 00,"Status frame 4 (new)"
2026-03-09T09:13:41.850603,RX,COM6,0x0205b947,0x2,0x05,0x2e,0x5,7,00 00 00 00 00 00 00 00,"Status frame 5 (new)"
2026-03-09T09:13:41.851603,HEARTBEAT,COM6,0x01011840,0x1,0x01,0x6,0x1,0,2e 52 00 00 00 10 00 00,"Heartbeat"
2026-03-09T09:13:41.852603,RX,COM6,0x0205b987,0x2,0x05,0x2e,0x6,7,00 00 ff ff 01 00 00 00,"Status frame 6 (new)"
2026-03-09T09:13:41.867138,RX,COM6,0x0205b807,0x2,0x05,0x2e,0x0,7,00 00 35 0b 00 00 80 00,"Status frame 0 (new)"
2026-03-09T09:13:41.867138,RX,COM6,0x0205b847,0x2,0x05,0x2e,0x1,7,00 00 00 24 00 01 00 00,"Status frame 1 (new)"
2026-03-09T09:13:41.867138,RX,COM6,0x0205b887,0x2,0x05,0x2e,0x2,7,00 00 00 00 00 00 00 00,"Status frame 2 (new)"
2026-03-09T09:13:41.868652,RX,COM6,0x0205b8c7,0x2,0x05,0x2e,0x3,7,3b 00 00 00 9e 03 95 3e,"Status frame 3 (new)"
2026-03-09T09:13:41.868652,RX,COM6,0x0205b907,0x2,0x05,0x2e,0x4,7,00 00 00 00 00 00 00 00,"Status frame 4 (new)"
2026-03-09T09:13:41.868652,RX,COM6,0x0205bc07,0x2,0x05,0x2f,0x0,7,12 e2 2e be 00 00 00 00,"DATA apiClass=0x2f apiIndex=0x0"
2026-03-09T09:13:41.870668,HEARTBEAT,COM6,0x01011840,0x1,0x01,0x6,0x1,0,41 52 00 00 00 10 00 00,"Heartbeat"
2026-03-09T09:13:41.870668,RX,COM6,0x0205b947,0x2,0x05,0x2e,0x5,7,00 00 00 00 00 00 00 00,"Status frame 5 (new)"
2026-03-09T09:13:41.872666,RX,COM6,0x0205b987,0x2,0x05,0x2e,0x6,7,00 00 ff ff 01 00 00 00,"Status frame 6 (new)"
2026-03-09T09:13:41.886773,RX,COM6,0x0205b807,0x2,0x05,0x2e,0x0,7,00 00 53 0b 00 00 80 00,"Status frame 0 (new)"
2026-03-09T09:13:41.886773,RX,COM6,0x0205b887,0x2,0x05,0x2e,0x2,7,00 00 00 00 00 00 00 00,"Status frame 2 (new)"
2026-03-09T09:13:41.888282,RX,COM6,0x0205b8c7,0x2,0x05,0x2e,0x3,7,3b 00 00 00 eb 9b 94 3e,"Status frame 3 (new)"
2026-03-09T09:13:41.889290,RX,COM6,0x0205b907,0x2,0x05,0x2e,0x4,7,00 00 00 00 00 00 00 00,"Status frame 4 (new)"
2026-03-09T09:13:41.890303,RX,COM6,0x0205b947,0x2,0x05,0x2e,0x5,7,00 00 00 00 00 00 00 00,"Status frame 5 (new)"
2026-03-09T09:13:41.891290,HEARTBEAT,COM6,0x01011840,0x1,0x01,0x6,0x1,0,56 52 00 00 00 10 00 00,"Heartbeat"
2026-03-09T09:13:41.892406,RX,COM6,0x0205b987,0x2,0x05,0x2e,0x6,7,00 00 ff ff 01 00 00 00,"Status frame 6 (new)"
2026-03-09T09:13:41.906835,RX,COM6,0x0205b807,0x2,0x05,0x2e,0x0,7,00 00 51 0b 00 00 80 00,"Status frame 0 (new)"
2026-03-09T09:13:41.906835,RX,COM6,0x0205b887,0x2,0x05,0x2e,0x2,7,00 00 00 00 00 00 00 00,"Status frame 2 (new)"
2026-03-09T09:13:41.908838,RX,COM6,0x0205b8c7,0x2,0x05,0x2e,0x3,7,3b 00 00 00 c5 e2 94 3e,"Status frame 3 (new)"
2026-03-09T09:13:41.908838,RX,COM6,0x0205b907,0x2,0x05,0x2e,0x4,7,00 00 00 00 00 00 00 00,"Status frame 4 (new)"
2026-03-09T09:13:41.910833,HEARTBEAT,COM6,0x01011840,0x1,0x01,0x6,0x1,0,69 52 00 00 00 10 00 00,"Heartbeat"
2026-03-09T09:13:41.910833,RX,COM6,0x0205b947,0x2,0x05,0x2e,0x5,7,00 00 00 00 00 00 00 00,"Status frame 5 (new)"
2026-03-09T09:13:41.911824,RX,COM6,0x0205b987,0x2,0x05,0x2e,0x6,7,00 00 ff ff 01 00 00 00,"Status frame 6 (new)"
2026-03-09T09:13:41.926856,RX,COM6,0x0205b807,0x2,0x05,0x2e,0x0,7,00 00 56 0b 00 00 80 00,"Status frame 0 (new)"
2026-03-09T09:13:41.926856,RX,COM6,0x0205b887,0x2,0x05,0x2e,0x2,7,00 00 00 00 00 00 00 00,"Status frame 2 (new)"
2026-03-09T09:13:41.928866,RX,COM6,0x0205b8c7,0x2,0x05,0x2e,0x3,7,3a 00 00 00 43 64 93 3e,"Status frame 3 (new)"
2026-03-09T09:13:41.928866,RX,COM6,0x0205b907,0x2,0x05,0x2e,0x4,7,00 00 00 00 00 00 00 00,"Status frame 4 (new)"
2026-03-09T09:13:41.930869,HEARTBEAT,COM6,0x01011840,0x1,0x01,0x6,0x1,0,7e 52 00 00 00 10 00 00,"Heartbeat"
2026-03-09T09:13:41.930869,RX,COM6,0x0205b947,0x2,0x05,0x2e,0x5,7,00 00 00 00 00 00 00 00,"Status frame 5 (new)"
2026-03-09T09:13:41.932863,RX,COM6,0x0205b987,0x2,0x05,0x2e,0x6,7,00 00 ff ff 01 00 00 00,"Status frame 6 (new)"
2026-03-09T09:13:41.946436,RX,COM6,0x0205b807,0x2,0x05,0x2e,0x0,7,00 00 57 0b 00 00 80 00,"Status frame 0 (new)"
2026-03-09T09:13:41.947430,RX,COM6,0x0205b887,0x2,0x05,0x2e,0x2,7,00 00 00 00 00 00 00 00,"Status frame 2 (new)"
2026-03-09T09:13:41.948443,RX,COM6,0x0205b8c7,0x2,0x05,0x2e,0x3,7,3b 00 00 00 0d 06 95 3e,"Status frame 3 (new)"
2026-03-09T09:13:41.948443,RX,COM6,0x0205b907,0x2,0x05,0x2e,0x4,7,00 00 00 00 00 00 00 00,"Status frame 4 (new)"
2026-03-09T09:13:41.950965,HEARTBEAT,COM6,0x01011840,0x1,0x01,0x6,0x1,0,92 52 00 00 00 10 00 00,"Heartbeat"
2026-03-09T09:13:41.950965,RX,COM6,0x0205b947,0x2,0x05,0x2e,0x5,7,00 00 00 00 00 00 00 00,"Status frame 5 (new)"
2026-03-09T09:13:41.952963,RX,COM6,0x0205b987,0x2,0x05,0x2e,0x6,7,00 00 ff ff 01 00 00 00,"Status frame 6 (new)"
2026-03-09T09:13:41.966503,RX,COM6,0x0205b807,0x2,0x05,0x2e,0x0,7,00 00 0d 0b 00 00 80 00,"Status frame 0 (new)"
2026-03-09T09:13:41.966503,RX,COM6,0x0205b887,0x2,0x05,0x2e,0x2,7,00 00 00 00 00 00 00 00,"Status frame 2 (new)"
2026-03-09T09:13:41.968513,RX,COM6,0x0205b8c7,0x2,0x05,0x2e,0x3,7,3b 00 00 00 39 95 94 3e,"Status frame 3 (new)"
2026-03-09T09:13:41.968513,RX,COM6,0x0205b907,0x2,0x05,0x2e,0x4,7,00 00 00 00 00 00 00 00,"Status frame 4 (new)"
2026-03-09T09:13:41.970513,RX,COM6,0x0205b947,0x2,0x05,0x2e,0x5,7,00 00 00 00 00 00 00 00,"Status frame 5 (new)"
2026-03-09T09:13:41.971502,HEARTBEAT,COM6,0x01011840,0x1,0x01,0x6,0x1,0,a6 52 00 00 00 10 00 00,"Heartbeat"
2026-03-09T09:13:41.972501,RX,COM6,0x0205b987,0x2,0x05,0x2e,0x6,7,00 00 ff ff 01 00 00 00,"Status frame 6 (new)"
2026-03-09T09:13:41.986580,RX,COM6,0x0205b807,0x2,0x05,0x2e,0x0,7,00 00 54 0b 00 00 80 00,"Status frame 0 (new)"
2026-03-09T09:13:41.986580,RX,COM6,0x0205b887,0x2,0x05,0x2e,0x2,7,00 00 00 00 00 00 00 00,"Status frame 2 (new)"
2026-03-09T09:13:41.988578,RX,COM6,0x0205b8c7,0x2,0x05,0x2e,0x3,7,3b 00 00 00 11 8c 95 3e,"Status frame 3 (new)"
2026-03-09T09:13:41.988578,RX,COM6,0x0205b907,0x2,0x05,0x2e,0x4,7,00 00 00 00 00 00 00 00,"Status frame 4 (new)"
2026-03-09T09:13:41.990579,HEARTBEAT,COM6,0x01011840,0x1,0x01,0x6,0x1,0,b9 52 00 00 00 10 00 00,"Heartbeat"
2026-03-09T09:13:41.990579,RX,COM6,0x0205b947,0x2,0x05,0x2e,0x5,7,00 00 00 00 00 00 00 00,"Status frame 5 (new)"
2026-03-09T09:13:41.992576,RX,COM6,0x0205b987,0x2,0x05,0x2e,0x6,7,00 00 ff ff 01 00 00 00,"Status frame 6 (new)"
2026-03-09T09:13:42.006611,RX,COM6,0x0205b807,0x2,0x05,0x2e,0x0,7,00 00 56 0b 00 00 80 00,"Status frame 0 (new)"
2026-03-09T09:13:42.006611,RX,COM6,0x0205b887,0x2,0x05,0x2e,0x2,7,00 00 00 00 00 00 00 00,"Status frame 2 (new)"
2026-03-09T09:13:42.008609,RX,COM6,0x0205b8c7,0x2,0x05,0x2e,0x3,7,3b 00 00 00 db 1b 94 3e,"Status frame 3 (new)"
2026-03-09T09:13:42.008609,RX,COM6,0x0205b907,0x2,0x05,0x2e,0x4,7,00 00 00 00 00 00 00 00,"Status frame 4 (new)"
2026-03-09T09:13:42.010609,HEARTBEAT,COM6,0x01011840,0x1,0x01,0x6,0x1,0,cd 52 00 00 00 10 00 00,"Heartbeat"
2026-03-09T09:13:42.010609,RX,COM6,0x0205b947,0x2,0x05,0x2e,0x5,7,00 00 00 00 00 00 00 00,"Status frame 5 (new)"
2026-03-09T09:13:42.012622,RX,COM6,0x0205b987,0x2,0x05,0x2e,0x6,7,00 00 ff ff 01 00 00 00,"Status frame 6 (new)"
2026-03-09T09:13:42.027131,RX,COM6,0x0205b807,0x2,0x05,0x2e,0x0,7,00 00 58 0b 00 00 80 00,"Status frame 0 (new)"
2026-03-09T09:13:42.027131,RX,COM6,0x0205b887,0x2,0x05,0x2e,0x2,7,00 00 00 00 00 00 00 00,"Status frame 2 (new)"
2026-03-09T09:13:42.029171,RX,COM6,0x0205b8c7,0x2,0x05,0x2e,0x3,7,3b 00 00 00 88 f2 93 3e,"Status frame 3 (new)"
2026-03-09T09:13:42.029171,RX,COM6,0x0205b907,0x2,0x05,0x2e,0x4,7,00 00 00 00 00 00 00 00,"Status frame 4 (new)"
2026-03-09T09:13:42.030183,RX,COM6,0x0205b947,0x2,0x05,0x2e,0x5,7,00 00 00 00 00 00 00 00,"Status frame 5 (new)"
2026-03-09T09:13:42.032164,HEARTBEAT,COM6,0x01011840,0x1,0x01,0x6,0x1,0,e3 52 00 00 00 10 00 00,"Heartbeat"
2026-03-09T09:13:42.033165,RX,COM6,0x0205b987,0x2,0x05,0x2e,0x6,7,00 00 ff ff 01 00 00 00,"Status frame 6 (new)"
2026-03-09T09:13:42.047791,RX,COM6,0x0205b807,0x2,0x05,0x2e,0x0,7,00 00 4e 0b 00 00 80 00,"Status frame 0 (new)"
2026-03-09T09:13:42.047791,RX,COM6,0x0205b887,0x2,0x05,0x2e,0x2,7,00 00 00 00 00 00 00 00,"Status frame 2 (new)"
2026-03-09T09:13:42.048804,RX,COM6,0x0205b8c7,0x2,0x05,0x2e,0x3,7,3b 00 00 00 92 dc 95 3e,"Status frame 3 (new)"
2026-03-09T09:13:42.048804,RX,COM6,0x0205b907,0x2,0x05,0x2e,0x4,7,00 00 00 00 00 00 00 00,"Status frame 4 (new)"
2026-03-09T09:13:42.050789,RX,COM6,0x0205b947,0x2,0x05,0x2e,0x5,7,00 00 00 00 00 00 00 00,"Status frame 5 (new)"
2026-03-09T09:13:42.051801,HEARTBEAT,COM6,0x01011840,0x1,0x01,0x6,0x1,0,f6 52 00 00 00 10 00 00,"Heartbeat"
2026-03-09T09:13:42.052800,RX,COM6,0x0205b987,0x2,0x05,0x2e,0x6,7,00 00 ff ff 01 00 00 00,"Status frame 6 (new)"
2026-03-09T09:13:42.066324,RX,COM6,0x0205b807,0x2,0x05,0x2e,0x0,7,00 00 1e 0b 00 00 80 00,"Status frame 0 (new)"
2026-03-09T09:13:42.066324,RX,COM6,0x0205b887,0x2,0x05,0x2e,0x2,7,00 00 00 00 00 00 00 00,"Status frame 2 (new)"
2026-03-09T09:13:42.068843,RX,COM6,0x0205b8c7,0x2,0x05,0x2e,0x3,7,3a 00 00 00 9b 9c 93 3e,"Status frame 3 (new)"
2026-03-09T09:13:42.068843,RX,COM6,0x0205b907,0x2,0x05,0x2e,0x4,7,00 00 00 00 00 00 00 00,"Status frame 4 (new)"
2026-03-09T09:13:42.070852,HEARTBEAT,COM6,0x01011840,0x1,0x01,0x6,0x1,0,0a 53 00 00 00 10 00 00,"Heartbeat"
2026-03-09T09:13:42.070852,RX,COM6,0x0205b947,0x2,0x05,0x2e,0x5,7,00 00 00 00 00 00 00 00,"Status frame 5 (new)"
2026-03-09T09:13:42.072846,RX,COM6,0x0205b987,0x2,0x05,0x2e,0x6,7,00 00 ff ff 01 00 00 00,"Status frame 6 (new)"
2026-03-09T09:13:42.086960,RX,COM6,0x0205b807,0x2,0x05,0x2e,0x0,7,00 00 51 0b 00 00 80 00,"Status frame 0 (new)"
2026-03-09T09:13:42.086960,RX,COM6,0x0205b887,0x2,0x05,0x2e,0x2,7,00 00 00 00 00 00 00 00,"Status frame 2 (new)"
2026-03-09T09:13:42.088478,RX,COM6,0x0205b8c7,0x2,0x05,0x2e,0x3,7,3b 00 00 00 bf 53 94 3e,"Status frame 3 (new)"
2026-03-09T09:13:42.088478,RX,COM6,0x0205b907,0x2,0x05,0x2e,0x4,7,00 00 00 00 00 00 00 00,"Status frame 4 (new)"
2026-03-09T09:13:42.090496,RX,COM6,0x0205b947,0x2,0x05,0x2e,0x5,7,00 00 00 00 00 00 00 00,"Status frame 5 (new)"
2026-03-09T09:13:42.091496,HEARTBEAT,COM6,0x01011840,0x1,0x01,0x6,0x1,0,1e 53 00 00 00 10 00 00,"Heartbeat"
2026-03-09T09:13:42.093487,RX,COM6,0x0205b987,0x2,0x05,0x2e,0x6,7,00 00 ff ff 01 00 00 00,"Status frame 6 (new)"
2026-03-09T09:13:42.107020,RX,COM6,0x0205b807,0x2,0x05,0x2e,0x0,7,00 00 4c 0b 00 00 80 00,"Status frame 0 (new)"
2026-03-09T09:13:42.107020,RX,COM6,0x0205b887,0x2,0x05,0x2e,0x2,7,00 00 00 00 00 00 00 00,"Status frame 2 (new)"
2026-03-09T09:13:42.109012,RX,COM6,0x0205b8c7,0x2,0x05,0x2e,0x3,7,3a 00 00 00 06 e2 93 3e,"Status frame 3 (new)"
2026-03-09T09:13:42.109012,RX,COM6,0x0205b907,0x2,0x05,0x2e,0x4,7,00 00 00 00 00 00 00 00,"Status frame 4 (new)"
2026-03-09T09:13:42.111021,HEARTBEAT,COM6,0x01011840,0x1,0x01,0x6,0x1,0,32 53 00 00 00 10 00 00,"Heartbeat"
2026-03-09T09:13:42.111021,RX,COM6,0x0205b947,0x2,0x05,0x2e,0x5,7,00 00 00 00 00 00 00 00,"Status frame 5 (new)"
2026-03-09T09:13:42.112023,RX,COM6,0x0205b987,0x2,0x05,0x2e,0x6,7,00 00 ff ff 01 00 00 00,"Status frame 6 (new)"
2026-03-09T09:13:42.116534,RX,COM6,0x0205b847,0x2,0x05,0x2e,0x1,7,00 00 00 24 00 01 00 00,"Status frame 1 (new)"
2026-03-09T09:13:42.127055,RX,COM6,0x0205b807,0x2,0x05,0x2e,0x0,7,00 00 50 0b 00 00 80 00,"Status frame 0 (new)"
2026-03-09T09:13:42.127055,RX,COM6,0x0205b887,0x2,0x05,0x2e,0x2,7,00 00 00 00 00 00 00 00,"Status frame 2 (new)"
2026-03-09T09:13:42.129072,RX,COM6,0x0205b8c7,0x2,0x05,0x2e,0x3,7,3b 00 00 00 cc ef 94 3e,"Status frame 3 (new)"
2026-03-09T09:13:42.129072,RX,COM6,0x0205b907,0x2,0x05,0x2e,0x4,7,00 00 00 00 00 00 00 00,"Status frame 4 (new)"
2026-03-09T09:13:42.131064,RX,COM6,0x0205b947,0x2,0x05,0x2e,0x5,7,00 00 00 00 00 00 00 00,"Status frame 5 (new)"
2026-03-09T09:13:42.131064,HEARTBEAT,COM6,0x01011840,0x1,0x01,0x6,0x1,0,46 53 00 00 00 10 00 00,"Heartbeat"
2026-03-09T09:13:42.133073,RX,COM6,0x0205b987,0x2,0x05,0x2e,0x6,7,00 00 ff ff 01 00 00 00,"Status frame 6 (new)"
2026-03-09T09:13:42.146634,RX,COM6,0x0205b807,0x2,0x05,0x2e,0x0,7,00 00 4a 0b 00 00 80 00,"Status frame 0 (new)"
2026-03-09T09:13:42.146634,RX,COM6,0x0205b887,0x2,0x05,0x2e,0x2,7,00 00 00 00 00 00 00 00,"Status frame 2 (new)"
2026-03-09T09:13:42.148632,RX,COM6,0x0205b8c7,0x2,0x05,0x2e,0x3,7,3b 00 00 00 7a fb 93 3e,"Status frame 3 (new)"
2026-03-09T09:13:42.148632,RX,COM6,0x0205b907,0x2,0x05,0x2e,0x4,7,00 00 00 00 00 00 00 00,"Status frame 4 (new)"
2026-03-09T09:13:42.151137,RX,COM6,0x0205b947,0x2,0x05,0x2e,0x5,7,00 00 00 00 00 00 00 00,"Status frame 5 (new)"
2026-03-09T09:13:42.151137,HEARTBEAT,COM6,0x01011840,0x1,0x01,0x6,0x1,0,5a 53 00 00 00 10 00 00,"Heartbeat"
2026-03-09T09:13:42.153136,RX,COM6,0x0205b987,0x2,0x05,0x2e,0x6,7,00 00 ff ff 01 00 00 00,"Status frame 6 (new)"
2026-03-09T09:13:42.166727,RX,COM6,0x0205b807,0x2,0x05,0x2e,0x0,7,00 00 2d 0b 00 00 80 00,"Status frame 0 (new)"
2026-03-09T09:13:42.166727,RX,COM6,0x0205b887,0x2,0x05,0x2e,0x2,7,00 00 00 00 00 00 00 00,"Status frame 2 (new)"
2026-03-09T09:13:42.169719,RX,COM6,0x0205b8c7,0x2,0x05,0x2e,0x3,7,3b 00 00 00 3d a0 94 3e,"Status frame 3 (new)"
2026-03-09T09:13:42.169719,RX,COM6,0x0205b907,0x2,0x05,0x2e,0x4,7,00 00 00 00 00 00 00 00,"Status frame 4 (new)"
2026-03-09T09:13:42.170720,RX,COM6,0x0205b947,0x2,0x05,0x2e,0x5,7,00 00 00 00 00 00 00 00,"Status frame 5 (new)"
2026-03-09T09:13:42.171735,HEARTBEAT,COM6,0x01011840,0x1,0x01,0x6,0x1,0,6e 53 00 00 00 10 00 00,"Heartbeat"
2026-03-09T09:13:42.172736,RX,COM6,0x0205b987,0x2,0x05,0x2e,0x6,7,00 00 ff ff 01 00 00 00,"Status frame 6 (new)"
2026-03-09T09:13:42.186635,RX,COM6,0x0205b807,0x2,0x05,0x2e,0x0,7,00 00 47 0b 00 00 80 00,"Status frame 0 (new)"
2026-03-09T09:13:42.186635,RX,COM6,0x0205b887,0x2,0x05,0x2e,0x2,7,00 00 00 00 00 00 00 00,"Status frame 2 (new)"
2026-03-09T09:13:42.188635,RX,COM6,0x0205b8c7,0x2,0x05,0x2e,0x3,7,3a 00 00 00 fb b8 93 3e,"Status frame 3 (new)"
2026-03-09T09:13:42.188635,RX,COM6,0x0205b907,0x2,0x05,0x2e,0x4,7,00 00 00 00 00 00 00 00,"Status frame 4 (new)"
2026-03-09T09:13:42.190635,RX,COM6,0x0205b947,0x2,0x05,0x2e,0x5,7,00 00 00 00 00 00 00 00,"Status frame 5 (new)"
2026-03-09T09:13:42.191641,HEARTBEAT,COM6,0x01011840,0x1,0x01,0x6,0x1,0,82 53 00 00 00 10 00 00,"Heartbeat"
2026-03-09T09:13:42.192635,RX,COM6,0x0205b987,0x2,0x05,0x2e,0x6,7,00 00 ff ff 01 00 00 00,"Status frame 6 (new)"
2026-03-09T09:13:42.206727,RX,COM6,0x0205b807,0x2,0x05,0x2e,0x0,7,00 00 49 0b 00 00 80 00,"Status frame 0 (new)"
2026-03-09T09:13:42.206727,RX,COM6,0x0205b887,0x2,0x05,0x2e,0x2,7,00 00 00 00 00 00 00 00,"Status frame 2 (new)"
2026-03-09T09:13:42.208727,RX,COM6,0x0205b8c7,0x2,0x05,0x2e,0x3,7,3b 00 00 00 42 56 96 3e,"Status frame 3 (new)"
2026-03-09T09:13:42.208727,RX,COM6,0x0205b907,0x2,0x05,0x2e,0x4,7,00 00 00 00 00 00 00 00,"Status frame 4 (new)"
2026-03-09T09:13:42.210726,HEARTBEAT,COM6,0x01011840,0x1,0x01,0x6,0x1,0,95 53 00 00 00 10 00 00,"Heartbeat"
2026-03-09T09:13:42.210726,RX,COM6,0x0205b947,0x2,0x05,0x2e,0x5,7,00 00 00 00 00 00 00 00,"Status frame 5 (new)"
2026-03-09T09:13:42.212735,RX,COM6,0x0205b987,0x2,0x05,0x2e,0x6,7,00 00 ff ff 01 00 00 00,"Status frame 6 (new)"
2026-03-09T09:13:42.226888,RX,COM6,0x0205b807,0x2,0x05,0x2e,0x0,7,00 00 44 0b 00 00 80 00,"Status frame 0 (new)"
2026-03-09T09:13:42.226888,RX,COM6,0x0205b887,0x2,0x05,0x2e,0x2,7,00 00 00 00 00 00 00 00,"Status frame 2 (new)"
2026-03-09T09:13:42.229229,RX,COM6,0x0205b8c7,0x2,0x05,0x2e,0x3,7,3b 00 00 00 9c 1b 95 3e,"Status frame 3 (new)"
2026-03-09T09:13:42.229229,RX,COM6,0x0205b907,0x2,0x05,0x2e,0x4,7,00 00 00 00 00 00 00 00,"Status frame 4 (new)"
2026-03-09T09:13:42.230220,RX,COM6,0x0205b947,0x2,0x05,0x2e,0x5,7,00 00 00 00 00 00 00 00,"Status frame 5 (new)"
2026-03-09T09:13:42.231219,HEARTBEAT,COM6,0x01011840,0x1,0x01,0x6,0x1,0,aa 53 00 00 00 10 00 00,"Heartbeat"
2026-03-09T09:13:42.232222,RX,COM6,0x0205b987,0x2,0x05,0x2e,0x6,7,00 00 ff ff 01 00 00 00,"Status frame 6 (new)"
2026-03-09T09:13:42.246795,RX,COM6,0x0205b807,0x2,0x05,0x2e,0x0,7,00 00 42 0b 00 00 80 00,"Status frame 0 (new)"
2026-03-09T09:13:42.246795,RX,COM6,0x0205b887,0x2,0x05,0x2e,0x2,7,00 00 00 00 00 00 00 00,"Status frame 2 (new)"
2026-03-09T09:13:42.248795,RX,COM6,0x0205b8c7,0x2,0x05,0x2e,0x3,7,3b 00 00 00 7a 38 94 3e,"Status frame 3 (new)"
2026-03-09T09:13:42.248795,RX,COM6,0x0205b907,0x2,0x05,0x2e,0x4,7,00 00 00 00 00 00 00 00,"Status frame 4 (new)"
2026-03-09T09:13:42.250795,HEARTBEAT,COM6,0x01011840,0x1,0x01,0x6,0x1,0,bd 53 00 00 00 10 00 00,"Heartbeat"
2026-03-09T09:13:42.251354,RX,COM6,0x0205b947,0x2,0x05,0x2e,0x5,7,00 00 00 00 00 00 00 00,"Status frame 5 (new)"
2026-03-09T09:13:42.252429,RX,COM6,0x0205b987,0x2,0x05,0x2e,0x6,7,00 00 ff ff 01 00 00 00,"Status frame 6 (new)"
2026-03-09T09:13:42.266004,RX,COM6,0x0205b807,0x2,0x05,0x2e,0x0,7,00 00 39 0b 00 00 80 00,"Status frame 0 (new)"
2026-03-09T09:13:42.266004,RX,COM6,0x0205b887,0x2,0x05,0x2e,0x2,7,00 00 00 00 00 00 00 00,"Status frame 2 (new)"
2026-03-09T09:13:42.268522,RX,COM6,0x0205b8c7,0x2,0x05,0x2e,0x3,7,3b 04 00 00 32 b8 94 3e,"Status frame 3 (new)"
2026-03-09T09:13:42.268522,RX,COM6,0x0205b907,0x2,0x05,0x2e,0x4,7,00 00 00 00 00 00 00 00,"Status frame 4 (new)"
2026-03-09T09:13:42.270521,RX,COM6,0x0205b947,0x2,0x05,0x2e,0x5,7,00 00 00 00 00 00 00 00,"Status frame 5 (new)"
2026-03-09T09:13:42.271513,HEARTBEAT,COM6,0x01011840,0x1,0x01,0x6,0x1,0,d2 53 00 00 00 10 00 00,"Heartbeat"
2026-03-09T09:13:42.272523,RX,COM6,0x0205b987,0x2,0x05,0x2e,0x6,7,00 00 ff ff 01 00 00 00,"Status frame 6 (new)"
2026-03-09T09:13:42.286088,RX,COM6,0x0205b807,0x2,0x05,0x2e,0x0,7,00 00 42 0b 00 00 80 00,"Status frame 0 (new)"
2026-03-09T09:13:42.286088,RX,COM6,0x0205b887,0x2,0x05,0x2e,0x2,7,00 00 00 00 00 00 00 00,"Status frame 2 (new)"
2026-03-09T09:13:42.288605,RX,COM6,0x0205b8c7,0x2,0x05,0x2e,0x3,7,3b 04 00 00 39 ff 94 3e,"Status frame 3 (new)"
2026-03-09T09:13:42.288605,RX,COM6,0x0205b907,0x2,0x05,0x2e,0x4,7,00 00 00 00 00 00 00 00,"Status frame 4 (new)"
2026-03-09T09:13:42.290605,HEARTBEAT,COM6,0x01011840,0x1,0x01,0x6,0x1,0,e5 53 00 00 00 10 00 00,"Heartbeat"
2026-03-09T09:13:42.290605,RX,COM6,0x0205b947,0x2,0x05,0x2e,0x5,7,00 00 00 00 00 00 00 00,"Status frame 5 (new)"
2026-03-09T09:13:42.293247,RX,COM6,0x0205b987,0x2,0x05,0x2e,0x6,7,00 00 ff ff 01 00 00 00,"Status frame 6 (new)"
2026-03-09T09:13:42.306789,RX,COM6,0x0205b807,0x2,0x05,0x2e,0x0,7,00 00 41 0b 00 00 80 00,"Status frame 0 (new)"
2026-03-09T09:13:42.306789,RX,COM6,0x0205b887,0x2,0x05,0x2e,0x2,7,00 00 00 00 00 00 00 00,"Status frame 2 (new)"
2026-03-09T09:13:42.308796,RX,COM6,0x0205b8c7,0x2,0x05,0x2e,0x3,7,3a 00 00 00 9b e3 93 3e,"Status frame 3 (new)"
2026-03-09T09:13:42.308796,RX,COM6,0x0205b907,0x2,0x05,0x2e,0x4,7,00 00 00 00 00 00 00 00,"Status frame 4 (new)"
2026-03-09T09:13:42.310788,HEARTBEAT,COM6,0x01011840,0x1,0x01,0x6,0x1,0,f9 53 00 00 00 10 00 00,"Heartbeat"
2026-03-09T09:13:42.310788,RX,COM6,0x0205b947,0x2,0x05,0x2e,0x5,7,00 00 00 00 00 00 00 00,"Status frame 5 (new)"
2026-03-09T09:13:42.311791,RX,COM6,0x0205b987,0x2,0x05,0x2e,0x6,7,00 00 ff ff 01 00 00 00,"Status frame 6 (new)"
2026-03-09T09:13:42.326822,RX,COM6,0x0205b807,0x2,0x05,0x2e,0x0,7,00 00 41 0b 00 00 80 00,"Status frame 0 (new)"
2026-03-09T09:13:42.326822,RX,COM6,0x0205b887,0x2,0x05,0x2e,0x2,7,00 00 00 00 00 00 00 00,"Status frame 2 (new)"
2026-03-09T09:13:42.328845,RX,COM6,0x0205b8c7,0x2,0x05,0x2e,0x3,7,3b 00 00 00 b6 2a 94 3e,"Status frame 3 (new)"
2026-03-09T09:13:42.328845,RX,COM6,0x0205b907,0x2,0x05,0x2e,0x4,7,00 00 00 00 00 00 00 00,"Status frame 4 (new)"
2026-03-09T09:13:42.330839,HEARTBEAT,COM6,0x01011840,0x1,0x01,0x6,0x1,0,0d 54 00 00 00 10 00 00,"Heartbeat"
2026-03-09T09:13:42.330839,RX,COM6,0x0205b947,0x2,0x05,0x2e,0x5,7,00 00 00 00 00 00 00 00,"Status frame 5 (new)"
2026-03-09T09:13:42.332839,RX,COM6,0x0205b987,0x2,0x05,0x2e,0x6,7,00 00 ff ff 01 00 00 00,"Status frame 6 (new)"
2026-03-09T09:13:42.346570,RX,COM6,0x0205b807,0x2,0x05,0x2e,0x0,7,00 00 45 0b 00 00 80 00,"Status frame 0 (new)"
2026-03-09T09:13:42.346570,RX,COM6,0x0205b887,0x2,0x05,0x2e,0x2,7,00 00 00 00 00 00 00 00,"Status frame 2 (new)"
2026-03-09T09:13:42.349103,RX,COM6,0x0205b8c7,0x2,0x05,0x2e,0x3,7,3b 00 00 00 f7 02 94 3e,"Status frame 3 (new)"
2026-03-09T09:13:42.349103,RX,COM6,0x0205b907,0x2,0x05,0x2e,0x4,7,00 00 00 00 00 00 00 00,"Status frame 4 (new)"
2026-03-09T09:13:42.350122,RX,COM6,0x0205b947,0x2,0x05,0x2e,0x5,7,00 00 00 00 00 00 00 00,"Status frame 5 (new)"
2026-03-09T09:13:42.351120,HEARTBEAT,COM6,0x01011840,0x1,0x01,0x6,0x1,0,22 54 00 00 00 10 00 00,"Heartbeat"
2026-03-09T09:13:42.353120,RX,COM6,0x0205b987,0x2,0x05,0x2e,0x6,7,00 00 ff ff 01 00 00 00,"Status frame 6 (new)"
2026-03-09T09:13:42.366645,RX,COM6,0x0205b807,0x2,0x05,0x2e,0x0,7,00 00 40 0b 00 00 80 00,"Status frame 0 (new)"
2026-03-09T09:13:42.366645,RX,COM6,0x0205b847,0x2,0x05,0x2e,0x1,7,00 00 00 24 00 01 00 00,"Status frame 1 (new)"
2026-03-09T09:13:42.366645,RX,COM6,0x0205b887,0x2,0x05,0x2e,0x2,7,00 00 00 00 00 00 00 00,"Status frame 2 (new)"
2026-03-09T09:13:42.368645,RX,COM6,0x0205b8c7,0x2,0x05,0x2e,0x3,7,3b 00 00 00 ff 50 94 3e,"Status frame 3 (new)"
2026-03-09T09:13:42.368645,RX,COM6,0x0205b907,0x2,0x05,0x2e,0x4,7,00 00 00 00 00 00 00 00,"Status frame 4 (new)"
2026-03-09T09:13:42.370650,RX,COM6,0x0205b947,0x2,0x05,0x2e,0x5,7,00 00 00 00 00 00 00 00,"Status frame 5 (new)"
2026-03-09T09:13:42.371636,HEARTBEAT,COM6,0x01011840,0x1,0x01,0x6,0x1,0,36 54 00 00 00 10 00 00,"Heartbeat"
2026-03-09T09:13:42.372646,RX,COM6,0x0205b987,0x2,0x05,0x2e,0x6,7,00 00 ff ff 01 00 00 00,"Status frame 6 (new)"
2026-03-09T09:13:42.386719,RX,COM6,0x0205b807,0x2,0x05,0x2e,0x0,7,00 00 47 0b 00 00 80 00,"Status frame 0 (new)"
2026-03-09T09:13:42.386719,RX,COM6,0x0205b887,0x2,0x05,0x2e,0x2,7,00 00 00 00 00 00 00 00,"Status frame 2 (new)"
2026-03-09T09:13:42.388712,RX,COM6,0x0205b8c7,0x2,0x05,0x2e,0x3,7,3b 00 00 00 d3 30 94 3e,"Status frame 3 (new)"
2026-03-09T09:13:42.388712,RX,COM6,0x0205b907,0x2,0x05,0x2e,0x4,7,00 00 00 00 00 00 00 00,"Status frame 4 (new)"
2026-03-09T09:13:42.390713,HEARTBEAT,COM6,0x01011840,0x1,0x01,0x6,0x1,0,49 54 00 00 00 10 00 00,"Heartbeat"
2026-03-09T09:13:42.390713,RX,COM6,0x0205b947,0x2,0x05,0x2e,0x5,7,00 00 00 00 00 00 00 00,"Status frame 5 (new)"
2026-03-09T09:13:42.392712,RX,COM6,0x0205b987,0x2,0x05,0x2e,0x6,7,00 00 ff ff 01 00 00 00,"Status frame 6 (new)"
2026-03-09T09:13:42.406779,RX,COM6,0x0205b807,0x2,0x05,0x2e,0x0,7,00 00 3c 0b 00 00 80 00,"Status frame 0 (new)"
2026-03-09T09:13:42.406779,RX,COM6,0x0205b887,0x2,0x05,0x2e,0x2,7,00 00 00 00 00 00 00 00,"Status frame 2 (new)"
2026-03-09T09:13:42.408779,RX,COM6,0x0205b8c7,0x2,0x05,0x2e,0x3,7,3a 00 00 00 4a 7a 93 3e,"Status frame 3 (new)"
2026-03-09T09:13:42.408779,RX,COM6,0x0205b907,0x2,0x05,0x2e,0x4,7,00 00 00 00 00 00 00 00,"Status frame 4 (new)"
2026-03-09T09:13:42.410779,HEARTBEAT,COM6,0x01011840,0x1,0x01,0x6,0x1,0,5d 54 00 00 00 10 00 00,"Heartbeat"
2026-03-09T09:13:42.410779,RX,COM6,0x0205b947,0x2,0x05,0x2e,0x5,7,00 00 00 00 00 00 00 00,"Status frame 5 (new)"
2026-03-09T09:13:42.412801,RX,COM6,0x0205b987,0x2,0x05,0x2e,0x6,7,00 00 ff ff 01 00 00 00,"Status frame 6 (new)"
2026-03-09T09:13:42.426844,RX,COM6,0x0205b807,0x2,0x05,0x2e,0x0,7,00 00 43 0b 00 00 80 00,"Status frame 0 (new)"
2026-03-09T09:13:42.426844,RX,COM6,0x0205b887,0x2,0x05,0x2e,0x2,7,00 00 00 00 00 00 00 00,"Status frame 2 (new)"
2026-03-09T09:13:42.428850,RX,COM6,0x0205b8c7,0x2,0x05,0x2e,0x3,7,3b 00 00 00 46 dc 94 3e,"Status frame 3 (new)"
2026-03-09T09:13:42.428850,RX,COM6,0x0205b907,0x2,0x05,0x2e,0x4,7,00 00 00 00 00 00 00 00,"Status frame 4 (new)"
2026-03-09T09:13:42.430860,HEARTBEAT,COM6,0x01011840,0x1,0x01,0x6,0x1,0,72 54 00 00 00 10 00 00,"Heartbeat"
2026-03-09T09:13:42.430860,RX,COM6,0x0205b947,0x2,0x05,0x2e,0x5,7,00 00 00 00 00 00 00 00,"Status frame 5 (new)"
2026-03-09T09:13:42.432365,RX,COM6,0x0205b987,0x2,0x05,0x2e,0x6,7,00 00 ff ff 01 00 00 00,"Status frame 6 (new)"
2026-03-09T09:13:42.446469,RX,COM6,0x0205b807,0x2,0x05,0x2e,0x0,7,00 00 40 0b 00 00 80 00,"Status frame 0 (new)"
2026-03-09T09:13:42.446469,RX,COM6,0x0205b887,0x2,0x05,0x2e,0x2,7,00 00 00 00 00 00 00 00,"Status frame 2 (new)"
2026-03-09T09:13:42.449010,RX,COM6,0x0205b8c7,0x2,0x05,0x2e,0x3,7,3b 00 00 00 74 d1 94 3e,"Status frame 3 (new)"
2026-03-09T09:13:42.449010,RX,COM6,0x0205b907,0x2,0x05,0x2e,0x4,7,00 00 00 00 00 00 00 00,"Status frame 4 (new)"
2026-03-09T09:13:42.451010,HEARTBEAT,COM6,0x01011840,0x1,0x01,0x6,0x1,0,86 54 00 00 00 10 00 00,"Heartbeat"
2026-03-09T09:13:42.451010,RX,COM6,0x0205b947,0x2,0x05,0x2e,0x5,7,00 00 00 00 00 00 00 00,"Status frame 5 (new)"
2026-03-09T09:13:42.453010,RX,COM6,0x0205b987,0x2,0x05,0x2e,0x6,7,00 00 ff ff 01 00 00 00,"Status frame 6 (new)"
2026-03-09T09:13:42.467029,RX,COM6,0x0205b807,0x2,0x05,0x2e,0x0,7,00 00 42 0b 00 00 80 00,"Status frame 0 (new)"
2026-03-09T09:13:42.467029,RX,COM6,0x0205b887,0x2,0x05,0x2e,0x2,7,00 00 00 00 00 00 00 00,"Status frame 2 (new)"
2026-03-09T09:13:42.469029,RX,COM6,0x0205b8c7,0x2,0x05,0x2e,0x3,7,3b 00 00 00 28 1f 94 3e,"Status frame 3 (new)"
2026-03-09T09:13:42.469029,RX,COM6,0x0205b907,0x2,0x05,0x2e,0x4,7,00 00 00 00 00 00 00 00,"Status frame 4 (new)"
2026-03-09T09:13:42.471029,HEARTBEAT,COM6,0x01011840,0x1,0x01,0x6,0x1,0,9a 54 00 00 00 10 00 00,"Heartbeat"
2026-03-09T09:13:42.471029,RX,COM6,0x0205b947,0x2,0x05,0x2e,0x5,7,00 00 00 00 00 00 00 00,"Status frame 5 (new)"
2026-03-09T09:13:42.472545,RX,COM6,0x0205b987,0x2,0x05,0x2e,0x6,7,00 00 ff ff 01 00 00 00,"Status frame 6 (new)"
2026-03-09T09:13:42.486263,RX,COM6,0x0205b807,0x2,0x05,0x2e,0x0,7,00 00 41 0b 00 00 80 00,"Status frame 0 (new)"
2026-03-09T09:13:42.486263,RX,COM6,0x0205b887,0x2,0x05,0x2e,0x2,7,00 00 00 00 00 00 00 00,"Status frame 2 (new)"
2026-03-09T09:13:42.488798,RX,COM6,0x0205b8c7,0x2,0x05,0x2e,0x3,7,3b 00 00 00 cd 6a 95 3e,"Status frame 3 (new)"
2026-03-09T09:13:42.488798,RX,COM6,0x0205b907,0x2,0x05,0x2e,0x4,7,00 00 00 00 00 00 00 00,"Status frame 4 (new)"
2026-03-09T09:13:42.490796,RX,COM6,0x0205b947,0x2,0x05,0x2e,0x5,7,00 00 00 00 00 00 00 00,"Status frame 5 (new)"
2026-03-09T09:13:42.491912,HEARTBEAT,COM6,0x01011840,0x1,0x01,0x6,0x1,0,ae 54 00 00 00 10 00 00,"Heartbeat"
2026-03-09T09:13:42.492787,RX,COM6,0x0205b987,0x2,0x05,0x2e,0x6,7,00 00 ff ff 01 00 00 00,"Status frame 6 (new)"
2026-03-09T09:13:42.506314,RX,COM6,0x0205b807,0x2,0x05,0x2e,0x0,7,00 00 40 0b 00 00 80 00,"Status frame 0 (new)"
2026-03-09T09:13:42.507314,RX,COM6,0x0205b887,0x2,0x05,0x2e,0x2,7,00 00 00 00 00 00 00 00,"Status frame 2 (new)"
2026-03-09T09:13:42.508324,RX,COM6,0x0205b8c7,0x2,0x05,0x2e,0x3,7,3b 00 00 00 0e 10 95 3e,"Status frame 3 (new)"
2026-03-09T09:13:42.509314,RX,COM6,0x0205b907,0x2,0x05,0x2e,0x4,7,00 00 00 00 00 00 00 00,"Status frame 4 (new)"
2026-03-09T09:13:42.510314,RX,COM6,0x0205b947,0x2,0x05,0x2e,0x5,7,00 00 00 00 00 00 00 00,"Status frame 5 (new)"
2026-03-09T09:13:42.511306,HEARTBEAT,COM6,0x01011840,0x1,0x01,0x6,0x1,0,c2 54 00 00 00 10 00 00,"Heartbeat"
2026-03-09T09:13:42.512821,RX,COM6,0x0205b987,0x2,0x05,0x2e,0x6,7,00 00 ff ff 01 00 00 00,"Status frame 6 (new)"
2026-03-09T09:13:42.526838,RX,COM6,0x0205b807,0x2,0x05,0x2e,0x0,7,00 00 3e 0b 00 00 80 00,"Status frame 0 (new)"
2026-03-09T09:13:42.527358,RX,COM6,0x0205b887,0x2,0x05,0x2e,0x2,7,00 00 00 00 00 00 00 00,"Status frame 2 (new)"
2026-03-09T09:13:42.528376,RX,COM6,0x0205b8c7,0x2,0x05,0x2e,0x3,7,3b 00 00 00 c8 fb 93 3e,"Status frame 3 (new)"
2026-03-09T09:13:42.529368,RX,COM6,0x0205b907,0x2,0x05,0x2e,0x4,7,00 00 00 00 00 00 00 00,"Status frame 4 (new)"
2026-03-09T09:13:42.530376,RX,COM6,0x0205b947,0x2,0x05,0x2e,0x5,7,00 00 00 00 00 00 00 00,"Status frame 5 (new)"
2026-03-09T09:13:42.532374,HEARTBEAT,COM6,0x01011840,0x1,0x01,0x6,0x1,0,d7 54 00 00 00 10 00 00,"Heartbeat"
2026-03-09T09:13:42.532374,RX,COM6,0x0205b987,0x2,0x05,0x2e,0x6,7,00 00 ff ff 01 00 00 00,"Status frame 6 (new)"
2026-03-09T09:13:42.546944,RX,COM6,0x0205b807,0x2,0x05,0x2e,0x0,7,00 00 42 0b 00 00 80 00,"Status frame 0 (new)"
2026-03-09T09:13:42.546944,RX,COM6,0x0205b887,0x2,0x05,0x2e,0x2,7,00 00 00 00 00 00 00 00,"Status frame 2 (new)"
2026-03-09T09:13:42.548944,RX,COM6,0x0205b8c7,0x2,0x05,0x2e,0x3,7,3b 00 00 00 b2 00 95 3e,"Status frame 3 (new)"
2026-03-09T09:13:42.548944,RX,COM6,0x0205b907,0x2,0x05,0x2e,0x4,7,00 00 00 00 00 00 00 00,"Status frame 4 (new)"
2026-03-09T09:13:42.551277,RX,COM6,0x0205b947,0x2,0x05,0x2e,0x5,7,00 00 00 00 00 00 00 00,"Status frame 5 (new)"
2026-03-09T09:13:42.552287,HEARTBEAT,COM6,0x01011840,0x1,0x01,0x6,0x1,0,eb 54 00 00 00 10 00 00,"Heartbeat"
2026-03-09T09:13:42.552287,RX,COM6,0x0205b987,0x2,0x05,0x2e,0x6,7,00 00 ff ff 01 00 00 00,"Status frame 6 (new)"
2026-03-09T09:13:42.566822,RX,COM6,0x0205b807,0x2,0x05,0x2e,0x0,7,00 00 43 0b 00 00 80 00,"Status frame 0 (new)"
2026-03-09T09:13:42.566822,RX,COM6,0x0205b887,0x2,0x05,0x2e,0x2,7,00 00 00 00 00 00 00 00,"Status frame 2 (new)"
2026-03-09T09:13:42.568816,RX,COM6,0x0205b8c7,0x2,0x05,0x2e,0x3,7,3b 04 00 00 67 35 96 3e,"Status frame 3 (new)"
2026-03-09T09:13:42.568816,RX,COM6,0x0205b907,0x2,0x05,0x2e,0x4,7,00 00 00 00 00 00 00 00,"Status frame 4 (new)"
2026-03-09T09:13:42.570816,RX,COM6,0x0205b947,0x2,0x05,0x2e,0x5,7,00 00 00 00 00 00 00 00,"Status frame 5 (new)"
2026-03-09T09:13:42.571818,HEARTBEAT,COM6,0x01011840,0x1,0x01,0x6,0x1,0,ff 54 00 00 00 10 00 00,"Heartbeat"
2026-03-09T09:13:42.572819,RX,COM6,0x0205b987,0x2,0x05,0x2e,0x6,7,00 00 ff ff 01 00 00 00,"Status frame 6 (new)"
2026-03-09T09:13:42.586870,RX,COM6,0x0205b807,0x2,0x05,0x2e,0x0,7,00 00 42 0b 00 00 80 00,"Status frame 0 (new)"
2026-03-09T09:13:42.586870,RX,COM6,0x0205b887,0x2,0x05,0x2e,0x2,7,00 00 00 00 00 00 00 00,"Status frame 2 (new)"
2026-03-09T09:13:42.588870,RX,COM6,0x0205b8c7,0x2,0x05,0x2e,0x3,7,3b 00 00 00 ee 41 94 3e,"Status frame 3 (new)"
2026-03-09T09:13:42.588870,RX,COM6,0x0205b907,0x2,0x05,0x2e,0x4,7,00 00 00 00 00 00 00 00,"Status frame 4 (new)"
2026-03-09T09:13:42.590870,HEARTBEAT,COM6,0x01011840,0x1,0x01,0x6,0x1,0,11 55 00 00 00 10 00 00,"Heartbeat"
2026-03-09T09:13:42.590870,RX,COM6,0x0205b947,0x2,0x05,0x2e,0x5,7,00 00 00 00 00 00 00 00,"Status frame 5 (new)"
2026-03-09T09:13:42.592870,RX,COM6,0x0205b987,0x2,0x05,0x2e,0x6,7,00 00 ff ff 01 00 00 00,"Status frame 6 (new)"
2026-03-09T09:13:42.606933,RX,COM6,0x0205b807,0x2,0x05,0x2e,0x0,7,00 00 15 0b 00 00 80 00,"Status frame 0 (new)"
2026-03-09T09:13:42.606933,RX,COM6,0x0205b887,0x2,0x05,0x2e,0x2,7,00 00 00 00 00 00 00 00,"Status frame 2 (new)"
2026-03-09T09:13:42.608933,RX,COM6,0x0205b8c7,0x2,0x05,0x2e,0x3,7,3b 00 00 00 be 9f 94 3e,"Status frame 3 (new)"
2026-03-09T09:13:42.608933,RX,COM6,0x0205b907,0x2,0x05,0x2e,0x4,7,00 00 00 00 00 00 00 00,"Status frame 4 (new)"
2026-03-09T09:13:42.610933,HEARTBEAT,COM6,0x01011840,0x1,0x01,0x6,0x1,0,26 55 00 00 00 10 00 00,"Heartbeat"
2026-03-09T09:13:42.610933,RX,COM6,0x0205b947,0x2,0x05,0x2e,0x5,7,00 00 00 00 00 00 00 00,"Status frame 5 (new)"
2026-03-09T09:13:42.612948,RX,COM6,0x0205b987,0x2,0x05,0x2e,0x6,7,00 00 ff ff 01 00 00 00,"Status frame 6 (new)"
2026-03-09T09:13:42.616949,RX,COM6,0x0205b847,0x2,0x05,0x2e,0x1,7,00 00 00 24 00 01 00 00,"Status frame 1 (new)"
2026-03-09T09:13:42.626994,RX,COM6,0x0205b807,0x2,0x05,0x2e,0x0,7,00 00 42 0b 00 00 80 00,"Status frame 0 (new)"
2026-03-09T09:13:42.626994,RX,COM6,0x0205b887,0x2,0x05,0x2e,0x2,7,00 00 00 00 00 00 00 00,"Status frame 2 (new)"
2026-03-09T09:13:42.629011,RX,COM6,0x0205b8c7,0x2,0x05,0x2e,0x3,7,3b 00 00 00 49 4e 95 3e,"Status frame 3 (new)"
2026-03-09T09:13:42.629011,RX,COM6,0x0205b907,0x2,0x05,0x2e,0x4,7,00 00 00 00 00 00 00 00,"Status frame 4 (new)"
2026-03-09T09:13:42.631018,HEARTBEAT,COM6,0x01011840,0x1,0x01,0x6,0x1,0,3a 55 00 00 00 10 00 00,"Heartbeat"
2026-03-09T09:13:42.631018,RX,COM6,0x0205b947,0x2,0x05,0x2e,0x5,7,00 00 00 00 00 00 00 00,"Status frame 5 (new)"
2026-03-09T09:13:42.633015,RX,COM6,0x0205b987,0x2,0x05,0x2e,0x6,7,00 00 ff ff 01 00 00 00,"Status frame 6 (new)"
2026-03-09T09:13:42.846349,TX,COM6,0x02053c07,0x2,0x05,0xf,0x0,7,02 00 00 00 00 00 00 00,"TX apiClass=0xf apiIndex=0x0"
2026-03-09T09:13:42.847349,RX,COM6,0x0205b807,0x2,0x05,0x2e,0x0,7,00 00 3c 0b 00 00 80 00,"Status frame 0 (new)"
2026-03-09T09:13:42.847349,RX,COM6,0x0205b887,0x2,0x05,0x2e,0x2,7,00 00 00 00 00 00 00 00,"Status frame 2 (new)"
2026-03-09T09:13:42.847349,RX,COM6,0x0205b8c7,0x2,0x05,0x2e,0x3,7,3b 00 00 00 a4 68 94 3e,"Status frame 3 (new)"
2026-03-09T09:13:42.847349,RX,COM6,0x0205b907,0x2,0x05,0x2e,0x4,7,00 00 00 00 00 00 00 00,"Status frame 4 (new)"
2026-03-09T09:13:42.847349,RX,COM6,0x0205b947,0x2,0x05,0x2e,0x5,7,00 00 00 00 00 00 00 00,"Status frame 5 (new)"
2026-03-09T09:13:42.847349,HEARTBEAT,COM6,0x01011840,0x1,0x01,0x6,0x1,0,12 56 00 00 00 10 00 00,"Heartbeat"
2026-03-09T09:13:42.847349,RX,COM6,0x0205b987,0x2,0x05,0x2e,0x6,7,00 00 ff ff 01 00 00 00,"Status frame 6 (new)"
2026-03-09T09:13:42.847349,RX,COM6,0x0205b807,0x2,0x05,0x2e,0x0,7,00 00 3e 0b 00 00 80 00,"Status frame 0 (new)"
2026-03-09T09:13:42.847349,RX,COM6,0x0205b887,0x2,0x05,0x2e,0x2,7,00 00 00 00 00 00 00 00,"Status frame 2 (new)"
2026-03-09T09:13:42.847349,RX,COM6,0x0205b8c7,0x2,0x05,0x2e,0x3,7,3b 00 00 00 1b c4 93 3e,"Status frame 3 (new)"
2026-03-09T09:13:42.847349,RX,COM6,0x0205b907,0x2,0x05,0x2e,0x4,7,00 00 00 00 00 00 00 00,"Status frame 4 (new)"
2026-03-09T09:13:42.847349,RX,COM6,0x0205b947,0x2,0x05,0x2e,0x5,7,00 00 00 00 00 00 00 00,"Status frame 5 (new)"
2026-03-09T09:13:42.847349,RX,COM6,0x0205b987,0x2,0x05,0x2e,0x6,7,00 00 ff ff 01 00 00 00,"Status frame 6 (new)"
2026-03-09T09:13:42.847349,RX,COM6,0x0205b807,0x2,0x05,0x2e,0x0,7,00 00 41 0b 00 00 80 00,"Status frame 0 (new)"
2026-03-09T09:13:42.847349,RX,COM6,0x0205b887,0x2,0x05,0x2e,0x2,7,00 00 00 00 00 00 00 00,"Status frame 2 (new)"
2026-03-09T09:13:42.847349,RX,COM6,0x0205b8c7,0x2,0x05,0x2e,0x3,7,3b 00 00 00 eb fc 94 3e,"Status frame 3 (new)"
2026-03-09T09:13:42.847349,RX,COM6,0x0205b907,0x2,0x05,0x2e,0x4,7,00 00 00 00 00 00 00 00,"Status frame 4 (new)"
2026-03-09T09:13:42.848351,RX,COM6,0x0205b947,0x2,0x05,0x2e,0x5,7,00 00 00 00 00 00 00 00,"Status frame 5 (new)"
2026-03-09T09:13:42.848351,RX,COM6,0x0205b987,0x2,0x05,0x2e,0x6,7,00 00 ff ff 01 00 00 00,"Status frame 6 (new)"
2026-03-09T09:13:42.848351,RX,COM6,0x0205b807,0x2,0x05,0x2e,0x0,7,00 00 f5 0a 00 00 80 00,"Status frame 0 (new)"
2026-03-09T09:13:42.848351,RX,COM6,0x0205b887,0x2,0x05,0x2e,0x2,7,00 00 00 00 00 00 00 00,"Status frame 2 (new)"
2026-03-09T09:13:42.848351,RX,COM6,0x0205b8c7,0x2,0x05,0x2e,0x3,7,3c 00 00 00 97 46 97 3e,"Status frame 3 (new)"
2026-03-09T09:13:42.848351,RX,COM6,0x0205b907,0x2,0x05,0x2e,0x4,7,00 00 00 00 00 00 00 00,"Status frame 4 (new)"
2026-03-09T09:13:42.848351,RX,COM6,0x0205b947,0x2,0x05,0x2e,0x5,7,00 00 00 00 00 00 00 00,"Status frame 5 (new)"
2026-03-09T09:13:42.848351,RX,COM6,0x0205b987,0x2,0x05,0x2e,0x6,7,00 00 ff ff 01 00 00 00,"Status frame 6 (new)"
2026-03-09T09:13:42.848351,RX,COM6,0x0205b807,0x2,0x05,0x2e,0x0,7,00 00 41 0b 00 00 80 00,"Status frame 0 (new)"
2026-03-09T09:13:42.848351,RX,COM6,0x0205b887,0x2,0x05,0x2e,0x2,7,00 00 00 00 00 00 00 00,"Status frame 2 (new)"
2026-03-09T09:13:42.848351,RX,COM6,0x0205b8c7,0x2,0x05,0x2e,0x3,7,3b 00 00 00 5f c3 95 3e,"Status frame 3 (new)"
2026-03-09T09:13:42.848351,RX,COM6,0x0205b907,0x2,0x05,0x2e,0x4,7,00 00 00 00 00 00 00 00,"Status frame 4 (new)"
2026-03-09T09:13:42.848351,RX,COM6,0x0205b947,0x2,0x05,0x2e,0x5,7,00 00 00 00 00 00 00 00,"Status frame 5 (new)"
2026-03-09T09:13:42.848351,RX,COM6,0x0205b987,0x2,0x05,0x2e,0x6,7,00 00 ff ff 01 00 00 00,"Status frame 6 (new)"
2026-03-09T09:13:42.848351,RX,COM6,0x0205b807,0x2,0x05,0x2e,0x0,7,00 00 3e 0b 00 00 80 00,"Status frame 0 (new)"
2026-03-09T09:13:42.848351,RX,COM6,0x0205b887,0x2,0x05,0x2e,0x2,7,00 00 00 00 00 00 00 00,"Status frame 2 (new)"
2026-03-09T09:13:42.848351,RX,COM6,0x0205b8c7,0x2,0x05,0x2e,0x3,7,3b 00 00 00 1a 0b 95 3e,"Status frame 3 (new)"
2026-03-09T09:13:42.848351,RX,COM6,0x0205b907,0x2,0x05,0x2e,0x4,7,00 00 00 00 00 00 00 00,"Status frame 4 (new)"
2026-03-09T09:13:42.848351,RX,COM6,0x0205b947,0x2,0x05,0x2e,0x5,7,00 00 00 00 00 00 00 00,"Status frame 5 (new)"
2026-03-09T09:13:42.848351,RX,COM6,0x0205b987,0x2,0x05,0x2e,0x6,7,00 00 ff ff 01 00 00 00,"Status frame 6 (new)"
2026-03-09T09:13:42.848351,RX,COM6,0x0205b807,0x2,0x05,0x2e,0x0,7,00 00 3e 0b 00 00 80 00,"Status frame 0 (new)"
2026-03-09T09:13:42.848351,RX,COM6,0x0205b887,0x2,0x05,0x2e,0x2,7,00 00 00 00 00 00 00 00,"Status frame 2 (new)"
2026-03-09T09:13:42.848351,RX,COM6,0x0205b8c7,0x2,0x05,0x2e,0x3,7,3a 00 00 00 5c eb 93 3e,"Status frame 3 (new)"
2026-03-09T09:13:42.848351,RX,COM6,0x0205b907,0x2,0x05,0x2e,0x4,7,00 00 00 00 00 00 00 00,"Status frame 4 (new)"
2026-03-09T09:13:42.848351,RX,COM6,0x0205b947,0x2,0x05,0x2e,0x5,7,00 00 00 00 00 00 00 00,"Status frame 5 (new)"
2026-03-09T09:13:42.848351,RX,COM6,0x0205b987,0x2,0x05,0x2e,0x6,7,00 00 ff ff 01 00 00 00,"Status frame 6 (new)"
2026-03-09T09:13:42.848351,RX,COM6,0x0205b807,0x2,0x05,0x2e,0x0,7,00 00 3f 0b 00 00 80 00,"Status frame 0 (new)"
2026-03-09T09:13:42.849340,RX,COM6,0x0205b887,0x2,0x05,0x2e,0x2,7,00 00 00 00 00 00 00 00,"Status frame 2 (new)"
2026-03-09T09:13:42.849340,RX,COM6,0x0205b8c7,0x2,0x05,0x2e,0x3,7,3a 00 00 00 05 b5 93 3e,"Status frame 3 (new)"
2026-03-09T09:13:42.849340,RX,COM6,0x0205b907,0x2,0x05,0x2e,0x4,7,00 00 00 00 00 00 00 00,"Status frame 4 (new)"
2026-03-09T09:13:42.849340,RX,COM6,0x0205b947,0x2,0x05,0x2e,0x5,7,00 00 00 00 00 00 00 00,"Status frame 5 (new)"
2026-03-09T09:13:42.849340,RX,COM6,0x0205b987,0x2,0x05,0x2e,0x6,7,00 00 ff ff 01 00 00 00,"Status frame 6 (new)"
2026-03-09T09:13:42.849340,RX,COM6,0x0205b807,0x2,0x05,0x2e,0x0,7,00 00 14 0b 00 00 80 00,"Status frame 0 (new)"
2026-03-09T09:13:42.849340,RX,COM6,0x0205b887,0x2,0x05,0x2e,0x2,7,00 00 00 00 00 00 00 00,"Status frame 2 (new)"
2026-03-09T09:13:42.849340,RX,COM6,0x0205b8c7,0x2,0x05,0x2e,0x3,7,3c 00 00 00 d6 a7 96 3e,"Status frame 3 (new)"
2026-03-09T09:13:42.849340,RX,COM6,0x0205b907,0x2,0x05,0x2e,0x4,7,00 00 00 00 00 00 00 00,"Status frame 4 (new)"
2026-03-09T09:13:42.849340,RX,COM6,0x0205b947,0x2,0x05,0x2e,0x5,7,00 00 00 00 00 00 00 00,"Status frame 5 (new)"
2026-03-09T09:13:42.849340,RX,COM6,0x0205b987,0x2,0x05,0x2e,0x6,7,00 00 ff ff 01 00 00 00,"Status frame 6 (new)"
2026-03-09T09:13:42.849340,RX,COM6,0x0205b807,0x2,0x05,0x2e,0x0,7,00 00 3f 0b 00 00 80 00,"Status frame 0 (new)"
2026-03-09T09:13:42.849340,RX,COM6,0x0205b887,0x2,0x05,0x2e,0x2,7,00 00 00 00 00 00 00 00,"Status frame 2 (new)"
2026-03-09T09:13:42.849340,RX,COM6,0x0205b8c7,0x2,0x05,0x2e,0x3,7,3b 00 00 00 ee e7 94 3e,"Status frame 3 (new)"
2026-03-09T09:13:42.849340,RX,COM6,0x0205b907,0x2,0x05,0x2e,0x4,7,00 00 00 00 00 00 00 00,"Status frame 4 (new)"
2026-03-09T09:13:42.849340,RX,COM6,0x0205b947,0x2,0x05,0x2e,0x5,7,00 00 00 00 00 00 00 00,"Status frame 5 (new)"
2026-03-09T09:13:42.850340,RX,COM6,0x0205b987,0x2,0x05,0x2e,0x6,7,00 00 ff ff 01 00 00 00,"Status frame 6 (new)"
2026-03-09T09:13:42.850340,RX,COM6,0x0205b807,0x2,0x05,0x2e,0x0,7,00 00 3f 0b 00 00 80 00,"Status frame 0 (new)"
2026-03-09T09:13:42.850340,RX,COM6,0x0205b887,0x2,0x05,0x2e,0x2,7,00 00 00 00 00 00 00 00,"Status frame 2 (new)"
2026-03-09T09:13:42.851340,RX,COM6,0x0205b8c7,0x2,0x05,0x2e,0x3,7,3b 00 00 00 1c f5 93 3e,"Status frame 3 (new)"
2026-03-09T09:13:42.851340,RX,COM6,0x0205b907,0x2,0x05,0x2e,0x4,7,00 00 00 00 00 00 00 00,"Status frame 4 (new)"
2026-03-09T09:13:42.851340,RX,COM6,0x0205b947,0x2,0x05,0x2e,0x5,7,00 00 00 00 00 00 00 00,"Status frame 5 (new)"
2026-03-09T09:13:42.851340,HEARTBEAT,COM6,0x01011840,0x1,0x01,0x6,0x1,0,16 56 00 00 00 10 00 00,"Heartbeat"
2026-03-09T09:13:42.852345,RX,COM6,0x0205b987,0x2,0x05,0x2e,0x6,7,00 00 ff ff 01 00 00 00,"Status frame 6 (new)"
2026-03-09T09:13:42.866380,RX,COM6,0x0205b807,0x2,0x05,0x2e,0x0,7,00 00 45 0b 00 00 80 00,"Status frame 0 (new)"
2026-03-09T09:13:42.867390,RX,COM6,0x0205b847,0x2,0x05,0x2e,0x1,7,00 00 00 24 00 01 00 00,"Status frame 1 (new)"
2026-03-09T09:13:42.867390,RX,COM6,0x0205b887,0x2,0x05,0x2e,0x2,7,00 00 00 00 00 00 00 00,"Status frame 2 (new)"
2026-03-09T09:13:42.871389,RX,COM6,0x0205b8c7,0x2,0x05,0x2e,0x3,7,3b 00 00 00 b3 7e 95 3e,"Status frame 3 (new)"
2026-03-09T09:13:42.871389,RX,COM6,0x0205b907,0x2,0x05,0x2e,0x4,7,00 00 00 00 00 00 00 00,"Status frame 4 (new)"
2026-03-09T09:13:42.871389,RX,COM6,0x0205bc07,0x2,0x05,0x2f,0x0,7,12 e2 2e be 00 00 00 00,"DATA apiClass=0x2f apiIndex=0x0"
2026-03-09T09:13:42.871389,HEARTBEAT,COM6,0x01011840,0x1,0x01,0x6,0x1,0,2a 56 00 00 00 10 00 00,"Heartbeat"
2026-03-09T09:13:42.871389,RX,COM6,0x0205b947,0x2,0x05,0x2e,0x5,7,00 00 00 00 00 00 00 00,"Status frame 5 (new)"
2026-03-09T09:13:42.872399,RX,COM6,0x0205b987,0x2,0x05,0x2e,0x6,7,00 00 ff ff 01 00 00 00,"Status frame 6 (new)"
2026-03-09T09:13:42.886445,RX,COM6,0x0205b807,0x2,0x05,0x2e,0x0,7,00 00 40 0b 00 00 80 00,"Status frame 0 (new)"
2026-03-09T09:13:42.886445,RX,COM6,0x0205b887,0x2,0x05,0x2e,0x2,7,00 00 00 00 00 00 00 00,"Status frame 2 (new)"
2026-03-09T09:13:42.888462,RX,COM6,0x0205b8c7,0x2,0x05,0x2e,0x3,7,3b 00 00 00 5e 1b 95 3e,"Status frame 3 (new)"
2026-03-09T09:13:42.888462,RX,COM6,0x0205b907,0x2,0x05,0x2e,0x4,7,00 00 00 00 00 00 00 00,"Status frame 4 (new)"
2026-03-09T09:13:42.890464,HEARTBEAT,COM6,0x01011840,0x1,0x01,0x6,0x1,0,3d 56 00 00 00 10 00 00,"Heartbeat"
2026-03-09T09:13:42.890464,RX,COM6,0x0205b947,0x2,0x05,0x2e,0x5,7,00 00 00 00 00 00 00 00,"Status frame 5 (new)"
2026-03-09T09:13:42.892463,RX,COM6,0x0205b987,0x2,0x05,0x2e,0x6,7,00 00 ff ff 01 00 00 00,"Status frame 6 (new)"
2026-03-09T09:13:42.908034,RX,COM6,0x0205b807,0x2,0x05,0x2e,0x0,7,00 00 31 0b 00 00 80 00,"Status frame 0 (new)"
2026-03-09T09:13:42.908034,RX,COM6,0x0205b887,0x2,0x05,0x2e,0x2,7,00 00 00 00 00 00 00 00,"Status frame 2 (new)"
2026-03-09T09:13:42.909043,RX,COM6,0x0205b8c7,0x2,0x05,0x2e,0x3,7,3b 00 00 00 76 6c 95 3e,"Status frame 3 (new)"
2026-03-09T09:13:42.909043,RX,COM6,0x0205b907,0x2,0x05,0x2e,0x4,7,00 00 00 00 00 00 00 00,"Status frame 4 (new)"
2026-03-09T09:13:42.911034,HEARTBEAT,COM6,0x01011840,0x1,0x01,0x6,0x1,0,52 56 00 00 00 10 00 00,"Heartbeat"
2026-03-09T09:13:42.911034,RX,COM6,0x0205b947,0x2,0x05,0x2e,0x5,7,00 00 00 00 00 00 00 00,"Status frame 5 (new)"
2026-03-09T09:13:42.913044,RX,COM6,0x0205b987,0x2,0x05,0x2e,0x6,7,00 00 ff ff 01 00 00 00,"Status frame 6 (new)"
2026-03-09T09:13:42.927086,RX,COM6,0x0205b807,0x2,0x05,0x2e,0x0,7,00 00 41 0b 00 00 80 00,"Status frame 0 (new)"
2026-03-09T09:13:42.927086,RX,COM6,0x0205b887,0x2,0x05,0x2e,0x2,7,00 00 00 00 00 00 00 00,"Status frame 2 (new)"
2026-03-09T09:13:42.928629,RX,COM6,0x0205b8c7,0x2,0x05,0x2e,0x3,7,3b 00 00 00 1b 7a 95 3e,"Status frame 3 (new)"
2026-03-09T09:13:42.928629,RX,COM6,0x0205b907,0x2,0x05,0x2e,0x4,7,00 00 00 00 00 00 00 00,"Status frame 4 (new)"
2026-03-09T09:13:42.930647,RX,COM6,0x0205b947,0x2,0x05,0x2e,0x5,7,00 00 00 00 00 00 00 00,"Status frame 5 (new)"
2026-03-09T09:13:42.931648,HEARTBEAT,COM6,0x01011840,0x1,0x01,0x6,0x1,0,66 56 00 00 00 10 00 00,"Heartbeat"
2026-03-09T09:13:42.932648,RX,COM6,0x0205b987,0x2,0x05,0x2e,0x6,7,00 00 ff ff 01 00 00 00,"Status frame 6 (new)"
2026-03-09T09:13:42.947226,RX,COM6,0x0205b807,0x2,0x05,0x2e,0x0,7,00 00 44 0b 00 00 80 00,"Status frame 0 (new)"
2026-03-09T09:13:42.947226,RX,COM6,0x0205b887,0x2,0x05,0x2e,0x2,7,00 00 00 00 00 00 00 00,"Status frame 2 (new)"
2026-03-09T09:13:42.948243,RX,COM6,0x0205b8c7,0x2,0x05,0x2e,0x3,7,3b 00 00 00 ff 0e 95 3e,"Status frame 3 (new)"
2026-03-09T09:13:42.949262,RX,COM6,0x0205b907,0x2,0x05,0x2e,0x4,7,00 00 00 00 00 00 00 00,"Status frame 4 (new)"
2026-03-09T09:13:42.950263,RX,COM6,0x0205b947,0x2,0x05,0x2e,0x5,7,00 00 00 00 00 00 00 00,"Status frame 5 (new)"
2026-03-09T09:13:42.951655,HEARTBEAT,COM6,0x01011840,0x1,0x01,0x6,0x1,0,7a 56 00 00 00 10 00 00,"Heartbeat"
2026-03-09T09:13:42.952782,RX,COM6,0x0205b987,0x2,0x05,0x2e,0x6,7,00 00 ff ff 01 00 00 00,"Status frame 6 (new)"
2026-03-09T09:13:42.966699,RX,COM6,0x0205b807,0x2,0x05,0x2e,0x0,7,00 00 41 0b 00 00 80 00,"Status frame 0 (new)"
2026-03-09T09:13:42.966699,RX,COM6,0x0205b887,0x2,0x05,0x2e,0x2,7,00 00 00 00 00 00 00 00,"Status frame 2 (new)"
2026-03-09T09:13:42.967708,RX,COM6,0x0205b8c7,0x2,0x05,0x2e,0x3,7,3b 00 00 00 ce b7 95 3e,"Status frame 3 (new)"
2026-03-09T09:13:42.969222,RX,COM6,0x0205b907,0x2,0x05,0x2e,0x4,7,00 00 00 00 00 00 00 00,"Status frame 4 (new)"
2026-03-09T09:13:42.970244,RX,COM6,0x0205b947,0x2,0x05,0x2e,0x5,7,00 00 00 00 00 00 00 00,"Status frame 5 (new)"
2026-03-09T09:13:42.971239,HEARTBEAT,COM6,0x01011840,0x1,0x01,0x6,0x1,0,8e 56 00 00 00 10 00 00,"Heartbeat"
2026-03-09T09:13:42.972240,RX,COM6,0x0205b987,0x2,0x05,0x2e,0x6,7,00 00 ff ff 01 00 00 00,"Status frame 6 (new)"
2026-03-09T09:13:42.986295,RX,COM6,0x0205b807,0x2,0x05,0x2e,0x0,7,00 00 40 0b 00 00 80 00,"Status frame 0 (new)"
2026-03-09T09:13:42.987294,RX,COM6,0x0205b887,0x2,0x05,0x2e,0x2,7,00 00 00 00 00 00 00 00,"Status frame 2 (new)"
2026-03-09T09:13:42.988295,RX,COM6,0x0205b8c7,0x2,0x05,0x2e,0x3,7,3b 00 00 00 00 80 95 3e,"Status frame 3 (new)"
2026-03-09T09:13:42.989295,RX,COM6,0x0205b907,0x2,0x05,0x2e,0x4,7,00 00 00 00 00 00 00 00,"Status frame 4 (new)"
2026-03-09T09:13:42.990295,RX,COM6,0x0205b947,0x2,0x05,0x2e,0x5,7,00 00 00 00 00 00 00 00,"Status frame 5 (new)"
2026-03-09T09:13:42.991295,HEARTBEAT,COM6,0x01011840,0x1,0x01,0x6,0x1,0,a2 56 00 00 00 10 00 00,"Heartbeat"
2026-03-09T09:13:42.992883,RX,COM6,0x0205b987,0x2,0x05,0x2e,0x6,7,00 00 ff ff 01 00 00 00,"Status frame 6 (new)"
2026-03-09T09:13:43.006358,RX,COM6,0x0205b807,0x2,0x05,0x2e,0x0,7,00 00 38 0b 00 00 80 00,"Status frame 0 (new)"
2026-03-09T09:13:43.006358,RX,COM6,0x0205b887,0x2,0x05,0x2e,0x2,7,00 00 00 00 00 00 00 00,"Status frame 2 (new)"
2026-03-09T09:13:43.009363,RX,COM6,0x0205b8c7,0x2,0x05,0x2e,0x3,7,3b 00 00 00 df 1b 95 3e,"Status frame 3 (new)"
2026-03-09T09:13:43.009363,RX,COM6,0x0205b907,0x2,0x05,0x2e,0x4,7,00 00 00 00 00 00 00 00,"Status frame 4 (new)"
2026-03-09T09:13:43.010358,RX,COM6,0x0205b947,0x2,0x05,0x2e,0x5,7,00 00 00 00 00 00 00 00,"Status frame 5 (new)"
2026-03-09T09:13:43.012374,HEARTBEAT,COM6,0x01011840,0x1,0x01,0x6,0x1,0,b7 56 00 00 00 10 00 00,"Heartbeat"
2026-03-09T09:13:43.012374,RX,COM6,0x0205b987,0x2,0x05,0x2e,0x6,7,00 00 ff ff 01 00 00 00,"Status frame 6 (new)"
2026-03-09T09:13:43.026906,RX,COM6,0x0205b807,0x2,0x05,0x2e,0x0,7,00 00 3f 0b 00 00 80 00,"Status frame 0 (new)"
2026-03-09T09:13:43.027425,RX,COM6,0x0205b887,0x2,0x05,0x2e,0x2,7,00 00 00 00 00 00 00 00,"Status frame 2 (new)"
2026-03-09T09:13:43.029435,RX,COM6,0x0205b8c7,0x2,0x05,0x2e,0x3,7,3b 00 00 00 48 b3 94 3e,"Status frame 3 (new)"
2026-03-09T09:13:43.029435,RX,COM6,0x0205b907,0x2,0x05,0x2e,0x4,7,00 00 00 00 00 00 00 00,"Status frame 4 (new)"
2026-03-09T09:13:43.030436,RX,COM6,0x0205b947,0x2,0x05,0x2e,0x5,7,00 00 00 00 00 00 00 00,"Status frame 5 (new)"
2026-03-09T09:13:43.032443,HEARTBEAT,COM6,0x01011840,0x1,0x01,0x6,0x1,0,cb 56 00 00 00 10 00 00,"Heartbeat"
2026-03-09T09:13:43.032443,RX,COM6,0x0205b987,0x2,0x05,0x2e,0x6,7,00 00 ff ff 01 00 00 00,"Status frame 6 (new)"
2026-03-09T09:13:43.047035,RX,COM6,0x0205b807,0x2,0x05,0x2e,0x0,7,00 00 43 0b 00 00 80 00,"Status frame 0 (new)"
2026-03-09T09:13:43.047035,RX,COM6,0x0205b887,0x2,0x05,0x2e,0x2,7,00 00 00 00 00 00 00 00,"Status frame 2 (new)"
2026-03-09T09:13:43.049034,RX,COM6,0x0205b8c7,0x2,0x05,0x2e,0x3,7,3b 00 00 00 c8 ea 94 3e,"Status frame 3 (new)"
2026-03-09T09:13:43.049034,RX,COM6,0x0205b907,0x2,0x05,0x2e,0x4,7,00 00 00 00 00 00 00 00,"Status frame 4 (new)"
2026-03-09T09:13:43.051033,RX,COM6,0x0205b947,0x2,0x05,0x2e,0x5,7,00 00 00 00 00 00 00 00,"Status frame 5 (new)"
2026-03-09T09:13:43.051033,HEARTBEAT,COM6,0x01011840,0x1,0x01,0x6,0x1,0,de 56 00 00 00 10 00 00,"Heartbeat"
2026-03-09T09:13:43.053034,RX,COM6,0x0205b987,0x2,0x05,0x2e,0x6,7,00 00 ff ff 01 00 00 00,"Status frame 6 (new)"
2026-03-09T09:13:43.067095,RX,COM6,0x0205b807,0x2,0x05,0x2e,0x0,7,00 00 40 0b 00 00 80 00,"Status frame 0 (new)"
2026-03-09T09:13:43.067095,RX,COM6,0x0205b887,0x2,0x05,0x2e,0x2,7,00 00 00 00 00 00 00 00,"Status frame 2 (new)"
2026-03-09T09:13:43.069094,RX,COM6,0x0205b8c7,0x2,0x05,0x2e,0x3,7,3b 00 00 00 40 32 95 3e,"Status frame 3 (new)"
2026-03-09T09:13:43.069094,RX,COM6,0x0205b907,0x2,0x05,0x2e,0x4,7,00 00 00 00 00 00 00 00,"Status frame 4 (new)"
2026-03-09T09:13:43.071085,RX,COM6,0x0205b947,0x2,0x05,0x2e,0x5,7,00 00 00 00 00 00 00 00,"Status frame 5 (new)"
2026-03-09T09:13:43.071085,HEARTBEAT,COM6,0x01011840,0x1,0x01,0x6,0x1,0,f2 56 00 00 00 10 00 00,"Heartbeat"
2026-03-09T09:13:43.073099,RX,COM6,0x0205b987,0x2,0x05,0x2e,0x6,7,00 00 ff ff 01 00 00 00,"Status frame 6 (new)"
2026-03-09T09:13:43.086889,RX,COM6,0x0205b807,0x2,0x05,0x2e,0x0,7,00 00 43 0b 00 00 80 00,"Status frame 0 (new)"
2026-03-09T09:13:43.087403,RX,COM6,0x0205b887,0x2,0x05,0x2e,0x2,7,00 00 00 00 00 00 00 00,"Status frame 2 (new)"
2026-03-09T09:13:43.088940,RX,COM6,0x0205b8c7,0x2,0x05,0x2e,0x3,7,3b 00 00 00 36 1c 95 3e,"Status frame 3 (new)"
2026-03-09T09:13:43.088940,RX,COM6,0x0205b907,0x2,0x05,0x2e,0x4,7,00 00 00 00 00 00 00 00,"Status frame 4 (new)"
2026-03-09T09:13:43.090964,RX,COM6,0x0205b947,0x2,0x05,0x2e,0x5,7,00 00 00 00 00 00 00 00,"Status frame 5 (new)"
2026-03-09T09:13:43.091948,HEARTBEAT,COM6,0x01011840,0x1,0x01,0x6,0x1,0,07 57 00 00 00 10 00 00,"Heartbeat"
2026-03-09T09:13:43.092957,RX,COM6,0x0205b987,0x2,0x05,0x2e,0x6,7,00 00 ff ff 01 00 00 00,"Status frame 6 (new)"
2026-03-09T09:13:43.107220,RX,COM6,0x0205b807,0x2,0x05,0x2e,0x0,7,00 00 42 0b 00 00 80 00,"Status frame 0 (new)"
2026-03-09T09:13:43.107220,RX,COM6,0x0205b887,0x2,0x05,0x2e,0x2,7,00 00 00 00 00 00 00 00,"Status frame 2 (new)"
2026-03-09T09:13:43.109216,RX,COM6,0x0205b8c7,0x2,0x05,0x2e,0x3,7,3b 00 00 00 dd e1 95 3e,"Status frame 3 (new)"
2026-03-09T09:13:43.109216,RX,COM6,0x0205b907,0x2,0x05,0x2e,0x4,7,00 00 00 00 00 00 00 00,"Status frame 4 (new)"
2026-03-09T09:13:43.111207,RX,COM6,0x0205b947,0x2,0x05,0x2e,0x5,7,00 00 00 00 00 00 00 00,"Status frame 5 (new)"
2026-03-09T09:13:43.111207,HEARTBEAT,COM6,0x01011840,0x1,0x01,0x6,0x1,0,1a 57 00 00 00 10 00 00,"Heartbeat"
2026-03-09T09:13:43.113237,RX,COM6,0x0205b987,0x2,0x05,0x2e,0x6,7,00 00 ff ff 01 00 00 00,"Status frame 6 (new)"
2026-03-09T09:13:43.116755,RX,COM6,0x0205b847,0x2,0x05,0x2e,0x1,7,00 00 00 24 00 01 00 00,"Status frame 1 (new)"
2026-03-09T09:13:43.127290,RX,COM6,0x0205b807,0x2,0x05,0x2e,0x0,7,00 00 41 0b 00 00 80 00,"Status frame 0 (new)"
2026-03-09T09:13:43.127290,RX,COM6,0x0205b887,0x2,0x05,0x2e,0x2,7,00 00 00 00 00 00 00 00,"Status frame 2 (new)"
2026-03-09T09:13:43.128651,RX,COM6,0x0205b8c7,0x2,0x05,0x2e,0x3,7,3b 00 00 00 39 78 95 3e,"Status frame 3 (new)"
2026-03-09T09:13:43.128651,RX,COM6,0x0205b907,0x2,0x05,0x2e,0x4,7,00 00 00 00 00 00 00 00,"Status frame 4 (new)"
2026-03-09T09:13:43.130647,RX,COM6,0x0205b947,0x2,0x05,0x2e,0x5,7,00 00 00 00 00 00 00 00,"Status frame 5 (new)"
2026-03-09T09:13:43.131647,HEARTBEAT,COM6,0x01011840,0x1,0x01,0x6,0x1,0,2e 57 00 00 00 10 00 00,"Heartbeat"
2026-03-09T09:13:43.132648,RX,COM6,0x0205b987,0x2,0x05,0x2e,0x6,7,00 00 ff ff 01 00 00 00,"Status frame 6 (new)"
2026-03-09T09:13:43.146518,RX,COM6,0x0205b807,0x2,0x05,0x2e,0x0,7,00 00 3e 0b 00 00 80 00,"Status frame 0 (new)"
2026-03-09T09:13:43.147455,RX,COM6,0x0205b887,0x2,0x05,0x2e,0x2,7,00 00 00 00 00 00 00 00,"Status frame 2 (new)"
2026-03-09T09:13:43.148455,RX,COM6,0x0205b8c7,0x2,0x05,0x2e,0x3,7,3b 00 00 00 16 50 95 3e,"Status frame 3 (new)"
2026-03-09T09:13:43.148455,RX,COM6,0x0205b907,0x2,0x05,0x2e,0x4,7,00 00 00 00 00 00 00 00,"Status frame 4 (new)"
2026-03-09T09:13:43.150455,RX,COM6,0x0205b947,0x2,0x05,0x2e,0x5,7,00 00 00 00 00 00 00 00,"Status frame 5 (new)"
2026-03-09T09:13:43.151474,HEARTBEAT,COM6,0x01011840,0x1,0x01,0x6,0x1,0,42 57 00 00 00 10 00 00,"Heartbeat"
2026-03-09T09:13:43.152456,RX,COM6,0x0205b987,0x2,0x05,0x2e,0x6,7,00 00 ff ff 01 00 00 00,"Status frame 6 (new)"
2026-03-09T09:13:43.165959,RX,COM6,0x0205b807,0x2,0x05,0x2e,0x0,7,00 00 46 0b 00 00 80 00,"Status frame 0 (new)"
2026-03-09T09:13:43.165959,RX,COM6,0x0205b887,0x2,0x05,0x2e,0x2,7,00 00 00 00 00 00 00 00,"Status frame 2 (new)"
2026-03-09T09:13:43.169466,RX,COM6,0x0205b8c7,0x2,0x05,0x2e,0x3,7,3b 04 00 00 1b 66 96 3e,"Status frame 3 (new)"
2026-03-09T09:13:43.169466,RX,COM6,0x0205b907,0x2,0x05,0x2e,0x4,7,00 00 00 00 00 00 00 00,"Status frame 4 (new)"
2026-03-09T09:13:43.170464,RX,COM6,0x0205b947,0x2,0x05,0x2e,0x5,7,00 00 00 00 00 00 00 00,"Status frame 5 (new)"
2026-03-09T09:13:43.171463,HEARTBEAT,COM6,0x01011840,0x1,0x01,0x6,0x1,0,56 57 00 00 00 10 00 00,"Heartbeat"
2026-03-09T09:13:43.172463,RX,COM6,0x0205b987,0x2,0x05,0x2e,0x6,7,00 00 ff ff 01 00 00 00,"Status frame 6 (new)"
2026-03-09T09:13:43.186822,RX,COM6,0x0205b807,0x2,0x05,0x2e,0x0,7,00 00 41 0b 00 00 80 00,"Status frame 0 (new)"
2026-03-09T09:13:43.186822,RX,COM6,0x0205b887,0x2,0x05,0x2e,0x2,7,00 00 00 00 00 00 00 00,"Status frame 2 (new)"
2026-03-09T09:13:43.188327,RX,COM6,0x0205b8c7,0x2,0x05,0x2e,0x3,7,3b 04 00 00 50 ef 95 3e,"Status frame 3 (new)"
2026-03-09T09:13:43.188327,RX,COM6,0x0205b907,0x2,0x05,0x2e,0x4,7,00 00 00 00 00 00 00 00,"Status frame 4 (new)"
2026-03-09T09:13:43.190329,RX,COM6,0x0205b947,0x2,0x05,0x2e,0x5,7,00 00 00 00 00 00 00 00,"Status frame 5 (new)"
2026-03-09T09:13:43.191330,HEARTBEAT,COM6,0x01011840,0x1,0x01,0x6,0x1,0,6a 57 00 00 00 10 00 00,"Heartbeat"
2026-03-09T09:13:43.192832,RX,COM6,0x0205b987,0x2,0x05,0x2e,0x6,7,00 00 ff ff 01 00 00 00,"Status frame 6 (new)"
2026-03-09T09:13:43.206862,RX,COM6,0x0205b807,0x2,0x05,0x2e,0x0,7,00 00 42 0b 00 00 80 00,"Status frame 0 (new)"
2026-03-09T09:13:43.206862,RX,COM6,0x0205b887,0x2,0x05,0x2e,0x2,7,00 00 00 00 00 00 00 00,"Status frame 2 (new)"
2026-03-09T09:13:43.208862,RX,COM6,0x0205b8c7,0x2,0x05,0x2e,0x3,7,3b 04 00 00 95 85 95 3e,"Status frame 3 (new)"
2026-03-09T09:13:43.208862,RX,COM6,0x0205b907,0x2,0x05,0x2e,0x4,7,00 00 00 00 00 00 00 00,"Status frame 4 (new)"
2026-03-09T09:13:43.210862,RX,COM6,0x0205b947,0x2,0x05,0x2e,0x5,7,00 00 00 00 00 00 00 00,"Status frame 5 (new)"
2026-03-09T09:13:43.211862,HEARTBEAT,COM6,0x01011840,0x1,0x01,0x6,0x1,0,7f 57 00 00 00 10 00 00,"Heartbeat"
2026-03-09T09:13:43.213062,RX,COM6,0x0205b987,0x2,0x05,0x2e,0x6,7,00 00 ff ff 01 00 00 00,"Status frame 6 (new)"
2026-03-09T09:13:43.227175,RX,COM6,0x0205b807,0x2,0x05,0x2e,0x0,7,00 00 46 0b 00 00 80 00,"Status frame 0 (new)"
2026-03-09T09:13:43.227175,RX,COM6,0x0205b887,0x2,0x05,0x2e,0x2,7,00 00 00 00 00 00 00 00,"Status frame 2 (new)"
2026-03-09T09:13:43.229285,RX,COM6,0x0205b8c7,0x2,0x05,0x2e,0x3,7,3b 04 00 00 2f fb 95 3e,"Status frame 3 (new)"
2026-03-09T09:13:43.229285,RX,COM6,0x0205b907,0x2,0x05,0x2e,0x4,7,00 00 00 00 00 00 00 00,"Status frame 4 (new)"
2026-03-09T09:13:43.230290,RX,COM6,0x0205b947,0x2,0x05,0x2e,0x5,7,00 00 00 00 00 00 00 00,"Status frame 5 (new)"
2026-03-09T09:13:43.231304,HEARTBEAT,COM6,0x01011840,0x1,0x01,0x6,0x1,0,92 57 00 00 00 10 00 00,"Heartbeat"
2026-03-09T09:13:43.232269,RX,COM6,0x0205b987,0x2,0x05,0x2e,0x6,7,00 00 ff ff 01 00 00 00,"Status frame 6 (new)"
2026-03-09T09:13:43.247211,RX,COM6,0x0205b807,0x2,0x05,0x2e,0x0,7,00 00 36 0b 00 00 80 00,"Status frame 0 (new)"
2026-03-09T09:13:43.247211,RX,COM6,0x0205b887,0x2,0x05,0x2e,0x2,7,00 00 00 00 00 00 00 00,"Status frame 2 (new)"
2026-03-09T09:13:43.249205,RX,COM6,0x0205b8c7,0x2,0x05,0x2e,0x3,7,3b 00 00 00 12 79 95 3e,"Status frame 3 (new)"
2026-03-09T09:13:43.249205,RX,COM6,0x0205b907,0x2,0x05,0x2e,0x4,7,00 00 00 00 00 00 00 00,"Status frame 4 (new)"
2026-03-09T09:13:43.250196,RX,COM6,0x0205b947,0x2,0x05,0x2e,0x5,7,00 00 00 00 00 00 00 00,"Status frame 5 (new)"
2026-03-09T09:13:43.251205,HEARTBEAT,COM6,0x01011840,0x1,0x01,0x6,0x1,0,a6 57 00 00 00 10 00 00,"Heartbeat"
2026-03-09T09:13:43.252205,RX,COM6,0x0205b987,0x2,0x05,0x2e,0x6,7,00 00 ff ff 01 00 00 00,"Status frame 6 (new)"
2026-03-09T09:13:43.266260,RX,COM6,0x0205b807,0x2,0x05,0x2e,0x0,7,00 00 43 0b 00 00 80 00,"Status frame 0 (new)"
2026-03-09T09:13:43.267260,RX,COM6,0x0205b887,0x2,0x05,0x2e,0x2,7,00 00 00 00 00 00 00 00,"Status frame 2 (new)"
2026-03-09T09:13:43.268261,RX,COM6,0x0205b8c7,0x2,0x05,0x2e,0x3,7,3c 00 00 00 e9 a7 96 3e,"Status frame 3 (new)"
2026-03-09T09:13:43.269260,RX,COM6,0x0205b907,0x2,0x05,0x2e,0x4,7,00 00 00 00 00 00 00 00,"Status frame 4 (new)"
2026-03-09T09:13:43.270261,RX,COM6,0x0205b947,0x2,0x05,0x2e,0x5,7,00 00 00 00 00 00 00 00,"Status frame 5 (new)"
2026-03-09T09:13:43.271265,HEARTBEAT,COM6,0x01011840,0x1,0x01,0x6,0x1,0,ba 57 00 00 00 10 00 00,"Heartbeat"
2026-03-09T09:13:43.272263,RX,COM6,0x0205b987,0x2,0x05,0x2e,0x6,7,00 00 ff ff 01 00 00 00,"Status frame 6 (new)"
2026-03-09T09:13:43.286284,RX,COM6,0x0205b807,0x2,0x05,0x2e,0x0,7,00 00 44 0b 00 00 80 00,"Status frame 0 (new)"
2026-03-09T09:13:43.287286,RX,COM6,0x0205b887,0x2,0x05,0x2e,0x2,7,00 00 00 00 00 00 00 00,"Status frame 2 (new)"
2026-03-09T09:13:43.288284,RX,COM6,0x0205b8c7,0x2,0x05,0x2e,0x3,7,3b 00 00 00 bb 59 96 3e,"Status frame 3 (new)"
2026-03-09T09:13:43.288284,RX,COM6,0x0205b907,0x2,0x05,0x2e,0x4,7,00 00 00 00 00 00 00 00,"Status frame 4 (new)"
2026-03-09T09:13:43.290285,RX,COM6,0x0205b947,0x2,0x05,0x2e,0x5,7,00 00 00 00 00 00 00 00,"Status frame 5 (new)"
2026-03-09T09:13:43.292282,HEARTBEAT,COM6,0x01011840,0x1,0x01,0x6,0x1,0,cf 57 00 00 00 10 00 00,"Heartbeat"
2026-03-09T09:13:43.292282,RX,COM6,0x0205b987,0x2,0x05,0x2e,0x6,7,00 00 ff ff 01 00 00 00,"Status frame 6 (new)"
2026-03-09T09:13:43.306356,RX,COM6,0x0205b807,0x2,0x05,0x2e,0x0,7,00 00 42 0b 00 00 80 00,"Status frame 0 (new)"
2026-03-09T09:13:43.307356,RX,COM6,0x0205b887,0x2,0x05,0x2e,0x2,7,00 00 00 00 00 00 00 00,"Status frame 2 (new)"
2026-03-09T09:13:43.308356,RX,COM6,0x0205b8c7,0x2,0x05,0x2e,0x3,7,3b 00 00 00 fc af 94 3e,"Status frame 3 (new)"
2026-03-09T09:13:43.308356,RX,COM6,0x0205b907,0x2,0x05,0x2e,0x4,7,00 00 00 00 00 00 00 00,"Status frame 4 (new)"
2026-03-09T09:13:43.311358,RX,COM6,0x0205b947,0x2,0x05,0x2e,0x5,7,00 00 00 00 00 00 00 00,"Status frame 5 (new)"
2026-03-09T09:13:43.311358,HEARTBEAT,COM6,0x01011840,0x1,0x01,0x6,0x1,0,e2 57 00 00 00 10 00 00,"Heartbeat"
2026-03-09T09:13:43.312349,RX,COM6,0x0205b987,0x2,0x05,0x2e,0x6,7,00 00 ff ff 01 00 00 00,"Status frame 6 (new)"
2026-03-09T09:13:43.326957,RX,COM6,0x0205b807,0x2,0x05,0x2e,0x0,7,00 00 46 0b 00 00 80 00,"Status frame 0 (new)"
2026-03-09T09:13:43.326957,RX,COM6,0x0205b887,0x2,0x05,0x2e,0x2,7,00 00 00 00 00 00 00 00,"Status frame 2 (new)"
2026-03-09T09:13:43.328966,RX,COM6,0x0205b8c7,0x2,0x05,0x2e,0x3,7,3a 00 00 00 07 e2 93 3e,"Status frame 3 (new)"
2026-03-09T09:13:43.328966,RX,COM6,0x0205b907,0x2,0x05,0x2e,0x4,7,00 00 00 00 00 00 00 00,"Status frame 4 (new)"
2026-03-09T09:13:43.330974,HEARTBEAT,COM6,0x01011840,0x1,0x01,0x6,0x1,0,f6 57 00 00 00 10 00 00,"Heartbeat"
2026-03-09T09:13:43.330974,RX,COM6,0x0205b947,0x2,0x05,0x2e,0x5,7,00 00 00 00 00 00 00 00,"Status frame 5 (new)"
2026-03-09T09:13:43.332974,RX,COM6,0x0205b987,0x2,0x05,0x2e,0x6,7,00 00 ff ff 01 00 00 00,"Status frame 6 (new)"
2026-03-09T09:13:43.347057,RX,COM6,0x0205b807,0x2,0x05,0x2e,0x0,7,00 00 0e 0b 00 00 80 00,"Status frame 0 (new)"
2026-03-09T09:13:43.347057,RX,COM6,0x0205b887,0x2,0x05,0x2e,0x2,7,00 00 00 00 00 00 00 00,"Status frame 2 (new)"
2026-03-09T09:13:43.349056,RX,COM6,0x0205b8c7,0x2,0x05,0x2e,0x3,7,3b 00 00 00 bf 13 95 3e,"Status frame 3 (new)"
2026-03-09T09:13:43.349056,RX,COM6,0x0205b907,0x2,0x05,0x2e,0x4,7,00 00 00 00 00 00 00 00,"Status frame 4 (new)"
2026-03-09T09:13:43.351062,RX,COM6,0x0205b947,0x2,0x05,0x2e,0x5,7,00 00 00 00 00 00 00 00,"Status frame 5 (new)"
2026-03-09T09:13:43.352046,HEARTBEAT,COM6,0x01011840,0x1,0x01,0x6,0x1,0,0b 58 00 00 00 10 00 00,"Heartbeat"
2026-03-09T09:13:43.357594,RX,COM6,0x0205b987,0x2,0x05,0x2e,0x6,7,00 00 ff ff 01 00 00 00,"Status frame 6 (new)"
2026-03-09T09:13:43.366618,RX,COM6,0x0205b807,0x2,0x05,0x2e,0x0,7,00 00 46 0b 00 00 80 00,"Status frame 0 (new)"
2026-03-09T09:13:43.366618,RX,COM6,0x0205b847,0x2,0x05,0x2e,0x1,7,00 00 00 24 00 01 00 00,"Status frame 1 (new)"
2026-03-09T09:13:43.366618,RX,COM6,0x0205b887,0x2,0x05,0x2e,0x2,7,00 00 00 00 00 00 00 00,"Status frame 2 (new)"
2026-03-09T09:13:43.369615,RX,COM6,0x0205b8c7,0x2,0x05,0x2e,0x3,7,3b 00 00 00 2e e5 94 3e,"Status frame 3 (new)"
2026-03-09T09:13:43.369615,RX,COM6,0x0205b907,0x2,0x05,0x2e,0x4,7,00 00 00 00 00 00 00 00,"Status frame 4 (new)"
2026-03-09T09:13:43.370611,RX,COM6,0x0205b947,0x2,0x05,0x2e,0x5,7,00 00 00 00 00 00 00 00,"Status frame 5 (new)"
2026-03-09T09:13:43.371611,HEARTBEAT,COM6,0x01011840,0x1,0x01,0x6,0x1,0,1e 58 00 00 00 10 00 00,"Heartbeat"
2026-03-09T09:13:43.372610,RX,COM6,0x0205b987,0x2,0x05,0x2e,0x6,7,00 00 ff ff 01 00 00 00,"Status frame 6 (new)"
2026-03-09T09:13:43.387206,RX,COM6,0x0205b807,0x2,0x05,0x2e,0x0,7,00 00 45 0b 00 00 80 00,"Status frame 0 (new)"
2026-03-09T09:13:43.387206,RX,COM6,0x0205b887,0x2,0x05,0x2e,0x2,7,00 00 00 00 00 00 00 00,"Status frame 2 (new)"
2026-03-09T09:13:43.388226,RX,COM6,0x0205b8c7,0x2,0x05,0x2e,0x3,7,3c 00 00 00 ea 0e 97 3e,"Status frame 3 (new)"
2026-03-09T09:13:43.388226,RX,COM6,0x0205b907,0x2,0x05,0x2e,0x4,7,00 00 00 00 00 00 00 00,"Status frame 4 (new)"
2026-03-09T09:13:43.390225,RX,COM6,0x0205b947,0x2,0x05,0x2e,0x5,7,00 00 00 00 00 00 00 00,"Status frame 5 (new)"
2026-03-09T09:13:43.391214,HEARTBEAT,COM6,0x01011840,0x1,0x01,0x6,0x1,0,32 58 00 00 00 10 00 00,"Heartbeat"
2026-03-09T09:13:43.392730,RX,COM6,0x0205b987,0x2,0x05,0x2e,0x6,7,00 00 ff ff 01 00 00 00,"Status frame 6 (new)"
2026-03-09T09:13:43.406268,RX,COM6,0x0205b887,0x2,0x05,0x2e,0x2,7,00 00 00 00 00 00 00 00,"Status frame 2 (new)"
2026-03-09T09:13:43.406268,RX,COM6,0x0205b807,0x2,0x05,0x2e,0x0,7,00 00 48 0b 00 00 80 00,"Status frame 0 (new)"
2026-03-09T09:13:43.408801,RX,COM6,0x0205b8c7,0x2,0x05,0x2e,0x3,7,3b 00 00 00 a7 df 94 3e,"Status frame 3 (new)"
2026-03-09T09:13:43.408801,RX,COM6,0x0205b907,0x2,0x05,0x2e,0x4,7,00 00 00 00 00 00 00 00,"Status frame 4 (new)"
2026-03-09T09:13:43.410798,RX,COM6,0x0205b947,0x2,0x05,0x2e,0x5,7,00 00 00 00 00 00 00 00,"Status frame 5 (new)"
2026-03-09T09:13:43.411810,HEARTBEAT,COM6,0x01011840,0x1,0x01,0x6,0x1,0,47 58 00 00 00 10 00 00,"Heartbeat"
2026-03-09T09:13:43.412805,RX,COM6,0x0205b987,0x2,0x05,0x2e,0x6,7,00 00 ff ff 01 00 00 00,"Status frame 6 (new)"
2026-03-09T09:13:43.426963,RX,COM6,0x0205b807,0x2,0x05,0x2e,0x0,7,00 00 47 0b 00 00 80 00,"Status frame 0 (new)"
2026-03-09T09:13:43.426963,RX,COM6,0x0205b887,0x2,0x05,0x2e,0x2,7,00 00 00 00 00 00 00 00,"Status frame 2 (new)"
2026-03-09T09:13:43.428850,RX,COM6,0x0205b8c7,0x2,0x05,0x2e,0x3,7,3b 00 00 00 8d 3f 96 3e,"Status frame 3 (new)"
2026-03-09T09:13:43.428850,RX,COM6,0x0205b907,0x2,0x05,0x2e,0x4,7,00 00 00 00 00 00 00 00,"Status frame 4 (new)"
2026-03-09T09:13:43.430256,RX,COM6,0x0205b947,0x2,0x05,0x2e,0x5,7,00 00 00 00 00 00 00 00,"Status frame 5 (new)"
2026-03-09T09:13:43.431255,HEARTBEAT,COM6,0x01011840,0x1,0x01,0x6,0x1,0,5a 58 00 00 00 10 00 00,"Heartbeat"
2026-03-09T09:13:43.432266,RX,COM6,0x0205b987,0x2,0x05,0x2e,0x6,7,00 00 ff ff 01 00 00 00,"Status frame 6 (new)"
2026-03-09T09:13:43.446327,RX,COM6,0x0205b807,0x2,0x05,0x2e,0x0,7,00 00 03 0b 00 00 80 00,"Status frame 0 (new)"
2026-03-09T09:13:43.447328,RX,COM6,0x0205b887,0x2,0x05,0x2e,0x2,7,00 00 00 00 00 00 00 00,"Status frame 2 (new)"
2026-03-09T09:13:43.448329,RX,COM6,0x0205b8c7,0x2,0x05,0x2e,0x3,7,3b 04 00 00 55 96 95 3e,"Status frame 3 (new)"
2026-03-09T09:13:43.449327,RX,COM6,0x0205b907,0x2,0x05,0x2e,0x4,7,00 00 00 00 00 00 00 00,"Status frame 4 (new)"
2026-03-09T09:13:43.450329,RX,COM6,0x0205b947,0x2,0x05,0x2e,0x5,7,00 00 00 00 00 00 00 00,"Status frame 5 (new)"
2026-03-09T09:13:43.451320,HEARTBEAT,COM6,0x01011840,0x1,0x01,0x6,0x1,0,6e 58 00 00 00 10 00 00,"Heartbeat"
2026-03-09T09:13:43.452923,RX,COM6,0x0205b987,0x2,0x05,0x2e,0x6,7,00 00 ff ff 01 00 00 00,"Status frame 6 (new)"
2026-03-09T09:13:43.466425,RX,COM6,0x0205b807,0x2,0x05,0x2e,0x0,7,00 00 4d 0b 00 00 80 00,"Status frame 0 (new)"
2026-03-09T09:13:43.466425,RX,COM6,0x0205b887,0x2,0x05,0x2e,0x2,7,00 00 00 00 00 00 00 00,"Status frame 2 (new)"
2026-03-09T09:13:43.468435,RX,COM6,0x0205b8c7,0x2,0x05,0x2e,0x3,7,3b 00 00 00 c3 ff 95 3e,"Status frame 3 (new)"
2026-03-09T09:13:43.468435,RX,COM6,0x0205b907,0x2,0x05,0x2e,0x4,7,00 00 00 00 00 00 00 00,"Status frame 4 (new)"
2026-03-09T09:13:43.470434,RX,COM6,0x0205b947,0x2,0x05,0x2e,0x5,7,00 00 00 00 00 00 00 00,"Status frame 5 (new)"
2026-03-09T09:13:43.471425,HEARTBEAT,COM6,0x01011840,0x1,0x01,0x6,0x1,0,82 58 00 00 00 10 00 00,"Heartbeat"
2026-03-09T09:13:43.472435,RX,COM6,0x0205b987,0x2,0x05,0x2e,0x6,7,00 00 ff ff 01 00 00 00,"Status frame 6 (new)"
2026-03-09T09:13:43.486902,RX,COM6,0x0205b807,0x2,0x05,0x2e,0x0,7,00 00 46 0b 00 00 80 00,"Status frame 0 (new)"
2026-03-09T09:13:43.486902,RX,COM6,0x0205b887,0x2,0x05,0x2e,0x2,7,00 00 00 00 00 00 00 00,"Status frame 2 (new)"
2026-03-09T09:13:43.488903,RX,COM6,0x0205b8c7,0x2,0x05,0x2e,0x3,7,3b 00 00 00 56 90 94 3e,"Status frame 3 (new)"
2026-03-09T09:13:43.488903,RX,COM6,0x0205b907,0x2,0x05,0x2e,0x4,7,00 00 00 00 00 00 00 00,"Status frame 4 (new)"
2026-03-09T09:13:43.490903,HEARTBEAT,COM6,0x01011840,0x1,0x01,0x6,0x1,0,96 58 00 00 00 10 00 00,"Heartbeat"
2026-03-09T09:13:43.490903,RX,COM6,0x0205b947,0x2,0x05,0x2e,0x5,7,00 00 00 00 00 00 00 00,"Status frame 5 (new)"
2026-03-09T09:13:43.492904,RX,COM6,0x0205b987,0x2,0x05,0x2e,0x6,7,00 00 ff ff 01 00 00 00,"Status frame 6 (new)"
2026-03-09T09:13:43.506974,RX,COM6,0x0205b807,0x2,0x05,0x2e,0x0,7,00 00 49 0b 00 00 80 00,"Status frame 0 (new)"
2026-03-09T09:13:43.506974,RX,COM6,0x0205b887,0x2,0x05,0x2e,0x2,7,00 00 00 00 00 00 00 00,"Status frame 2 (new)"
2026-03-09T09:13:43.508973,RX,COM6,0x0205b8c7,0x2,0x05,0x2e,0x3,7,3b 00 00 00 28 4f 96 3e,"Status frame 3 (new)"
2026-03-09T09:13:43.509409,RX,COM6,0x0205b907,0x2,0x05,0x2e,0x4,7,00 00 00 00 00 00 00 00,"Status frame 4 (new)"
2026-03-09T09:13:43.510423,RX,COM6,0x0205b947,0x2,0x05,0x2e,0x5,7,00 00 00 00 00 00 00 00,"Status frame 5 (new)"
2026-03-09T09:13:43.511421,HEARTBEAT,COM6,0x01011840,0x1,0x01,0x6,0x1,0,ab 58 00 00 00 10 00 00,"Heartbeat"
2026-03-09T09:13:43.512420,RX,COM6,0x0205b987,0x2,0x05,0x2e,0x6,7,00 00 ff ff 01 00 00 00,"Status frame 6 (new)"
2026-03-09T09:13:43.526928,RX,COM6,0x0205b807,0x2,0x05,0x2e,0x0,7,00 00 48 0b 00 00 80 00,"Status frame 0 (new)"
2026-03-09T09:13:43.526928,RX,COM6,0x0205b887,0x2,0x05,0x2e,0x2,7,00 00 00 00 00 00 00 00,"Status frame 2 (new)"
2026-03-09T09:13:43.528931,RX,COM6,0x0205b8c7,0x2,0x05,0x2e,0x3,7,3c 00 00 00 7b ce 96 3e,"Status frame 3 (new)"
2026-03-09T09:13:43.528931,RX,COM6,0x0205b907,0x2,0x05,0x2e,0x4,7,00 00 00 00 00 00 00 00,"Status frame 4 (new)"
2026-03-09T09:13:43.530931,RX,COM6,0x0205b947,0x2,0x05,0x2e,0x5,7,00 00 00 00 00 00 00 00,"Status frame 5 (new)"
2026-03-09T09:13:43.531931,HEARTBEAT,COM6,0x01011840,0x1,0x01,0x6,0x1,0,bf 58 00 00 00 10 00 00,"Heartbeat"
2026-03-09T09:13:43.532931,RX,COM6,0x0205b987,0x2,0x05,0x2e,0x6,7,00 00 ff ff 01 00 00 00,"Status frame 6 (new)"
2026-03-09T09:13:43.546943,RX,COM6,0x0205b807,0x2,0x05,0x2e,0x0,7,00 00 25 0b 00 00 80 00,"Status frame 0 (new)"
2026-03-09T09:13:43.546943,RX,COM6,0x0205b887,0x2,0x05,0x2e,0x2,7,00 00 00 00 00 00 00 00,"Status frame 2 (new)"
2026-03-09T09:13:43.548943,RX,COM6,0x0205b8c7,0x2,0x05,0x2e,0x3,7,3c 00 00 00 6a 9e 96 3e,"Status frame 3 (new)"
2026-03-09T09:13:43.548943,RX,COM6,0x0205b907,0x2,0x05,0x2e,0x4,7,00 00 00 00 00 00 00 00,"Status frame 4 (new)"
2026-03-09T09:13:43.550943,HEARTBEAT,COM6,0x01011840,0x1,0x01,0x6,0x1,0,d2 58 00 00 00 10 00 00,"Heartbeat"
2026-03-09T09:13:43.550943,RX,COM6,0x0205b947,0x2,0x05,0x2e,0x5,7,00 00 00 00 00 00 00 00,"Status frame 5 (new)"
2026-03-09T09:13:43.552942,RX,COM6,0x0205b987,0x2,0x05,0x2e,0x6,7,00 00 ff ff 01 00 00 00,"Status frame 6 (new)"
2026-03-09T09:13:43.566450,RX,COM6,0x0205b807,0x2,0x05,0x2e,0x0,7,00 00 4b 0b 00 00 80 00,"Status frame 0 (new)"
2026-03-09T09:13:43.566450,RX,COM6,0x0205b887,0x2,0x05,0x2e,0x2,7,00 00 00 00 00 00 00 00,"Status frame 2 (new)"
2026-03-09T09:13:43.568450,RX,COM6,0x0205b8c7,0x2,0x05,0x2e,0x3,7,3b 00 00 00 df ce 95 3e,"Status frame 3 (new)"
2026-03-09T09:13:43.568450,RX,COM6,0x0205b907,0x2,0x05,0x2e,0x4,7,00 00 00 00 00 00 00 00,"Status frame 4 (new)"
2026-03-09T09:13:43.570449,RX,COM6,0x0205b947,0x2,0x05,0x2e,0x5,7,00 00 00 00 00 00 00 00,"Status frame 5 (new)"
2026-03-09T09:13:43.571450,HEARTBEAT,COM6,0x01011840,0x1,0x01,0x6,0x1,0,e6 58 00 00 00 10 00 00,"Heartbeat"
2026-03-09T09:13:43.572450,RX,COM6,0x0205b987,0x2,0x05,0x2e,0x6,7,00 00 ff ff 01 00 00 00,"Status frame 6 (new)"
2026-03-09T09:13:43.587241,RX,COM6,0x0205b807,0x2,0x05,0x2e,0x0,7,00 00 4b 0b 00 00 80 00,"Status frame 0 (new)"
2026-03-09T09:13:43.587241,RX,COM6,0x0205b887,0x2,0x05,0x2e,0x2,7,00 00 00 00 00 00 00 00,"Status frame 2 (new)"
2026-03-09T09:13:43.588253,RX,COM6,0x0205b8c7,0x2,0x05,0x2e,0x3,7,3c 04 00 00 18 9e 96 3e,"Status frame 3 (new)"
2026-03-09T09:13:43.588253,RX,COM6,0x0205b907,0x2,0x05,0x2e,0x4,7,00 00 00 00 00 00 00 00,"Status frame 4 (new)"
2026-03-09T09:13:43.590909,HEARTBEAT,COM6,0x01011840,0x1,0x01,0x6,0x1,0,fa 58 00 00 00 10 00 00,"Heartbeat"
2026-03-09T09:13:43.590909,RX,COM6,0x0205b947,0x2,0x05,0x2e,0x5,7,00 00 00 00 00 00 00 00,"Status frame 5 (new)"
2026-03-09T09:13:43.592907,RX,COM6,0x0205b987,0x2,0x05,0x2e,0x6,7,00 00 ff ff 01 00 00 00,"Status frame 6 (new)"
2026-03-09T09:13:43.606380,RX,COM6,0x0205b807,0x2,0x05,0x2e,0x0,7,00 00 48 0b 00 00 80 00,"Status frame 0 (new)"
2026-03-09T09:13:43.607376,RX,COM6,0x0205b887,0x2,0x05,0x2e,0x2,7,00 00 00 00 00 00 00 00,"Status frame 2 (new)"
2026-03-09T09:13:43.608376,RX,COM6,0x0205b8c7,0x2,0x05,0x2e,0x3,7,3c 00 00 00 55 e6 96 3e,"Status frame 3 (new)"
2026-03-09T09:13:43.608376,RX,COM6,0x0205b907,0x2,0x05,0x2e,0x4,7,00 00 00 00 00 00 00 00,"Status frame 4 (new)"
2026-03-09T09:13:43.611135,RX,COM6,0x0205b947,0x2,0x05,0x2e,0x5,7,00 00 00 00 00 00 00 00,"Status frame 5 (new)"
2026-03-09T09:13:43.611718,HEARTBEAT,COM6,0x01011840,0x1,0x01,0x6,0x1,0,0e 59 00 00 00 10 00 00,"Heartbeat"
2026-03-09T09:13:43.612756,RX,COM6,0x0205b987,0x2,0x05,0x2e,0x6,7,00 00 ff ff 01 00 00 00,"Status frame 6 (new)"
2026-03-09T09:13:43.616437,RX,COM6,0x0205b847,0x2,0x05,0x2e,0x1,7,00 00 00 24 00 01 00 00,"Status frame 1 (new)"
2026-03-09T09:13:43.626439,RX,COM6,0x0205b807,0x2,0x05,0x2e,0x0,7,00 00 4d 0b 00 00 80 00,"Status frame 0 (new)"
2026-03-09T09:13:43.626439,RX,COM6,0x0205b887,0x2,0x05,0x2e,0x2,7,00 00 00 00 00 00 00 00,"Status frame 2 (new)"
2026-03-09T09:13:43.628983,RX,COM6,0x0205b8c7,0x2,0x05,0x2e,0x3,7,3b 00 00 00 cf 3a 95 3e,"Status frame 3 (new)"
2026-03-09T09:13:43.628983,RX,COM6,0x0205b907,0x2,0x05,0x2e,0x4,7,00 00 00 00 00 00 00 00,"Status frame 4 (new)"
2026-03-09T09:13:43.630980,HEARTBEAT,COM6,0x01011840,0x1,0x01,0x6,0x1,0,22 59 00 00 00 10 00 00,"Heartbeat"
2026-03-09T09:13:43.630980,RX,COM6,0x0205b947,0x2,0x05,0x2e,0x5,7,00 00 00 00 00 00 00 00,"Status frame 5 (new)"
2026-03-09T09:13:43.632979,RX,COM6,0x0205b987,0x2,0x05,0x2e,0x6,7,00 00 ff ff 01 00 00 00,"Status frame 6 (new)"
2026-03-09T09:13:43.646552,RX,COM6,0x0205b807,0x2,0x05,0x2e,0x0,7,00 00 3f 0b 00 00 80 00,"Status frame 0 (new)"
2026-03-09T09:13:43.646552,RX,COM6,0x0205b887,0x2,0x05,0x2e,0x2,7,00 00 00 00 00 00 00 00,"Status frame 2 (new)"
2026-03-09T09:13:43.648570,RX,COM6,0x0205b8c7,0x2,0x05,0x2e,0x3,7,3b 00 00 00 60 7e 95 3e,"Status frame 3 (new)"
2026-03-09T09:13:43.648570,RX,COM6,0x0205b907,0x2,0x05,0x2e,0x4,7,00 00 00 00 00 00 00 00,"Status frame 4 (new)"
2026-03-09T09:13:43.650569,RX,COM6,0x0205b947,0x2,0x05,0x2e,0x5,7,00 00 00 00 00 00 00 00,"Status frame 5 (new)"
2026-03-09T09:13:43.651569,HEARTBEAT,COM6,0x01011840,0x1,0x01,0x6,0x1,0,36 59 00 00 00 10 00 00,"Heartbeat"
2026-03-09T09:13:43.653105,RX,COM6,0x0205b987,0x2,0x05,0x2e,0x6,7,00 00 ff ff 01 00 00 00,"Status frame 6 (new)"
2026-03-09T09:13:43.666605,RX,COM6,0x0205b887,0x2,0x05,0x2e,0x2,7,00 00 00 00 00 00 00 00,"Status frame 2 (new)"
2026-03-09T09:13:43.666605,RX,COM6,0x0205b807,0x2,0x05,0x2e,0x0,7,00 00 4c 0b 00 00 80 00,"Status frame 0 (new)"
2026-03-09T09:13:43.668610,RX,COM6,0x0205b8c7,0x2,0x05,0x2e,0x3,7,3b 00 00 00 10 64 95 3e,"Status frame 3 (new)"
2026-03-09T09:13:43.668610,RX,COM6,0x0205b907,0x2,0x05,0x2e,0x4,7,00 00 00 00 00 00 00 00,"Status frame 4 (new)"
2026-03-09T09:13:43.670610,HEARTBEAT,COM6,0x01011840,0x1,0x01,0x6,0x1,0,49 59 00 00 00 10 00 00,"Heartbeat"
2026-03-09T09:13:43.670610,RX,COM6,0x0205b947,0x2,0x05,0x2e,0x5,7,00 00 00 00 00 00 00 00,"Status frame 5 (new)"
2026-03-09T09:13:43.673611,RX,COM6,0x0205b987,0x2,0x05,0x2e,0x6,7,00 00 ff ff 01 00 00 00,"Status frame 6 (new)"
2026-03-09T09:13:43.686191,RX,COM6,0x0205b807,0x2,0x05,0x2e,0x0,7,00 00 4b 0b 00 00 80 00,"Status frame 0 (new)"
2026-03-09T09:13:43.686191,RX,COM6,0x0205b887,0x2,0x05,0x2e,0x2,7,00 00 00 00 00 00 00 00,"Status frame 2 (new)"
2026-03-09T09:13:43.688861,RX,COM6,0x0205b8c7,0x2,0x05,0x2e,0x3,7,3b 00 00 00 ff 6f 95 3e,"Status frame 3 (new)"
2026-03-09T09:13:43.688861,RX,COM6,0x0205b907,0x2,0x05,0x2e,0x4,7,00 00 00 00 00 00 00 00,"Status frame 4 (new)"
2026-03-09T09:13:43.690847,HEARTBEAT,COM6,0x01011840,0x1,0x01,0x6,0x1,0,5d 59 00 00 00 10 00 00,"Heartbeat"
2026-03-09T09:13:43.690847,RX,COM6,0x0205b947,0x2,0x05,0x2e,0x5,7,00 00 00 00 00 00 00 00,"Status frame 5 (new)"
2026-03-09T09:13:43.692847,RX,COM6,0x0205b987,0x2,0x05,0x2e,0x6,7,00 00 ff ff 01 00 00 00,"Status frame 6 (new)"
2026-03-09T09:13:43.707055,RX,COM6,0x0205b807,0x2,0x05,0x2e,0x0,7,00 00 4c 0b 00 00 80 00,"Status frame 0 (new)"
2026-03-09T09:13:43.707055,RX,COM6,0x0205b887,0x2,0x05,0x2e,0x2,7,00 00 00 00 00 00 00 00,"Status frame 2 (new)"
2026-03-09T09:13:43.708661,RX,COM6,0x0205b8c7,0x2,0x05,0x2e,0x3,7,3b 00 00 00 b1 c0 95 3e,"Status frame 3 (new)"
2026-03-09T09:13:43.708661,RX,COM6,0x0205b907,0x2,0x05,0x2e,0x4,7,00 00 00 00 00 00 00 00,"Status frame 4 (new)"
2026-03-09T09:13:43.710561,RX,COM6,0x0205b947,0x2,0x05,0x2e,0x5,7,00 00 00 00 00 00 00 00,"Status frame 5 (new)"
2026-03-09T09:13:43.711561,HEARTBEAT,COM6,0x01011840,0x1,0x01,0x6,0x1,0,72 59 00 00 00 10 00 00,"Heartbeat"
2026-03-09T09:13:43.712561,RX,COM6,0x0205b987,0x2,0x05,0x2e,0x6,7,00 00 ff ff 01 00 00 00,"Status frame 6 (new)"
2026-03-09T09:13:43.726913,RX,COM6,0x0205b807,0x2,0x05,0x2e,0x0,7,00 00 51 0b 00 00 80 00,"Status frame 0 (new)"
2026-03-09T09:13:43.726913,RX,COM6,0x0205b887,0x2,0x05,0x2e,0x2,7,00 00 00 00 00 00 00 00,"Status frame 2 (new)"
2026-03-09T09:13:43.727937,RX,COM6,0x0205b8c7,0x2,0x05,0x2e,0x3,7,3b 00 00 00 e8 e9 95 3e,"Status frame 3 (new)"
2026-03-09T09:13:43.727937,RX,COM6,0x0205b907,0x2,0x05,0x2e,0x4,7,00 00 00 00 00 00 00 00,"Status frame 4 (new)"
2026-03-09T09:13:43.730648,HEARTBEAT,COM6,0x01011840,0x1,0x01,0x6,0x1,0,85 59 00 00 00 10 00 00,"Heartbeat"
2026-03-09T09:13:43.730648,RX,COM6,0x0205b947,0x2,0x05,0x2e,0x5,7,00 00 00 00 00 00 00 00,"Status frame 5 (new)"
2026-03-09T09:13:43.732655,RX,COM6,0x0205b987,0x2,0x05,0x2e,0x6,7,00 00 ff ff 01 00 00 00,"Status frame 6 (new)"
2026-03-09T09:13:43.746477,RX,COM6,0x0205b807,0x2,0x05,0x2e,0x0,7,00 00 4d 0b 00 00 80 00,"Status frame 0 (new)"
2026-03-09T09:13:43.747505,RX,COM6,0x0205b887,0x2,0x05,0x2e,0x2,7,00 00 00 00 00 00 00 00,"Status frame 2 (new)"
2026-03-09T09:13:43.748485,RX,COM6,0x0205b8c7,0x2,0x05,0x2e,0x3,7,3b 00 00 00 97 b0 94 3e,"Status frame 3 (new)"
2026-03-09T09:13:43.748485,RX,COM6,0x0205b907,0x2,0x05,0x2e,0x4,7,00 00 00 00 00 00 00 00,"Status frame 4 (new)"
2026-03-09T09:13:43.750218,RX,COM6,0x0205b947,0x2,0x05,0x2e,0x5,7,00 00 00 00 00 00 00 00,"Status frame 5 (new)"
2026-03-09T09:13:43.751237,HEARTBEAT,COM6,0x01011840,0x1,0x01,0x6,0x1,0,9a 59 00 00 00 10 00 00,"Heartbeat"
2026-03-09T09:13:43.752236,RX,COM6,0x0205b987,0x2,0x05,0x2e,0x6,7,00 00 ff ff 01 00 00 00,"Status frame 6 (new)"
2026-03-09T09:13:43.766766,RX,COM6,0x0205b807,0x2,0x05,0x2e,0x0,7,00 00 51 0b 00 00 80 00,"Status frame 0 (new)"
2026-03-09T09:13:43.766766,RX,COM6,0x0205b887,0x2,0x05,0x2e,0x2,7,00 00 00 00 00 00 00 00,"Status frame 2 (new)"
2026-03-09T09:13:43.768784,RX,COM6,0x0205b8c7,0x2,0x05,0x2e,0x3,7,3c 00 00 00 89 8b 96 3e,"Status frame 3 (new)"
2026-03-09T09:13:43.768784,RX,COM6,0x0205b907,0x2,0x05,0x2e,0x4,7,00 00 00 00 00 00 00 00,"Status frame 4 (new)"
2026-03-09T09:13:43.770783,RX,COM6,0x0205b947,0x2,0x05,0x2e,0x5,7,00 00 00 00 00 00 00 00,"Status frame 5 (new)"
2026-03-09T09:13:43.771783,HEARTBEAT,COM6,0x01011840,0x1,0x01,0x6,0x1,0,ae 59 00 00 00 10 00 00,"Heartbeat"
2026-03-09T09:13:43.772788,RX,COM6,0x0205b987,0x2,0x05,0x2e,0x6,7,00 00 ff ff 01 00 00 00,"Status frame 6 (new)"
2026-03-09T09:13:43.786420,RX,COM6,0x0205b807,0x2,0x05,0x2e,0x0,7,00 00 4e 0b 00 00 80 00,"Status frame 0 (new)"
2026-03-09T09:13:43.786420,RX,COM6,0x0205b887,0x2,0x05,0x2e,0x2,7,00 00 00 00 00 00 00 00,"Status frame 2 (new)"
2026-03-09T09:13:43.788421,RX,COM6,0x0205b8c7,0x2,0x05,0x2e,0x3,7,3b 00 00 00 a0 e7 95 3e,"Status frame 3 (new)"
2026-03-09T09:13:43.788421,RX,COM6,0x0205b907,0x2,0x05,0x2e,0x4,7,00 00 00 00 00 00 00 00,"Status frame 4 (new)"
2026-03-09T09:13:43.790940,HEARTBEAT,COM6,0x01011840,0x1,0x01,0x6,0x1,0,c2 59 00 00 00 10 00 00,"Heartbeat"
2026-03-09T09:13:43.790940,RX,COM6,0x0205b947,0x2,0x05,0x2e,0x5,7,00 00 00 00 00 00 00 00,"Status frame 5 (new)"
2026-03-09T09:13:43.792957,RX,COM6,0x0205b987,0x2,0x05,0x2e,0x6,7,00 00 ff ff 01 00 00 00,"Status frame 6 (new)"
2026-03-09T09:13:43.806493,RX,COM6,0x0205b807,0x2,0x05,0x2e,0x0,7,00 00 4f 0b 00 00 80 00,"Status frame 0 (new)"
2026-03-09T09:13:43.807491,RX,COM6,0x0205b887,0x2,0x05,0x2e,0x2,7,00 00 00 00 00 00 00 00,"Status frame 2 (new)"
2026-03-09T09:13:43.808490,RX,COM6,0x0205b8c7,0x2,0x05,0x2e,0x3,7,3b 00 00 00 d5 57 95 3e,"Status frame 3 (new)"
2026-03-09T09:13:43.808490,RX,COM6,0x0205b907,0x2,0x05,0x2e,0x4,7,00 00 00 00 00 00 00 00,"Status frame 4 (new)"
2026-03-09T09:13:43.812480,RX,COM6,0x0205b947,0x2,0x05,0x2e,0x5,7,00 00 00 00 00 00 00 00,"Status frame 5 (new)"
2026-03-09T09:13:43.812480,HEARTBEAT,COM6,0x01011840,0x1,0x01,0x6,0x1,0,d7 59 00 00 00 10 00 00,"Heartbeat"
2026-03-09T09:13:43.813480,RX,COM6,0x0205b987,0x2,0x05,0x2e,0x6,7,00 00 ff ff 01 00 00 00,"Status frame 6 (new)"
2026-03-09T09:13:43.826882,RX,COM6,0x0205b807,0x2,0x05,0x2e,0x0,7,00 00 52 0b 00 00 80 00,"Status frame 0 (new)"
2026-03-09T09:13:43.827385,RX,COM6,0x0205b887,0x2,0x05,0x2e,0x2,7,00 00 00 00 00 00 00 00,"Status frame 2 (new)"
2026-03-09T09:13:43.828387,RX,COM6,0x0205b8c7,0x2,0x05,0x2e,0x3,7,3c 00 00 00 de cd 96 3e,"Status frame 3 (new)"
2026-03-09T09:13:43.828387,RX,COM6,0x0205b907,0x2,0x05,0x2e,0x4,7,00 00 00 00 00 00 00 00,"Status frame 4 (new)"
2026-03-09T09:13:43.830387,RX,COM6,0x0205b947,0x2,0x05,0x2e,0x5,7,00 00 00 00 00 00 00 00,"Status frame 5 (new)"
2026-03-09T09:13:43.831388,HEARTBEAT,COM6,0x01011840,0x1,0x01,0x6,0x1,0,ea 59 00 00 00 10 00 00,"Heartbeat"
2026-03-09T09:13:43.832387,RX,COM6,0x0205b987,0x2,0x05,0x2e,0x6,7,00 00 ff ff 01 00 00 00,"Status frame 6 (new)"
2026-03-09T09:13:43.846904,RX,COM6,0x0205b807,0x2,0x05,0x2e,0x0,7,00 00 4d 0b 00 00 80 00,"Status frame 0 (new)"
2026-03-09T09:13:43.846904,RX,COM6,0x0205b887,0x2,0x05,0x2e,0x2,7,00 00 00 00 00 00 00 00,"Status frame 2 (new)"
2026-03-09T09:13:43.848913,RX,COM6,0x0205b8c7,0x2,0x05,0x2e,0x3,7,3b 00 00 00 6b fb 95 3e,"Status frame 3 (new)"
2026-03-09T09:13:43.848913,RX,COM6,0x0205b907,0x2,0x05,0x2e,0x4,7,00 00 00 00 00 00 00 00,"Status frame 4 (new)"
2026-03-09T09:13:43.850965,HEARTBEAT,COM6,0x01011840,0x1,0x01,0x6,0x1,0,fe 59 00 00 00 10 00 00,"Heartbeat"
2026-03-09T09:13:43.850965,RX,COM6,0x0205b947,0x2,0x05,0x2e,0x5,7,00 00 00 00 00 00 00 00,"Status frame 5 (new)"
2026-03-09T09:13:43.852423,RX,COM6,0x0205b987,0x2,0x05,0x2e,0x6,7,00 00 ff ff 01 00 00 00,"Status frame 6 (new)"
2026-03-09T09:13:43.867139,RX,COM6,0x0205b807,0x2,0x05,0x2e,0x0,7,00 00 51 0b 00 00 80 00,"Status frame 0 (new)"
2026-03-09T09:13:43.867139,RX,COM6,0x0205b847,0x2,0x05,0x2e,0x1,7,00 00 00 24 00 01 00 00,"Status frame 1 (new)"
2026-03-09T09:13:43.867139,RX,COM6,0x0205b887,0x2,0x05,0x2e,0x2,7,00 00 00 00 00 00 00 00,"Status frame 2 (new)"
2026-03-09T09:13:43.869138,RX,COM6,0x0205b8c7,0x2,0x05,0x2e,0x3,7,3b 00 00 00 5a 6d 95 3e,"Status frame 3 (new)"
2026-03-09T09:13:43.869138,RX,COM6,0x0205b907,0x2,0x05,0x2e,0x4,7,00 00 00 00 00 00 00 00,"Status frame 4 (new)"
2026-03-09T09:13:43.869138,RX,COM6,0x0205bc07,0x2,0x05,0x2f,0x0,7,12 e2 2e be 00 00 00 00,"DATA apiClass=0x2f apiIndex=0x0"
2026-03-09T09:13:43.871142,RX,COM6,0x0205b947,0x2,0x05,0x2e,0x5,7,00 00 00 00 00 00 00 00,"Status frame 5 (new)"
2026-03-09T09:13:43.872130,HEARTBEAT,COM6,0x01011840,0x1,0x01,0x6,0x1,0,13 5a 00 00 00 10 00 00,"Heartbeat"
2026-03-09T09:13:43.873139,RX,COM6,0x0205b987,0x2,0x05,0x2e,0x6,7,00 00 ff ff 01 00 00 00,"Status frame 6 (new)"
2026-03-09T09:13:43.887188,RX,COM6,0x0205b807,0x2,0x05,0x2e,0x0,7,00 00 4e 0b 00 00 80 00,"Status frame 0 (new)"
2026-03-09T09:13:43.887188,RX,COM6,0x0205b887,0x2,0x05,0x2e,0x2,7,00 00 00 00 00 00 00 00,"Status frame 2 (new)"
2026-03-09T09:13:43.889168,RX,COM6,0x0205b8c7,0x2,0x05,0x2e,0x3,7,3b 00 00 00 73 17 96 3e,"Status frame 3 (new)"
2026-03-09T09:13:43.889168,RX,COM6,0x0205b907,0x2,0x05,0x2e,0x4,7,00 00 00 00 00 00 00 00,"Status frame 4 (new)"
2026-03-09T09:13:43.890169,RX,COM6,0x0205b947,0x2,0x05,0x2e,0x5,7,00 00 00 00 00 00 00 00,"Status frame 5 (new)"
2026-03-09T09:13:43.892167,HEARTBEAT,COM6,0x01011840,0x1,0x01,0x6,0x1,0,27 5a 00 00 00 10 00 00,"Heartbeat"
2026-03-09T09:13:43.892167,RX,COM6,0x0205b987,0x2,0x05,0x2e,0x6,7,00 00 ff ff 01 00 00 00,"Status frame 6 (new)"
2026-03-09T09:13:43.907178,RX,COM6,0x0205b807,0x2,0x05,0x2e,0x0,7,00 00 54 0b 00 00 80 00,"Status frame 0 (new)"
2026-03-09T09:13:43.907178,RX,COM6,0x0205b887,0x2,0x05,0x2e,0x2,7,00 00 00 00 00 00 00 00,"Status frame 2 (new)"
2026-03-09T09:13:43.909179,RX,COM6,0x0205b8c7,0x2,0x05,0x2e,0x3,7,3c 00 00 00 55 56 96 3e,"Status frame 3 (new)"
2026-03-09T09:13:43.909179,RX,COM6,0x0205b907,0x2,0x05,0x2e,0x4,7,00 00 00 00 00 00 00 00,"Status frame 4 (new)"
2026-03-09T09:13:43.910178,RX,COM6,0x0205b947,0x2,0x05,0x2e,0x5,7,00 00 00 00 00 00 00 00,"Status frame 5 (new)"
2026-03-09T09:13:43.911178,HEARTBEAT,COM6,0x01011840,0x1,0x01,0x6,0x1,0,3a 5a 00 00 00 10 00 00,"Heartbeat"
2026-03-09T09:13:43.912680,RX,COM6,0x0205b987,0x2,0x05,0x2e,0x6,7,00 00 ff ff 01 00 00 00,"Status frame 6 (new)"
2026-03-09T09:13:43.927188,RX,COM6,0x0205b807,0x2,0x05,0x2e,0x0,7,00 00 53 0b 00 00 80 00,"Status frame 0 (new)"
2026-03-09T09:13:43.927188,RX,COM6,0x0205b887,0x2,0x05,0x2e,0x2,7,00 00 00 00 00 00 00 00,"Status frame 2 (new)"
2026-03-09T09:13:43.928692,RX,COM6,0x0205b8c7,0x2,0x05,0x2e,0x3,7,3c 00 00 00 00 95 96 3e,"Status frame 3 (new)"
2026-03-09T09:13:43.928692,RX,COM6,0x0205b907,0x2,0x05,0x2e,0x4,7,00 00 00 00 00 00 00 00,"Status frame 4 (new)"
2026-03-09T09:13:43.930692,RX,COM6,0x0205b947,0x2,0x05,0x2e,0x5,7,00 00 00 00 00 00 00 00,"Status frame 5 (new)"
2026-03-09T09:13:43.931692,HEARTBEAT,COM6,0x01011840,0x1,0x01,0x6,0x1,0,4e 5a 00 00 00 10 00 00,"Heartbeat"
2026-03-09T09:13:43.932692,RX,COM6,0x0205b987,0x2,0x05,0x2e,0x6,7,00 00 ff ff 01 00 00 00,"Status frame 6 (new)"
2026-03-09T09:13:43.946700,RX,COM6,0x0205b807,0x2,0x05,0x2e,0x0,7,00 00 53 0b 00 00 80 00,"Status frame 0 (new)"
2026-03-09T09:13:43.946700,RX,COM6,0x0205b887,0x2,0x05,0x2e,0x2,7,00 00 00 00 00 00 00 00,"Status frame 2 (new)"
2026-03-09T09:13:43.948704,RX,COM6,0x0205b8c7,0x2,0x05,0x2e,0x3,7,3c 00 00 00 0a ca 97 3e,"Status frame 3 (new)"
2026-03-09T09:13:43.948704,RX,COM6,0x0205b907,0x2,0x05,0x2e,0x4,7,00 00 00 00 00 00 00 00,"Status frame 4 (new)"
2026-03-09T09:13:43.950701,HEARTBEAT,COM6,0x01011840,0x1,0x01,0x6,0x1,0,61 5a 00 00 00 10 00 00,"Heartbeat"
2026-03-09T09:13:43.950701,RX,COM6,0x0205b947,0x2,0x05,0x2e,0x5,7,00 00 00 00 00 00 00 00,"Status frame 5 (new)"
2026-03-09T09:13:43.952701,RX,COM6,0x0205b987,0x2,0x05,0x2e,0x6,7,00 00 ff ff 01 00 00 00,"Status frame 6 (new)"
2026-03-09T09:13:43.966217,RX,COM6,0x0205b887,0x2,0x05,0x2e,0x2,7,00 00 00 00 00 00 00 00,"Status frame 2 (new)"
2026-03-09T09:13:43.966217,RX,COM6,0x0205b807,0x2,0x05,0x2e,0x0,7,00 00 53 0b 00 00 80 00,"Status frame 0 (new)"
2026-03-09T09:13:43.968217,RX,COM6,0x0205b8c7,0x2,0x05,0x2e,0x3,7,3b 00 00 00 22 72 94 3e,"Status frame 3 (new)"
2026-03-09T09:13:43.969217,RX,COM6,0x0205b907,0x2,0x05,0x2e,0x4,7,00 00 00 00 00 00 00 00,"Status frame 4 (new)"
2026-03-09T09:13:43.970217,RX,COM6,0x0205b947,0x2,0x05,0x2e,0x5,7,00 00 00 00 00 00 00 00,"Status frame 5 (new)"
2026-03-09T09:13:43.971217,HEARTBEAT,COM6,0x01011840,0x1,0x01,0x6,0x1,0,76 5a 00 00 00 10 00 00,"Heartbeat"
2026-03-09T09:13:43.972218,RX,COM6,0x0205b987,0x2,0x05,0x2e,0x6,7,00 00 ff ff 01 00 00 00,"Status frame 6 (new)"
2026-03-09T09:13:43.986746,RX,COM6,0x0205b807,0x2,0x05,0x2e,0x0,7,00 00 41 0b 00 00 80 00,"Status frame 0 (new)"
2026-03-09T09:13:43.986746,RX,COM6,0x0205b887,0x2,0x05,0x2e,0x2,7,00 00 00 00 00 00 00 00,"Status frame 2 (new)"
2026-03-09T09:13:43.988746,RX,COM6,0x0205b8c7,0x2,0x05,0x2e,0x3,7,3b 00 00 00 31 41 95 3e,"Status frame 3 (new)"
2026-03-09T09:13:43.988746,RX,COM6,0x0205b907,0x2,0x05,0x2e,0x4,7,00 00 00 00 00 00 00 00,"Status frame 4 (new)"
2026-03-09T09:13:43.990256,RX,COM6,0x0205b947,0x2,0x05,0x2e,0x5,7,00 00 00 00 00 00 00 00,"Status frame 5 (new)"
2026-03-09T09:13:43.991256,HEARTBEAT,COM6,0x01011840,0x1,0x01,0x6,0x1,0,8a 5a 00 00 00 10 00 00,"Heartbeat"
2026-03-09T09:13:43.992256,RX,COM6,0x0205b987,0x2,0x05,0x2e,0x6,7,00 00 ff ff 01 00 00 00,"Status frame 6 (new)"
2026-03-09T09:13:44.006764,RX,COM6,0x0205b807,0x2,0x05,0x2e,0x0,7,00 00 53 0b 00 00 80 00,"Status frame 0 (new)"
2026-03-09T09:13:44.006764,RX,COM6,0x0205b887,0x2,0x05,0x2e,0x2,7,00 00 00 00 00 00 00 00,"Status frame 2 (new)"
2026-03-09T09:13:44.009835,RX,COM6,0x0205b8c7,0x2,0x05,0x2e,0x3,7,3b 00 00 00 5d ca 95 3e,"Status frame 3 (new)"
2026-03-09T09:13:44.010770,RX,COM6,0x0205b907,0x2,0x05,0x2e,0x4,7,00 00 00 00 00 00 00 00,"Status frame 4 (new)"
2026-03-09T09:13:44.010770,HEARTBEAT,COM6,0x01011840,0x1,0x01,0x6,0x1,0,9d 5a 00 00 00 10 00 00,"Heartbeat"
2026-03-09T09:13:44.010770,RX,COM6,0x0205b947,0x2,0x05,0x2e,0x5,7,00 00 00 00 00 00 00 00,"Status frame 5 (new)"
2026-03-09T09:13:44.012763,RX,COM6,0x0205b987,0x2,0x05,0x2e,0x6,7,00 00 ff ff 01 00 00 00,"Status frame 6 (new)"
2026-03-09T09:13:44.026779,RX,COM6,0x0205b807,0x2,0x05,0x2e,0x0,7,00 00 56 0b 00 00 80 00,"Status frame 0 (new)"
2026-03-09T09:13:44.026779,RX,COM6,0x0205b887,0x2,0x05,0x2e,0x2,7,00 00 00 00 00 00 00 00,"Status frame 2 (new)"
2026-03-09T09:13:44.028784,RX,COM6,0x0205b8c7,0x2,0x05,0x2e,0x3,7,3b 00 00 00 a1 c5 94 3e,"Status frame 3 (new)"
2026-03-09T09:13:44.029785,RX,COM6,0x0205b907,0x2,0x05,0x2e,0x4,7,00 00 00 00 00 00 00 00,"Status frame 4 (new)"
2026-03-09T09:13:44.030792,HEARTBEAT,COM6,0x01011840,0x1,0x01,0x6,0x1,0,b2 5a 00 00 00 10 00 00,"Heartbeat"
2026-03-09T09:13:44.030792,RX,COM6,0x0205b947,0x2,0x05,0x2e,0x5,7,00 00 00 00 00 00 00 00,"Status frame 5 (new)"
2026-03-09T09:13:44.032785,RX,COM6,0x0205b987,0x2,0x05,0x2e,0x6,7,00 00 ff ff 01 00 00 00,"Status frame 6 (new)"
2026-03-09T09:13:44.046311,RX,COM6,0x0205b807,0x2,0x05,0x2e,0x0,7,00 00 54 0b 00 00 80 00,"Status frame 0 (new)"
2026-03-09T09:13:44.047312,RX,COM6,0x0205b887,0x2,0x05,0x2e,0x2,7,00 00 00 00 00 00 00 00,"Status frame 2 (new)"
2026-03-09T09:13:44.048312,RX,COM6,0x0205b8c7,0x2,0x05,0x2e,0x3,7,3b 00 00 00 1f 10 95 3e,"Status frame 3 (new)"
2026-03-09T09:13:44.048312,RX,COM6,0x0205b907,0x2,0x05,0x2e,0x4,7,00 00 00 00 00 00 00 00,"Status frame 4 (new)"
2026-03-09T09:13:44.050817,HEARTBEAT,COM6,0x01011840,0x1,0x01,0x6,0x1,0,c5 5a 00 00 00 10 00 00,"Heartbeat"
2026-03-09T09:13:44.050817,RX,COM6,0x0205b947,0x2,0x05,0x2e,0x5,7,00 00 00 00 00 00 00 00,"Status frame 5 (new)"
2026-03-09T09:13:44.052822,RX,COM6,0x0205b987,0x2,0x05,0x2e,0x6,7,00 00 ff ff 01 00 00 00,"Status frame 6 (new)"
2026-03-09T09:13:44.066969,RX,COM6,0x0205b807,0x2,0x05,0x2e,0x0,7,00 00 54 0b 00 00 80 00,"Status frame 0 (new)"
2026-03-09T09:13:44.066969,RX,COM6,0x0205b887,0x2,0x05,0x2e,0x2,7,00 00 00 00 00 00 00 00,"Status frame 2 (new)"
2026-03-09T09:13:44.068969,RX,COM6,0x0205b8c7,0x2,0x05,0x2e,0x3,7,3b 00 00 00 ff c9 95 3e,"Status frame 3 (new)"
2026-03-09T09:13:44.068969,RX,COM6,0x0205b907,0x2,0x05,0x2e,0x4,7,00 00 00 00 00 00 00 00,"Status frame 4 (new)"
2026-03-09T09:13:44.070970,HEARTBEAT,COM6,0x01011840,0x1,0x01,0x6,0x1,0,da 5a 00 00 00 10 00 00,"Heartbeat"
2026-03-09T09:13:44.070970,RX,COM6,0x0205b947,0x2,0x05,0x2e,0x5,7,00 00 00 00 00 00 00 00,"Status frame 5 (new)"
2026-03-09T09:13:44.072969,RX,COM6,0x0205b987,0x2,0x05,0x2e,0x6,7,00 00 ff ff 01 00 00 00,"Status frame 6 (new)"
2026-03-09T09:13:44.086987,RX,COM6,0x0205b807,0x2,0x05,0x2e,0x0,7,00 00 1a 0b 00 00 80 00,"Status frame 0 (new)"
2026-03-09T09:13:44.086987,RX,COM6,0x0205b887,0x2,0x05,0x2e,0x2,7,00 00 00 00 00 00 00 00,"Status frame 2 (new)"
2026-03-09T09:13:44.088986,RX,COM6,0x0205b8c7,0x2,0x05,0x2e,0x3,7,3b 00 00 00 eb d7 95 3e,"Status frame 3 (new)"
2026-03-09T09:13:44.088986,RX,COM6,0x0205b907,0x2,0x05,0x2e,0x4,7,00 00 00 00 00 00 00 00,"Status frame 4 (new)"
2026-03-09T09:13:44.090986,HEARTBEAT,COM6,0x01011840,0x1,0x01,0x6,0x1,0,ee 5a 00 00 00 10 00 00,"Heartbeat"
2026-03-09T09:13:44.090986,RX,COM6,0x0205b947,0x2,0x05,0x2e,0x5,7,00 00 00 00 00 00 00 00,"Status frame 5 (new)"
2026-03-09T09:13:44.092986,RX,COM6,0x0205b987,0x2,0x05,0x2e,0x6,7,00 00 ff ff 01 00 00 00,"Status frame 6 (new)"
2026-03-09T09:13:44.106995,RX,COM6,0x0205b807,0x2,0x05,0x2e,0x0,7,00 00 54 0b 00 00 80 00,"Status frame 0 (new)"
2026-03-09T09:13:44.106995,RX,COM6,0x0205b887,0x2,0x05,0x2e,0x2,7,00 00 00 00 00 00 00 00,"Status frame 2 (new)"
2026-03-09T09:13:44.108995,RX,COM6,0x0205b8c7,0x2,0x05,0x2e,0x3,7,3b 00 00 00 e1 92 94 3e,"Status frame 3 (new)"
2026-03-09T09:13:44.108995,RX,COM6,0x0205b907,0x2,0x05,0x2e,0x4,7,00 00 00 00 00 00 00 00,"Status frame 4 (new)"
2026-03-09T09:13:44.110995,HEARTBEAT,COM6,0x01011840,0x1,0x01,0x6,0x1,0,02 5b 00 00 00 10 00 00,"Heartbeat"
2026-03-09T09:13:44.110995,RX,COM6,0x0205b947,0x2,0x05,0x2e,0x5,7,00 00 00 00 00 00 00 00,"Status frame 5 (new)"
2026-03-09T09:13:44.112997,RX,COM6,0x0205b987,0x2,0x05,0x2e,0x6,7,00 00 ff ff 01 00 00 00,"Status frame 6 (new)"
2026-03-09T09:13:44.116997,RX,COM6,0x0205b847,0x2,0x05,0x2e,0x1,7,00 00 00 24 00 01 00 00,"Status frame 1 (new)"
2026-03-09T09:13:44.127009,RX,COM6,0x0205b807,0x2,0x05,0x2e,0x0,7,00 00 57 0b 00 00 80 00,"Status frame 0 (new)"
2026-03-09T09:13:44.127009,RX,COM6,0x0205b887,0x2,0x05,0x2e,0x2,7,00 00 00 00 00 00 00 00,"Status frame 2 (new)"
2026-03-09T09:13:44.129011,RX,COM6,0x0205b8c7,0x2,0x05,0x2e,0x3,7,3c 00 00 00 c2 c1 97 3e,"Status frame 3 (new)"
2026-03-09T09:13:44.129011,RX,COM6,0x0205b907,0x2,0x05,0x2e,0x4,7,00 00 00 00 00 00 00 00,"Status frame 4 (new)"
2026-03-09T09:13:44.131011,HEARTBEAT,COM6,0x01011840,0x1,0x01,0x6,0x1,0,16 5b 00 00 00 10 00 00,"Heartbeat"
2026-03-09T09:13:44.131011,RX,COM6,0x0205b947,0x2,0x05,0x2e,0x5,7,00 00 00 00 00 00 00 00,"Status frame 5 (new)"
2026-03-09T09:13:44.133081,RX,COM6,0x0205b987,0x2,0x05,0x2e,0x6,7,00 00 ff ff 01 00 00 00,"Status frame 6 (new)"
2026-03-09T09:13:44.147034,RX,COM6,0x0205b807,0x2,0x05,0x2e,0x0,7,00 00 53 0b 00 00 80 00,"Status frame 0 (new)"
2026-03-09T09:13:44.147034,RX,COM6,0x0205b887,0x2,0x05,0x2e,0x2,7,00 00 00 00 00 00 00 00,"Status frame 2 (new)"
2026-03-09T09:13:44.150084,RX,COM6,0x0205b8c7,0x2,0x05,0x2e,0x3,7,3b 00 00 00 f2 05 96 3e,"Status frame 3 (new)"
2026-03-09T09:13:44.150084,RX,COM6,0x0205b907,0x2,0x05,0x2e,0x4,7,00 00 00 00 00 00 00 00,"Status frame 4 (new)"
2026-03-09T09:13:44.151085,HEARTBEAT,COM6,0x01011840,0x1,0x01,0x6,0x1,0,2a 5b 00 00 00 10 00 00,"Heartbeat"
2026-03-09T09:13:44.151085,RX,COM6,0x0205b947,0x2,0x05,0x2e,0x5,7,00 00 00 00 00 00 00 00,"Status frame 5 (new)"
2026-03-09T09:13:44.153082,RX,COM6,0x0205b987,0x2,0x05,0x2e,0x6,7,00 00 ff ff 01 00 00 00,"Status frame 6 (new)"
2026-03-09T09:13:44.166592,RX,COM6,0x0205b807,0x2,0x05,0x2e,0x0,7,00 00 52 0b 00 00 80 00,"Status frame 0 (new)"
2026-03-09T09:13:44.166592,RX,COM6,0x0205b887,0x2,0x05,0x2e,0x2,7,00 00 00 00 00 00 00 00,"Status frame 2 (new)"
2026-03-09T09:13:44.169102,RX,COM6,0x0205b8c7,0x2,0x05,0x2e,0x3,7,3b 00 00 00 f5 ee 94 3e,"Status frame 3 (new)"
2026-03-09T09:13:44.169102,RX,COM6,0x0205b907,0x2,0x05,0x2e,0x4,7,00 00 00 00 00 00 00 00,"Status frame 4 (new)"
2026-03-09T09:13:44.171103,RX,COM6,0x0205b947,0x2,0x05,0x2e,0x5,7,00 00 00 00 00 00 00 00,"Status frame 5 (new)"
2026-03-09T09:13:44.171103,HEARTBEAT,COM6,0x01011840,0x1,0x01,0x6,0x1,0,3e 5b 00 00 00 10 00 00,"Heartbeat"
2026-03-09T09:13:44.173103,RX,COM6,0x0205b987,0x2,0x05,0x2e,0x6,7,00 00 ff ff 01 00 00 00,"Status frame 6 (new)"
2026-03-09T09:13:44.186611,RX,COM6,0x0205b807,0x2,0x05,0x2e,0x0,7,00 00 13 0b 00 00 80 00,"Status frame 0 (new)"
2026-03-09T09:13:44.186611,RX,COM6,0x0205b887,0x2,0x05,0x2e,0x2,7,00 00 00 00 00 00 00 00,"Status frame 2 (new)"
2026-03-09T09:13:44.189120,RX,COM6,0x0205b8c7,0x2,0x05,0x2e,0x3,7,3b 00 00 00 cb 38 95 3e,"Status frame 3 (new)"
2026-03-09T09:13:44.189120,RX,COM6,0x0205b907,0x2,0x05,0x2e,0x4,7,00 00 00 00 00 00 00 00,"Status frame 4 (new)"
2026-03-09T09:13:44.191120,RX,COM6,0x0205b947,0x2,0x05,0x2e,0x5,7,00 00 00 00 00 00 00 00,"Status frame 5 (new)"
2026-03-09T09:13:44.191120,HEARTBEAT,COM6,0x01011840,0x1,0x01,0x6,0x1,0,52 5b 00 00 00 10 00 00,"Heartbeat"
2026-03-09T09:13:44.193120,RX,COM6,0x0205b987,0x2,0x05,0x2e,0x6,7,00 00 ff ff 01 00 00 00,"Status frame 6 (new)"
2026-03-09T09:13:44.206628,RX,COM6,0x0205b807,0x2,0x05,0x2e,0x0,7,00 00 4f 0b 00 00 80 00,"Status frame 0 (new)"
2026-03-09T09:13:44.206628,RX,COM6,0x0205b887,0x2,0x05,0x2e,0x2,7,00 00 00 00 00 00 00 00,"Status frame 2 (new)"
2026-03-09T09:13:44.209133,RX,COM6,0x0205b8c7,0x2,0x05,0x2e,0x3,7,3b 00 00 00 67 76 95 3e,"Status frame 3 (new)"
2026-03-09T09:13:44.209269,RX,COM6,0x0205b907,0x2,0x05,0x2e,0x4,7,00 00 00 00 00 00 00 00,"Status frame 4 (new)"
2026-03-09T09:13:44.211201,RX,COM6,0x0205b947,0x2,0x05,0x2e,0x5,7,00 00 00 00 00 00 00 00,"Status frame 5 (new)"
2026-03-09T09:13:44.211201,HEARTBEAT,COM6,0x01011840,0x1,0x01,0x6,0x1,0,66 5b 00 00 00 10 00 00,"Heartbeat"
2026-03-09T09:13:44.213207,RX,COM6,0x0205b987,0x2,0x05,0x2e,0x6,7,00 00 ff ff 01 00 00 00,"Status frame 6 (new)"
2026-03-09T09:13:44.225787,RX,COM6,0x0205b807,0x2,0x05,0x2e,0x0,7,00 00 4e 0b 00 00 80 00,"Status frame 0 (new)"
2026-03-09T09:13:44.227300,RX,COM6,0x0205b887,0x2,0x05,0x2e,0x2,7,00 00 00 00 00 00 00 00,"Status frame 2 (new)"
2026-03-09T09:13:44.228318,RX,COM6,0x0205b8c7,0x2,0x05,0x2e,0x3,7,3b 00 00 00 82 2e 96 3e,"Status frame 3 (new)"
2026-03-09T09:13:44.229317,RX,COM6,0x0205b907,0x2,0x05,0x2e,0x4,7,00 00 00 00 00 00 00 00,"Status frame 4 (new)"
2026-03-09T09:13:44.230837,RX,COM6,0x0205b947,0x2,0x05,0x2e,0x5,7,00 00 00 00 00 00 00 00,"Status frame 5 (new)"
2026-03-09T09:13:44.231847,HEARTBEAT,COM6,0x01011840,0x1,0x01,0x6,0x1,0,7a 5b 00 00 00 10 00 00,"Heartbeat"
2026-03-09T09:13:44.232845,RX,COM6,0x0205b987,0x2,0x05,0x2e,0x6,7,00 00 ff ff 01 00 00 00,"Status frame 6 (new)"
2026-03-09T09:13:44.246863,RX,COM6,0x0205b807,0x2,0x05,0x2e,0x0,7,00 00 49 0b 00 00 80 00,"Status frame 0 (new)"
2026-03-09T09:13:44.246863,RX,COM6,0x0205b887,0x2,0x05,0x2e,0x2,7,00 00 00 00 00 00 00 00,"Status frame 2 (new)"
2026-03-09T09:13:44.248863,RX,COM6,0x0205b8c7,0x2,0x05,0x2e,0x3,7,3b 00 00 00 c5 82 95 3e,"Status frame 3 (new)"
2026-03-09T09:13:44.248863,RX,COM6,0x0205b907,0x2,0x05,0x2e,0x4,7,00 00 00 00 00 00 00 00,"Status frame 4 (new)"
2026-03-09T09:13:44.249864,RX,COM6,0x0205b947,0x2,0x05,0x2e,0x5,7,00 00 00 00 00 00 00 00,"Status frame 5 (new)"
2026-03-09T09:13:44.251485,HEARTBEAT,COM6,0x01011840,0x1,0x01,0x6,0x1,0,8e 5b 00 00 00 10 00 00,"Heartbeat"
2026-03-09T09:13:44.252374,RX,COM6,0x0205b987,0x2,0x05,0x2e,0x6,7,00 00 ff ff 01 00 00 00,"Status frame 6 (new)"
2026-03-09T09:13:44.266877,RX,COM6,0x0205b807,0x2,0x05,0x2e,0x0,7,00 00 49 0b 00 00 80 00,"Status frame 0 (new)"
2026-03-09T09:13:44.266877,RX,COM6,0x0205b887,0x2,0x05,0x2e,0x2,7,00 00 00 00 00 00 00 00,"Status frame 2 (new)"
2026-03-09T09:13:44.268877,RX,COM6,0x0205b8c7,0x2,0x05,0x2e,0x3,7,3b 00 00 00 71 86 94 3e,"Status frame 3 (new)"
2026-03-09T09:13:44.268877,RX,COM6,0x0205b907,0x2,0x05,0x2e,0x4,7,00 00 00 00 00 00 00 00,"Status frame 4 (new)"
2026-03-09T09:13:44.270877,HEARTBEAT,COM6,0x01011840,0x1,0x01,0x6,0x1,0,a1 5b 00 00 00 10 00 00,"Heartbeat"
2026-03-09T09:13:44.270877,RX,COM6,0x0205b947,0x2,0x05,0x2e,0x5,7,00 00 00 00 00 00 00 00,"Status frame 5 (new)"
2026-03-09T09:13:44.272429,RX,COM6,0x0205b987,0x2,0x05,0x2e,0x6,7,00 00 ff ff 01 00 00 00,"Status frame 6 (new)"
2026-03-09T09:13:44.286402,RX,COM6,0x0205b807,0x2,0x05,0x2e,0x0,7,00 00 29 0b 00 00 80 00,"Status frame 0 (new)"
2026-03-09T09:13:44.286402,RX,COM6,0x0205b887,0x2,0x05,0x2e,0x2,7,00 00 00 00 00 00 00 00,"Status frame 2 (new)"
2026-03-09T09:13:44.288405,RX,COM6,0x0205b8c7,0x2,0x05,0x2e,0x3,7,3b 00 00 00 89 30 96 3e,"Status frame 3 (new)"
2026-03-09T09:13:44.288405,RX,COM6,0x0205b907,0x2,0x05,0x2e,0x4,7,00 00 00 00 00 00 00 00,"Status frame 4 (new)"
2026-03-09T09:13:44.290403,RX,COM6,0x0205b947,0x2,0x05,0x2e,0x5,7,00 00 00 00 00 00 00 00,"Status frame 5 (new)"
2026-03-09T09:13:44.291404,HEARTBEAT,COM6,0x01011840,0x1,0x01,0x6,0x1,0,b6 5b 00 00 00 10 00 00,"Heartbeat"
2026-03-09T09:13:44.292402,RX,COM6,0x0205b987,0x2,0x05,0x2e,0x6,7,00 00 ff ff 01 00 00 00,"Status frame 6 (new)"
2026-03-09T09:13:44.307115,RX,COM6,0x0205b807,0x2,0x05,0x2e,0x0,7,00 00 47 0b 00 00 80 00,"Status frame 0 (new)"
2026-03-09T09:13:44.307115,RX,COM6,0x0205b887,0x2,0x05,0x2e,0x2,7,00 00 00 00 00 00 00 00,"Status frame 2 (new)"
2026-03-09T09:13:44.309124,RX,COM6,0x0205b8c7,0x2,0x05,0x2e,0x3,7,3b 00 00 00 db 9f 94 3e,"Status frame 3 (new)"
2026-03-09T09:13:44.309124,RX,COM6,0x0205b907,0x2,0x05,0x2e,0x4,7,00 00 00 00 00 00 00 00,"Status frame 4 (new)"
2026-03-09T09:13:44.311124,RX,COM6,0x0205b947,0x2,0x05,0x2e,0x5,7,00 00 00 00 00 00 00 00,"Status frame 5 (new)"
2026-03-09T09:13:44.311124,HEARTBEAT,COM6,0x01011840,0x1,0x01,0x6,0x1,0,ca 5b 00 00 00 10 00 00,"Heartbeat"
2026-03-09T09:13:44.312186,RX,COM6,0x0205b987,0x2,0x05,0x2e,0x6,7,00 00 ff ff 01 00 00 00,"Status frame 6 (new)"
2026-03-09T09:13:44.327194,RX,COM6,0x0205b807,0x2,0x05,0x2e,0x0,7,00 00 45 0b 00 00 80 00,"Status frame 0 (new)"
2026-03-09T09:13:44.327194,RX,COM6,0x0205b887,0x2,0x05,0x2e,0x2,7,00 00 00 00 00 00 00 00,"Status frame 2 (new)"
2026-03-09T09:13:44.328288,RX,COM6,0x0205b8c7,0x2,0x05,0x2e,0x3,7,3b 00 00 00 97 8e 94 3e,"Status frame 3 (new)"
2026-03-09T09:13:44.329298,RX,COM6,0x0205b907,0x2,0x05,0x2e,0x4,7,00 00 00 00 00 00 00 00,"Status frame 4 (new)"
2026-03-09T09:13:44.330313,RX,COM6,0x0205b947,0x2,0x05,0x2e,0x5,7,00 00 00 00 00 00 00 00,"Status frame 5 (new)"
2026-03-09T09:13:44.331302,HEARTBEAT,COM6,0x01011840,0x1,0x01,0x6,0x1,0,de 5b 00 00 00 10 00 00,"Heartbeat"
2026-03-09T09:13:44.332292,RX,COM6,0x0205b987,0x2,0x05,0x2e,0x6,7,00 00 ff ff 01 00 00 00,"Status frame 6 (new)"
2026-03-09T09:13:44.346282,RX,COM6,0x0205b807,0x2,0x05,0x2e,0x0,7,00 00 4a 0b 00 00 80 00,"Status frame 0 (new)"
2026-03-09T09:13:44.347282,RX,COM6,0x0205b887,0x2,0x05,0x2e,0x2,7,00 00 00 00 00 00 00 00,"Status frame 2 (new)"
2026-03-09T09:13:44.348281,RX,COM6,0x0205b8c7,0x2,0x05,0x2e,0x3,7,3b 00 00 00 29 30 95 3e,"Status frame 3 (new)"
2026-03-09T09:13:44.349286,RX,COM6,0x0205b907,0x2,0x05,0x2e,0x4,7,00 00 00 00 00 00 00 00,"Status frame 4 (new)"
2026-03-09T09:13:44.350274,RX,COM6,0x0205b947,0x2,0x05,0x2e,0x5,7,00 00 00 00 00 00 00 00,"Status frame 5 (new)"
2026-03-09T09:13:44.351276,HEARTBEAT,COM6,0x01011840,0x1,0x01,0x6,0x1,0,f2 5b 00 00 00 10 00 00,"Heartbeat"
2026-03-09T09:13:44.352288,RX,COM6,0x0205b987,0x2,0x05,0x2e,0x6,7,00 00 ff ff 01 00 00 00,"Status frame 6 (new)"
2026-03-09T09:13:44.366837,RX,COM6,0x0205b807,0x2,0x05,0x2e,0x0,7,00 00 46 0b 00 00 80 00,"Status frame 0 (new)"
2026-03-09T09:13:44.366837,RX,COM6,0x0205b847,0x2,0x05,0x2e,0x1,7,00 00 00 24 00 01 00 00,"Status frame 1 (new)"
2026-03-09T09:13:44.366837,RX,COM6,0x0205b887,0x2,0x05,0x2e,0x2,7,00 00 00 00 00 00 00 00,"Status frame 2 (new)"
2026-03-09T09:13:44.368823,RX,COM6,0x0205b8c7,0x2,0x05,0x2e,0x3,7,3b 00 00 00 fa 3f 95 3e,"Status frame 3 (new)"
2026-03-09T09:13:44.368823,RX,COM6,0x0205b907,0x2,0x05,0x2e,0x4,7,00 00 00 00 00 00 00 00,"Status frame 4 (new)"
2026-03-09T09:13:44.370823,HEARTBEAT,COM6,0x01011840,0x1,0x01,0x6,0x1,0,05 5c 00 00 00 10 00 00,"Heartbeat"
2026-03-09T09:13:44.370823,RX,COM6,0x0205b947,0x2,0x05,0x2e,0x5,7,00 00 00 00 00 00 00 00,"Status frame 5 (new)"
2026-03-09T09:13:44.372823,RX,COM6,0x0205b987,0x2,0x05,0x2e,0x6,7,00 00 ff ff 01 00 00 00,"Status frame 6 (new)"
2026-03-09T09:13:44.386341,RX,COM6,0x0205b807,0x2,0x05,0x2e,0x0,7,00 00 34 0b 00 00 80 00,"Status frame 0 (new)"
2026-03-09T09:13:44.387344,RX,COM6,0x0205b887,0x2,0x05,0x2e,0x2,7,00 00 00 00 00 00 00 00,"Status frame 2 (new)"
2026-03-09T09:13:44.388345,RX,COM6,0x0205b8c7,0x2,0x05,0x2e,0x3,7,3b 00 00 00 7c 7b 95 3e,"Status frame 3 (new)"
2026-03-09T09:13:44.388345,RX,COM6,0x0205b907,0x2,0x05,0x2e,0x4,7,00 00 00 00 00 00 00 00,"Status frame 4 (new)"
2026-03-09T09:13:44.390846,HEARTBEAT,COM6,0x01011840,0x1,0x01,0x6,0x1,0,19 5c 00 00 00 10 00 00,"Heartbeat"
2026-03-09T09:13:44.390846,RX,COM6,0x0205b947,0x2,0x05,0x2e,0x5,7,00 00 00 00 00 00 00 00,"Status frame 5 (new)"
2026-03-09T09:13:44.392848,RX,COM6,0x0205b987,0x2,0x05,0x2e,0x6,7,00 00 ff ff 01 00 00 00,"Status frame 6 (new)"
2026-03-09T09:13:44.406354,RX,COM6,0x0205b807,0x2,0x05,0x2e,0x0,7,00 00 3f 0b 00 00 80 00,"Status frame 0 (new)"
2026-03-09T09:13:44.406354,RX,COM6,0x0205b887,0x2,0x05,0x2e,0x2,7,00 00 00 00 00 00 00 00,"Status frame 2 (new)"
2026-03-09T09:13:44.408354,RX,COM6,0x0205b8c7,0x2,0x05,0x2e,0x3,7,3b 00 00 00 06 43 95 3e,"Status frame 3 (new)"
2026-03-09T09:13:44.408354,RX,COM6,0x0205b907,0x2,0x05,0x2e,0x4,7,00 00 00 00 00 00 00 00,"Status frame 4 (new)"
2026-03-09T09:13:44.411356,RX,COM6,0x0205b947,0x2,0x05,0x2e,0x5,7,00 00 00 00 00 00 00 00,"Status frame 5 (new)"
2026-03-09T09:13:44.412406,HEARTBEAT,COM6,0x01011840,0x1,0x01,0x6,0x1,0,2f 5c 00 00 00 10 00 00,"Heartbeat"
2026-03-09T09:13:44.412406,RX,COM6,0x0205b987,0x2,0x05,0x2e,0x6,7,00 00 ff ff 01 00 00 00,"Status frame 6 (new)"
2026-03-09T09:13:44.427373,RX,COM6,0x0205b807,0x2,0x05,0x2e,0x0,7,00 00 45 0b 00 00 80 00,"Status frame 0 (new)"
2026-03-09T09:13:44.427373,RX,COM6,0x0205b887,0x2,0x05,0x2e,0x2,7,00 00 00 00 00 00 00 00,"Status frame 2 (new)"
2026-03-09T09:13:44.428378,RX,COM6,0x0205b8c7,0x2,0x05,0x2e,0x3,7,3c 00 00 00 ab f2 96 3e,"Status frame 3 (new)"
2026-03-09T09:13:44.428378,RX,COM6,0x0205b907,0x2,0x05,0x2e,0x4,7,00 00 00 00 00 00 00 00,"Status frame 4 (new)"
2026-03-09T09:13:44.430379,RX,COM6,0x0205b947,0x2,0x05,0x2e,0x5,7,00 00 00 00 00 00 00 00,"Status frame 5 (new)"
2026-03-09T09:13:44.432378,HEARTBEAT,COM6,0x01011840,0x1,0x01,0x6,0x1,0,43 5c 00 00 00 10 00 00,"Heartbeat"
2026-03-09T09:13:44.432378,RX,COM6,0x0205b987,0x2,0x05,0x2e,0x6,7,00 00 ff ff 01 00 00 00,"Status frame 6 (new)"
2026-03-09T09:13:44.446892,RX,COM6,0x0205b807,0x2,0x05,0x2e,0x0,7,00 00 44 0b 00 00 80 00,"Status frame 0 (new)"
2026-03-09T09:13:44.446892,RX,COM6,0x0205b887,0x2,0x05,0x2e,0x2,7,00 00 00 00 00 00 00 00,"Status frame 2 (new)"
2026-03-09T09:13:44.448402,RX,COM6,0x0205b8c7,0x2,0x05,0x2e,0x3,7,3b 00 00 00 93 ff 95 3e,"Status frame 3 (new)"
2026-03-09T09:13:44.448402,RX,COM6,0x0205b907,0x2,0x05,0x2e,0x4,7,00 00 00 00 00 00 00 00,"Status frame 4 (new)"
2026-03-09T09:13:44.450400,RX,COM6,0x0205b947,0x2,0x05,0x2e,0x5,7,00 00 00 00 00 00 00 00,"Status frame 5 (new)"
2026-03-09T09:13:44.451401,HEARTBEAT,COM6,0x01011840,0x1,0x01,0x6,0x1,0,56 5c 00 00 00 10 00 00,"Heartbeat"
2026-03-09T09:13:44.452905,RX,COM6,0x0205b987,0x2,0x05,0x2e,0x6,7,00 00 ff ff 01 00 00 00,"Status frame 6 (new)"
2026-03-09T09:13:44.466416,RX,COM6,0x0205b807,0x2,0x05,0x2e,0x0,7,00 00 47 0b 00 00 80 00,"Status frame 0 (new)"
2026-03-09T09:13:44.466416,RX,COM6,0x0205b887,0x2,0x05,0x2e,0x2,7,00 00 00 00 00 00 00 00,"Status frame 2 (new)"
2026-03-09T09:13:44.468935,RX,COM6,0x0205b8c7,0x2,0x05,0x2e,0x3,7,3b 00 00 00 49 ef 94 3e,"Status frame 3 (new)"
2026-03-09T09:13:44.468935,RX,COM6,0x0205b907,0x2,0x05,0x2e,0x4,7,00 00 00 00 00 00 00 00,"Status frame 4 (new)"
2026-03-09T09:13:44.470925,RX,COM6,0x0205b947,0x2,0x05,0x2e,0x5,7,00 00 00 00 00 00 00 00,"Status frame 5 (new)"
2026-03-09T09:13:44.472031,HEARTBEAT,COM6,0x01011840,0x1,0x01,0x6,0x1,0,6b 5c 00 00 00 10 00 00,"Heartbeat"
2026-03-09T09:13:44.473008,RX,COM6,0x0205b987,0x2,0x05,0x2e,0x6,7,00 00 ff ff 01 00 00 00,"Status frame 6 (new)"
2026-03-09T09:13:44.487300,RX,COM6,0x0205b807,0x2,0x05,0x2e,0x0,7,00 00 3b 0b 00 00 80 00,"Status frame 0 (new)"
2026-03-09T09:13:44.487300,RX,COM6,0x0205b887,0x2,0x05,0x2e,0x2,7,00 00 00 00 00 00 00 00,"Status frame 2 (new)"
2026-03-09T09:13:44.488836,RX,COM6,0x0205b8c7,0x2,0x05,0x2e,0x3,7,3b 00 00 00 47 b7 95 3e,"Status frame 3 (new)"
2026-03-09T09:13:44.488836,RX,COM6,0x0205b907,0x2,0x05,0x2e,0x4,7,00 00 00 00 00 00 00 00,"Status frame 4 (new)"
2026-03-09T09:13:44.490900,RX,COM6,0x0205b947,0x2,0x05,0x2e,0x5,7,00 00 00 00 00 00 00 00,"Status frame 5 (new)"
2026-03-09T09:13:44.491914,HEARTBEAT,COM6,0x01011840,0x1,0x01,0x6,0x1,0,7f 5c 00 00 00 10 00 00,"Heartbeat"
2026-03-09T09:13:44.492905,RX,COM6,0x0205b987,0x2,0x05,0x2e,0x6,7,00 00 ff ff 01 00 00 00,"Status frame 6 (new)"
2026-03-09T09:13:44.506217,RX,COM6,0x0205b807,0x2,0x05,0x2e,0x0,7,00 00 3f 0b 00 00 80 00,"Status frame 0 (new)"
2026-03-09T09:13:44.507240,RX,COM6,0x0205b887,0x2,0x05,0x2e,0x2,7,00 00 00 00 00 00 00 00,"Status frame 2 (new)"
2026-03-09T09:13:44.508804,RX,COM6,0x0205b8c7,0x2,0x05,0x2e,0x3,7,3b 00 00 00 15 ec 95 3e,"Status frame 3 (new)"
2026-03-09T09:13:44.508804,RX,COM6,0x0205b907,0x2,0x05,0x2e,0x4,7,00 00 00 00 00 00 00 00,"Status frame 4 (new)"
2026-03-09T09:13:44.510885,RX,COM6,0x0205b947,0x2,0x05,0x2e,0x5,7,00 00 00 00 00 00 00 00,"Status frame 5 (new)"
2026-03-09T09:13:44.511818,HEARTBEAT,COM6,0x01011840,0x1,0x01,0x6,0x1,0,92 5c 00 00 00 10 00 00,"Heartbeat"
2026-03-09T09:13:44.512900,RX,COM6,0x0205b987,0x2,0x05,0x2e,0x6,7,00 00 ff ff 01 00 00 00,"Status frame 6 (new)"
2026-03-09T09:13:44.526868,RX,COM6,0x0205b807,0x2,0x05,0x2e,0x0,7,00 00 3d 0b 00 00 80 00,"Status frame 0 (new)"
2026-03-09T09:13:44.526868,RX,COM6,0x0205b887,0x2,0x05,0x2e,0x2,7,00 00 00 00 00 00 00 00,"Status frame 2 (new)"
2026-03-09T09:13:44.528876,RX,COM6,0x0205b8c7,0x2,0x05,0x2e,0x3,7,3b 00 00 00 d1 af 95 3e,"Status frame 3 (new)"
2026-03-09T09:13:44.528876,RX,COM6,0x0205b907,0x2,0x05,0x2e,0x4,7,00 00 00 00 00 00 00 00,"Status frame 4 (new)"
2026-03-09T09:13:44.530884,HEARTBEAT,COM6,0x01011840,0x1,0x01,0x6,0x1,0,a5 5c 00 00 00 10 00 00,"Heartbeat"
2026-03-09T09:13:44.530884,RX,COM6,0x0205b947,0x2,0x05,0x2e,0x5,7,00 00 00 00 00 00 00 00,"Status frame 5 (new)"
2026-03-09T09:13:44.532892,RX,COM6,0x0205b987,0x2,0x05,0x2e,0x6,7,00 00 ff ff 01 00 00 00,"Status frame 6 (new)"
2026-03-09T09:13:44.547950,RX,COM6,0x0205b807,0x2,0x05,0x2e,0x0,7,00 00 46 0b 00 00 80 00,"Status frame 0 (new)"
2026-03-09T09:13:44.547950,RX,COM6,0x0205b887,0x2,0x05,0x2e,0x2,7,00 00 00 00 00 00 00 00,"Status frame 2 (new)"
2026-03-09T09:13:44.549476,RX,COM6,0x0205b8c7,0x2,0x05,0x2e,0x3,7,3b 00 00 00 b1 dc 95 3e,"Status frame 3 (new)"
2026-03-09T09:13:44.549476,RX,COM6,0x0205b907,0x2,0x05,0x2e,0x4,7,00 00 00 00 00 00 00 00,"Status frame 4 (new)"
2026-03-09T09:13:44.550481,RX,COM6,0x0205b947,0x2,0x05,0x2e,0x5,7,00 00 00 00 00 00 00 00,"Status frame 5 (new)"
2026-03-09T09:13:44.551483,HEARTBEAT,COM6,0x01011840,0x1,0x01,0x6,0x1,0,ba 5c 00 00 00 10 00 00,"Heartbeat"
2026-03-09T09:13:44.553002,RX,COM6,0x0205b987,0x2,0x05,0x2e,0x6,7,00 00 ff ff 01 00 00 00,"Status frame 6 (new)"
2026-03-09T09:13:44.566644,RX,COM6,0x0205b807,0x2,0x05,0x2e,0x0,7,00 00 41 0b 00 00 80 00,"Status frame 0 (new)"
2026-03-09T09:13:44.566644,RX,COM6,0x0205b887,0x2,0x05,0x2e,0x2,7,00 00 00 00 00 00 00 00,"Status frame 2 (new)"
2026-03-09T09:13:44.568645,RX,COM6,0x0205b8c7,0x2,0x05,0x2e,0x3,7,3b 00 00 00 d4 54 95 3e,"Status frame 3 (new)"
2026-03-09T09:13:44.568645,RX,COM6,0x0205b907,0x2,0x05,0x2e,0x4,7,00 00 00 00 00 00 00 00,"Status frame 4 (new)"
2026-03-09T09:13:44.570645,HEARTBEAT,COM6,0x01011840,0x1,0x01,0x6,0x1,0,cd 5c 00 00 00 10 00 00,"Heartbeat"
2026-03-09T09:13:44.570645,RX,COM6,0x0205b947,0x2,0x05,0x2e,0x5,7,00 00 00 00 00 00 00 00,"Status frame 5 (new)"
2026-03-09T09:13:44.573176,RX,COM6,0x0205b987,0x2,0x05,0x2e,0x6,7,00 00 ff ff 01 00 00 00,"Status frame 6 (new)"
2026-03-09T09:13:44.585883,RX,COM6,0x0205b807,0x2,0x05,0x2e,0x0,7,00 00 43 0b 00 00 80 00,"Status frame 0 (new)"
2026-03-09T09:13:44.585883,RX,COM6,0x0205b887,0x2,0x05,0x2e,0x2,7,00 00 00 00 00 00 00 00,"Status frame 2 (new)"
2026-03-09T09:13:44.588414,RX,COM6,0x0205b8c7,0x2,0x05,0x2e,0x3,7,3b 00 00 00 cb 7a 95 3e,"Status frame 3 (new)"
2026-03-09T09:13:44.588414,RX,COM6,0x0205b907,0x2,0x05,0x2e,0x4,7,00 00 00 00 00 00 00 00,"Status frame 4 (new)"
2026-03-09T09:13:44.590412,RX,COM6,0x0205b947,0x2,0x05,0x2e,0x5,7,00 00 00 00 00 00 00 00,"Status frame 5 (new)"
2026-03-09T09:13:44.591404,HEARTBEAT,COM6,0x01011840,0x1,0x01,0x6,0x1,0,e2 5c 00 00 00 10 00 00,"Heartbeat"
2026-03-09T09:13:44.592561,RX,COM6,0x0205b987,0x2,0x05,0x2e,0x6,7,00 00 ff ff 01 00 00 00,"Status frame 6 (new)"
2026-03-09T09:13:44.606907,RX,COM6,0x0205b807,0x2,0x05,0x2e,0x0,7,00 00 41 0b 00 00 80 00,"Status frame 0 (new)"
2026-03-09T09:13:44.606907,RX,COM6,0x0205b887,0x2,0x05,0x2e,0x2,7,00 00 00 00 00 00 00 00,"Status frame 2 (new)"
2026-03-09T09:13:44.608910,RX,COM6,0x0205b8c7,0x2,0x05,0x2e,0x3,7,3b 00 00 00 87 2a 95 3e,"Status frame 3 (new)"
2026-03-09T09:13:44.608910,RX,COM6,0x0205b907,0x2,0x05,0x2e,0x4,7,00 00 00 00 00 00 00 00,"Status frame 4 (new)"
2026-03-09T09:13:44.610910,RX,COM6,0x0205b947,0x2,0x05,0x2e,0x5,7,00 00 00 00 00 00 00 00,"Status frame 5 (new)"
2026-03-09T09:13:44.611909,HEARTBEAT,COM6,0x01011840,0x1,0x01,0x6,0x1,0,f7 5c 00 00 00 10 00 00,"Heartbeat"
2026-03-09T09:13:44.613411,RX,COM6,0x0205b987,0x2,0x05,0x2e,0x6,7,00 00 ff ff 01 00 00 00,"Status frame 6 (new)"
2026-03-09T09:13:44.616415,RX,COM6,0x0205b847,0x2,0x05,0x2e,0x1,7,00 00 00 24 00 01 00 00,"Status frame 1 (new)"
2026-03-09T09:13:44.626916,RX,COM6,0x0205b807,0x2,0x05,0x2e,0x0,7,00 00 41 0b 00 00 80 00,"Status frame 0 (new)"
2026-03-09T09:13:44.626916,RX,COM6,0x0205b887,0x2,0x05,0x2e,0x2,7,00 00 00 00 00 00 00 00,"Status frame 2 (new)"
2026-03-09T09:13:44.628919,RX,COM6,0x0205b8c7,0x2,0x05,0x2e,0x3,7,3c 00 00 00 92 60 97 3e,"Status frame 3 (new)"
2026-03-09T09:13:44.628919,RX,COM6,0x0205b907,0x2,0x05,0x2e,0x4,7,00 00 00 00 00 00 00 00,"Status frame 4 (new)"
2026-03-09T09:13:44.630919,HEARTBEAT,COM6,0x01011840,0x1,0x01,0x6,0x1,0,09 5d 00 00 00 10 00 00,"Heartbeat"
2026-03-09T09:13:44.630919,RX,COM6,0x0205b947,0x2,0x05,0x2e,0x5,7,00 00 00 00 00 00 00 00,"Status frame 5 (new)"
2026-03-09T09:13:44.632919,RX,COM6,0x0205b987,0x2,0x05,0x2e,0x6,7,00 00 ff ff 01 00 00 00,"Status frame 6 (new)"
2026-03-09T09:13:44.646432,RX,COM6,0x0205b807,0x2,0x05,0x2e,0x0,7,00 00 42 0b 00 00 80 00,"Status frame 0 (new)"
2026-03-09T09:13:44.646432,RX,COM6,0x0205b887,0x2,0x05,0x2e,0x2,7,00 00 00 00 00 00 00 00,"Status frame 2 (new)"
2026-03-09T09:13:44.648934,RX,COM6,0x0205b8c7,0x2,0x05,0x2e,0x3,7,3b 00 00 00 90 1b 96 3e,"Status frame 3 (new)"
2026-03-09T09:13:44.648934,RX,COM6,0x0205b907,0x2,0x05,0x2e,0x4,7,00 00 00 00 00 00 00 00,"Status frame 4 (new)"
2026-03-09T09:13:44.650438,RX,COM6,0x0205b947,0x2,0x05,0x2e,0x5,7,00 00 00 00 00 00 00 00,"Status frame 5 (new)"
2026-03-09T09:13:44.651438,HEARTBEAT,COM6,0x01011840,0x1,0x01,0x6,0x1,0,1e 5d 00 00 00 10 00 00,"Heartbeat"
2026-03-09T09:13:44.652438,RX,COM6,0x0205b987,0x2,0x05,0x2e,0x6,7,00 00 ff ff 01 00 00 00,"Status frame 6 (new)"
2026-03-09T09:13:44.666942,RX,COM6,0x0205b807,0x2,0x05,0x2e,0x0,7,00 00 41 0b 00 00 80 00,"Status frame 0 (new)"
2026-03-09T09:13:44.666942,RX,COM6,0x0205b887,0x2,0x05,0x2e,0x2,7,00 00 00 00 00 00 00 00,"Status frame 2 (new)"
2026-03-09T09:13:44.668942,RX,COM6,0x0205b8c7,0x2,0x05,0x2e,0x3,7,3c 00 00 00 04 8c 96 3e,"Status frame 3 (new)"
2026-03-09T09:13:44.668942,RX,COM6,0x0205b907,0x2,0x05,0x2e,0x4,7,00 00 00 00 00 00 00 00,"Status frame 4 (new)"
2026-03-09T09:13:44.670948,RX,COM6,0x0205b947,0x2,0x05,0x2e,0x5,7,00 00 00 00 00 00 00 00,"Status frame 5 (new)"
2026-03-09T09:13:44.671943,HEARTBEAT,COM6,0x01011840,0x1,0x01,0x6,0x1,0,32 5d 00 00 00 10 00 00,"Heartbeat"
2026-03-09T09:13:44.672942,RX,COM6,0x0205b987,0x2,0x05,0x2e,0x6,7,00 00 ff ff 01 00 00 00,"Status frame 6 (new)"
2026-03-09T09:13:44.686954,RX,COM6,0x0205b807,0x2,0x05,0x2e,0x0,7,00 00 3f 0b 00 00 80 00,"Status frame 0 (new)"
2026-03-09T09:13:44.686954,RX,COM6,0x0205b887,0x2,0x05,0x2e,0x2,7,00 00 00 00 00 00 00 00,"Status frame 2 (new)"
2026-03-09T09:13:44.688954,RX,COM6,0x0205b8c7,0x2,0x05,0x2e,0x3,7,3c 04 00 00 44 d7 97 3e,"Status frame 3 (new)"
2026-03-09T09:13:44.688954,RX,COM6,0x0205b907,0x2,0x05,0x2e,0x4,7,00 00 00 00 00 00 00 00,"Status frame 4 (new)"
2026-03-09T09:13:44.690954,HEARTBEAT,COM6,0x01011840,0x1,0x01,0x6,0x1,0,46 5d 00 00 00 10 00 00,"Heartbeat"
2026-03-09T09:13:44.690954,RX,COM6,0x0205b947,0x2,0x05,0x2e,0x5,7,00 00 00 00 00 00 00 00,"Status frame 5 (new)"
2026-03-09T09:13:44.692954,RX,COM6,0x0205b987,0x2,0x05,0x2e,0x6,7,00 00 ff ff 01 00 00 00,"Status frame 6 (new)"
2026-03-09T09:13:44.706979,RX,COM6,0x0205b807,0x2,0x05,0x2e,0x0,7,00 00 41 0b 00 00 80 00,"Status frame 0 (new)"
2026-03-09T09:13:44.706979,RX,COM6,0x0205b887,0x2,0x05,0x2e,0x2,7,00 00 00 00 00 00 00 00,"Status frame 2 (new)"
2026-03-09T09:13:44.708980,RX,COM6,0x0205b8c7,0x2,0x05,0x2e,0x3,7,3b 00 00 00 8e 51 95 3e,"Status frame 3 (new)"
2026-03-09T09:13:44.708980,RX,COM6,0x0205b907,0x2,0x05,0x2e,0x4,7,00 00 00 00 00 00 00 00,"Status frame 4 (new)"
2026-03-09T09:13:44.710980,RX,COM6,0x0205b947,0x2,0x05,0x2e,0x5,7,00 00 00 00 00 00 00 00,"Status frame 5 (new)"
2026-03-09T09:13:44.710980,HEARTBEAT,COM6,0x01011840,0x1,0x01,0x6,0x1,0,5a 5d 00 00 00 10 00 00,"Heartbeat"
2026-03-09T09:13:44.712982,RX,COM6,0x0205b987,0x2,0x05,0x2e,0x6,7,00 00 ff ff 01 00 00 00,"Status frame 6 (new)"
2026-03-09T09:13:44.726990,RX,COM6,0x0205b807,0x2,0x05,0x2e,0x0,7,00 00 26 0b 00 00 80 00,"Status frame 0 (new)"
2026-03-09T09:13:44.726990,RX,COM6,0x0205b887,0x2,0x05,0x2e,0x2,7,00 00 00 00 00 00 00 00,"Status frame 2 (new)"
2026-03-09T09:13:44.729,RX,COM6,0x0205b8c7,0x2,0x05,0x2e,0x3,7,3c 00 00 00 59 4a 97 3e,"Status frame 3 (new)"
2026-03-09T09:13:44.729,RX,COM6,0x0205b907,0x2,0x05,0x2e,0x4,7,00 00 00 00 00 00 00 00,"Status frame 4 (new)"
2026-03-09T09:13:44.731001,HEARTBEAT,COM6,0x01011840,0x1,0x01,0x6,0x1,0,6e 5d 00 00 00 10 00 00,"Heartbeat"
2026-03-09T09:13:44.731001,RX,COM6,0x0205b947,0x2,0x05,0x2e,0x5,7,00 00 00 00 00 00 00 00,"Status frame 5 (new)"
2026-03-09T09:13:44.732995,RX,COM6,0x0205b987,0x2,0x05,0x2e,0x6,7,00 00 ff ff 01 00 00 00,"Status frame 6 (new)"
2026-03-09T09:13:44.746528,RX,COM6,0x0205b807,0x2,0x05,0x2e,0x0,7,00 00 44 0b 00 00 80 00,"Status frame 0 (new)"
2026-03-09T09:13:44.746528,RX,COM6,0x0205b887,0x2,0x05,0x2e,0x2,7,00 00 00 00 00 00 00 00,"Status frame 2 (new)"
2026-03-09T09:13:44.749034,RX,COM6,0x0205b8c7,0x2,0x05,0x2e,0x3,7,3b 00 00 00 68 3b 95 3e,"Status frame 3 (new)"
2026-03-09T09:13:44.749034,RX,COM6,0x0205b907,0x2,0x05,0x2e,0x4,7,00 00 00 00 00 00 00 00,"Status frame 4 (new)"
2026-03-09T09:13:44.751022,RX,COM6,0x0205b947,0x2,0x05,0x2e,0x5,7,00 00 00 00 00 00 00 00,"Status frame 5 (new)"
2026-03-09T09:13:44.751022,HEARTBEAT,COM6,0x01011840,0x1,0x01,0x6,0x1,0,82 5d 00 00 00 10 00 00,"Heartbeat"
2026-03-09T09:13:44.753033,RX,COM6,0x0205b987,0x2,0x05,0x2e,0x6,7,00 00 ff ff 01 00 00 00,"Status frame 6 (new)"
2026-03-09T09:13:44.767191,RX,COM6,0x0205b807,0x2,0x05,0x2e,0x0,7,00 00 43 0b 00 00 80 00,"Status frame 0 (new)"
2026-03-09T09:13:44.767191,RX,COM6,0x0205b887,0x2,0x05,0x2e,0x2,7,00 00 00 00 00 00 00 00,"Status frame 2 (new)"
2026-03-09T09:13:44.768190,RX,COM6,0x0205b8c7,0x2,0x05,0x2e,0x3,7,3b 00 00 00 24 3e 95 3e,"Status frame 3 (new)"
2026-03-09T09:13:44.769191,RX,COM6,0x0205b907,0x2,0x05,0x2e,0x4,7,00 00 00 00 00 00 00 00,"Status frame 4 (new)"
2026-03-09T09:13:44.770192,RX,COM6,0x0205b947,0x2,0x05,0x2e,0x5,7,00 00 00 00 00 00 00 00,"Status frame 5 (new)"
2026-03-09T09:13:44.771192,HEARTBEAT,COM6,0x01011840,0x1,0x01,0x6,0x1,0,96 5d 00 00 00 10 00 00,"Heartbeat"
2026-03-09T09:13:44.772725,RX,COM6,0x0205b987,0x2,0x05,0x2e,0x6,7,00 00 ff ff 01 00 00 00,"Status frame 6 (new)"
2026-03-09T09:13:44.786032,RX,COM6,0x0205b807,0x2,0x05,0x2e,0x0,7,00 00 41 0b 00 00 80 00,"Status frame 0 (new)"
2026-03-09T09:13:44.786032,RX,COM6,0x0205b887,0x2,0x05,0x2e,0x2,7,00 00 00 00 00 00 00 00,"Status frame 2 (new)"
2026-03-09T09:13:44.788549,RX,COM6,0x0205b8c7,0x2,0x05,0x2e,0x3,7,3b 00 00 00 db 56 96 3e,"Status frame 3 (new)"
2026-03-09T09:13:44.788549,RX,COM6,0x0205b907,0x2,0x05,0x2e,0x4,7,00 00 00 00 00 00 00 00,"Status frame 4 (new)"
2026-03-09T09:13:44.790549,RX,COM6,0x0205b947,0x2,0x05,0x2e,0x5,7,00 00 00 00 00 00 00 00,"Status frame 5 (new)"
2026-03-09T09:13:44.791541,HEARTBEAT,COM6,0x01011840,0x1,0x01,0x6,0x1,0,aa 5d 00 00 00 10 00 00,"Heartbeat"
2026-03-09T09:13:44.792702,RX,COM6,0x0205b987,0x2,0x05,0x2e,0x6,7,00 00 ff ff 01 00 00 00,"Status frame 6 (new)"
2026-03-09T09:13:44.807054,RX,COM6,0x0205b807,0x2,0x05,0x2e,0x0,7,00 00 41 0b 00 00 80 00,"Status frame 0 (new)"
2026-03-09T09:13:44.807054,RX,COM6,0x0205b887,0x2,0x05,0x2e,0x2,7,00 00 00 00 00 00 00 00,"Status frame 2 (new)"
2026-03-09T09:13:44.809058,RX,COM6,0x0205b8c7,0x2,0x05,0x2e,0x3,7,3b 00 00 00 53 44 96 3e,"Status frame 3 (new)"
2026-03-09T09:13:44.809058,RX,COM6,0x0205b907,0x2,0x05,0x2e,0x4,7,00 00 00 00 00 00 00 00,"Status frame 4 (new)"
2026-03-09T09:13:44.811055,RX,COM6,0x0205b947,0x2,0x05,0x2e,0x5,7,00 00 00 00 00 00 00 00,"Status frame 5 (new)"
2026-03-09T09:13:44.811055,HEARTBEAT,COM6,0x01011840,0x1,0x01,0x6,0x1,0,be 5d 00 00 00 10 00 00,"Heartbeat"
2026-03-09T09:13:44.812057,RX,COM6,0x0205b987,0x2,0x05,0x2e,0x6,7,00 00 ff ff 01 00 00 00,"Status frame 6 (new)"
2026-03-09T09:13:44.827094,RX,COM6,0x0205b807,0x2,0x05,0x2e,0x0,7,00 00 fd 0a 00 00 80 00,"Status frame 0 (new)"
2026-03-09T09:13:44.827094,RX,COM6,0x0205b887,0x2,0x05,0x2e,0x2,7,00 00 00 00 00 00 00 00,"Status frame 2 (new)"
2026-03-09T09:13:44.829117,RX,COM6,0x0205b8c7,0x2,0x05,0x2e,0x3,7,3b 00 00 00 7c 70 96 3e,"Status frame 3 (new)"
2026-03-09T09:13:44.829117,RX,COM6,0x0205b907,0x2,0x05,0x2e,0x4,7,00 00 00 00 00 00 00 00,"Status frame 4 (new)"
2026-03-09T09:13:44.831108,RX,COM6,0x0205b947,0x2,0x05,0x2e,0x5,7,00 00 00 00 00 00 00 00,"Status frame 5 (new)"
2026-03-09T09:13:44.831108,HEARTBEAT,COM6,0x01011840,0x1,0x01,0x6,0x1,0,d2 5d 00 00 00 10 00 00,"Heartbeat"
2026-03-09T09:13:44.833104,RX,COM6,0x0205b987,0x2,0x05,0x2e,0x6,7,00 00 ff ff 01 00 00 00,"Status frame 6 (new)"
2026-03-09T09:13:44.847270,RX,COM6,0x0205b807,0x2,0x05,0x2e,0x0,7,00 00 45 0b 00 00 80 00,"Status frame 0 (new)"
2026-03-09T09:13:44.847270,RX,COM6,0x0205b887,0x2,0x05,0x2e,0x2,7,00 00 00 00 00 00 00 00,"Status frame 2 (new)"
2026-03-09T09:13:44.848261,RX,COM6,0x0205b8c7,0x2,0x05,0x2e,0x3,7,3c 00 00 00 ac ce 97 3e,"Status frame 3 (new)"
2026-03-09T09:13:44.849260,RX,COM6,0x0205b907,0x2,0x05,0x2e,0x4,7,00 00 00 00 00 00 00 00,"Status frame 4 (new)"
2026-03-09T09:13:44.850765,RX,COM6,0x0205b947,0x2,0x05,0x2e,0x5,7,00 00 00 00 00 00 00 00,"Status frame 5 (new)"
2026-03-09T09:13:44.851765,HEARTBEAT,COM6,0x01011840,0x1,0x01,0x6,0x1,0,e6 5d 00 00 00 10 00 00,"Heartbeat"
2026-03-09T09:13:44.852765,RX,COM6,0x0205b987,0x2,0x05,0x2e,0x6,7,00 00 ff ff 01 00 00 00,"Status frame 6 (new)"
2026-03-09T09:13:44.867279,RX,COM6,0x0205b807,0x2,0x05,0x2e,0x0,7,00 00 3f 0b 00 00 80 00,"Status frame 0 (new)"
2026-03-09T09:13:44.867279,RX,COM6,0x0205b847,0x2,0x05,0x2e,0x1,7,00 00 00 24 00 01 00 00,"Status frame 1 (new)"
2026-03-09T09:13:44.867279,RX,COM6,0x0205b887,0x2,0x05,0x2e,0x2,7,00 00 00 00 00 00 00 00,"Status frame 2 (new)"
2026-03-09T09:13:44.869279,RX,COM6,0x0205b8c7,0x2,0x05,0x2e,0x3,7,3b 00 00 00 38 67 96 3e,"Status frame 3 (new)"
2026-03-09T09:13:44.869279,RX,COM6,0x0205b907,0x2,0x05,0x2e,0x4,7,00 00 00 00 00 00 00 00,"Status frame 4 (new)"
2026-03-09T09:13:44.869279,RX,COM6,0x0205bc07,0x2,0x05,0x2f,0x0,7,12 e2 2e be 00 00 00 00,"DATA apiClass=0x2f apiIndex=0x0"
2026-03-09T09:13:44.871279,RX,COM6,0x0205b947,0x2,0x05,0x2e,0x5,7,00 00 00 00 00 00 00 00,"Status frame 5 (new)"
2026-03-09T09:13:44.871279,HEARTBEAT,COM6,0x01011840,0x1,0x01,0x6,0x1,0,fa 5d 00 00 00 10 00 00,"Heartbeat"
2026-03-09T09:13:44.872279,RX,COM6,0x0205b987,0x2,0x05,0x2e,0x6,7,00 00 ff ff 01 00 00 00,"Status frame 6 (new)"
2026-03-09T09:13:44.886289,RX,COM6,0x0205b807,0x2,0x05,0x2e,0x0,7,00 00 40 0b 00 00 80 00,"Status frame 0 (new)"
2026-03-09T09:13:44.887289,RX,COM6,0x0205b887,0x2,0x05,0x2e,0x2,7,00 00 00 00 00 00 00 00,"Status frame 2 (new)"
2026-03-09T09:13:44.888288,RX,COM6,0x0205b8c7,0x2,0x05,0x2e,0x3,7,3b 00 00 00 d4 65 95 3e,"Status frame 3 (new)"
2026-03-09T09:13:44.889289,RX,COM6,0x0205b907,0x2,0x05,0x2e,0x4,7,00 00 00 00 00 00 00 00,"Status frame 4 (new)"
2026-03-09T09:13:44.890289,RX,COM6,0x0205b947,0x2,0x05,0x2e,0x5,7,00 00 00 00 00 00 00 00,"Status frame 5 (new)"
2026-03-09T09:13:44.892288,HEARTBEAT,COM6,0x01011840,0x1,0x01,0x6,0x1,0,0f 5e 00 00 00 10 00 00,"Heartbeat"
2026-03-09T09:13:44.892288,RX,COM6,0x0205b987,0x2,0x05,0x2e,0x6,7,00 00 ff ff 01 00 00 00,"Status frame 6 (new)"
2026-03-09T09:13:44.906305,RX,COM6,0x0205b807,0x2,0x05,0x2e,0x0,7,00 00 3e 0b 00 00 80 00,"Status frame 0 (new)"
2026-03-09T09:13:44.906305,RX,COM6,0x0205b887,0x2,0x05,0x2e,0x2,7,00 00 00 00 00 00 00 00,"Status frame 2 (new)"
2026-03-09T09:13:44.908306,RX,COM6,0x0205b8c7,0x2,0x05,0x2e,0x3,7,3b 00 00 00 7e 18 96 3e,"Status frame 3 (new)"
2026-03-09T09:13:44.908306,RX,COM6,0x0205b907,0x2,0x05,0x2e,0x4,7,00 00 00 00 00 00 00 00,"Status frame 4 (new)"
2026-03-09T09:13:44.910305,RX,COM6,0x0205b947,0x2,0x05,0x2e,0x5,7,00 00 00 00 00 00 00 00,"Status frame 5 (new)"
2026-03-09T09:13:44.911316,HEARTBEAT,COM6,0x01011840,0x1,0x01,0x6,0x1,0,22 5e 00 00 00 10 00 00,"Heartbeat"
2026-03-09T09:13:44.912320,RX,COM6,0x0205b987,0x2,0x05,0x2e,0x6,7,00 00 ff ff 01 00 00 00,"Status frame 6 (new)"
2026-03-09T09:13:44.926828,RX,COM6,0x0205b807,0x2,0x05,0x2e,0x0,7,00 00 09 0b 00 00 80 00,"Status frame 0 (new)"
2026-03-09T09:13:44.926828,RX,COM6,0x0205b887,0x2,0x05,0x2e,0x2,7,00 00 00 00 00 00 00 00,"Status frame 2 (new)"
2026-03-09T09:13:44.928339,RX,COM6,0x0205b8c7,0x2,0x05,0x2e,0x3,7,3c 00 00 00 fe cb 96 3e,"Status frame 3 (new)"
2026-03-09T09:13:44.928339,RX,COM6,0x0205b907,0x2,0x05,0x2e,0x4,7,00 00 00 00 00 00 00 00,"Status frame 4 (new)"
2026-03-09T09:13:44.930339,RX,COM6,0x0205b947,0x2,0x05,0x2e,0x5,7,00 00 00 00 00 00 00 00,"Status frame 5 (new)"
2026-03-09T09:13:44.931340,HEARTBEAT,COM6,0x01011840,0x1,0x01,0x6,0x1,0,36 5e 00 00 00 10 00 00,"Heartbeat"
2026-03-09T09:13:44.932339,RX,COM6,0x0205b987,0x2,0x05,0x2e,0x6,7,00 00 ff ff 01 00 00 00,"Status frame 6 (new)"
2026-03-09T09:13:44.946862,RX,COM6,0x0205b807,0x2,0x05,0x2e,0x0,7,00 00 41 0b 00 00 80 00,"Status frame 0 (new)"
2026-03-09T09:13:44.946862,RX,COM6,0x0205b887,0x2,0x05,0x2e,0x2,7,00 00 00 00 00 00 00 00,"Status frame 2 (new)"
2026-03-09T09:13:44.948861,RX,COM6,0x0205b8c7,0x2,0x05,0x2e,0x3,7,3b 00 00 00 9a 3d 95 3e,"Status frame 3 (new)"
2026-03-09T09:13:44.948861,RX,COM6,0x0205b907,0x2,0x05,0x2e,0x4,7,00 00 00 00 00 00 00 00,"Status frame 4 (new)"
2026-03-09T09:13:44.950862,RX,COM6,0x0205b947,0x2,0x05,0x2e,0x5,7,00 00 00 00 00 00 00 00,"Status frame 5 (new)"
2026-03-09T09:13:44.951862,HEARTBEAT,COM6,0x01011840,0x1,0x01,0x6,0x1,0,4a 5e 00 00 00 10 00 00,"Heartbeat"
2026-03-09T09:13:44.952861,RX,COM6,0x0205b987,0x2,0x05,0x2e,0x6,7,00 00 ff ff 01 00 00 00,"Status frame 6 (new)"
2026-03-09T09:13:44.966874,RX,COM6,0x0205b807,0x2,0x05,0x2e,0x0,7,00 00 41 0b 00 00 80 00,"Status frame 0 (new)"
2026-03-09T09:13:44.966874,RX,COM6,0x0205b887,0x2,0x05,0x2e,0x2,7,00 00 00 00 00 00 00 00,"Status frame 2 (new)"
2026-03-09T09:13:44.968879,RX,COM6,0x0205b8c7,0x2,0x05,0x2e,0x3,7,3c 00 00 00 88 ec 96 3e,"Status frame 3 (new)"
2026-03-09T09:13:44.968879,RX,COM6,0x0205b907,0x2,0x05,0x2e,0x4,7,00 00 00 00 00 00 00 00,"Status frame 4 (new)"
2026-03-09T09:13:44.970879,HEARTBEAT,COM6,0x01011840,0x1,0x01,0x6,0x1,0,5d 5e 00 00 00 10 00 00,"Heartbeat"
2026-03-09T09:13:44.970879,RX,COM6,0x0205b947,0x2,0x05,0x2e,0x5,7,00 00 00 00 00 00 00 00,"Status frame 5 (new)"
2026-03-09T09:13:44.972879,RX,COM6,0x0205b987,0x2,0x05,0x2e,0x6,7,00 00 ff ff 01 00 00 00,"Status frame 6 (new)"
2026-03-09T09:13:44.986388,RX,COM6,0x0205b807,0x2,0x05,0x2e,0x0,7,00 00 42 0b 00 00 80 00,"Status frame 0 (new)"
2026-03-09T09:13:44.986388,RX,COM6,0x0205b887,0x2,0x05,0x2e,0x2,7,00 00 00 00 00 00 00 00,"Status frame 2 (new)"
2026-03-09T09:13:44.988900,RX,COM6,0x0205b8c7,0x2,0x05,0x2e,0x3,7,3b 00 00 00 44 d3 95 3e,"Status frame 3 (new)"
2026-03-09T09:13:44.988900,RX,COM6,0x0205b907,0x2,0x05,0x2e,0x4,7,00 00 00 00 00 00 00 00,"Status frame 4 (new)"
2026-03-09T09:13:44.990900,HEARTBEAT,COM6,0x01011840,0x1,0x01,0x6,0x1,0,72 5e 00 00 00 10 00 00,"Heartbeat"
2026-03-09T09:13:44.990900,RX,COM6,0x0205b947,0x2,0x05,0x2e,0x5,7,00 00 00 00 00 00 00 00,"Status frame 5 (new)"
2026-03-09T09:13:44.992901,RX,COM6,0x0205b987,0x2,0x05,0x2e,0x6,7,00 00 ff ff 01 00 00 00,"Status frame 6 (new)"
2026-03-09T09:13:45.006408,RX,COM6,0x0205b807,0x2,0x05,0x2e,0x0,7,00 00 41 0b 00 00 80 00,"Status frame 0 (new)"
2026-03-09T09:13:45.006408,RX,COM6,0x0205b887,0x2,0x05,0x2e,0x2,7,00 00 00 00 00 00 00 00,"Status frame 2 (new)"
2026-03-09T09:13:45.008478,RX,COM6,0x0205b8c7,0x2,0x05,0x2e,0x3,7,3c 00 00 00 b8 0a 97 3e,"Status frame 3 (new)"
2026-03-09T09:13:45.008478,RX,COM6,0x0205b907,0x2,0x05,0x2e,0x4,7,00 00 00 00 00 00 00 00,"Status frame 4 (new)"
2026-03-09T09:13:45.010473,RX,COM6,0x0205b947,0x2,0x05,0x2e,0x5,7,00 00 00 00 00 00 00 00,"Status frame 5 (new)"
2026-03-09T09:13:45.011533,HEARTBEAT,COM6,0x01011840,0x1,0x01,0x6,0x1,0,86 5e 00 00 00 10 00 00,"Heartbeat"
2026-03-09T09:13:45.012488,RX,COM6,0x0205b987,0x2,0x05,0x2e,0x6,7,00 00 ff ff 01 00 00 00,"Status frame 6 (new)"
2026-03-09T09:13:45.025643,RX,COM6,0x0205b807,0x2,0x05,0x2e,0x0,7,00 00 24 0b 00 00 80 00,"Status frame 0 (new)"
2026-03-09T09:13:45.027223,RX,COM6,0x0205b887,0x2,0x05,0x2e,0x2,7,00 00 00 00 00 00 00 00,"Status frame 2 (new)"
2026-03-09T09:13:45.028262,RX,COM6,0x0205b8c7,0x2,0x05,0x2e,0x3,7,3c 00 00 00 ff 27 97 3e,"Status frame 3 (new)"
2026-03-09T09:13:45.029231,RX,COM6,0x0205b907,0x2,0x05,0x2e,0x4,7,00 00 00 00 00 00 00 00,"Status frame 4 (new)"
2026-03-09T09:13:45.030237,RX,COM6,0x0205b947,0x2,0x05,0x2e,0x5,7,00 00 00 00 00 00 00 00,"Status frame 5 (new)"
2026-03-09T09:13:45.031237,HEARTBEAT,COM6,0x01011840,0x1,0x01,0x6,0x1,0,9a 5e 00 00 00 10 00 00,"Heartbeat"
2026-03-09T09:13:45.032751,RX,COM6,0x0205b987,0x2,0x05,0x2e,0x6,7,00 00 ff ff 01 00 00 00,"Status frame 6 (new)"
2026-03-09T09:13:45.046414,RX,COM6,0x0205b807,0x2,0x05,0x2e,0x0,7,00 00 41 0b 00 00 80 00,"Status frame 0 (new)"
2026-03-09T09:13:45.046414,RX,COM6,0x0205b887,0x2,0x05,0x2e,0x2,7,00 00 00 00 00 00 00 00,"Status frame 2 (new)"
2026-03-09T09:13:45.048936,RX,COM6,0x0205b8c7,0x2,0x05,0x2e,0x3,7,3c 00 00 00 38 7c 96 3e,"Status frame 3 (new)"
2026-03-09T09:13:45.048936,RX,COM6,0x0205b907,0x2,0x05,0x2e,0x4,7,00 00 00 00 00 00 00 00,"Status frame 4 (new)"
2026-03-09T09:13:45.050953,RX,COM6,0x0205b947,0x2,0x05,0x2e,0x5,7,00 00 00 00 00 00 00 00,"Status frame 5 (new)"
2026-03-09T09:13:45.051953,HEARTBEAT,COM6,0x01011840,0x1,0x01,0x6,0x1,0,ae 5e 00 00 00 10 00 00,"Heartbeat"
2026-03-09T09:13:45.052953,RX,COM6,0x0205b987,0x2,0x05,0x2e,0x6,7,00 00 ff ff 01 00 00 00,"Status frame 6 (new)"
2026-03-09T09:13:45.066454,RX,COM6,0x0205b807,0x2,0x05,0x2e,0x0,7,00 00 3f 0b 00 00 80 00,"Status frame 0 (new)"
2026-03-09T09:13:45.067463,RX,COM6,0x0205b887,0x2,0x05,0x2e,0x2,7,00 00 00 00 00 00 00 00,"Status frame 2 (new)"
2026-03-09T09:13:45.068463,RX,COM6,0x0205b8c7,0x2,0x05,0x2e,0x3,7,3c 00 00 00 43 26 97 3e,"Status frame 3 (new)"
2026-03-09T09:13:45.068463,RX,COM6,0x0205b907,0x2,0x05,0x2e,0x4,7,00 00 00 00 00 00 00 00,"Status frame 4 (new)"
2026-03-09T09:13:45.070467,RX,COM6,0x0205b947,0x2,0x05,0x2e,0x5,7,00 00 00 00 00 00 00 00,"Status frame 5 (new)"
2026-03-09T09:13:45.071456,HEARTBEAT,COM6,0x01011840,0x1,0x01,0x6,0x1,0,c2 5e 00 00 00 10 00 00,"Heartbeat"
2026-03-09T09:13:45.072455,RX,COM6,0x0205b987,0x2,0x05,0x2e,0x6,7,00 00 ff ff 01 00 00 00,"Status frame 6 (new)"
2026-03-09T09:13:45.086492,RX,COM6,0x0205b807,0x2,0x05,0x2e,0x0,7,00 00 43 0b 00 00 80 00,"Status frame 0 (new)"
2026-03-09T09:13:45.086492,RX,COM6,0x0205b887,0x2,0x05,0x2e,0x2,7,00 00 00 00 00 00 00 00,"Status frame 2 (new)"
2026-03-09T09:13:45.088492,RX,COM6,0x0205b8c7,0x2,0x05,0x2e,0x3,7,3b 00 00 00 6b f5 95 3e,"Status frame 3 (new)"
2026-03-09T09:13:45.088492,RX,COM6,0x0205b907,0x2,0x05,0x2e,0x4,7,00 00 00 00 00 00 00 00,"Status frame 4 (new)"
2026-03-09T09:13:45.090492,RX,COM6,0x0205b947,0x2,0x05,0x2e,0x5,7,00 00 00 00 00 00 00 00,"Status frame 5 (new)"
2026-03-09T09:13:45.091492,HEARTBEAT,COM6,0x01011840,0x1,0x01,0x6,0x1,0,d6 5e 00 00 00 10 00 00,"Heartbeat"
2026-03-09T09:13:45.092492,RX,COM6,0x0205b987,0x2,0x05,0x2e,0x6,7,00 00 ff ff 01 00 00 00,"Status frame 6 (new)"
2026-03-09T09:13:45.106282,RX,COM6,0x0205b807,0x2,0x05,0x2e,0x0,7,00 00 41 0b 00 00 80 00,"Status frame 0 (new)"
2026-03-09T09:13:45.107275,RX,COM6,0x0205b887,0x2,0x05,0x2e,0x2,7,00 00 00 00 00 00 00 00,"Status frame 2 (new)"
2026-03-09T09:13:45.109266,RX,COM6,0x0205b8c7,0x2,0x05,0x2e,0x3,7,3b 00 00 00 18 f7 95 3e,"Status frame 3 (new)"
2026-03-09T09:13:45.109266,RX,COM6,0x0205b907,0x2,0x05,0x2e,0x4,7,00 00 00 00 00 00 00 00,"Status frame 4 (new)"
2026-03-09T09:13:45.110275,RX,COM6,0x0205b947,0x2,0x05,0x2e,0x5,7,00 00 00 00 00 00 00 00,"Status frame 5 (new)"
2026-03-09T09:13:45.111658,HEARTBEAT,COM6,0x01011840,0x1,0x01,0x6,0x1,0,ea 5e 00 00 00 10 00 00,"Heartbeat"
2026-03-09T09:13:45.112663,RX,COM6,0x0205b987,0x2,0x05,0x2e,0x6,7,00 00 ff ff 01 00 00 00,"Status frame 6 (new)"
2026-03-09T09:13:45.116664,RX,COM6,0x0205b847,0x2,0x05,0x2e,0x1,7,00 00 00 24 00 01 00 00,"Status frame 1 (new)"
2026-03-09T09:13:45.127205,RX,COM6,0x0205b807,0x2,0x05,0x2e,0x0,7,00 00 38 0b 00 00 80 00,"Status frame 0 (new)"
2026-03-09T09:13:45.127205,RX,COM6,0x0205b887,0x2,0x05,0x2e,0x2,7,00 00 00 00 00 00 00 00,"Status frame 2 (new)"
2026-03-09T09:13:45.128735,RX,COM6,0x0205b8c7,0x2,0x05,0x2e,0x3,7,3b 00 00 00 fc 0a 96 3e,"Status frame 3 (new)"
2026-03-09T09:13:45.128735,RX,COM6,0x0205b907,0x2,0x05,0x2e,0x4,7,00 00 00 00 00 00 00 00,"Status frame 4 (new)"
2026-03-09T09:13:45.130698,HEARTBEAT,COM6,0x01011840,0x1,0x01,0x6,0x1,0,fd 5e 00 00 00 10 00 00,"Heartbeat"
2026-03-09T09:13:45.130698,RX,COM6,0x0205b947,0x2,0x05,0x2e,0x5,7,00 00 00 00 00 00 00 00,"Status frame 5 (new)"
2026-03-09T09:13:45.132820,RX,COM6,0x0205b987,0x2,0x05,0x2e,0x6,7,00 00 ff ff 01 00 00 00,"Status frame 6 (new)"
2026-03-09T09:13:45.146999,RX,COM6,0x0205b807,0x2,0x05,0x2e,0x0,7,00 00 41 0b 00 00 80 00,"Status frame 0 (new)"
2026-03-09T09:13:45.146999,RX,COM6,0x0205b887,0x2,0x05,0x2e,0x2,7,00 00 00 00 00 00 00 00,"Status frame 2 (new)"
2026-03-09T09:13:45.148997,RX,COM6,0x0205b8c7,0x2,0x05,0x2e,0x3,7,3c 04 00 00 fa 28 97 3e,"Status frame 3 (new)"
2026-03-09T09:13:45.148997,RX,COM6,0x0205b907,0x2,0x05,0x2e,0x4,7,00 00 00 00 00 00 00 00,"Status frame 4 (new)"
2026-03-09T09:13:45.150997,RX,COM6,0x0205b947,0x2,0x05,0x2e,0x5,7,00 00 00 00 00 00 00 00,"Status frame 5 (new)"
2026-03-09T09:13:45.150997,HEARTBEAT,COM6,0x01011840,0x1,0x01,0x6,0x1,0,12 5f 00 00 00 10 00 00,"Heartbeat"
2026-03-09T09:13:45.152996,RX,COM6,0x0205b987,0x2,0x05,0x2e,0x6,7,00 00 ff ff 01 00 00 00,"Status frame 6 (new)"
2026-03-09T09:13:45.167014,RX,COM6,0x0205b807,0x2,0x05,0x2e,0x0,7,00 00 43 0b 00 00 80 00,"Status frame 0 (new)"
2026-03-09T09:13:45.167014,RX,COM6,0x0205b887,0x2,0x05,0x2e,0x2,7,00 00 00 00 00 00 00 00,"Status frame 2 (new)"
2026-03-09T09:13:45.169033,RX,COM6,0x0205b8c7,0x2,0x05,0x2e,0x3,7,3c 04 00 00 d6 34 97 3e,"Status frame 3 (new)"
2026-03-09T09:13:45.169033,RX,COM6,0x0205b907,0x2,0x05,0x2e,0x4,7,00 00 00 00 00 00 00 00,"Status frame 4 (new)"
2026-03-09T09:13:45.171022,HEARTBEAT,COM6,0x01011840,0x1,0x01,0x6,0x1,0,26 5f 00 00 00 10 00 00,"Heartbeat"
2026-03-09T09:13:45.171022,RX,COM6,0x0205b947,0x2,0x05,0x2e,0x5,7,00 00 00 00 00 00 00 00,"Status frame 5 (new)"
2026-03-09T09:13:45.173021,RX,COM6,0x0205b987,0x2,0x05,0x2e,0x6,7,00 00 ff ff 01 00 00 00,"Status frame 6 (new)"
2026-03-09T09:13:45.186614,RX,COM6,0x0205b807,0x2,0x05,0x2e,0x0,7,00 00 3f 0b 00 00 80 00,"Status frame 0 (new)"
2026-03-09T09:13:45.187542,RX,COM6,0x0205b887,0x2,0x05,0x2e,0x2,7,00 00 00 00 00 00 00 00,"Status frame 2 (new)"
2026-03-09T09:13:45.189082,RX,COM6,0x0205b8c7,0x2,0x05,0x2e,0x3,7,3b 00 00 00 86 f9 95 3e,"Status frame 3 (new)"
2026-03-09T09:13:45.189082,RX,COM6,0x0205b907,0x2,0x05,0x2e,0x4,7,00 00 00 00 00 00 00 00,"Status frame 4 (new)"
2026-03-09T09:13:45.191073,RX,COM6,0x0205b947,0x2,0x05,0x2e,0x5,7,00 00 00 00 00 00 00 00,"Status frame 5 (new)"
2026-03-09T09:13:45.191073,HEARTBEAT,COM6,0x01011840,0x1,0x01,0x6,0x1,0,3a 5f 00 00 00 10 00 00,"Heartbeat"
2026-03-09T09:13:45.193083,RX,COM6,0x0205b987,0x2,0x05,0x2e,0x6,7,00 00 ff ff 01 00 00 00,"Status frame 6 (new)"
2026-03-09T09:13:45.206617,RX,COM6,0x0205b807,0x2,0x05,0x2e,0x0,7,00 00 41 0b 00 00 80 00,"Status frame 0 (new)"
2026-03-09T09:13:45.206617,RX,COM6,0x0205b887,0x2,0x05,0x2e,0x2,7,00 00 00 00 00 00 00 00,"Status frame 2 (new)"
2026-03-09T09:13:45.208770,RX,COM6,0x0205b8c7,0x2,0x05,0x2e,0x3,7,3c 00 00 00 8c c9 96 3e,"Status frame 3 (new)"
2026-03-09T09:13:45.208770,RX,COM6,0x0205b907,0x2,0x05,0x2e,0x4,7,00 00 00 00 00 00 00 00,"Status frame 4 (new)"
2026-03-09T09:13:45.210785,RX,COM6,0x0205b947,0x2,0x05,0x2e,0x5,7,00 00 00 00 00 00 00 00,"Status frame 5 (new)"
2026-03-09T09:13:45.211790,HEARTBEAT,COM6,0x01011840,0x1,0x01,0x6,0x1,0,4e 5f 00 00 00 10 00 00,"Heartbeat"
2026-03-09T09:13:45.212806,RX,COM6,0x0205b987,0x2,0x05,0x2e,0x6,7,00 00 ff ff 01 00 00 00,"Status frame 6 (new)"
2026-03-09T09:13:45.225819,RX,COM6,0x0205b807,0x2,0x05,0x2e,0x0,7,00 00 3b 0b 00 00 80 00,"Status frame 0 (new)"
2026-03-09T09:13:45.227326,RX,COM6,0x0205b887,0x2,0x05,0x2e,0x2,7,00 00 00 00 00 00 00 00,"Status frame 2 (new)"
2026-03-09T09:13:45.228333,RX,COM6,0x0205b8c7,0x2,0x05,0x2e,0x3,7,3c 00 00 00 3e be 96 3e,"Status frame 3 (new)"
2026-03-09T09:13:45.228333,RX,COM6,0x0205b907,0x2,0x05,0x2e,0x4,7,00 00 00 00 00 00 00 00,"Status frame 4 (new)"
2026-03-09T09:13:45.230348,RX,COM6,0x0205b947,0x2,0x05,0x2e,0x5,7,00 00 00 00 00 00 00 00,"Status frame 5 (new)"
2026-03-09T09:13:45.231331,HEARTBEAT,COM6,0x01011840,0x1,0x01,0x6,0x1,0,62 5f 00 00 00 10 00 00,"Heartbeat"
2026-03-09T09:13:45.232340,RX,COM6,0x0205b987,0x2,0x05,0x2e,0x6,7,00 00 ff ff 01 00 00 00,"Status frame 6 (new)"
2026-03-09T09:13:45.246932,RX,COM6,0x0205b807,0x2,0x05,0x2e,0x0,7,00 00 44 0b 00 00 80 00,"Status frame 0 (new)"
2026-03-09T09:13:45.246932,RX,COM6,0x0205b887,0x2,0x05,0x2e,0x2,7,00 00 00 00 00 00 00 00,"Status frame 2 (new)"
2026-03-09T09:13:45.249438,RX,COM6,0x0205b8c7,0x2,0x05,0x2e,0x3,7,3c 00 00 00 d3 c1 96 3e,"Status frame 3 (new)"
2026-03-09T09:13:45.249438,RX,COM6,0x0205b907,0x2,0x05,0x2e,0x4,7,00 00 00 00 00 00 00 00,"Status frame 4 (new)"
2026-03-09T09:13:45.250444,RX,COM6,0x0205b947,0x2,0x05,0x2e,0x5,7,00 00 00 00 00 00 00 00,"Status frame 5 (new)"
2026-03-09T09:13:45.251443,HEARTBEAT,COM6,0x01011840,0x1,0x01,0x6,0x1,0,77 5f 00 00 00 10 00 00,"Heartbeat"
2026-03-09T09:13:45.252442,RX,COM6,0x0205b987,0x2,0x05,0x2e,0x6,7,00 00 ff ff 01 00 00 00,"Status frame 6 (new)"
2026-03-09T09:13:45.266957,RX,COM6,0x0205b807,0x2,0x05,0x2e,0x0,7,00 00 40 0b 00 00 80 00,"Status frame 0 (new)"
2026-03-09T09:13:45.266957,RX,COM6,0x0205b887,0x2,0x05,0x2e,0x2,7,00 00 00 00 00 00 00 00,"Status frame 2 (new)"
2026-03-09T09:13:45.268956,RX,COM6,0x0205b8c7,0x2,0x05,0x2e,0x3,7,3b 00 00 00 bc 41 95 3e,"Status frame 3 (new)"
2026-03-09T09:13:45.268956,RX,COM6,0x0205b907,0x2,0x05,0x2e,0x4,7,00 00 00 00 00 00 00 00,"Status frame 4 (new)"
2026-03-09T09:13:45.270956,RX,COM6,0x0205b947,0x2,0x05,0x2e,0x5,7,00 00 00 00 00 00 00 00,"Status frame 5 (new)"
2026-03-09T09:13:45.271956,HEARTBEAT,COM6,0x01011840,0x1,0x01,0x6,0x1,0,8b 5f 00 00 00 10 00 00,"Heartbeat"
2026-03-09T09:13:45.272956,RX,COM6,0x0205b987,0x2,0x05,0x2e,0x6,7,00 00 ff ff 01 00 00 00,"Status frame 6 (new)"
2026-03-09T09:13:45.286975,RX,COM6,0x0205b807,0x2,0x05,0x2e,0x0,7,00 00 45 0b 00 00 80 00,"Status frame 0 (new)"
2026-03-09T09:13:45.286975,RX,COM6,0x0205b887,0x2,0x05,0x2e,0x2,7,00 00 00 00 00 00 00 00,"Status frame 2 (new)"
2026-03-09T09:13:45.288979,RX,COM6,0x0205b8c7,0x2,0x05,0x2e,0x3,7,3b 00 00 00 b4 aa 95 3e,"Status frame 3 (new)"
2026-03-09T09:13:45.288979,RX,COM6,0x0205b907,0x2,0x05,0x2e,0x4,7,00 00 00 00 00 00 00 00,"Status frame 4 (new)"
2026-03-09T09:13:45.290975,HEARTBEAT,COM6,0x01011840,0x1,0x01,0x6,0x1,0,9e 5f 00 00 00 10 00 00,"Heartbeat"
2026-03-09T09:13:45.290975,RX,COM6,0x0205b947,0x2,0x05,0x2e,0x5,7,00 00 00 00 00 00 00 00,"Status frame 5 (new)"
2026-03-09T09:13:45.292975,RX,COM6,0x0205b987,0x2,0x05,0x2e,0x6,7,00 00 ff ff 01 00 00 00,"Status frame 6 (new)"
2026-03-09T09:13:45.306993,RX,COM6,0x0205b807,0x2,0x05,0x2e,0x0,7,00 00 41 0b 00 00 80 00,"Status frame 0 (new)"
2026-03-09T09:13:45.306993,RX,COM6,0x0205b887,0x2,0x05,0x2e,0x2,7,00 00 00 00 00 00 00 00,"Status frame 2 (new)"
2026-03-09T09:13:45.308993,RX,COM6,0x0205b8c7,0x2,0x05,0x2e,0x3,7,3b 00 00 00 8d 5c 95 3e,"Status frame 3 (new)"
2026-03-09T09:13:45.308993,RX,COM6,0x0205b907,0x2,0x05,0x2e,0x4,7,00 00 00 00 00 00 00 00,"Status frame 4 (new)"
2026-03-09T09:13:45.310993,HEARTBEAT,COM6,0x01011840,0x1,0x01,0x6,0x1,0,b2 5f 00 00 00 10 00 00,"Heartbeat"
2026-03-09T09:13:45.310993,RX,COM6,0x0205b947,0x2,0x05,0x2e,0x5,7,00 00 00 00 00 00 00 00,"Status frame 5 (new)"
2026-03-09T09:13:45.312997,RX,COM6,0x0205b987,0x2,0x05,0x2e,0x6,7,00 00 ff ff 01 00 00 00,"Status frame 6 (new)"
2026-03-09T09:13:45.327012,RX,COM6,0x0205b807,0x2,0x05,0x2e,0x0,7,00 00 42 0b 00 00 80 00,"Status frame 0 (new)"
2026-03-09T09:13:45.327012,RX,COM6,0x0205b887,0x2,0x05,0x2e,0x2,7,00 00 00 00 00 00 00 00,"Status frame 2 (new)"
2026-03-09T09:13:45.329017,RX,COM6,0x0205b8c7,0x2,0x05,0x2e,0x3,7,3b 00 00 00 36 2d 96 3e,"Status frame 3 (new)"
2026-03-09T09:13:45.329017,RX,COM6,0x0205b907,0x2,0x05,0x2e,0x4,7,00 00 00 00 00 00 00 00,"Status frame 4 (new)"
2026-03-09T09:13:45.331015,HEARTBEAT,COM6,0x01011840,0x1,0x01,0x6,0x1,0,c6 5f 00 00 00 10 00 00,"Heartbeat"
2026-03-09T09:13:45.331015,RX,COM6,0x0205b947,0x2,0x05,0x2e,0x5,7,00 00 00 00 00 00 00 00,"Status frame 5 (new)"
2026-03-09T09:13:45.333015,RX,COM6,0x0205b987,0x2,0x05,0x2e,0x6,7,00 00 ff ff 01 00 00 00,"Status frame 6 (new)"
2026-03-09T09:13:45.346525,RX,COM6,0x0205b807,0x2,0x05,0x2e,0x0,7,00 00 40 0b 00 00 80 00,"Status frame 0 (new)"
2026-03-09T09:13:45.347526,RX,COM6,0x0205b887,0x2,0x05,0x2e,0x2,7,00 00 00 00 00 00 00 00,"Status frame 2 (new)"
2026-03-09T09:13:45.348526,RX,COM6,0x0205b8c7,0x2,0x05,0x2e,0x3,7,3c 00 00 00 62 d0 97 3e,"Status frame 3 (new)"
2026-03-09T09:13:45.348526,RX,COM6,0x0205b907,0x2,0x05,0x2e,0x4,7,00 00 00 00 00 00 00 00,"Status frame 4 (new)"
2026-03-09T09:13:45.350525,RX,COM6,0x0205b947,0x2,0x05,0x2e,0x5,7,00 00 00 00 00 00 00 00,"Status frame 5 (new)"
2026-03-09T09:13:45.351525,HEARTBEAT,COM6,0x01011840,0x1,0x01,0x6,0x1,0,da 5f 00 00 00 10 00 00,"Heartbeat"
2026-03-09T09:13:45.352525,RX,COM6,0x0205b987,0x2,0x05,0x2e,0x6,7,00 00 ff ff 01 00 00 00,"Status frame 6 (new)"
2026-03-09T09:13:45.366530,RX,COM6,0x0205b807,0x2,0x05,0x2e,0x0,7,00 00 41 0b 00 00 80 00,"Status frame 0 (new)"
2026-03-09T09:13:45.366530,RX,COM6,0x0205b847,0x2,0x05,0x2e,0x1,7,00 00 00 24 00 01 00 00,"Status frame 1 (new)"
2026-03-09T09:13:45.366530,RX,COM6,0x0205b887,0x2,0x05,0x2e,0x2,7,00 00 00 00 00 00 00 00,"Status frame 2 (new)"
2026-03-09T09:13:45.368534,RX,COM6,0x0205b8c7,0x2,0x05,0x2e,0x3,7,3b 00 00 00 20 3d 96 3e,"Status frame 3 (new)"
2026-03-09T09:13:45.368534,RX,COM6,0x0205b907,0x2,0x05,0x2e,0x4,7,00 00 00 00 00 00 00 00,"Status frame 4 (new)"
2026-03-09T09:13:45.370534,RX,COM6,0x0205b947,0x2,0x05,0x2e,0x5,7,00 00 00 00 00 00 00 00,"Status frame 5 (new)"
2026-03-09T09:13:45.371534,HEARTBEAT,COM6,0x01011840,0x1,0x01,0x6,0x1,0,ee 5f 00 00 00 10 00 00,"Heartbeat"
2026-03-09T09:13:45.372534,RX,COM6,0x0205b987,0x2,0x05,0x2e,0x6,7,00 00 ff ff 01 00 00 00,"Status frame 6 (new)"
2026-03-09T09:13:45.386038,RX,COM6,0x0205b807,0x2,0x05,0x2e,0x0,7,00 00 47 0b 00 00 80 00,"Status frame 0 (new)"
2026-03-09T09:13:45.386038,RX,COM6,0x0205b887,0x2,0x05,0x2e,0x2,7,00 00 00 00 00 00 00 00,"Status frame 2 (new)"
2026-03-09T09:13:45.388542,RX,COM6,0x0205b8c7,0x2,0x05,0x2e,0x3,7,3c 00 00 00 a6 20 97 3e,"Status frame 3 (new)"
2026-03-09T09:13:45.388542,RX,COM6,0x0205b907,0x2,0x05,0x2e,0x4,7,00 00 00 00 00 00 00 00,"Status frame 4 (new)"
2026-03-09T09:13:45.390542,HEARTBEAT,COM6,0x01011840,0x1,0x01,0x6,0x1,0,01 60 00 00 00 10 00 00,"Heartbeat"
2026-03-09T09:13:45.390542,RX,COM6,0x0205b947,0x2,0x05,0x2e,0x5,7,00 00 00 00 00 00 00 00,"Status frame 5 (new)"
2026-03-09T09:13:45.392542,RX,COM6,0x0205b987,0x2,0x05,0x2e,0x6,7,00 00 ff ff 01 00 00 00,"Status frame 6 (new)"
2026-03-09T09:13:45.407046,RX,COM6,0x0205b807,0x2,0x05,0x2e,0x0,7,00 00 41 0b 00 00 80 00,"Status frame 0 (new)"
2026-03-09T09:13:45.407046,RX,COM6,0x0205b887,0x2,0x05,0x2e,0x2,7,00 00 00 00 00 00 00 00,"Status frame 2 (new)"
2026-03-09T09:13:45.408680,RX,COM6,0x0205b8c7,0x2,0x05,0x2e,0x3,7,3b 00 00 00 9a 69 95 3e,"Status frame 3 (new)"
2026-03-09T09:13:45.409550,RX,COM6,0x0205b907,0x2,0x05,0x2e,0x4,7,00 00 00 00 00 00 00 00,"Status frame 4 (new)"
2026-03-09T09:13:45.410550,HEARTBEAT,COM6,0x01011840,0x1,0x01,0x6,0x1,0,15 60 00 00 00 10 00 00,"Heartbeat"
2026-03-09T09:13:45.410550,RX,COM6,0x0205b947,0x2,0x05,0x2e,0x5,7,00 00 00 00 00 00 00 00,"Status frame 5 (new)"
2026-03-09T09:13:45.412550,RX,COM6,0x0205b987,0x2,0x05,0x2e,0x6,7,00 00 ff ff 01 00 00 00,"Status frame 6 (new)"
2026-03-09T09:13:45.427056,RX,COM6,0x0205b807,0x2,0x05,0x2e,0x0,7,00 00 44 0b 00 00 80 00,"Status frame 0 (new)"
2026-03-09T09:13:45.427056,RX,COM6,0x0205b887,0x2,0x05,0x2e,0x2,7,00 00 00 00 00 00 00 00,"Status frame 2 (new)"
2026-03-09T09:13:45.428566,RX,COM6,0x0205b8c7,0x2,0x05,0x2e,0x3,7,3c 00 00 00 57 70 96 3e,"Status frame 3 (new)"
2026-03-09T09:13:45.428566,RX,COM6,0x0205b907,0x2,0x05,0x2e,0x4,7,00 00 00 00 00 00 00 00,"Status frame 4 (new)"
2026-03-09T09:13:45.431076,RX,COM6,0x0205b947,0x2,0x05,0x2e,0x5,7,00 00 00 00 00 00 00 00,"Status frame 5 (new)"
2026-03-09T09:13:45.431076,HEARTBEAT,COM6,0x01011840,0x1,0x01,0x6,0x1,0,2a 60 00 00 00 10 00 00,"Heartbeat"
2026-03-09T09:13:45.433076,RX,COM6,0x0205b987,0x2,0x05,0x2e,0x6,7,00 00 ff ff 01 00 00 00,"Status frame 6 (new)"
2026-03-09T09:13:45.446597,RX,COM6,0x0205b807,0x2,0x05,0x2e,0x0,7,00 00 43 0b 00 00 80 00,"Status frame 0 (new)"
2026-03-09T09:13:45.446597,RX,COM6,0x0205b887,0x2,0x05,0x2e,0x2,7,00 00 00 00 00 00 00 00,"Status frame 2 (new)"
2026-03-09T09:13:45.448596,RX,COM6,0x0205b8c7,0x2,0x05,0x2e,0x3,7,3c 00 00 00 95 99 96 3e,"Status frame 3 (new)"
2026-03-09T09:13:45.448596,RX,COM6,0x0205b907,0x2,0x05,0x2e,0x4,7,00 00 00 00 00 00 00 00,"Status frame 4 (new)"
2026-03-09T09:13:45.451100,RX,COM6,0x0205b947,0x2,0x05,0x2e,0x5,7,00 00 00 00 00 00 00 00,"Status frame 5 (new)"
2026-03-09T09:13:45.451100,HEARTBEAT,COM6,0x01011840,0x1,0x01,0x6,0x1,0,3e 60 00 00 00 10 00 00,"Heartbeat"
2026-03-09T09:13:45.453101,RX,COM6,0x0205b987,0x2,0x05,0x2e,0x6,7,00 00 ff ff 01 00 00 00,"Status frame 6 (new)"
2026-03-09T09:13:45.466604,RX,COM6,0x0205b807,0x2,0x05,0x2e,0x0,7,00 00 20 0b 00 00 80 00,"Status frame 0 (new)"
2026-03-09T09:13:45.466604,RX,COM6,0x0205b887,0x2,0x05,0x2e,0x2,7,00 00 00 00 00 00 00 00,"Status frame 2 (new)"
2026-03-09T09:13:45.468604,RX,COM6,0x0205b8c7,0x2,0x05,0x2e,0x3,7,3b 00 00 00 5c 7a 96 3e,"Status frame 3 (new)"
2026-03-09T09:13:45.468604,RX,COM6,0x0205b907,0x2,0x05,0x2e,0x4,7,00 00 00 00 00 00 00 00,"Status frame 4 (new)"
2026-03-09T09:13:45.470604,RX,COM6,0x0205b947,0x2,0x05,0x2e,0x5,7,00 00 00 00 00 00 00 00,"Status frame 5 (new)"
2026-03-09T09:13:45.471605,HEARTBEAT,COM6,0x01011840,0x1,0x01,0x6,0x1,0,52 60 00 00 00 10 00 00,"Heartbeat"
2026-03-09T09:13:45.472604,RX,COM6,0x0205b987,0x2,0x05,0x2e,0x6,7,00 00 ff ff 01 00 00 00,"Status frame 6 (new)"
2026-03-09T09:13:45.486613,RX,COM6,0x0205b807,0x2,0x05,0x2e,0x0,7,00 00 4a 0b 00 00 80 00,"Status frame 0 (new)"
2026-03-09T09:13:45.486613,RX,COM6,0x0205b887,0x2,0x05,0x2e,0x2,7,00 00 00 00 00 00 00 00,"Status frame 2 (new)"
2026-03-09T09:13:45.488612,RX,COM6,0x0205b8c7,0x2,0x05,0x2e,0x3,7,3b 00 00 00 60 49 96 3e,"Status frame 3 (new)"
2026-03-09T09:13:45.488612,RX,COM6,0x0205b907,0x2,0x05,0x2e,0x4,7,00 00 00 00 00 00 00 00,"Status frame 4 (new)"
2026-03-09T09:13:45.490612,HEARTBEAT,COM6,0x01011840,0x1,0x01,0x6,0x1,0,65 60 00 00 00 10 00 00,"Heartbeat"
2026-03-09T09:13:45.490612,RX,COM6,0x0205b947,0x2,0x05,0x2e,0x5,7,00 00 00 00 00 00 00 00,"Status frame 5 (new)"
2026-03-09T09:13:45.492612,RX,COM6,0x0205b987,0x2,0x05,0x2e,0x6,7,00 00 ff ff 01 00 00 00,"Status frame 6 (new)"
2026-03-09T09:13:45.506703,RX,COM6,0x0205b807,0x2,0x05,0x2e,0x0,7,00 00 46 0b 00 00 80 00,"Status frame 0 (new)"
2026-03-09T09:13:45.506703,RX,COM6,0x0205b887,0x2,0x05,0x2e,0x2,7,00 00 00 00 00 00 00 00,"Status frame 2 (new)"
2026-03-09T09:13:45.508619,RX,COM6,0x0205b8c7,0x2,0x05,0x2e,0x3,7,3c 00 00 00 ae 78 96 3e,"Status frame 3 (new)"
2026-03-09T09:13:45.508619,RX,COM6,0x0205b907,0x2,0x05,0x2e,0x4,7,00 00 00 00 00 00 00 00,"Status frame 4 (new)"
2026-03-09T09:13:45.510619,HEARTBEAT,COM6,0x01011840,0x1,0x01,0x6,0x1,0,79 60 00 00 00 10 00 00,"Heartbeat"
2026-03-09T09:13:45.510619,RX,COM6,0x0205b947,0x2,0x05,0x2e,0x5,7,00 00 00 00 00 00 00 00,"Status frame 5 (new)"
2026-03-09T09:13:45.512619,RX,COM6,0x0205b987,0x2,0x05,0x2e,0x6,7,00 00 ff ff 01 00 00 00,"Status frame 6 (new)"
2026-03-09T09:13:45.527122,RX,COM6,0x0205b807,0x2,0x05,0x2e,0x0,7,00 00 45 0b 00 00 80 00,"Status frame 0 (new)"
2026-03-09T09:13:45.527122,RX,COM6,0x0205b887,0x2,0x05,0x2e,0x2,7,00 00 00 00 00 00 00 00,"Status frame 2 (new)"
2026-03-09T09:13:45.528627,RX,COM6,0x0205b8c7,0x2,0x05,0x2e,0x3,7,3b 00 00 00 3c 35 96 3e,"Status frame 3 (new)"
2026-03-09T09:13:45.528627,RX,COM6,0x0205b907,0x2,0x05,0x2e,0x4,7,00 00 00 00 00 00 00 00,"Status frame 4 (new)"
2026-03-09T09:13:45.530627,HEARTBEAT,COM6,0x01011840,0x1,0x01,0x6,0x1,0,8d 60 00 00 00 10 00 00,"Heartbeat"
2026-03-09T09:13:45.530627,RX,COM6,0x0205b947,0x2,0x05,0x2e,0x5,7,00 00 00 00 00 00 00 00,"Status frame 5 (new)"
2026-03-09T09:13:45.533627,RX,COM6,0x0205b987,0x2,0x05,0x2e,0x6,7,00 00 ff ff 01 00 00 00,"Status frame 6 (new)"
2026-03-09T09:13:45.547140,RX,COM6,0x0205b807,0x2,0x05,0x2e,0x0,7,00 00 45 0b 00 00 80 00,"Status frame 0 (new)"
2026-03-09T09:13:45.547140,RX,COM6,0x0205b887,0x2,0x05,0x2e,0x2,7,00 00 00 00 00 00 00 00,"Status frame 2 (new)"
2026-03-09T09:13:45.548742,RX,COM6,0x0205b8c7,0x2,0x05,0x2e,0x3,7,3c 00 00 00 fc 2a 97 3e,"Status frame 3 (new)"
2026-03-09T09:13:45.548742,RX,COM6,0x0205b907,0x2,0x05,0x2e,0x4,7,00 00 00 00 00 00 00 00,"Status frame 4 (new)"
2026-03-09T09:13:45.550643,HEARTBEAT,COM6,0x01011840,0x1,0x01,0x6,0x1,0,a1 60 00 00 00 10 00 00,"Heartbeat"
2026-03-09T09:13:45.550643,RX,COM6,0x0205b947,0x2,0x05,0x2e,0x5,7,00 00 00 00 00 00 00 00,"Status frame 5 (new)"
2026-03-09T09:13:45.552643,RX,COM6,0x0205b987,0x2,0x05,0x2e,0x6,7,00 00 ff ff 01 00 00 00,"Status frame 6 (new)"
2026-03-09T09:13:45.566147,RX,COM6,0x0205b807,0x2,0x05,0x2e,0x0,7,00 00 02 0b 00 00 80 00,"Status frame 0 (new)"
2026-03-09T09:13:45.567147,RX,COM6,0x0205b887,0x2,0x05,0x2e,0x2,7,00 00 00 00 00 00 00 00,"Status frame 2 (new)"
2026-03-09T09:13:45.568147,RX,COM6,0x0205b8c7,0x2,0x05,0x2e,0x3,7,3c 00 00 00 27 bc 96 3e,"Status frame 3 (new)"
2026-03-09T09:13:45.568147,RX,COM6,0x0205b907,0x2,0x05,0x2e,0x4,7,00 00 00 00 00 00 00 00,"Status frame 4 (new)"
2026-03-09T09:13:45.570652,HEARTBEAT,COM6,0x01011840,0x1,0x01,0x6,0x1,0,b5 60 00 00 00 10 00 00,"Heartbeat"
2026-03-09T09:13:45.570652,RX,COM6,0x0205b947,0x2,0x05,0x2e,0x5,7,00 00 00 00 00 00 00 00,"Status frame 5 (new)"
2026-03-09T09:13:45.572651,RX,COM6,0x0205b987,0x2,0x05,0x2e,0x6,7,00 00 ff ff 01 00 00 00,"Status frame 6 (new)"
2026-03-09T09:13:45.586659,RX,COM6,0x0205b807,0x2,0x05,0x2e,0x0,7,00 00 46 0b 00 00 80 00,"Status frame 0 (new)"
2026-03-09T09:13:45.586659,RX,COM6,0x0205b887,0x2,0x05,0x2e,0x2,7,00 00 00 00 00 00 00 00,"Status frame 2 (new)"
2026-03-09T09:13:45.588659,RX,COM6,0x0205b8c7,0x2,0x05,0x2e,0x3,7,3c 00 00 00 05 04 97 3e,"Status frame 3 (new)"
2026-03-09T09:13:45.588659,RX,COM6,0x0205b907,0x2,0x05,0x2e,0x4,7,00 00 00 00 00 00 00 00,"Status frame 4 (new)"
2026-03-09T09:13:45.590161,RX,COM6,0x0205b947,0x2,0x05,0x2e,0x5,7,00 00 00 00 00 00 00 00,"Status frame 5 (new)"
2026-03-09T09:13:45.591164,HEARTBEAT,COM6,0x01011840,0x1,0x01,0x6,0x1,0,ca 60 00 00 00 10 00 00,"Heartbeat"
2026-03-09T09:13:45.592163,RX,COM6,0x0205b987,0x2,0x05,0x2e,0x6,7,00 00 ff ff 01 00 00 00,"Status frame 6 (new)"
2026-03-09T09:13:45.606667,RX,COM6,0x0205b807,0x2,0x05,0x2e,0x0,7,00 00 45 0b 00 00 80 00,"Status frame 0 (new)"
2026-03-09T09:13:45.606667,RX,COM6,0x0205b887,0x2,0x05,0x2e,0x2,7,00 00 00 00 00 00 00 00,"Status frame 2 (new)"
2026-03-09T09:13:45.608667,RX,COM6,0x0205b8c7,0x2,0x05,0x2e,0x3,7,3c 00 00 00 42 cf 97 3e,"Status frame 3 (new)"
2026-03-09T09:13:45.608667,RX,COM6,0x0205b907,0x2,0x05,0x2e,0x4,7,00 00 00 00 00 00 00 00,"Status frame 4 (new)"
2026-03-09T09:13:45.610668,RX,COM6,0x0205b947,0x2,0x05,0x2e,0x5,7,00 00 00 00 00 00 00 00,"Status frame 5 (new)"
2026-03-09T09:13:45.611667,HEARTBEAT,COM6,0x01011840,0x1,0x01,0x6,0x1,0,df 60 00 00 00 10 00 00,"Heartbeat"
2026-03-09T09:13:45.612667,RX,COM6,0x0205b987,0x2,0x05,0x2e,0x6,7,00 00 ff ff 01 00 00 00,"Status frame 6 (new)"
2026-03-09T09:13:45.617172,RX,COM6,0x0205b847,0x2,0x05,0x2e,0x1,7,00 00 00 24 00 01 00 00,"Status frame 1 (new)"
2026-03-09T09:13:45.627172,RX,COM6,0x0205b807,0x2,0x05,0x2e,0x0,7,00 00 4a 0b 00 00 80 00,"Status frame 0 (new)"
2026-03-09T09:13:45.627172,RX,COM6,0x0205b887,0x2,0x05,0x2e,0x2,7,00 00 00 00 00 00 00 00,"Status frame 2 (new)"
2026-03-09T09:13:45.629676,RX,COM6,0x0205b8c7,0x2,0x05,0x2e,0x3,7,3c 00 00 00 f4 44 97 3e,"Status frame 3 (new)"
2026-03-09T09:13:45.629676,RX,COM6,0x0205b907,0x2,0x05,0x2e,0x4,7,00 00 00 00 00 00 00 00,"Status frame 4 (new)"
2026-03-09T09:13:45.630677,HEARTBEAT,COM6,0x01011840,0x1,0x01,0x6,0x1,0,f1 60 00 00 00 10 00 00,"Heartbeat"
2026-03-09T09:13:45.630677,RX,COM6,0x0205b947,0x2,0x05,0x2e,0x5,7,00 00 00 00 00 00 00 00,"Status frame 5 (new)"
2026-03-09T09:13:45.632676,RX,COM6,0x0205b987,0x2,0x05,0x2e,0x6,7,00 00 ff ff 01 00 00 00,"Status frame 6 (new)"
2026-03-09T09:13:45.647194,RX,COM6,0x0205b807,0x2,0x05,0x2e,0x0,7,00 00 48 0b 00 00 80 00,"Status frame 0 (new)"
2026-03-09T09:13:45.647194,RX,COM6,0x0205b887,0x2,0x05,0x2e,0x2,7,00 00 00 00 00 00 00 00,"Status frame 2 (new)"
2026-03-09T09:13:45.649194,RX,COM6,0x0205b8c7,0x2,0x05,0x2e,0x3,7,3c 04 00 00 61 5a 98 3e,"Status frame 3 (new)"
2026-03-09T09:13:45.649194,RX,COM6,0x0205b907,0x2,0x05,0x2e,0x4,7,00 00 00 00 00 00 00 00,"Status frame 4 (new)"
2026-03-09T09:13:45.650194,RX,COM6,0x0205b947,0x2,0x05,0x2e,0x5,7,00 00 00 00 00 00 00 00,"Status frame 5 (new)"
2026-03-09T09:13:45.651194,HEARTBEAT,COM6,0x01011840,0x1,0x01,0x6,0x1,0,06 61 00 00 00 10 00 00,"Heartbeat"
2026-03-09T09:13:45.652703,RX,COM6,0x0205b987,0x2,0x05,0x2e,0x6,7,00 00 ff ff 01 00 00 00,"Status frame 6 (new)"
2026-03-09T09:13:45.667213,RX,COM6,0x0205b807,0x2,0x05,0x2e,0x0,7,00 00 1b 0b 00 00 80 00,"Status frame 0 (new)"
2026-03-09T09:13:45.667213,RX,COM6,0x0205b887,0x2,0x05,0x2e,0x2,7,00 00 00 00 00 00 00 00,"Status frame 2 (new)"
2026-03-09T09:13:45.668213,RX,COM6,0x0205b8c7,0x2,0x05,0x2e,0x3,7,3c 00 00 00 15 91 96 3e,"Status frame 3 (new)"
2026-03-09T09:13:45.669213,RX,COM6,0x0205b907,0x2,0x05,0x2e,0x4,7,00 00 00 00 00 00 00 00,"Status frame 4 (new)"
2026-03-09T09:13:45.670213,RX,COM6,0x0205b947,0x2,0x05,0x2e,0x5,7,00 00 00 00 00 00 00 00,"Status frame 5 (new)"
2026-03-09T09:13:45.671213,HEARTBEAT,COM6,0x01011840,0x1,0x01,0x6,0x1,0,1a 61 00 00 00 10 00 00,"Heartbeat"
2026-03-09T09:13:45.672214,RX,COM6,0x0205b987,0x2,0x05,0x2e,0x6,7,00 00 ff ff 01 00 00 00,"Status frame 6 (new)"
2026-03-09T09:13:45.687234,RX,COM6,0x0205b807,0x2,0x05,0x2e,0x0,7,00 00 4a 0b 00 00 80 00,"Status frame 0 (new)"
2026-03-09T09:13:45.687234,RX,COM6,0x0205b887,0x2,0x05,0x2e,0x2,7,00 00 00 00 00 00 00 00,"Status frame 2 (new)"
2026-03-09T09:13:45.688743,RX,COM6,0x0205b8c7,0x2,0x05,0x2e,0x3,7,3c 00 00 00 f8 2f 98 3e,"Status frame 3 (new)"
2026-03-09T09:13:45.689248,RX,COM6,0x0205b907,0x2,0x05,0x2e,0x4,7,00 00 00 00 00 00 00 00,"Status frame 4 (new)"
2026-03-09T09:13:45.690755,HEARTBEAT,COM6,0x01011840,0x1,0x01,0x6,0x1,0,2d 61 00 00 00 10 00 00,"Heartbeat"
2026-03-09T09:13:45.690755,RX,COM6,0x0205b947,0x2,0x05,0x2e,0x5,7,00 00 00 00 00 00 00 00,"Status frame 5 (new)"
2026-03-09T09:13:45.692769,RX,COM6,0x0205b987,0x2,0x05,0x2e,0x6,7,00 00 ff ff 01 00 00 00,"Status frame 6 (new)"
2026-03-09T09:13:45.706869,RX,COM6,0x0205b807,0x2,0x05,0x2e,0x0,7,00 00 4a 0b 00 00 80 00,"Status frame 0 (new)"
2026-03-09T09:13:45.706869,RX,COM6,0x0205b887,0x2,0x05,0x2e,0x2,7,00 00 00 00 00 00 00 00,"Status frame 2 (new)"
2026-03-09T09:13:45.708489,RX,COM6,0x0205b8c7,0x2,0x05,0x2e,0x3,7,3c 00 00 00 46 d4 96 3e,"Status frame 3 (new)"
2026-03-09T09:13:45.708489,RX,COM6,0x0205b907,0x2,0x05,0x2e,0x4,7,00 00 00 00 00 00 00 00,"Status frame 4 (new)"
2026-03-09T09:13:45.710560,RX,COM6,0x0205b947,0x2,0x05,0x2e,0x5,7,00 00 00 00 00 00 00 00,"Status frame 5 (new)"
2026-03-09T09:13:45.711580,HEARTBEAT,COM6,0x01011840,0x1,0x01,0x6,0x1,0,42 61 00 00 00 10 00 00,"Heartbeat"
2026-03-09T09:13:45.712581,RX,COM6,0x0205b987,0x2,0x05,0x2e,0x6,7,00 00 ff ff 01 00 00 00,"Status frame 6 (new)"
2026-03-09T09:13:45.727205,RX,COM6,0x0205b807,0x2,0x05,0x2e,0x0,7,00 00 4b 0b 00 00 80 00,"Status frame 0 (new)"
2026-03-09T09:13:45.727205,RX,COM6,0x0205b887,0x2,0x05,0x2e,0x2,7,00 00 00 00 00 00 00 00,"Status frame 2 (new)"
2026-03-09T09:13:45.728865,RX,COM6,0x0205b8c7,0x2,0x05,0x2e,0x3,7,3b 00 00 00 f6 67 96 3e,"Status frame 3 (new)"
2026-03-09T09:13:45.728865,RX,COM6,0x0205b907,0x2,0x05,0x2e,0x4,7,00 00 00 00 00 00 00 00,"Status frame 4 (new)"
2026-03-09T09:13:45.730877,HEARTBEAT,COM6,0x01011840,0x1,0x01,0x6,0x1,0,55 61 00 00 00 10 00 00,"Heartbeat"
2026-03-09T09:13:45.730877,RX,COM6,0x0205b947,0x2,0x05,0x2e,0x5,7,00 00 00 00 00 00 00 00,"Status frame 5 (new)"
2026-03-09T09:13:45.732860,RX,COM6,0x0205b987,0x2,0x05,0x2e,0x6,7,00 00 ff ff 01 00 00 00,"Status frame 6 (new)"
2026-03-09T09:13:45.746717,RX,COM6,0x0205b807,0x2,0x05,0x2e,0x0,7,00 00 49 0b 00 00 80 00,"Status frame 0 (new)"
2026-03-09T09:13:45.746717,RX,COM6,0x0205b887,0x2,0x05,0x2e,0x2,7,00 00 00 00 00 00 00 00,"Status frame 2 (new)"
2026-03-09T09:13:45.748712,RX,COM6,0x0205b8c7,0x2,0x05,0x2e,0x3,7,3b 00 00 00 ee 57 96 3e,"Status frame 3 (new)"
2026-03-09T09:13:45.748712,RX,COM6,0x0205b907,0x2,0x05,0x2e,0x4,7,00 00 00 00 00 00 00 00,"Status frame 4 (new)"
2026-03-09T09:13:45.750717,RX,COM6,0x0205b947,0x2,0x05,0x2e,0x5,7,00 00 00 00 00 00 00 00,"Status frame 5 (new)"
2026-03-09T09:13:45.752294,HEARTBEAT,COM6,0x01011840,0x1,0x01,0x6,0x1,0,6b 61 00 00 00 10 00 00,"Heartbeat"
2026-03-09T09:13:45.752294,RX,COM6,0x0205b987,0x2,0x05,0x2e,0x6,7,00 00 ff ff 01 00 00 00,"Status frame 6 (new)"
2026-03-09T09:13:45.766372,RX,COM6,0x0205b807,0x2,0x05,0x2e,0x0,7,00 00 38 0b 00 00 80 00,"Status frame 0 (new)"
2026-03-09T09:13:45.766372,RX,COM6,0x0205b887,0x2,0x05,0x2e,0x2,7,00 00 00 00 00 00 00 00,"Status frame 2 (new)"
2026-03-09T09:13:45.768372,RX,COM6,0x0205b8c7,0x2,0x05,0x2e,0x3,7,3c 00 00 00 ea 0d 97 3e,"Status frame 3 (new)"
2026-03-09T09:13:45.768372,RX,COM6,0x0205b907,0x2,0x05,0x2e,0x4,7,00 00 00 00 00 00 00 00,"Status frame 4 (new)"
2026-03-09T09:13:45.770372,RX,COM6,0x0205b947,0x2,0x05,0x2e,0x5,7,00 00 00 00 00 00 00 00,"Status frame 5 (new)"
2026-03-09T09:13:45.771372,HEARTBEAT,COM6,0x01011840,0x1,0x01,0x6,0x1,0,7e 61 00 00 00 10 00 00,"Heartbeat"
2026-03-09T09:13:45.772885,RX,COM6,0x0205b987,0x2,0x05,0x2e,0x6,7,00 00 ff ff 01 00 00 00,"Status frame 6 (new)"
2026-03-09T09:13:45.786969,RX,COM6,0x0205b807,0x2,0x05,0x2e,0x0,7,00 00 4f 0b 00 00 80 00,"Status frame 0 (new)"
2026-03-09T09:13:45.786969,RX,COM6,0x0205b887,0x2,0x05,0x2e,0x2,7,00 00 00 00 00 00 00 00,"Status frame 2 (new)"
2026-03-09T09:13:45.788488,RX,COM6,0x0205b8c7,0x2,0x05,0x2e,0x3,7,3b 00 00 00 96 a2 95 3e,"Status frame 3 (new)"
2026-03-09T09:13:45.788488,RX,COM6,0x0205b907,0x2,0x05,0x2e,0x4,7,00 00 00 00 00 00 00 00,"Status frame 4 (new)"
2026-03-09T09:13:45.790504,HEARTBEAT,COM6,0x01011840,0x1,0x01,0x6,0x1,0,91 61 00 00 00 10 00 00,"Heartbeat"
2026-03-09T09:13:45.790504,RX,COM6,0x0205b947,0x2,0x05,0x2e,0x5,7,00 00 00 00 00 00 00 00,"Status frame 5 (new)"
2026-03-09T09:13:45.792504,RX,COM6,0x0205b987,0x2,0x05,0x2e,0x6,7,00 00 ff ff 01 00 00 00,"Status frame 6 (new)"
2026-03-09T09:13:45.807010,RX,COM6,0x0205b807,0x2,0x05,0x2e,0x0,7,00 00 4e 0b 00 00 80 00,"Status frame 0 (new)"
2026-03-09T09:13:45.807010,RX,COM6,0x0205b887,0x2,0x05,0x2e,0x2,7,00 00 00 00 00 00 00 00,"Status frame 2 (new)"
2026-03-09T09:13:45.809012,RX,COM6,0x0205b8c7,0x2,0x05,0x2e,0x3,7,3c 04 00 00 92 41 97 3e,"Status frame 3 (new)"
2026-03-09T09:13:45.809012,RX,COM6,0x0205b907,0x2,0x05,0x2e,0x4,7,00 00 00 00 00 00 00 00,"Status frame 4 (new)"
2026-03-09T09:13:45.811009,RX,COM6,0x0205b947,0x2,0x05,0x2e,0x5,7,00 00 00 00 00 00 00 00,"Status frame 5 (new)"
2026-03-09T09:13:45.811009,HEARTBEAT,COM6,0x01011840,0x1,0x01,0x6,0x1,0,a6 61 00 00 00 10 00 00,"Heartbeat"
2026-03-09T09:13:45.812012,RX,COM6,0x0205b987,0x2,0x05,0x2e,0x6,7,00 00 ff ff 01 00 00 00,"Status frame 6 (new)"
2026-03-09T09:13:45.827169,RX,COM6,0x0205b807,0x2,0x05,0x2e,0x0,7,00 00 4e 0b 00 00 80 00,"Status frame 0 (new)"
2026-03-09T09:13:45.827169,RX,COM6,0x0205b887,0x2,0x05,0x2e,0x2,7,00 00 00 00 00 00 00 00,"Status frame 2 (new)"
2026-03-09T09:13:45.829177,RX,COM6,0x0205b8c7,0x2,0x05,0x2e,0x3,7,3b 00 00 00 71 6f 96 3e,"Status frame 3 (new)"
2026-03-09T09:13:45.829177,RX,COM6,0x0205b907,0x2,0x05,0x2e,0x4,7,00 00 00 00 00 00 00 00,"Status frame 4 (new)"
2026-03-09T09:13:45.830177,RX,COM6,0x0205b947,0x2,0x05,0x2e,0x5,7,00 00 00 00 00 00 00 00,"Status frame 5 (new)"
2026-03-09T09:13:45.831272,HEARTBEAT,COM6,0x01011840,0x1,0x01,0x6,0x1,0,ba 61 00 00 00 10 00 00,"Heartbeat"
2026-03-09T09:13:45.832268,RX,COM6,0x0205b987,0x2,0x05,0x2e,0x6,7,00 00 ff ff 01 00 00 00,"Status frame 6 (new)"
2026-03-09T09:13:45.847126,RX,COM6,0x0205b807,0x2,0x05,0x2e,0x0,7,00 00 50 0b 00 00 80 00,"Status frame 0 (new)"
2026-03-09T09:13:45.847126,RX,COM6,0x0205b887,0x2,0x05,0x2e,0x2,7,00 00 00 00 00 00 00 00,"Status frame 2 (new)"
2026-03-09T09:13:45.849152,RX,COM6,0x0205b8c7,0x2,0x05,0x2e,0x3,7,3c 00 00 00 34 c2 96 3e,"Status frame 3 (new)"
2026-03-09T09:13:45.849152,RX,COM6,0x0205b907,0x2,0x05,0x2e,0x4,7,00 00 00 00 00 00 00 00,"Status frame 4 (new)"
2026-03-09T09:13:45.850766,RX,COM6,0x0205b947,0x2,0x05,0x2e,0x5,7,00 00 00 00 00 00 00 00,"Status frame 5 (new)"
2026-03-09T09:13:45.851771,HEARTBEAT,COM6,0x01011840,0x1,0x01,0x6,0x1,0,ce 61 00 00 00 10 00 00,"Heartbeat"
2026-03-09T09:13:45.852773,RX,COM6,0x0205b987,0x2,0x05,0x2e,0x6,7,00 00 ff ff 01 00 00 00,"Status frame 6 (new)"
2026-03-09T09:13:45.867420,RX,COM6,0x0205b807,0x2,0x05,0x2e,0x0,7,00 00 49 0b 00 00 80 00,"Status frame 0 (new)"
2026-03-09T09:13:45.867420,RX,COM6,0x0205b847,0x2,0x05,0x2e,0x1,7,00 00 00 24 00 01 00 00,"Status frame 1 (new)"
2026-03-09T09:13:45.867420,RX,COM6,0x0205b887,0x2,0x05,0x2e,0x2,7,00 00 00 00 00 00 00 00,"Status frame 2 (new)"
2026-03-09T09:13:45.868436,RX,COM6,0x0205b8c7,0x2,0x05,0x2e,0x3,7,3c 00 00 00 96 d1 97 3e,"Status frame 3 (new)"
2026-03-09T09:13:45.868436,RX,COM6,0x0205b907,0x2,0x05,0x2e,0x4,7,00 00 00 00 00 00 00 00,"Status frame 4 (new)"
2026-03-09T09:13:45.869444,RX,COM6,0x0205bc07,0x2,0x05,0x2f,0x0,7,12 e2 2e be 00 00 00 00,"DATA apiClass=0x2f apiIndex=0x0"
2026-03-09T09:13:45.870431,RX,COM6,0x0205b947,0x2,0x05,0x2e,0x5,7,00 00 00 00 00 00 00 00,"Status frame 5 (new)"
2026-03-09T09:13:45.871449,HEARTBEAT,COM6,0x01011840,0x1,0x01,0x6,0x1,0,e2 61 00 00 00 10 00 00,"Heartbeat"
2026-03-09T09:13:45.872414,RX,COM6,0x0205b987,0x2,0x05,0x2e,0x6,7,00 00 ff ff 01 00 00 00,"Status frame 6 (new)"
2026-03-09T09:13:45.886540,RX,COM6,0x0205b807,0x2,0x05,0x2e,0x0,7,00 00 4d 0b 00 00 80 00,"Status frame 0 (new)"
2026-03-09T09:13:45.886540,RX,COM6,0x0205b887,0x2,0x05,0x2e,0x2,7,00 00 00 00 00 00 00 00,"Status frame 2 (new)"
2026-03-09T09:13:45.888539,RX,COM6,0x0205b8c7,0x2,0x05,0x2e,0x3,7,3b 00 00 00 9d 2a 96 3e,"Status frame 3 (new)"
2026-03-09T09:13:45.888539,RX,COM6,0x0205b907,0x2,0x05,0x2e,0x4,7,00 00 00 00 00 00 00 00,"Status frame 4 (new)"
2026-03-09T09:13:45.890539,HEARTBEAT,COM6,0x01011840,0x1,0x01,0x6,0x1,0,f5 61 00 00 00 10 00 00,"Heartbeat"
2026-03-09T09:13:45.890539,RX,COM6,0x0205b947,0x2,0x05,0x2e,0x5,7,00 00 00 00 00 00 00 00,"Status frame 5 (new)"
2026-03-09T09:13:45.892539,RX,COM6,0x0205b987,0x2,0x05,0x2e,0x6,7,00 00 ff ff 01 00 00 00,"Status frame 6 (new)"
2026-03-09T09:13:45.906610,RX,COM6,0x0205b807,0x2,0x05,0x2e,0x0,7,00 00 4c 0b 00 00 80 00,"Status frame 0 (new)"
2026-03-09T09:13:45.907606,RX,COM6,0x0205b887,0x2,0x05,0x2e,0x2,7,00 00 00 00 00 00 00 00,"Status frame 2 (new)"
2026-03-09T09:13:45.908606,RX,COM6,0x0205b8c7,0x2,0x05,0x2e,0x3,7,3c 00 00 00 8c d6 96 3e,"Status frame 3 (new)"
2026-03-09T09:13:45.908606,RX,COM6,0x0205b907,0x2,0x05,0x2e,0x4,7,00 00 00 00 00 00 00 00,"Status frame 4 (new)"
2026-03-09T09:13:45.910605,HEARTBEAT,COM6,0x01011840,0x1,0x01,0x6,0x1,0,09 62 00 00 00 10 00 00,"Heartbeat"
2026-03-09T09:13:45.910605,RX,COM6,0x0205b947,0x2,0x05,0x2e,0x5,7,00 00 00 00 00 00 00 00,"Status frame 5 (new)"
2026-03-09T09:13:45.912620,RX,COM6,0x0205b987,0x2,0x05,0x2e,0x6,7,00 00 ff ff 01 00 00 00,"Status frame 6 (new)"
2026-03-09T09:13:45.926986,RX,COM6,0x0205b807,0x2,0x05,0x2e,0x0,7,00 00 52 0b 00 00 80 00,"Status frame 0 (new)"
2026-03-09T09:13:45.926986,RX,COM6,0x0205b887,0x2,0x05,0x2e,0x2,7,00 00 00 00 00 00 00 00,"Status frame 2 (new)"
2026-03-09T09:13:45.929002,RX,COM6,0x0205b8c7,0x2,0x05,0x2e,0x3,7,3c 00 00 00 8d ff 98 3e,"Status frame 3 (new)"
2026-03-09T09:13:45.929002,RX,COM6,0x0205b907,0x2,0x05,0x2e,0x4,7,00 00 00 00 00 00 00 00,"Status frame 4 (new)"
2026-03-09T09:13:45.931002,HEARTBEAT,COM6,0x01011840,0x1,0x01,0x6,0x1,0,1e 62 00 00 00 10 00 00,"Heartbeat"
2026-03-09T09:13:45.931002,RX,COM6,0x0205b947,0x2,0x05,0x2e,0x5,7,00 00 00 00 00 00 00 00,"Status frame 5 (new)"
2026-03-09T09:13:45.932993,RX,COM6,0x0205b987,0x2,0x05,0x2e,0x6,7,00 00 ff ff 01 00 00 00,"Status frame 6 (new)"
2026-03-09T09:13:45.947520,RX,COM6,0x0205b807,0x2,0x05,0x2e,0x0,7,00 00 50 0b 00 00 80 00,"Status frame 0 (new)"
2026-03-09T09:13:45.947520,RX,COM6,0x0205b887,0x2,0x05,0x2e,0x2,7,00 00 00 00 00 00 00 00,"Status frame 2 (new)"
2026-03-09T09:13:45.948518,RX,COM6,0x0205b8c7,0x2,0x05,0x2e,0x3,7,3c 00 00 00 61 2f 97 3e,"Status frame 3 (new)"
2026-03-09T09:13:45.948518,RX,COM6,0x0205b907,0x2,0x05,0x2e,0x4,7,00 00 00 00 00 00 00 00,"Status frame 4 (new)"
2026-03-09T09:13:45.950516,RX,COM6,0x0205b947,0x2,0x05,0x2e,0x5,7,00 00 00 00 00 00 00 00,"Status frame 5 (new)"
2026-03-09T09:13:45.951516,HEARTBEAT,COM6,0x01011840,0x1,0x01,0x6,0x1,0,32 62 00 00 00 10 00 00,"Heartbeat"
2026-03-09T09:13:45.952516,RX,COM6,0x0205b987,0x2,0x05,0x2e,0x6,7,00 00 ff ff 01 00 00 00,"Status frame 6 (new)"
2026-03-09T09:13:45.966024,RX,COM6,0x0205b807,0x2,0x05,0x2e,0x0,7,00 00 4b 0b 00 00 80 00,"Status frame 0 (new)"
2026-03-09T09:13:45.966024,RX,COM6,0x0205b887,0x2,0x05,0x2e,0x2,7,00 00 00 00 00 00 00 00,"Status frame 2 (new)"
2026-03-09T09:13:45.968533,RX,COM6,0x0205b8c7,0x2,0x05,0x2e,0x3,7,3c 00 00 00 d9 f4 96 3e,"Status frame 3 (new)"
2026-03-09T09:13:45.968533,RX,COM6,0x0205b907,0x2,0x05,0x2e,0x4,7,00 00 00 00 00 00 00 00,"Status frame 4 (new)"
2026-03-09T09:13:45.970533,HEARTBEAT,COM6,0x01011840,0x1,0x01,0x6,0x1,0,45 62 00 00 00 10 00 00,"Heartbeat"
2026-03-09T09:13:45.970533,RX,COM6,0x0205b947,0x2,0x05,0x2e,0x5,7,00 00 00 00 00 00 00 00,"Status frame 5 (new)"
2026-03-09T09:13:45.972532,RX,COM6,0x0205b987,0x2,0x05,0x2e,0x6,7,00 00 ff ff 01 00 00 00,"Status frame 6 (new)"
2026-03-09T09:13:45.986553,RX,COM6,0x0205b807,0x2,0x05,0x2e,0x0,7,00 00 4d 0b 00 00 80 00,"Status frame 0 (new)"
2026-03-09T09:13:45.986553,RX,COM6,0x0205b887,0x2,0x05,0x2e,0x2,7,00 00 00 00 00 00 00 00,"Status frame 2 (new)"
2026-03-09T09:13:45.989063,RX,COM6,0x0205b8c7,0x2,0x05,0x2e,0x3,7,3a 00 00 00 44 55 92 3e,"Status frame 3 (new)"
2026-03-09T09:13:45.989063,RX,COM6,0x0205b907,0x2,0x05,0x2e,0x4,7,00 00 00 00 00 00 00 00,"Status frame 4 (new)"
2026-03-09T09:13:45.991063,HEARTBEAT,COM6,0x01011840,0x1,0x01,0x6,0x1,0,5a 62 00 00 00 10 00 00,"Heartbeat"
2026-03-09T09:13:45.991063,RX,COM6,0x0205b947,0x2,0x05,0x2e,0x5,7,00 00 00 00 00 00 00 00,"Status frame 5 (new)"
2026-03-09T09:13:45.993064,RX,COM6,0x0205b987,0x2,0x05,0x2e,0x6,7,00 00 ff ff 01 00 00 00,"Status frame 6 (new)"
2026-03-09T09:13:46.006571,RX,COM6,0x0205b807,0x2,0x05,0x2e,0x0,7,00 00 50 0b 00 00 80 00,"Status frame 0 (new)"
2026-03-09T09:13:46.006571,RX,COM6,0x0205b887,0x2,0x05,0x2e,0x2,7,00 00 00 00 00 00 00 00,"Status frame 2 (new)"
2026-03-09T09:13:46.008572,RX,COM6,0x0205b8c7,0x2,0x05,0x2e,0x3,7,39 00 00 00 c2 a9 90 3e,"Status frame 3 (new)"
2026-03-09T09:13:46.008572,RX,COM6,0x0205b907,0x2,0x05,0x2e,0x4,7,00 00 00 00 00 00 00 00,"Status frame 4 (new)"
2026-03-09T09:13:46.010571,RX,COM6,0x0205b947,0x2,0x05,0x2e,0x5,7,00 00 00 00 00 00 00 00,"Status frame 5 (new)"
2026-03-09T09:13:46.011571,HEARTBEAT,COM6,0x01011840,0x1,0x01,0x6,0x1,0,6e 62 00 00 00 10 00 00,"Heartbeat"
2026-03-09T09:13:46.013075,RX,COM6,0x0205b987,0x2,0x05,0x2e,0x6,7,00 00 ff ff 01 00 00 00,"Status frame 6 (new)"
2026-03-09T09:13:46.027080,RX,COM6,0x0205b807,0x2,0x05,0x2e,0x0,7,00 00 4f 0b 00 00 80 00,"Status frame 0 (new)"
2026-03-09T09:13:46.027080,RX,COM6,0x0205b887,0x2,0x05,0x2e,0x2,7,00 00 00 00 00 00 00 00,"Status frame 2 (new)"
2026-03-09T09:13:46.028590,RX,COM6,0x0205b8c7,0x2,0x05,0x2e,0x3,7,3a 00 00 00 53 8d 91 3e,"Status frame 3 (new)"
2026-03-09T09:13:46.028590,RX,COM6,0x0205b907,0x2,0x05,0x2e,0x4,7,00 00 00 00 00 00 00 00,"Status frame 4 (new)"
2026-03-09T09:13:46.030590,HEARTBEAT,COM6,0x01011840,0x1,0x01,0x6,0x1,0,81 62 00 00 00 10 00 00,"Heartbeat"
2026-03-09T09:13:46.030590,RX,COM6,0x0205b947,0x2,0x05,0x2e,0x5,7,00 00 00 00 00 00 00 00,"Status frame 5 (new)"
2026-03-09T09:13:46.032590,RX,COM6,0x0205b987,0x2,0x05,0x2e,0x6,7,00 00 ff ff 01 00 00 00,"Status frame 6 (new)"
2026-03-09T09:13:46.047118,RX,COM6,0x0205b807,0x2,0x05,0x2e,0x0,7,00 00 4d 0b 00 00 80 00,"Status frame 0 (new)"
2026-03-09T09:13:46.047118,RX,COM6,0x0205b887,0x2,0x05,0x2e,0x2,7,00 00 00 00 00 00 00 00,"Status frame 2 (new)"
2026-03-09T09:13:46.048622,RX,COM6,0x0205b8c7,0x2,0x05,0x2e,0x3,7,3a 00 00 00 b8 16 93 3e,"Status frame 3 (new)"
2026-03-09T09:13:46.048622,RX,COM6,0x0205b907,0x2,0x05,0x2e,0x4,7,00 00 00 00 00 00 00 00,"Status frame 4 (new)"
2026-03-09T09:13:46.050626,HEARTBEAT,COM6,0x01011840,0x1,0x01,0x6,0x1,0,95 62 00 00 00 10 00 00,"Heartbeat"
2026-03-09T09:13:46.050626,RX,COM6,0x0205b947,0x2,0x05,0x2e,0x5,7,00 00 00 00 00 00 00 00,"Status frame 5 (new)"
2026-03-09T09:13:46.052626,RX,COM6,0x0205b987,0x2,0x05,0x2e,0x6,7,00 00 ff ff 01 00 00 00,"Status frame 6 (new)"
2026-03-09T09:13:46.067134,RX,COM6,0x0205b807,0x2,0x05,0x2e,0x0,7,00 00 52 0b 00 00 80 00,"Status frame 0 (new)"
2026-03-09T09:13:46.067134,RX,COM6,0x0205b887,0x2,0x05,0x2e,0x2,7,00 00 00 00 00 00 00 00,"Status frame 2 (new)"
2026-03-09T09:13:46.069134,RX,COM6,0x0205b8c7,0x2,0x05,0x2e,0x3,7,3a 00 00 00 d8 db 91 3e,"Status frame 3 (new)"
2026-03-09T09:13:46.069134,RX,COM6,0x0205b907,0x2,0x05,0x2e,0x4,7,00 00 00 00 00 00 00 00,"Status frame 4 (new)"
2026-03-09T09:13:46.071134,RX,COM6,0x0205b947,0x2,0x05,0x2e,0x5,7,00 00 00 00 00 00 00 00,"Status frame 5 (new)"
2026-03-09T09:13:46.071134,HEARTBEAT,COM6,0x01011840,0x1,0x01,0x6,0x1,0,aa 62 00 00 00 10 00 00,"Heartbeat"
2026-03-09T09:13:46.073134,RX,COM6,0x0205b987,0x2,0x05,0x2e,0x6,7,00 00 ff ff 01 00 00 00,"Status frame 6 (new)"
2026-03-09T09:13:46.087150,RX,COM6,0x0205b807,0x2,0x05,0x2e,0x0,7,00 00 54 0b 00 00 80 00,"Status frame 0 (new)"
2026-03-09T09:13:46.087150,RX,COM6,0x0205b887,0x2,0x05,0x2e,0x2,7,00 00 00 00 00 00 00 00,"Status frame 2 (new)"
2026-03-09T09:13:46.089150,RX,COM6,0x0205b8c7,0x2,0x05,0x2e,0x3,7,3a 00 00 00 82 d4 91 3e,"Status frame 3 (new)"
2026-03-09T09:13:46.089150,RX,COM6,0x0205b907,0x2,0x05,0x2e,0x4,7,00 00 00 00 00 00 00 00,"Status frame 4 (new)"
2026-03-09T09:13:46.091150,RX,COM6,0x0205b947,0x2,0x05,0x2e,0x5,7,00 00 00 00 00 00 00 00,"Status frame 5 (new)"
2026-03-09T09:13:46.091150,HEARTBEAT,COM6,0x01011840,0x1,0x01,0x6,0x1,0,be 62 00 00 00 10 00 00,"Heartbeat"
2026-03-09T09:13:46.093150,RX,COM6,0x0205b987,0x2,0x05,0x2e,0x6,7,00 00 ff ff 01 00 00 00,"Status frame 6 (new)"
2026-03-09T09:13:46.107160,RX,COM6,0x0205b807,0x2,0x05,0x2e,0x0,7,00 00 4d 0b 00 00 80 00,"Status frame 0 (new)"
2026-03-09T09:13:46.107160,RX,COM6,0x0205b887,0x2,0x05,0x2e,0x2,7,00 00 00 00 00 00 00 00,"Status frame 2 (new)"
2026-03-09T09:13:46.109160,RX,COM6,0x0205b8c7,0x2,0x05,0x2e,0x3,7,3a 04 00 00 90 3c 92 3e,"Status frame 3 (new)"
2026-03-09T09:13:46.109160,RX,COM6,0x0205b907,0x2,0x05,0x2e,0x4,7,00 00 00 00 00 00 00 00,"Status frame 4 (new)"
2026-03-09T09:13:46.111160,RX,COM6,0x0205b947,0x2,0x05,0x2e,0x5,7,00 00 00 00 00 00 00 00,"Status frame 5 (new)"
2026-03-09T09:13:46.111160,HEARTBEAT,COM6,0x01011840,0x1,0x01,0x6,0x1,0,d2 62 00 00 00 10 00 00,"Heartbeat"
2026-03-09T09:13:46.113162,RX,COM6,0x0205b987,0x2,0x05,0x2e,0x6,7,00 00 ff ff 01 00 00 00,"Status frame 6 (new)"
2026-03-09T09:13:46.117164,RX,COM6,0x0205b847,0x2,0x05,0x2e,0x1,7,00 00 00 24 00 01 00 00,"Status frame 1 (new)"
2026-03-09T09:13:46.127189,RX,COM6,0x0205b807,0x2,0x05,0x2e,0x0,7,00 00 52 0b 00 00 80 00,"Status frame 0 (new)"
2026-03-09T09:13:46.127189,RX,COM6,0x0205b887,0x2,0x05,0x2e,0x2,7,00 00 00 00 00 00 00 00,"Status frame 2 (new)"
2026-03-09T09:13:46.128194,RX,COM6,0x0205b8c7,0x2,0x05,0x2e,0x3,7,3a 04 00 00 a4 e8 91 3e,"Status frame 3 (new)"
2026-03-09T09:13:46.129194,RX,COM6,0x0205b907,0x2,0x05,0x2e,0x4,7,00 00 00 00 00 00 00 00,"Status frame 4 (new)"
2026-03-09T09:13:46.131195,RX,COM6,0x0205b947,0x2,0x05,0x2e,0x5,7,00 00 00 00 00 00 00 00,"Status frame 5 (new)"
2026-03-09T09:13:46.131195,HEARTBEAT,COM6,0x01011840,0x1,0x01,0x6,0x1,0,e6 62 00 00 00 10 00 00,"Heartbeat"
2026-03-09T09:13:46.133194,RX,COM6,0x0205b987,0x2,0x05,0x2e,0x6,7,00 00 ff ff 01 00 00 00,"Status frame 6 (new)"
2026-03-09T09:13:46.146724,RX,COM6,0x0205b807,0x2,0x05,0x2e,0x0,7,00 00 53 0b 00 00 80 00,"Status frame 0 (new)"
2026-03-09T09:13:46.146724,RX,COM6,0x0205b887,0x2,0x05,0x2e,0x2,7,00 00 00 00 00 00 00 00,"Status frame 2 (new)"
2026-03-09T09:13:46.148723,RX,COM6,0x0205b8c7,0x2,0x05,0x2e,0x3,7,3a 04 00 00 a8 33 92 3e,"Status frame 3 (new)"
2026-03-09T09:13:46.148723,RX,COM6,0x0205b907,0x2,0x05,0x2e,0x4,7,00 00 00 00 00 00 00 00,"Status frame 4 (new)"
2026-03-09T09:13:46.150724,RX,COM6,0x0205b947,0x2,0x05,0x2e,0x5,7,00 00 00 00 00 00 00 00,"Status frame 5 (new)"
2026-03-09T09:13:46.151723,HEARTBEAT,COM6,0x01011840,0x1,0x01,0x6,0x1,0,fa 62 00 00 00 10 00 00,"Heartbeat"
2026-03-09T09:13:46.152723,RX,COM6,0x0205b987,0x2,0x05,0x2e,0x6,7,00 00 ff ff 01 00 00 00,"Status frame 6 (new)"
2026-03-09T09:13:46.166762,RX,COM6,0x0205b807,0x2,0x05,0x2e,0x0,7,00 00 51 0b 00 00 80 00,"Status frame 0 (new)"
2026-03-09T09:13:46.166762,RX,COM6,0x0205b887,0x2,0x05,0x2e,0x2,7,00 00 00 00 00 00 00 00,"Status frame 2 (new)"
2026-03-09T09:13:46.168782,RX,COM6,0x0205b8c7,0x2,0x05,0x2e,0x3,7,3a 08 00 00 5b 91 92 3e,"Status frame 3 (new)"
2026-03-09T09:13:46.168782,TX,COM6,0x02053c07,0x2,0x05,0xf,0x0,7,00 00 00 00 00 00 00 00,"TX apiClass=0xf apiIndex=0x0"
2026-03-09T09:13:46.169782,RX,COM6,0x0205b907,0x2,0x05,0x2e,0x4,7,00 00 00 00 00 00 00 00,"Status frame 4 (new)"
2026-03-09T09:13:46.170782,HEARTBEAT,COM6,0x01011840,0x1,0x01,0x6,0x1,0,0d 63 00 00 00 10 00 00,"Heartbeat"
2026-03-09T09:13:46.170782,RX,COM6,0x0205b947,0x2,0x05,0x2e,0x5,7,00 00 00 00 00 00 00 00,"Status frame 5 (new)"
2026-03-09T09:13:46.172783,RX,COM6,0x0205b987,0x2,0x05,0x2e,0x6,7,00 00 ff ff 01 00 00 00,"Status frame 6 (new)"
2026-03-09T09:13:46.186319,RX,COM6,0x0205b807,0x2,0x05,0x2e,0x0,7,00 00 52 0b 00 00 80 00,"Status frame 0 (new)"
2026-03-09T09:13:46.186319,RX,COM6,0x0205b887,0x2,0x05,0x2e,0x2,7,00 00 00 00 00 00 00 00,"Status frame 2 (new)"
2026-03-09T09:13:46.188837,RX,COM6,0x0205b8c7,0x2,0x05,0x2e,0x3,7,3a 04 00 00 c2 f6 91 3e,"Status frame 3 (new)"
2026-03-09T09:13:46.188837,RX,COM6,0x0205b907,0x2,0x05,0x2e,0x4,7,00 00 00 00 00 00 00 00,"Status frame 4 (new)"
2026-03-09T09:13:46.190842,HEARTBEAT,COM6,0x01011840,0x1,0x01,0x6,0x1,0,21 63 00 00 00 10 00 00,"Heartbeat"
2026-03-09T09:13:46.190842,RX,COM6,0x0205b947,0x2,0x05,0x2e,0x5,7,00 00 00 00 00 00 00 00,"Status frame 5 (new)"
2026-03-09T09:13:46.195846,RX,COM6,0x0205b987,0x2,0x05,0x2e,0x6,7,00 00 ff ff 01 00 00 00,"Status frame 6 (new)"
2026-03-09T09:13:46.206362,RX,COM6,0x0205b807,0x2,0x05,0x2e,0x0,7,00 00 20 0b 00 00 80 00,"Status frame 0 (new)"
2026-03-09T09:13:46.206362,RX,COM6,0x0205b887,0x2,0x05,0x2e,0x2,7,00 00 00 00 00 00 00 00,"Status frame 2 (new)"
2026-03-09T09:13:46.209121,RX,COM6,0x0205b8c7,0x2,0x05,0x2e,0x3,7,3a 00 00 00 22 0f 92 3e,"Status frame 3 (new)"
2026-03-09T09:13:46.209121,RX,COM6,0x0205b907,0x2,0x05,0x2e,0x4,7,00 00 00 00 00 00 00 00,"Status frame 4 (new)"
2026-03-09T09:13:46.210878,RX,COM6,0x0205b947,0x2,0x05,0x2e,0x5,7,00 00 00 00 00 00 00 00,"Status frame 5 (new)"
2026-03-09T09:13:46.210878,HEARTBEAT,COM6,0x01011840,0x1,0x01,0x6,0x1,0,36 63 00 00 00 10 00 00,"Heartbeat"
2026-03-09T09:13:46.212879,RX,COM6,0x0205b987,0x2,0x05,0x2e,0x6,7,00 00 ff ff 01 00 00 00,"Status frame 6 (new)"
2026-03-09T09:13:46.226905,RX,COM6,0x0205b807,0x2,0x05,0x2e,0x0,7,00 00 56 0b 00 00 80 00,"Status frame 0 (new)"
2026-03-09T09:13:46.226905,RX,COM6,0x0205b887,0x2,0x05,0x2e,0x2,7,00 00 00 00 00 00 00 00,"Status frame 2 (new)"
2026-03-09T09:13:46.228907,RX,COM6,0x0205b8c7,0x2,0x05,0x2e,0x3,7,3a 00 00 00 17 88 93 3e,"Status frame 3 (new)"
2026-03-09T09:13:46.228907,RX,COM6,0x0205b907,0x2,0x05,0x2e,0x4,7,00 00 00 00 00 00 00 00,"Status frame 4 (new)"
2026-03-09T09:13:46.230409,RX,COM6,0x0205b947,0x2,0x05,0x2e,0x5,7,00 00 00 00 00 00 00 00,"Status frame 5 (new)"
2026-03-09T09:13:46.231412,HEARTBEAT,COM6,0x01011840,0x1,0x01,0x6,0x1,0,4a 63 00 00 00 10 00 00,"Heartbeat"
2026-03-09T09:13:46.232412,RX,COM6,0x0205b987,0x2,0x05,0x2e,0x6,7,00 00 ff ff 01 00 00 00,"Status frame 6 (new)"
2026-03-09T09:13:46.246515,RX,COM6,0x0205b807,0x2,0x05,0x2e,0x0,7,00 00 52 0b 00 00 80 00,"Status frame 0 (new)"
2026-03-09T09:13:46.247519,RX,COM6,0x0205b887,0x2,0x05,0x2e,0x2,7,00 00 00 00 00 00 00 00,"Status frame 2 (new)"
2026-03-09T09:13:46.248531,RX,COM6,0x0205b8c7,0x2,0x05,0x2e,0x3,7,3a 00 00 00 48 49 92 3e,"Status frame 3 (new)"
2026-03-09T09:13:46.248531,RX,COM6,0x0205b907,0x2,0x05,0x2e,0x4,7,00 00 00 00 00 00 00 00,"Status frame 4 (new)"
2026-03-09T09:13:46.251127,RX,COM6,0x0205b947,0x2,0x05,0x2e,0x5,7,00 00 00 00 00 00 00 00,"Status frame 5 (new)"
2026-03-09T09:13:46.251127,HEARTBEAT,COM6,0x01011840,0x1,0x01,0x6,0x1,0,5e 63 00 00 00 10 00 00,"Heartbeat"
2026-03-09T09:13:46.253063,RX,COM6,0x0205b987,0x2,0x05,0x2e,0x6,7,00 00 ff ff 01 00 00 00,"Status frame 6 (new)"
2026-03-09T09:13:46.266722,RX,COM6,0x0205b807,0x2,0x05,0x2e,0x0,7,00 00 53 0b 00 00 80 00,"Status frame 0 (new)"
2026-03-09T09:13:46.266722,RX,COM6,0x0205b887,0x2,0x05,0x2e,0x2,7,00 00 00 00 00 00 00 00,"Status frame 2 (new)"
2026-03-09T09:13:46.268737,RX,COM6,0x0205b8c7,0x2,0x05,0x2e,0x3,7,3a 00 00 00 9a f2 92 3e,"Status frame 3 (new)"
2026-03-09T09:13:46.268737,RX,COM6,0x0205b907,0x2,0x05,0x2e,0x4,7,00 00 00 00 00 00 00 00,"Status frame 4 (new)"
2026-03-09T09:13:46.270793,HEARTBEAT,COM6,0x01011840,0x1,0x01,0x6,0x1,0,72 63 00 00 00 10 00 00,"Heartbeat"
2026-03-09T09:13:46.270793,RX,COM6,0x0205b947,0x2,0x05,0x2e,0x5,7,00 00 00 00 00 00 00 00,"Status frame 5 (new)"
2026-03-09T09:13:46.272790,RX,COM6,0x0205b987,0x2,0x05,0x2e,0x6,7,00 00 ff ff 01 00 00 00,"Status frame 6 (new)"
2026-03-09T09:13:46.287015,RX,COM6,0x0205b807,0x2,0x05,0x2e,0x0,7,00 00 55 0b 00 00 80 00,"Status frame 0 (new)"
2026-03-09T09:13:46.287015,RX,COM6,0x0205b887,0x2,0x05,0x2e,0x2,7,00 00 00 00 00 00 00 00,"Status frame 2 (new)"
2026-03-09T09:13:46.289017,RX,COM6,0x0205b8c7,0x2,0x05,0x2e,0x3,7,3a 00 00 00 07 f6 92 3e,"Status frame 3 (new)"
2026-03-09T09:13:46.289017,RX,COM6,0x0205b907,0x2,0x05,0x2e,0x4,7,00 00 00 00 00 00 00 00,"Status frame 4 (new)"
2026-03-09T09:13:46.291018,RX,COM6,0x0205b947,0x2,0x05,0x2e,0x5,7,00 00 00 00 00 00 00 00,"Status frame 5 (new)"
2026-03-09T09:13:46.291018,HEARTBEAT,COM6,0x01011840,0x1,0x01,0x6,0x1,0,86 63 00 00 00 10 00 00,"Heartbeat"
2026-03-09T09:13:46.293018,RX,COM6,0x0205b987,0x2,0x05,0x2e,0x6,7,00 00 ff ff 01 00 00 00,"Status frame 6 (new)"
2026-03-09T09:13:46.306175,RX,COM6,0x0205b807,0x2,0x05,0x2e,0x0,7,00 00 0d 0b 00 00 80 00,"Status frame 0 (new)"
2026-03-09T09:13:46.307269,RX,COM6,0x0205b887,0x2,0x05,0x2e,0x2,7,00 00 00 00 00 00 00 00,"Status frame 2 (new)"
2026-03-09T09:13:46.308286,RX,COM6,0x0205b8c7,0x2,0x05,0x2e,0x3,7,3a 04 00 00 73 21 93 3e,"Status frame 3 (new)"
2026-03-09T09:13:46.309270,RX,COM6,0x0205b907,0x2,0x05,0x2e,0x4,7,00 00 00 00 00 00 00 00,"Status frame 4 (new)"
2026-03-09T09:13:46.310263,RX,COM6,0x0205b947,0x2,0x05,0x2e,0x5,7,00 00 00 00 00 00 00 00,"Status frame 5 (new)"
2026-03-09T09:13:46.312376,HEARTBEAT,COM6,0x01011840,0x1,0x01,0x6,0x1,0,9b 63 00 00 00 10 00 00,"Heartbeat"
2026-03-09T09:13:46.312376,RX,COM6,0x0205b987,0x2,0x05,0x2e,0x6,7,00 00 ff ff 01 00 00 00,"Status frame 6 (new)"
2026-03-09T09:13:46.326826,RX,COM6,0x0205b807,0x2,0x05,0x2e,0x0,7,00 00 51 0b 00 00 80 00,"Status frame 0 (new)"
2026-03-09T09:13:46.326826,RX,COM6,0x0205b887,0x2,0x05,0x2e,0x2,7,00 00 00 00 00 00 00 00,"Status frame 2 (new)"
2026-03-09T09:13:46.328298,RX,COM6,0x0205b8c7,0x2,0x05,0x2e,0x3,7,3b 00 00 00 0f f8 93 3e,"Status frame 3 (new)"
2026-03-09T09:13:46.329296,RX,COM6,0x0205b907,0x2,0x05,0x2e,0x4,7,00 00 00 00 00 00 00 00,"Status frame 4 (new)"
2026-03-09T09:13:46.330296,RX,COM6,0x0205b947,0x2,0x05,0x2e,0x5,7,00 00 00 00 00 00 00 00,"Status frame 5 (new)"
2026-03-09T09:13:46.332297,HEARTBEAT,COM6,0x01011840,0x1,0x01,0x6,0x1,0,af 63 00 00 00 10 00 00,"Heartbeat"
2026-03-09T09:13:46.332297,RX,COM6,0x0205b987,0x2,0x05,0x2e,0x6,7,00 00 ff ff 01 00 00 00,"Status frame 6 (new)"
2026-03-09T09:13:46.346879,RX,COM6,0x0205b807,0x2,0x05,0x2e,0x0,7,00 00 4d 0b 00 00 80 00,"Status frame 0 (new)"
2026-03-09T09:13:46.346879,RX,COM6,0x0205b887,0x2,0x05,0x2e,0x2,7,00 00 00 00 00 00 00 00,"Status frame 2 (new)"
2026-03-09T09:13:46.348885,RX,COM6,0x0205b8c7,0x2,0x05,0x2e,0x3,7,3a 00 00 00 94 7b 93 3e,"Status frame 3 (new)"
2026-03-09T09:13:46.348885,RX,COM6,0x0205b907,0x2,0x05,0x2e,0x4,7,00 00 00 00 00 00 00 00,"Status frame 4 (new)"
2026-03-09T09:13:46.350890,RX,COM6,0x0205b947,0x2,0x05,0x2e,0x5,7,00 00 00 00 00 00 00 00,"Status frame 5 (new)"
2026-03-09T09:13:46.351886,HEARTBEAT,COM6,0x01011840,0x1,0x01,0x6,0x1,0,c3 63 00 00 00 10 00 00,"Heartbeat"
2026-03-09T09:13:46.352886,RX,COM6,0x0205b987,0x2,0x05,0x2e,0x6,7,00 00 ff ff 01 00 00 00,"Status frame 6 (new)"
2026-03-09T09:13:46.366912,RX,COM6,0x0205b807,0x2,0x05,0x2e,0x0,7,00 00 47 0b 00 00 80 00,"Status frame 0 (new)"
2026-03-09T09:13:46.366912,RX,COM6,0x0205b847,0x2,0x05,0x2e,0x1,7,00 00 00 24 00 01 00 00,"Status frame 1 (new)"
2026-03-09T09:13:46.366912,RX,COM6,0x0205b887,0x2,0x05,0x2e,0x2,7,00 00 00 00 00 00 00 00,"Status frame 2 (new)"
2026-03-09T09:13:46.368916,RX,COM6,0x0205b8c7,0x2,0x05,0x2e,0x3,7,3a 00 00 00 a6 c5 91 3e,"Status frame 3 (new)"
2026-03-09T09:13:46.368916,RX,COM6,0x0205b907,0x2,0x05,0x2e,0x4,7,00 00 00 00 00 00 00 00,"Status frame 4 (new)"
2026-03-09T09:13:46.370915,HEARTBEAT,COM6,0x01011840,0x1,0x01,0x6,0x1,0,d6 63 00 00 00 10 00 00,"Heartbeat"
2026-03-09T09:13:46.370915,RX,COM6,0x0205b947,0x2,0x05,0x2e,0x5,7,00 00 00 00 00 00 00 00,"Status frame 5 (new)"
2026-03-09T09:13:46.372915,RX,COM6,0x0205b987,0x2,0x05,0x2e,0x6,7,00 00 ff ff 01 00 00 00,"Status frame 6 (new)"
2026-03-09T09:13:46.386425,RX,COM6,0x0205b807,0x2,0x05,0x2e,0x0,7,00 00 46 0b 00 00 80 00,"Status frame 0 (new)"
2026-03-09T09:13:46.386425,RX,COM6,0x0205b887,0x2,0x05,0x2e,0x2,7,00 00 00 00 00 00 00 00,"Status frame 2 (new)"
2026-03-09T09:13:46.388937,RX,COM6,0x0205b8c7,0x2,0x05,0x2e,0x3,7,3a 00 00 00 7b 75 92 3e,"Status frame 3 (new)"
2026-03-09T09:13:46.388937,RX,COM6,0x0205b907,0x2,0x05,0x2e,0x4,7,00 00 00 00 00 00 00 00,"Status frame 4 (new)"
2026-03-09T09:13:46.390938,HEARTBEAT,COM6,0x01011840,0x1,0x01,0x6,0x1,0,ea 63 00 00 00 10 00 00,"Heartbeat"
2026-03-09T09:13:46.390938,RX,COM6,0x0205b947,0x2,0x05,0x2e,0x5,7,00 00 00 00 00 00 00 00,"Status frame 5 (new)"
2026-03-09T09:13:46.392936,RX,COM6,0x0205b987,0x2,0x05,0x2e,0x6,7,00 00 ff ff 01 00 00 00,"Status frame 6 (new)"
2026-03-09T09:13:46.406440,RX,COM6,0x0205b807,0x2,0x05,0x2e,0x0,7,00 00 20 0b 00 00 80 00,"Status frame 0 (new)"
2026-03-09T09:13:46.407440,RX,COM6,0x0205b887,0x2,0x05,0x2e,0x2,7,00 00 00 00 00 00 00 00,"Status frame 2 (new)"
2026-03-09T09:13:46.409443,RX,COM6,0x0205b8c7,0x2,0x05,0x2e,0x3,7,3b 00 00 00 6a 5b 94 3e,"Status frame 3 (new)"
2026-03-09T09:13:46.409443,RX,COM6,0x0205b907,0x2,0x05,0x2e,0x4,7,00 00 00 00 00 00 00 00,"Status frame 4 (new)"
2026-03-09T09:13:46.410456,RX,COM6,0x0205b947,0x2,0x05,0x2e,0x5,7,00 00 00 00 00 00 00 00,"Status frame 5 (new)"
2026-03-09T09:13:46.411508,HEARTBEAT,COM6,0x01011840,0x1,0x01,0x6,0x1,0,fe 63 00 00 00 10 00 00,"Heartbeat"
2026-03-09T09:13:46.412976,RX,COM6,0x0205b987,0x2,0x05,0x2e,0x6,7,00 00 ff ff 01 00 00 00,"Status frame 6 (new)"
2026-03-09T09:13:46.426993,RX,COM6,0x0205b887,0x2,0x05,0x2e,0x2,7,00 00 00 00 00 00 00 00,"Status frame 2 (new)"
2026-03-09T09:13:46.426993,RX,COM6,0x0205b807,0x2,0x05,0x2e,0x0,7,00 00 42 0b 00 00 80 00,"Status frame 0 (new)"
2026-03-09T09:13:46.428537,RX,COM6,0x0205b8c7,0x2,0x05,0x2e,0x3,7,3a 00 00 00 65 96 92 3e,"Status frame 3 (new)"
2026-03-09T09:13:46.428537,RX,COM6,0x0205b907,0x2,0x05,0x2e,0x4,7,00 00 00 00 00 00 00 00,"Status frame 4 (new)"
2026-03-09T09:13:46.430537,HEARTBEAT,COM6,0x01011840,0x1,0x01,0x6,0x1,0,11 64 00 00 00 10 00 00,"Heartbeat"
2026-03-09T09:13:46.430537,RX,COM6,0x0205b947,0x2,0x05,0x2e,0x5,7,00 00 00 00 00 00 00 00,"Status frame 5 (new)"
2026-03-09T09:13:46.432537,RX,COM6,0x0205b987,0x2,0x05,0x2e,0x6,7,00 00 ff ff 01 00 00 00,"Status frame 6 (new)"
2026-03-09T09:13:46.447138,RX,COM6,0x0205b807,0x2,0x05,0x2e,0x0,7,00 00 42 0b 00 00 80 00,"Status frame 0 (new)"
2026-03-09T09:13:46.447138,RX,COM6,0x0205b887,0x2,0x05,0x2e,0x2,7,00 00 00 00 00 00 00 00,"Status frame 2 (new)"
2026-03-09T09:13:46.448650,RX,COM6,0x0205b8c7,0x2,0x05,0x2e,0x3,7,3a 00 00 00 3e 81 93 3e,"Status frame 3 (new)"
2026-03-09T09:13:46.448650,RX,COM6,0x0205b907,0x2,0x05,0x2e,0x4,7,00 00 00 00 00 00 00 00,"Status frame 4 (new)"
2026-03-09T09:13:46.450667,HEARTBEAT,COM6,0x01011840,0x1,0x01,0x6,0x1,0,25 64 00 00 00 10 00 00,"Heartbeat"
2026-03-09T09:13:46.450667,RX,COM6,0x0205b947,0x2,0x05,0x2e,0x5,7,00 00 00 00 00 00 00 00,"Status frame 5 (new)"
2026-03-09T09:13:46.452667,RX,COM6,0x0205b987,0x2,0x05,0x2e,0x6,7,00 00 ff ff 01 00 00 00,"Status frame 6 (new)"
2026-03-09T09:13:46.467198,RX,COM6,0x0205b807,0x2,0x05,0x2e,0x0,7,00 00 42 0b 00 00 80 00,"Status frame 0 (new)"
2026-03-09T09:13:46.467198,RX,COM6,0x0205b887,0x2,0x05,0x2e,0x2,7,00 00 00 00 00 00 00 00,"Status frame 2 (new)"
2026-03-09T09:13:46.469198,RX,COM6,0x0205b8c7,0x2,0x05,0x2e,0x3,7,3a 04 00 00 06 ee 92 3e,"Status frame 3 (new)"
2026-03-09T09:13:46.469198,RX,COM6,0x0205b907,0x2,0x05,0x2e,0x4,7,00 00 00 00 00 00 00 00,"Status frame 4 (new)"
2026-03-09T09:13:46.470204,RX,COM6,0x0205b947,0x2,0x05,0x2e,0x5,7,00 00 00 00 00 00 00 00,"Status frame 5 (new)"
2026-03-09T09:13:46.471198,HEARTBEAT,COM6,0x01011840,0x1,0x01,0x6,0x1,0,3a 64 00 00 00 10 00 00,"Heartbeat"
2026-03-09T09:13:46.472199,RX,COM6,0x0205b987,0x2,0x05,0x2e,0x6,7,00 00 ff ff 01 00 00 00,"Status frame 6 (new)"
2026-03-09T09:13:46.486267,RX,COM6,0x0205b807,0x2,0x05,0x2e,0x0,7,00 00 44 0b 00 00 80 00,"Status frame 0 (new)"
2026-03-09T09:13:46.487267,RX,COM6,0x0205b887,0x2,0x05,0x2e,0x2,7,00 00 00 00 00 00 00 00,"Status frame 2 (new)"
2026-03-09T09:13:46.488266,RX,COM6,0x0205b8c7,0x2,0x05,0x2e,0x3,7,39 04 00 00 99 2f 91 3e,"Status frame 3 (new)"
2026-03-09T09:13:46.489267,RX,COM6,0x0205b907,0x2,0x05,0x2e,0x4,7,00 00 00 00 00 00 00 00,"Status frame 4 (new)"
2026-03-09T09:13:46.490266,RX,COM6,0x0205b947,0x2,0x05,0x2e,0x5,7,00 00 00 00 00 00 00 00,"Status frame 5 (new)"
2026-03-09T09:13:46.491267,HEARTBEAT,COM6,0x01011840,0x1,0x01,0x6,0x1,0,4f 64 00 00 00 10 00 00,"Heartbeat"
2026-03-09T09:13:46.492267,RX,COM6,0x0205b987,0x2,0x05,0x2e,0x6,7,00 00 ff ff 01 00 00 00,"Status frame 6 (new)"
2026-03-09T09:13:46.506331,RX,COM6,0x0205b807,0x2,0x05,0x2e,0x0,7,00 00 33 0b 00 00 80 00,"Status frame 0 (new)"
2026-03-09T09:13:46.506331,RX,COM6,0x0205b887,0x2,0x05,0x2e,0x2,7,00 00 00 00 00 00 00 00,"Status frame 2 (new)"
2026-03-09T09:13:46.508325,RX,COM6,0x0205b8c7,0x2,0x05,0x2e,0x3,7,3b 04 00 00 bf cb 94 3e,"Status frame 3 (new)"
2026-03-09T09:13:46.509331,RX,COM6,0x0205b907,0x2,0x05,0x2e,0x4,7,00 00 00 00 00 00 00 00,"Status frame 4 (new)"
2026-03-09T09:13:46.510331,RX,COM6,0x0205b947,0x2,0x05,0x2e,0x5,7,00 00 00 00 00 00 00 00,"Status frame 5 (new)"
2026-03-09T09:13:46.511332,HEARTBEAT,COM6,0x01011840,0x1,0x01,0x6,0x1,0,62 64 00 00 00 10 00 00,"Heartbeat"
2026-03-09T09:13:46.512349,RX,COM6,0x0205b987,0x2,0x05,0x2e,0x6,7,00 00 ff ff 01 00 00 00,"Status frame 6 (new)"
2026-03-09T09:13:46.527404,RX,COM6,0x0205b807,0x2,0x05,0x2e,0x0,7,00 00 43 0b 00 00 80 00,"Status frame 0 (new)"
2026-03-09T09:13:46.527404,RX,COM6,0x0205b887,0x2,0x05,0x2e,0x2,7,00 00 00 00 00 00 00 00,"Status frame 2 (new)"
2026-03-09T09:13:46.528421,RX,COM6,0x0205b8c7,0x2,0x05,0x2e,0x3,7,3a 04 00 00 eb ff 93 3e,"Status frame 3 (new)"
2026-03-09T09:13:46.529431,RX,COM6,0x0205b907,0x2,0x05,0x2e,0x4,7,00 00 00 00 00 00 00 00,"Status frame 4 (new)"
2026-03-09T09:13:46.530421,HEARTBEAT,COM6,0x01011840,0x1,0x01,0x6,0x1,0,75 64 00 00 00 10 00 00,"Heartbeat"
2026-03-09T09:13:46.530421,RX,COM6,0x0205b947,0x2,0x05,0x2e,0x5,7,00 00 00 00 00 00 00 00,"Status frame 5 (new)"
2026-03-09T09:13:46.532421,RX,COM6,0x0205b987,0x2,0x05,0x2e,0x6,7,00 00 ff ff 01 00 00 00,"Status frame 6 (new)"
2026-03-09T09:13:46.546999,RX,COM6,0x0205b807,0x2,0x05,0x2e,0x0,7,00 00 40 0b 00 00 80 00,"Status frame 0 (new)"
2026-03-09T09:13:46.546999,RX,COM6,0x0205b887,0x2,0x05,0x2e,0x2,7,00 00 00 00 00 00 00 00,"Status frame 2 (new)"
2026-03-09T09:13:46.549002,RX,COM6,0x0205b8c7,0x2,0x05,0x2e,0x3,7,3a 00 00 00 c5 9e 93 3e,"Status frame 3 (new)"
2026-03-09T09:13:46.549002,RX,COM6,0x0205b907,0x2,0x05,0x2e,0x4,7,00 00 00 00 00 00 00 00,"Status frame 4 (new)"
2026-03-09T09:13:46.551001,RX,COM6,0x0205b947,0x2,0x05,0x2e,0x5,7,00 00 00 00 00 00 00 00,"Status frame 5 (new)"
2026-03-09T09:13:46.551001,HEARTBEAT,COM6,0x01011840,0x1,0x01,0x6,0x1,0,8a 64 00 00 00 10 00 00,"Heartbeat"
2026-03-09T09:13:46.552993,RX,COM6,0x0205b987,0x2,0x05,0x2e,0x6,7,00 00 ff ff 01 00 00 00,"Status frame 6 (new)"
2026-03-09T09:13:46.567005,RX,COM6,0x0205b807,0x2,0x05,0x2e,0x0,7,00 00 40 0b 00 00 80 00,"Status frame 0 (new)"
2026-03-09T09:13:46.567005,RX,COM6,0x0205b887,0x2,0x05,0x2e,0x2,7,00 00 00 00 00 00 00 00,"Status frame 2 (new)"
2026-03-09T09:13:46.569009,RX,COM6,0x0205b8c7,0x2,0x05,0x2e,0x3,7,3a 00 00 00 71 af 93 3e,"Status frame 3 (new)"
2026-03-09T09:13:46.569009,RX,COM6,0x0205b907,0x2,0x05,0x2e,0x4,7,00 00 00 00 00 00 00 00,"Status frame 4 (new)"
2026-03-09T09:13:46.571009,HEARTBEAT,COM6,0x01011840,0x1,0x01,0x6,0x1,0,9e 64 00 00 00 10 00 00,"Heartbeat"
2026-03-09T09:13:46.571009,RX,COM6,0x0205b947,0x2,0x05,0x2e,0x5,7,00 00 00 00 00 00 00 00,"Status frame 5 (new)"
2026-03-09T09:13:46.573010,RX,COM6,0x0205b987,0x2,0x05,0x2e,0x6,7,00 00 ff ff 01 00 00 00,"Status frame 6 (new)"
2026-03-09T09:13:46.586520,RX,COM6,0x0205b807,0x2,0x05,0x2e,0x0,7,00 00 45 0b 00 00 80 00,"Status frame 0 (new)"
2026-03-09T09:13:46.586520,RX,COM6,0x0205b887,0x2,0x05,0x2e,0x2,7,00 00 00 00 00 00 00 00,"Status frame 2 (new)"
2026-03-09T09:13:46.589030,RX,COM6,0x0205b8c7,0x2,0x05,0x2e,0x3,7,3a 00 00 00 92 8e 93 3e,"Status frame 3 (new)"
2026-03-09T09:13:46.589030,RX,COM6,0x0205b907,0x2,0x05,0x2e,0x4,7,00 00 00 00 00 00 00 00,"Status frame 4 (new)"
2026-03-09T09:13:46.591032,RX,COM6,0x0205b947,0x2,0x05,0x2e,0x5,7,00 00 00 00 00 00 00 00,"Status frame 5 (new)"
2026-03-09T09:13:46.591032,HEARTBEAT,COM6,0x01011840,0x1,0x01,0x6,0x1,0,b2 64 00 00 00 10 00 00,"Heartbeat"
2026-03-09T09:13:46.593033,RX,COM6,0x0205b987,0x2,0x05,0x2e,0x6,7,00 00 ff ff 01 00 00 00,"Status frame 6 (new)"
2026-03-09T09:13:46.606539,RX,COM6,0x0205b807,0x2,0x05,0x2e,0x0,7,00 00 38 0b 00 00 80 00,"Status frame 0 (new)"
2026-03-09T09:13:46.606539,RX,COM6,0x0205b887,0x2,0x05,0x2e,0x2,7,00 00 00 00 00 00 00 00,"Status frame 2 (new)"
2026-03-09T09:13:46.608538,RX,COM6,0x0205b8c7,0x2,0x05,0x2e,0x3,7,3b 00 00 00 6d 0b 94 3e,"Status frame 3 (new)"
2026-03-09T09:13:46.608538,RX,COM6,0x0205b907,0x2,0x05,0x2e,0x4,7,00 00 00 00 00 00 00 00,"Status frame 4 (new)"
2026-03-09T09:13:46.610537,RX,COM6,0x0205b947,0x2,0x05,0x2e,0x5,7,00 00 00 00 00 00 00 00,"Status frame 5 (new)"
2026-03-09T09:13:46.611537,HEARTBEAT,COM6,0x01011840,0x1,0x01,0x6,0x1,0,c6 64 00 00 00 10 00 00,"Heartbeat"
2026-03-09T09:13:46.613040,RX,COM6,0x0205b987,0x2,0x05,0x2e,0x6,7,00 00 ff ff 01 00 00 00,"Status frame 6 (new)"
2026-03-09T09:13:46.617042,RX,COM6,0x0205b847,0x2,0x05,0x2e,0x1,7,00 00 00 24 00 01 00 00,"Status frame 1 (new)"
2026-03-09T09:13:46.627042,RX,COM6,0x0205b807,0x2,0x05,0x2e,0x0,7,00 00 3d 0b 00 00 80 00,"Status frame 0 (new)"
2026-03-09T09:13:46.627042,RX,COM6,0x0205b887,0x2,0x05,0x2e,0x2,7,00 00 00 00 00 00 00 00,"Status frame 2 (new)"
2026-03-09T09:13:46.628546,RX,COM6,0x0205b8c7,0x2,0x05,0x2e,0x3,7,3a 00 00 00 08 29 93 3e,"Status frame 3 (new)"
2026-03-09T09:13:46.628546,RX,COM6,0x0205b907,0x2,0x05,0x2e,0x4,7,00 00 00 00 00 00 00 00,"Status frame 4 (new)"
2026-03-09T09:13:46.630546,HEARTBEAT,COM6,0x01011840,0x1,0x01,0x6,0x1,0,d9 64 00 00 00 10 00 00,"Heartbeat"
2026-03-09T09:13:46.630546,RX,COM6,0x0205b947,0x2,0x05,0x2e,0x5,7,00 00 00 00 00 00 00 00,"Status frame 5 (new)"
2026-03-09T09:13:46.632546,RX,COM6,0x0205b987,0x2,0x05,0x2e,0x6,7,00 00 ff ff 01 00 00 00,"Status frame 6 (new)"
2026-03-09T09:13:46.647058,RX,COM6,0x0205b807,0x2,0x05,0x2e,0x0,7,00 00 41 0b 00 00 80 00,"Status frame 0 (new)"
2026-03-09T09:13:46.647058,RX,COM6,0x0205b887,0x2,0x05,0x2e,0x2,7,00 00 00 00 00 00 00 00,"Status frame 2 (new)"
2026-03-09T09:13:46.648560,RX,COM6,0x0205b8c7,0x2,0x05,0x2e,0x3,7,3b 00 00 00 79 7e 94 3e,"Status frame 3 (new)"
2026-03-09T09:13:46.648560,RX,COM6,0x0205b907,0x2,0x05,0x2e,0x4,7,00 00 00 00 00 00 00 00,"Status frame 4 (new)"
2026-03-09T09:13:46.650562,RX,COM6,0x0205b947,0x2,0x05,0x2e,0x5,7,00 00 00 00 00 00 00 00,"Status frame 5 (new)"
2026-03-09T09:13:46.651562,HEARTBEAT,COM6,0x01011840,0x1,0x01,0x6,0x1,0,ee 64 00 00 00 10 00 00,"Heartbeat"
2026-03-09T09:13:46.652562,RX,COM6,0x0205b987,0x2,0x05,0x2e,0x6,7,00 00 ff ff 01 00 00 00,"Status frame 6 (new)"
2026-03-09T09:13:46.667066,RX,COM6,0x0205b807,0x2,0x05,0x2e,0x0,7,00 00 40 0b 00 00 80 00,"Status frame 0 (new)"
2026-03-09T09:13:46.667066,RX,COM6,0x0205b887,0x2,0x05,0x2e,0x2,7,00 00 00 00 00 00 00 00,"Status frame 2 (new)"
2026-03-09T09:13:46.669066,RX,COM6,0x0205b8c7,0x2,0x05,0x2e,0x3,7,3a 00 00 00 41 aa 92 3e,"Status frame 3 (new)"
2026-03-09T09:13:46.669066,RX,COM6,0x0205b907,0x2,0x05,0x2e,0x4,7,00 00 00 00 00 00 00 00,"Status frame 4 (new)"
2026-03-09T09:13:46.670198,TX,COM6,0x02053c07,0x2,0x05,0xf,0x0,7,02 00 00 00 00 00 00 00,"TX apiClass=0xf apiIndex=0x0"
2026-03-09T09:13:46.671173,RX,COM6,0x0205b947,0x2,0x05,0x2e,0x5,7,00 00 00 00 00 00 00 00,"Status frame 5 (new)"
2026-03-09T09:13:46.672168,HEARTBEAT,COM6,0x01011840,0x1,0x01,0x6,0x1,0,03 65 00 00 00 10 00 00,"Heartbeat"
2026-03-09T09:13:46.673156,RX,COM6,0x0205b987,0x2,0x05,0x2e,0x6,7,00 00 ff ff 01 00 00 00,"Status frame 6 (new)"
2026-03-09T09:13:46.686432,RX,COM6,0x0205b807,0x2,0x05,0x2e,0x0,7,00 00 3c 0b 00 00 80 00,"Status frame 0 (new)"
2026-03-09T09:13:46.686432,RX,COM6,0x0205b887,0x2,0x05,0x2e,0x2,7,00 00 00 00 00 00 00 00,"Status frame 2 (new)"
2026-03-09T09:13:46.688434,RX,COM6,0x0205b8c7,0x2,0x05,0x2e,0x3,7,3b 00 00 00 70 10 94 3e,"Status frame 3 (new)"
2026-03-09T09:13:46.688434,RX,COM6,0x0205b907,0x2,0x05,0x2e,0x4,7,00 00 00 00 00 00 00 00,"Status frame 4 (new)"
2026-03-09T09:13:46.690436,RX,COM6,0x0205b947,0x2,0x05,0x2e,0x5,7,00 00 00 00 00 00 00 00,"Status frame 5 (new)"
2026-03-09T09:13:46.691443,HEARTBEAT,COM6,0x01011840,0x1,0x01,0x6,0x1,0,16 65 00 00 00 10 00 00,"Heartbeat"
2026-03-09T09:13:46.692448,RX,COM6,0x0205b987,0x2,0x05,0x2e,0x6,7,00 00 ff ff 01 00 00 00,"Status frame 6 (new)"
2026-03-09T09:13:46.706721,RX,COM6,0x0205b807,0x2,0x05,0x2e,0x0,7,00 00 43 0b 00 00 80 00,"Status frame 0 (new)"
2026-03-09T09:13:46.706721,RX,COM6,0x0205b887,0x2,0x05,0x2e,0x2,7,00 00 00 00 00 00 00 00,"Status frame 2 (new)"
2026-03-09T09:13:46.708667,RX,COM6,0x0205b8c7,0x2,0x05,0x2e,0x3,7,3b 00 00 00 eb 26 94 3e,"Status frame 3 (new)"
2026-03-09T09:13:46.708667,RX,COM6,0x0205b907,0x2,0x05,0x2e,0x4,7,00 00 00 00 00 00 00 00,"Status frame 4 (new)"
2026-03-09T09:13:46.710656,HEARTBEAT,COM6,0x01011840,0x1,0x01,0x6,0x1,0,29 65 00 00 00 10 00 00,"Heartbeat"
2026-03-09T09:13:46.710656,RX,COM6,0x0205b947,0x2,0x05,0x2e,0x5,7,00 00 00 00 00 00 00 00,"Status frame 5 (new)"
2026-03-09T09:13:46.712672,RX,COM6,0x0205b987,0x2,0x05,0x2e,0x6,7,00 00 ff ff 01 00 00 00,"Status frame 6 (new)"
2026-03-09T09:13:46.726733,RX,COM6,0x0205b807,0x2,0x05,0x2e,0x0,7,00 00 3c 0b 00 00 80 00,"Status frame 0 (new)"
2026-03-09T09:13:46.726733,RX,COM6,0x0205b887,0x2,0x05,0x2e,0x2,7,00 00 00 00 00 00 00 00,"Status frame 2 (new)"
2026-03-09T09:13:46.728761,RX,COM6,0x0205b8c7,0x2,0x05,0x2e,0x3,7,3a 00 00 00 3a 5d 93 3e,"Status frame 3 (new)"
2026-03-09T09:13:46.728761,RX,COM6,0x0205b907,0x2,0x05,0x2e,0x4,7,00 00 00 00 00 00 00 00,"Status frame 4 (new)"
2026-03-09T09:13:46.730741,HEARTBEAT,COM6,0x01011840,0x1,0x01,0x6,0x1,0,3d 65 00 00 00 10 00 00,"Heartbeat"
2026-03-09T09:13:46.730741,RX,COM6,0x0205b947,0x2,0x05,0x2e,0x5,7,00 00 00 00 00 00 00 00,"Status frame 5 (new)"
2026-03-09T09:13:46.732755,RX,COM6,0x0205b987,0x2,0x05,0x2e,0x6,7,00 00 ff ff 01 00 00 00,"Status frame 6 (new)"
2026-03-09T09:13:46.747386,RX,COM6,0x0205b807,0x2,0x05,0x2e,0x0,7,00 00 40 0b 00 00 80 00,"Status frame 0 (new)"
2026-03-09T09:13:46.747386,RX,COM6,0x0205b887,0x2,0x05,0x2e,0x2,7,00 00 00 00 00 00 00 00,"Status frame 2 (new)"
2026-03-09T09:13:46.748400,RX,COM6,0x0205b8c7,0x2,0x05,0x2e,0x3,7,3a 00 00 00 fe 76 93 3e,"Status frame 3 (new)"
2026-03-09T09:13:46.748400,RX,COM6,0x0205b907,0x2,0x05,0x2e,0x4,7,00 00 00 00 00 00 00 00,"Status frame 4 (new)"
2026-03-09T09:13:46.750398,RX,COM6,0x0205b947,0x2,0x05,0x2e,0x5,7,00 00 00 00 00 00 00 00,"Status frame 5 (new)"
2026-03-09T09:13:46.751398,HEARTBEAT,COM6,0x01011840,0x1,0x01,0x6,0x1,0,52 65 00 00 00 10 00 00,"Heartbeat"
2026-03-09T09:13:46.752398,RX,COM6,0x0205b987,0x2,0x05,0x2e,0x6,7,00 00 ff ff 01 00 00 00,"Status frame 6 (new)"
2026-03-09T09:13:46.766901,RX,COM6,0x0205b807,0x2,0x05,0x2e,0x0,7,00 00 3f 0b 00 00 80 00,"Status frame 0 (new)"
2026-03-09T09:13:46.766901,RX,COM6,0x0205b887,0x2,0x05,0x2e,0x2,7,00 00 00 00 00 00 00 00,"Status frame 2 (new)"
2026-03-09T09:13:46.768404,RX,COM6,0x0205b8c7,0x2,0x05,0x2e,0x3,7,3b 00 00 00 28 1d 94 3e,"Status frame 3 (new)"
2026-03-09T09:13:46.768404,RX,COM6,0x0205b907,0x2,0x05,0x2e,0x4,7,00 00 00 00 00 00 00 00,"Status frame 4 (new)"
2026-03-09T09:13:46.770406,RX,COM6,0x0205b947,0x2,0x05,0x2e,0x5,7,00 00 00 00 00 00 00 00,"Status frame 5 (new)"
2026-03-09T09:13:46.771407,HEARTBEAT,COM6,0x01011840,0x1,0x01,0x6,0x1,0,66 65 00 00 00 10 00 00,"Heartbeat"
2026-03-09T09:13:46.772407,RX,COM6,0x0205b987,0x2,0x05,0x2e,0x6,7,00 00 ff ff 01 00 00 00,"Status frame 6 (new)"
2026-03-09T09:13:46.785978,RX,COM6,0x0205b807,0x2,0x05,0x2e,0x0,7,00 00 40 0b 00 00 80 00,"Status frame 0 (new)"
2026-03-09T09:13:46.785978,RX,COM6,0x0205b887,0x2,0x05,0x2e,0x2,7,00 00 00 00 00 00 00 00,"Status frame 2 (new)"
2026-03-09T09:13:46.788482,RX,COM6,0x0205b8c7,0x2,0x05,0x2e,0x3,7,3a 00 00 00 f0 fa 92 3e,"Status frame 3 (new)"
2026-03-09T09:13:46.788482,RX,COM6,0x0205b907,0x2,0x05,0x2e,0x4,7,00 00 00 00 00 00 00 00,"Status frame 4 (new)"
2026-03-09T09:13:46.790482,RX,COM6,0x0205b947,0x2,0x05,0x2e,0x5,7,00 00 00 00 00 00 00 00,"Status frame 5 (new)"
2026-03-09T09:13:46.791482,HEARTBEAT,COM6,0x01011840,0x1,0x01,0x6,0x1,0,7a 65 00 00 00 10 00 00,"Heartbeat"
2026-03-09T09:13:46.793493,RX,COM6,0x0205b987,0x2,0x05,0x2e,0x6,7,00 00 ff ff 01 00 00 00,"Status frame 6 (new)"
2026-03-09T09:13:46.806985,RX,COM6,0x0205b807,0x2,0x05,0x2e,0x0,7,00 00 3d 0b 00 00 80 00,"Status frame 0 (new)"
2026-03-09T09:13:46.806985,RX,COM6,0x0205b887,0x2,0x05,0x2e,0x2,7,00 00 00 00 00 00 00 00,"Status frame 2 (new)"
2026-03-09T09:13:46.809986,RX,COM6,0x0205b8c7,0x2,0x05,0x2e,0x3,7,3b 04 00 00 b8 fb 93 3e,"Status frame 3 (new)"
2026-03-09T09:13:46.809986,RX,COM6,0x0205b907,0x2,0x05,0x2e,0x4,7,00 00 00 00 00 00 00 00,"Status frame 4 (new)"
2026-03-09T09:13:46.810986,HEARTBEAT,COM6,0x01011840,0x1,0x01,0x6,0x1,0,8e 65 00 00 00 10 00 00,"Heartbeat"
2026-03-09T09:13:46.810986,RX,COM6,0x0205b947,0x2,0x05,0x2e,0x5,7,00 00 00 00 00 00 00 00,"Status frame 5 (new)"
2026-03-09T09:13:46.811986,RX,COM6,0x0205b987,0x2,0x05,0x2e,0x6,7,00 00 ff ff 01 00 00 00,"Status frame 6 (new)"
2026-03-09T09:13:46.826992,RX,COM6,0x0205b807,0x2,0x05,0x2e,0x0,7,00 00 3c 0b 00 00 80 00,"Status frame 0 (new)"
2026-03-09T09:13:46.826992,RX,COM6,0x0205b887,0x2,0x05,0x2e,0x2,7,00 00 00 00 00 00 00 00,"Status frame 2 (new)"
2026-03-09T09:13:46.828995,RX,COM6,0x0205b8c7,0x2,0x05,0x2e,0x3,7,3b 04 00 00 f4 f4 93 3e,"Status frame 3 (new)"
2026-03-09T09:13:46.828995,RX,COM6,0x0205b907,0x2,0x05,0x2e,0x4,7,00 00 00 00 00 00 00 00,"Status frame 4 (new)"
2026-03-09T09:13:46.830995,RX,COM6,0x0205b947,0x2,0x05,0x2e,0x5,7,00 00 00 00 00 00 00 00,"Status frame 5 (new)"
2026-03-09T09:13:46.830995,HEARTBEAT,COM6,0x01011840,0x1,0x01,0x6,0x1,0,a2 65 00 00 00 10 00 00,"Heartbeat"
2026-03-09T09:13:46.832996,RX,COM6,0x0205b987,0x2,0x05,0x2e,0x6,7,00 00 ff ff 01 00 00 00,"Status frame 6 (new)"
2026-03-09T09:13:46.846755,RX,COM6,0x0205b807,0x2,0x05,0x2e,0x0,7,00 00 31 0b 00 00 80 00,"Status frame 0 (new)"
2026-03-09T09:13:46.846755,RX,COM6,0x0205b887,0x2,0x05,0x2e,0x2,7,00 00 00 00 00 00 00 00,"Status frame 2 (new)"
2026-03-09T09:13:46.848755,RX,COM6,0x0205b8c7,0x2,0x05,0x2e,0x3,7,3a 00 00 00 28 1d 93 3e,"Status frame 3 (new)"
2026-03-09T09:13:46.848755,RX,COM6,0x0205b907,0x2,0x05,0x2e,0x4,7,00 00 00 00 00 00 00 00,"Status frame 4 (new)"
2026-03-09T09:13:46.850263,RX,COM6,0x0205b947,0x2,0x05,0x2e,0x5,7,00 00 00 00 00 00 00 00,"Status frame 5 (new)"
2026-03-09T09:13:46.851265,HEARTBEAT,COM6,0x01011840,0x1,0x01,0x6,0x1,0,b6 65 00 00 00 10 00 00,"Heartbeat"
2026-03-09T09:13:46.852262,RX,COM6,0x0205b987,0x2,0x05,0x2e,0x6,7,00 00 ff ff 01 00 00 00,"Status frame 6 (new)"
2026-03-09T09:13:46.866773,RX,COM6,0x0205b807,0x2,0x05,0x2e,0x0,7,00 00 3d 0b 00 00 80 00,"Status frame 0 (new)"
2026-03-09T09:13:46.866773,RX,COM6,0x0205b847,0x2,0x05,0x2e,0x1,7,00 00 00 24 00 01 00 00,"Status frame 1 (new)"
2026-03-09T09:13:46.866773,RX,COM6,0x0205b887,0x2,0x05,0x2e,0x2,7,00 00 00 00 00 00 00 00,"Status frame 2 (new)"
2026-03-09T09:13:46.868773,RX,COM6,0x0205b8c7,0x2,0x05,0x2e,0x3,7,3b 00 00 00 23 1f 94 3e,"Status frame 3 (new)"
2026-03-09T09:13:46.868773,RX,COM6,0x0205b907,0x2,0x05,0x2e,0x4,7,00 00 00 00 00 00 00 00,"Status frame 4 (new)"
2026-03-09T09:13:46.868773,RX,COM6,0x0205bc07,0x2,0x05,0x2f,0x0,7,12 e2 2e be 00 00 00 00,"DATA apiClass=0x2f apiIndex=0x0"
2026-03-09T09:13:46.870846,RX,COM6,0x0205b947,0x2,0x05,0x2e,0x5,7,00 00 00 00 00 00 00 00,"Status frame 5 (new)"
2026-03-09T09:13:46.871816,HEARTBEAT,COM6,0x01011840,0x1,0x01,0x6,0x1,0,ca 65 00 00 00 10 00 00,"Heartbeat"
2026-03-09T09:13:46.872843,RX,COM6,0x0205b987,0x2,0x05,0x2e,0x6,7,00 00 ff ff 01 00 00 00,"Status frame 6 (new)"
2026-03-09T09:13:46.886913,RX,COM6,0x0205b807,0x2,0x05,0x2e,0x0,7,00 00 3f 0b 00 00 80 00,"Status frame 0 (new)"
2026-03-09T09:13:46.886913,RX,COM6,0x0205b887,0x2,0x05,0x2e,0x2,7,00 00 00 00 00 00 00 00,"Status frame 2 (new)"
2026-03-09T09:13:46.888913,RX,COM6,0x0205b8c7,0x2,0x05,0x2e,0x3,7,3a 00 00 00 6c ee 92 3e,"Status frame 3 (new)"
2026-03-09T09:13:46.888913,RX,COM6,0x0205b907,0x2,0x05,0x2e,0x4,7,00 00 00 00 00 00 00 00,"Status frame 4 (new)"
2026-03-09T09:13:46.890914,HEARTBEAT,COM6,0x01011840,0x1,0x01,0x6,0x1,0,de 65 00 00 00 10 00 00,"Heartbeat"
2026-03-09T09:13:46.890914,RX,COM6,0x0205b947,0x2,0x05,0x2e,0x5,7,00 00 00 00 00 00 00 00,"Status frame 5 (new)"
2026-03-09T09:13:46.892914,RX,COM6,0x0205b987,0x2,0x05,0x2e,0x6,7,00 00 ff ff 01 00 00 00,"Status frame 6 (new)"
2026-03-09T09:13:46.906980,RX,COM6,0x0205b807,0x2,0x05,0x2e,0x0,7,00 00 3c 0b 00 00 80 00,"Status frame 0 (new)"
2026-03-09T09:13:46.906980,RX,COM6,0x0205b887,0x2,0x05,0x2e,0x2,7,00 00 00 00 00 00 00 00,"Status frame 2 (new)"
2026-03-09T09:13:46.908980,RX,COM6,0x0205b8c7,0x2,0x05,0x2e,0x3,7,3b 00 00 00 2c 6e 94 3e,"Status frame 3 (new)"
2026-03-09T09:13:46.908980,RX,COM6,0x0205b907,0x2,0x05,0x2e,0x4,7,00 00 00 00 00 00 00 00,"Status frame 4 (new)"
2026-03-09T09:13:46.910984,HEARTBEAT,COM6,0x01011840,0x1,0x01,0x6,0x1,0,f2 65 00 00 00 10 00 00,"Heartbeat"
2026-03-09T09:13:46.910984,RX,COM6,0x0205b947,0x2,0x05,0x2e,0x5,7,00 00 00 00 00 00 00 00,"Status frame 5 (new)"
2026-03-09T09:13:46.912987,RX,COM6,0x0205b987,0x2,0x05,0x2e,0x6,7,00 00 ff ff 01 00 00 00,"Status frame 6 (new)"
2026-03-09T09:13:46.927001,RX,COM6,0x0205b807,0x2,0x05,0x2e,0x0,7,00 00 40 0b 00 00 80 00,"Status frame 0 (new)"
2026-03-09T09:13:46.927001,RX,COM6,0x0205b887,0x2,0x05,0x2e,0x2,7,00 00 00 00 00 00 00 00,"Status frame 2 (new)"
2026-03-09T09:13:46.929006,RX,COM6,0x0205b8c7,0x2,0x05,0x2e,0x3,7,3a 00 00 00 5d 9a 92 3e,"Status frame 3 (new)"
2026-03-09T09:13:46.929006,RX,COM6,0x0205b907,0x2,0x05,0x2e,0x4,7,00 00 00 00 00 00 00 00,"Status frame 4 (new)"
2026-03-09T09:13:46.931007,HEARTBEAT,COM6,0x01011840,0x1,0x01,0x6,0x1,0,06 66 00 00 00 10 00 00,"Heartbeat"
2026-03-09T09:13:46.931007,RX,COM6,0x0205b947,0x2,0x05,0x2e,0x5,7,00 00 00 00 00 00 00 00,"Status frame 5 (new)"
2026-03-09T09:13:46.933006,RX,COM6,0x0205b987,0x2,0x05,0x2e,0x6,7,00 00 ff ff 01 00 00 00,"Status frame 6 (new)"
2026-03-09T09:13:46.947025,RX,COM6,0x0205b807,0x2,0x05,0x2e,0x0,7,00 00 09 0b 00 00 80 00,"Status frame 0 (new)"
2026-03-09T09:13:46.947025,RX,COM6,0x0205b887,0x2,0x05,0x2e,0x2,7,00 00 00 00 00 00 00 00,"Status frame 2 (new)"
2026-03-09T09:13:46.949025,RX,COM6,0x0205b8c7,0x2,0x05,0x2e,0x3,7,3b 00 00 00 69 c5 94 3e,"Status frame 3 (new)"
2026-03-09T09:13:46.949025,RX,COM6,0x0205b907,0x2,0x05,0x2e,0x4,7,00 00 00 00 00 00 00 00,"Status frame 4 (new)"
2026-03-09T09:13:46.951025,RX,COM6,0x0205b947,0x2,0x05,0x2e,0x5,7,00 00 00 00 00 00 00 00,"Status frame 5 (new)"
2026-03-09T09:13:46.951025,HEARTBEAT,COM6,0x01011840,0x1,0x01,0x6,0x1,0,1a 66 00 00 00 10 00 00,"Heartbeat"
2026-03-09T09:13:46.953025,RX,COM6,0x0205b987,0x2,0x05,0x2e,0x6,7,00 00 ff ff 01 00 00 00,"Status frame 6 (new)"
2026-03-09T09:13:46.967041,RX,COM6,0x0205b807,0x2,0x05,0x2e,0x0,7,00 00 3b 0b 00 00 80 00,"Status frame 0 (new)"
2026-03-09T09:13:46.967041,RX,COM6,0x0205b887,0x2,0x05,0x2e,0x2,7,00 00 00 00 00 00 00 00,"Status frame 2 (new)"
2026-03-09T09:13:46.969040,RX,COM6,0x0205b8c7,0x2,0x05,0x2e,0x3,7,3a 00 00 00 0b 8e 92 3e,"Status frame 3 (new)"
2026-03-09T09:13:46.969040,RX,COM6,0x0205b907,0x2,0x05,0x2e,0x4,7,00 00 00 00 00 00 00 00,"Status frame 4 (new)"
2026-03-09T09:13:46.971041,RX,COM6,0x0205b947,0x2,0x05,0x2e,0x5,7,00 00 00 00 00 00 00 00,"Status frame 5 (new)"
2026-03-09T09:13:46.971041,HEARTBEAT,COM6,0x01011840,0x1,0x01,0x6,0x1,0,2e 66 00 00 00 10 00 00,"Heartbeat"
2026-03-09T09:13:46.973042,RX,COM6,0x0205b987,0x2,0x05,0x2e,0x6,7,00 00 ff ff 01 00 00 00,"Status frame 6 (new)"
2026-03-09T09:13:46.987058,RX,COM6,0x0205b807,0x2,0x05,0x2e,0x0,7,00 00 43 0b 00 00 80 00,"Status frame 0 (new)"
2026-03-09T09:13:46.987058,RX,COM6,0x0205b887,0x2,0x05,0x2e,0x2,7,00 00 00 00 00 00 00 00,"Status frame 2 (new)"
2026-03-09T09:13:46.989060,RX,COM6,0x0205b8c7,0x2,0x05,0x2e,0x3,7,3b 00 00 00 55 a5 94 3e,"Status frame 3 (new)"
2026-03-09T09:13:46.989060,RX,COM6,0x0205b907,0x2,0x05,0x2e,0x4,7,00 00 00 00 00 00 00 00,"Status frame 4 (new)"
2026-03-09T09:13:46.991061,RX,COM6,0x0205b947,0x2,0x05,0x2e,0x5,7,00 00 00 00 00 00 00 00,"Status frame 5 (new)"
2026-03-09T09:13:46.991061,HEARTBEAT,COM6,0x01011840,0x1,0x01,0x6,0x1,0,42 66 00 00 00 10 00 00,"Heartbeat"
2026-03-09T09:13:46.993061,RX,COM6,0x0205b987,0x2,0x05,0x2e,0x6,7,00 00 ff ff 01 00 00 00,"Status frame 6 (new)"
2026-03-09T09:13:47.006070,RX,COM6,0x0205b807,0x2,0x05,0x2e,0x0,7,00 00 42 0b 00 00 80 00,"Status frame 0 (new)"
2026-03-09T09:13:47.006070,RX,COM6,0x0205b887,0x2,0x05,0x2e,0x2,7,00 00 00 00 00 00 00 00,"Status frame 2 (new)"
2026-03-09T09:13:47.008575,RX,COM6,0x0205b8c7,0x2,0x05,0x2e,0x3,7,3b 04 00 00 d5 89 95 3e,"Status frame 3 (new)"
2026-03-09T09:13:47.008575,RX,COM6,0x0205b907,0x2,0x05,0x2e,0x4,7,00 00 00 00 00 00 00 00,"Status frame 4 (new)"
2026-03-09T09:13:47.010575,RX,COM6,0x0205b947,0x2,0x05,0x2e,0x5,7,00 00 00 00 00 00 00 00,"Status frame 5 (new)"
2026-03-09T09:13:47.011575,HEARTBEAT,COM6,0x01011840,0x1,0x01,0x6,0x1,0,56 66 00 00 00 10 00 00,"Heartbeat"
2026-03-09T09:13:47.012575,RX,COM6,0x0205b987,0x2,0x05,0x2e,0x6,7,00 00 ff ff 01 00 00 00,"Status frame 6 (new)"
2026-03-09T09:13:47.027078,RX,COM6,0x0205b807,0x2,0x05,0x2e,0x0,7,00 00 42 0b 00 00 80 00,"Status frame 0 (new)"
2026-03-09T09:13:47.027078,RX,COM6,0x0205b887,0x2,0x05,0x2e,0x2,7,00 00 00 00 00 00 00 00,"Status frame 2 (new)"
2026-03-09T09:13:47.028689,RX,COM6,0x0205b8c7,0x2,0x05,0x2e,0x3,7,3a 00 00 00 ba 79 93 3e,"Status frame 3 (new)"
2026-03-09T09:13:47.028689,RX,COM6,0x0205b907,0x2,0x05,0x2e,0x4,7,00 00 00 00 00 00 00 00,"Status frame 4 (new)"
2026-03-09T09:13:47.030584,HEARTBEAT,COM6,0x01011840,0x1,0x01,0x6,0x1,0,69 66 00 00 00 10 00 00,"Heartbeat"
2026-03-09T09:13:47.030584,RX,COM6,0x0205b947,0x2,0x05,0x2e,0x5,7,00 00 00 00 00 00 00 00,"Status frame 5 (new)"
2026-03-09T09:13:47.032584,RX,COM6,0x0205b987,0x2,0x05,0x2e,0x6,7,00 00 ff ff 01 00 00 00,"Status frame 6 (new)"
2026-03-09T09:13:47.047118,RX,COM6,0x0205b807,0x2,0x05,0x2e,0x0,7,00 00 02 0b 00 00 80 00,"Status frame 0 (new)"
2026-03-09T09:13:47.047118,RX,COM6,0x0205b887,0x2,0x05,0x2e,0x2,7,00 00 00 00 00 00 00 00,"Status frame 2 (new)"
2026-03-09T09:13:47.049121,RX,COM6,0x0205b8c7,0x2,0x05,0x2e,0x3,7,3b 00 00 00 6a 2d 94 3e,"Status frame 3 (new)"
2026-03-09T09:13:47.049121,RX,COM6,0x0205b907,0x2,0x05,0x2e,0x4,7,00 00 00 00 00 00 00 00,"Status frame 4 (new)"
2026-03-09T09:13:47.051120,RX,COM6,0x0205b947,0x2,0x05,0x2e,0x5,7,00 00 00 00 00 00 00 00,"Status frame 5 (new)"
2026-03-09T09:13:47.051120,HEARTBEAT,COM6,0x01011840,0x1,0x01,0x6,0x1,0,7e 66 00 00 00 10 00 00,"Heartbeat"
2026-03-09T09:13:47.052229,RX,COM6,0x0205b987,0x2,0x05,0x2e,0x6,7,00 00 ff ff 01 00 00 00,"Status frame 6 (new)"
2026-03-09T09:13:47.066625,RX,COM6,0x0205b807,0x2,0x05,0x2e,0x0,7,00 00 3f 0b 00 00 80 00,"Status frame 0 (new)"
2026-03-09T09:13:47.066625,RX,COM6,0x0205b887,0x2,0x05,0x2e,0x2,7,00 00 00 00 00 00 00 00,"Status frame 2 (new)"
2026-03-09T09:13:47.069669,RX,COM6,0x0205b8c7,0x2,0x05,0x2e,0x3,7,3b 00 00 00 b2 26 94 3e,"Status frame 3 (new)"
2026-03-09T09:13:47.069669,RX,COM6,0x0205b907,0x2,0x05,0x2e,0x4,7,00 00 00 00 00 00 00 00,"Status frame 4 (new)"
2026-03-09T09:13:47.070628,RX,COM6,0x0205b947,0x2,0x05,0x2e,0x5,7,00 00 00 00 00 00 00 00,"Status frame 5 (new)"
2026-03-09T09:13:47.071701,HEARTBEAT,COM6,0x01011840,0x1,0x01,0x6,0x1,0,92 66 00 00 00 10 00 00,"Heartbeat"
2026-03-09T09:13:47.071701,RX,COM6,0x0205b987,0x2,0x05,0x2e,0x6,7,00 00 ff ff 01 00 00 00,"Status frame 6 (new)"
2026-03-09T09:13:47.086701,RX,COM6,0x0205b807,0x2,0x05,0x2e,0x0,7,00 00 3f 0b 00 00 80 00,"Status frame 0 (new)"
2026-03-09T09:13:47.086701,RX,COM6,0x0205b887,0x2,0x05,0x2e,0x2,7,00 00 00 00 00 00 00 00,"Status frame 2 (new)"
2026-03-09T09:13:47.088701,RX,COM6,0x0205b8c7,0x2,0x05,0x2e,0x3,7,3a 00 00 00 25 c6 93 3e,"Status frame 3 (new)"
2026-03-09T09:13:47.088701,RX,COM6,0x0205b907,0x2,0x05,0x2e,0x4,7,00 00 00 00 00 00 00 00,"Status frame 4 (new)"
2026-03-09T09:13:47.090702,HEARTBEAT,COM6,0x01011840,0x1,0x01,0x6,0x1,0,a5 66 00 00 00 10 00 00,"Heartbeat"
2026-03-09T09:13:47.090702,RX,COM6,0x0205b947,0x2,0x05,0x2e,0x5,7,00 00 00 00 00 00 00 00,"Status frame 5 (new)"
2026-03-09T09:13:47.091702,RX,COM6,0x0205b987,0x2,0x05,0x2e,0x6,7,00 00 ff ff 01 00 00 00,"Status frame 6 (new)"
2026-03-09T09:13:47.106726,RX,COM6,0x0205b887,0x2,0x05,0x2e,0x2,7,00 00 00 00 00 00 00 00,"Status frame 2 (new)"
2026-03-09T09:13:47.106726,RX,COM6,0x0205b807,0x2,0x05,0x2e,0x0,7,00 00 3e 0b 00 00 80 00,"Status frame 0 (new)"
2026-03-09T09:13:47.108726,RX,COM6,0x0205b8c7,0x2,0x05,0x2e,0x3,7,3a 00 00 00 be 0d 93 3e,"Status frame 3 (new)"
2026-03-09T09:13:47.108726,RX,COM6,0x0205b907,0x2,0x05,0x2e,0x4,7,00 00 00 00 00 00 00 00,"Status frame 4 (new)"
2026-03-09T09:13:47.110726,HEARTBEAT,COM6,0x01011840,0x1,0x01,0x6,0x1,0,b9 66 00 00 00 10 00 00,"Heartbeat"
2026-03-09T09:13:47.110726,RX,COM6,0x0205b947,0x2,0x05,0x2e,0x5,7,00 00 00 00 00 00 00 00,"Status frame 5 (new)"
2026-03-09T09:13:47.112731,RX,COM6,0x0205b987,0x2,0x05,0x2e,0x6,7,00 00 ff ff 01 00 00 00,"Status frame 6 (new)"
2026-03-09T09:13:47.116731,RX,COM6,0x0205b847,0x2,0x05,0x2e,0x1,7,00 00 00 24 00 01 00 00,"Status frame 1 (new)"
2026-03-09T09:13:47.126240,RX,COM6,0x0205b807,0x2,0x05,0x2e,0x0,7,00 00 3f 0b 00 00 80 00,"Status frame 0 (new)"
2026-03-09T09:13:47.127240,RX,COM6,0x0205b887,0x2,0x05,0x2e,0x2,7,00 00 00 00 00 00 00 00,"Status frame 2 (new)"
2026-03-09T09:13:47.128752,RX,COM6,0x0205b8c7,0x2,0x05,0x2e,0x3,7,3a 00 00 00 05 8c 93 3e,"Status frame 3 (new)"
2026-03-09T09:13:47.128752,RX,COM6,0x0205b907,0x2,0x05,0x2e,0x4,7,00 00 00 00 00 00 00 00,"Status frame 4 (new)"
2026-03-09T09:13:47.130752,HEARTBEAT,COM6,0x01011840,0x1,0x01,0x6,0x1,0,cd 66 00 00 00 10 00 00,"Heartbeat"
2026-03-09T09:13:47.130752,RX,COM6,0x0205b947,0x2,0x05,0x2e,0x5,7,00 00 00 00 00 00 00 00,"Status frame 5 (new)"
2026-03-09T09:13:47.132752,RX,COM6,0x0205b987,0x2,0x05,0x2e,0x6,7,00 00 ff ff 01 00 00 00,"Status frame 6 (new)"
2026-03-09T09:13:47.146823,RX,COM6,0x0205b807,0x2,0x05,0x2e,0x0,7,00 00 21 0b 00 00 80 00,"Status frame 0 (new)"
2026-03-09T09:13:47.146823,RX,COM6,0x0205b887,0x2,0x05,0x2e,0x2,7,00 00 00 00 00 00 00 00,"Status frame 2 (new)"
2026-03-09T09:13:47.148825,RX,COM6,0x0205b8c7,0x2,0x05,0x2e,0x3,7,3b 00 00 00 e3 fb 94 3e,"Status frame 3 (new)"
2026-03-09T09:13:47.148825,RX,COM6,0x0205b907,0x2,0x05,0x2e,0x4,7,00 00 00 00 00 00 00 00,"Status frame 4 (new)"
2026-03-09T09:13:47.150822,HEARTBEAT,COM6,0x01011840,0x1,0x01,0x6,0x1,0,e1 66 00 00 00 10 00 00,"Heartbeat"
2026-03-09T09:13:47.150822,RX,COM6,0x0205b947,0x2,0x05,0x2e,0x5,7,00 00 00 00 00 00 00 00,"Status frame 5 (new)"
2026-03-09T09:13:47.152822,RX,COM6,0x0205b987,0x2,0x05,0x2e,0x6,7,00 00 ff ff 01 00 00 00,"Status frame 6 (new)"
2026-03-09T09:13:47.166844,RX,COM6,0x0205b807,0x2,0x05,0x2e,0x0,7,00 00 3e 0b 00 00 80 00,"Status frame 0 (new)"
2026-03-09T09:13:47.166844,RX,COM6,0x0205b887,0x2,0x05,0x2e,0x2,7,00 00 00 00 00 00 00 00,"Status frame 2 (new)"
2026-03-09T09:13:47.168844,RX,COM6,0x0205b8c7,0x2,0x05,0x2e,0x3,7,3b 00 00 00 b7 f6 94 3e,"Status frame 3 (new)"
2026-03-09T09:13:47.168844,RX,COM6,0x0205b907,0x2,0x05,0x2e,0x4,7,00 00 00 00 00 00 00 00,"Status frame 4 (new)"
2026-03-09T09:13:47.170845,TX,COM6,0x02053c07,0x2,0x05,0xf,0x0,7,06 00 00 00 00 00 00 00,"TX apiClass=0xf apiIndex=0x0"
2026-03-09T09:13:47.170845,HEARTBEAT,COM6,0x01011840,0x1,0x01,0x6,0x1,0,f6 66 00 00 00 10 00 00,"Heartbeat"
2026-03-09T09:13:47.170845,RX,COM6,0x0205b947,0x2,0x05,0x2e,0x5,7,00 00 00 00 00 00 00 00,"Status frame 5 (new)"
2026-03-09T09:13:47.172844,RX,COM6,0x0205b987,0x2,0x05,0x2e,0x6,7,00 00 ff ff 01 00 00 00,"Status frame 6 (new)"
2026-03-09T09:13:47.186851,RX,COM6,0x0205b807,0x2,0x05,0x2e,0x0,7,00 00 3f 0b 00 00 80 00,"Status frame 0 (new)"
2026-03-09T09:13:47.186851,RX,COM6,0x0205b887,0x2,0x05,0x2e,0x2,7,00 00 00 00 00 00 00 00,"Status frame 2 (new)"
2026-03-09T09:13:47.188851,RX,COM6,0x0205b8c7,0x2,0x05,0x2e,0x3,7,3a 00 00 00 43 e5 93 3e,"Status frame 3 (new)"
2026-03-09T09:13:47.188851,RX,COM6,0x0205b907,0x2,0x05,0x2e,0x4,7,00 00 00 00 00 00 00 00,"Status frame 4 (new)"
2026-03-09T09:13:47.190855,HEARTBEAT,COM6,0x01011840,0x1,0x01,0x6,0x1,0,0a 67 00 00 00 10 00 00,"Heartbeat"
2026-03-09T09:13:47.190855,RX,COM6,0x0205b947,0x2,0x05,0x2e,0x5,7,00 00 00 00 00 00 00 00,"Status frame 5 (new)"
2026-03-09T09:13:47.192869,RX,COM6,0x0205b987,0x2,0x05,0x2e,0x6,7,00 00 ff ff 01 00 00 00,"Status frame 6 (new)"
2026-03-09T09:13:47.206942,RX,COM6,0x0205b807,0x2,0x05,0x2e,0x0,7,00 00 3f 0b 00 00 80 00,"Status frame 0 (new)"
2026-03-09T09:13:47.206942,RX,COM6,0x0205b887,0x2,0x05,0x2e,0x2,7,00 00 00 00 00 00 00 00,"Status frame 2 (new)"
2026-03-09T09:13:47.208941,RX,COM6,0x0205b8c7,0x2,0x05,0x2e,0x3,7,3b 00 00 00 8c b1 94 3e,"Status frame 3 (new)"
2026-03-09T09:13:47.208941,RX,COM6,0x0205b907,0x2,0x05,0x2e,0x4,7,00 00 00 00 00 00 00 00,"Status frame 4 (new)"
2026-03-09T09:13:47.210942,RX,COM6,0x0205b947,0x2,0x05,0x2e,0x5,7,00 00 00 00 00 00 00 00,"Status frame 5 (new)"
2026-03-09T09:13:47.210942,HEARTBEAT,COM6,0x01011840,0x1,0x01,0x6,0x1,0,1e 67 00 00 00 10 00 00,"Heartbeat"
2026-03-09T09:13:47.212942,RX,COM6,0x0205b987,0x2,0x05,0x2e,0x6,7,00 00 ff ff 01 00 00 00,"Status frame 6 (new)"
2026-03-09T09:13:47.226951,RX,COM6,0x0205b807,0x2,0x05,0x2e,0x0,7,00 00 3f 0b 00 00 80 00,"Status frame 0 (new)"
2026-03-09T09:13:47.226951,RX,COM6,0x0205b887,0x2,0x05,0x2e,0x2,7,00 00 00 00 00 00 00 00,"Status frame 2 (new)"
2026-03-09T09:13:47.228456,RX,COM6,0x0205b8c7,0x2,0x05,0x2e,0x3,7,3a 00 00 00 d7 a7 92 3e,"Status frame 3 (new)"
2026-03-09T09:13:47.228456,RX,COM6,0x0205b907,0x2,0x05,0x2e,0x4,7,00 00 00 00 00 00 00 00,"Status frame 4 (new)"
2026-03-09T09:13:47.230455,RX,COM6,0x0205b947,0x2,0x05,0x2e,0x5,7,00 00 00 00 00 00 00 00,"Status frame 5 (new)"
2026-03-09T09:13:47.231455,HEARTBEAT,COM6,0x01011840,0x1,0x01,0x6,0x1,0,32 67 00 00 00 10 00 00,"Heartbeat"
2026-03-09T09:13:47.232456,RX,COM6,0x0205b987,0x2,0x05,0x2e,0x6,7,00 00 ff ff 01 00 00 00,"Status frame 6 (new)"
2026-03-09T09:13:47.246461,RX,COM6,0x0205b807,0x2,0x05,0x2e,0x0,7,00 00 33 0b 00 00 80 00,"Status frame 0 (new)"
2026-03-09T09:13:47.246461,RX,COM6,0x0205b887,0x2,0x05,0x2e,0x2,7,00 00 00 00 00 00 00 00,"Status frame 2 (new)"
2026-03-09T09:13:47.248463,RX,COM6,0x0205b8c7,0x2,0x05,0x2e,0x3,7,3b 00 00 00 b5 cf 94 3e,"Status frame 3 (new)"
2026-03-09T09:13:47.248463,RX,COM6,0x0205b907,0x2,0x05,0x2e,0x4,7,00 00 00 00 00 00 00 00,"Status frame 4 (new)"
2026-03-09T09:13:47.250463,RX,COM6,0x0205b947,0x2,0x05,0x2e,0x5,7,00 00 00 00 00 00 00 00,"Status frame 5 (new)"
2026-03-09T09:13:47.251464,HEARTBEAT,COM6,0x01011840,0x1,0x01,0x6,0x1,0,46 67 00 00 00 10 00 00,"Heartbeat"
2026-03-09T09:13:47.252463,RX,COM6,0x0205b987,0x2,0x05,0x2e,0x6,7,00 00 ff ff 01 00 00 00,"Status frame 6 (new)"
2026-03-09T09:13:47.266929,RX,COM6,0x0205b807,0x2,0x05,0x2e,0x0,7,00 00 3e 0b 00 00 80 00,"Status frame 0 (new)"
2026-03-09T09:13:47.266929,RX,COM6,0x0205b887,0x2,0x05,0x2e,0x2,7,00 00 00 00 00 00 00 00,"Status frame 2 (new)"
2026-03-09T09:13:47.268434,RX,COM6,0x0205b8c7,0x2,0x05,0x2e,0x3,7,3a 00 00 00 37 d7 93 3e,"Status frame 3 (new)"
2026-03-09T09:13:47.268434,RX,COM6,0x0205b907,0x2,0x05,0x2e,0x4,7,00 00 00 00 00 00 00 00,"Status frame 4 (new)"
2026-03-09T09:13:47.270433,RX,COM6,0x0205b947,0x2,0x05,0x2e,0x5,7,00 00 00 00 00 00 00 00,"Status frame 5 (new)"
2026-03-09T09:13:47.271433,HEARTBEAT,COM6,0x01011840,0x1,0x01,0x6,0x1,0,5a 67 00 00 00 10 00 00,"Heartbeat"
2026-03-09T09:13:47.272433,RX,COM6,0x0205b987,0x2,0x05,0x2e,0x6,7,00 00 ff ff 01 00 00 00,"Status frame 6 (new)"
2026-03-09T09:13:47.286847,RX,COM6,0x0205b807,0x2,0x05,0x2e,0x0,7,00 00 3f 0b 00 00 80 00,"Status frame 0 (new)"
2026-03-09T09:13:47.286847,RX,COM6,0x0205b887,0x2,0x05,0x2e,0x2,7,00 00 00 00 00 00 00 00,"Status frame 2 (new)"
2026-03-09T09:13:47.288348,RX,COM6,0x0205b8c7,0x2,0x05,0x2e,0x3,7,3a 00 00 00 ad 70 93 3e,"Status frame 3 (new)"
2026-03-09T09:13:47.289351,RX,COM6,0x0205b907,0x2,0x05,0x2e,0x4,7,00 00 00 00 00 00 00 00,"Status frame 4 (new)"
2026-03-09T09:13:47.290351,RX,COM6,0x0205b947,0x2,0x05,0x2e,0x5,7,00 00 00 00 00 00 00 00,"Status frame 5 (new)"
2026-03-09T09:13:47.291853,HEARTBEAT,COM6,0x01011840,0x1,0x01,0x6,0x1,0,6e 67 00 00 00 10 00 00,"Heartbeat"
2026-03-09T09:13:47.292855,RX,COM6,0x0205b987,0x2,0x05,0x2e,0x6,7,00 00 ff ff 01 00 00 00,"Status frame 6 (new)"
2026-03-09T09:13:47.306360,RX,COM6,0x0205b807,0x2,0x05,0x2e,0x0,7,00 00 43 0b 00 00 80 00,"Status frame 0 (new)"
2026-03-09T09:13:47.306360,RX,COM6,0x0205b887,0x2,0x05,0x2e,0x2,7,00 00 00 00 00 00 00 00,"Status frame 2 (new)"
2026-03-09T09:13:47.308360,RX,COM6,0x0205b8c7,0x2,0x05,0x2e,0x3,7,3b 00 00 00 48 0e 95 3e,"Status frame 3 (new)"
2026-03-09T09:13:47.308360,RX,COM6,0x0205b907,0x2,0x05,0x2e,0x4,7,00 00 00 00 00 00 00 00,"Status frame 4 (new)"
2026-03-09T09:13:47.310360,RX,COM6,0x0205b947,0x2,0x05,0x2e,0x5,7,00 00 00 00 00 00 00 00,"Status frame 5 (new)"
2026-03-09T09:13:47.311361,HEARTBEAT,COM6,0x01011840,0x1,0x01,0x6,0x1,0,82 67 00 00 00 10 00 00,"Heartbeat"
2026-03-09T09:13:47.312510,RX,COM6,0x0205b987,0x2,0x05,0x2e,0x6,7,00 00 ff ff 01 00 00 00,"Status frame 6 (new)"
2026-03-09T09:13:47.327274,RX,COM6,0x0205b807,0x2,0x05,0x2e,0x0,7,00 00 3e 0b 00 00 80 00,"Status frame 0 (new)"
2026-03-09T09:13:47.327274,RX,COM6,0x0205b887,0x2,0x05,0x2e,0x2,7,00 00 00 00 00 00 00 00,"Status frame 2 (new)"
2026-03-09T09:13:47.328814,RX,COM6,0x0205b8c7,0x2,0x05,0x2e,0x3,7,3b 00 00 00 22 79 94 3e,"Status frame 3 (new)"
2026-03-09T09:13:47.328814,RX,COM6,0x0205b907,0x2,0x05,0x2e,0x4,7,00 00 00 00 00 00 00 00,"Status frame 4 (new)"
2026-03-09T09:13:47.330813,HEARTBEAT,COM6,0x01011840,0x1,0x01,0x6,0x1,0,95 67 00 00 00 10 00 00,"Heartbeat"
2026-03-09T09:13:47.330813,RX,COM6,0x0205b947,0x2,0x05,0x2e,0x5,7,00 00 00 00 00 00 00 00,"Status frame 5 (new)"
2026-03-09T09:13:47.331813,RX,COM6,0x0205b987,0x2,0x05,0x2e,0x6,7,00 00 ff ff 01 00 00 00,"Status frame 6 (new)"
2026-03-09T09:13:47.346472,RX,COM6,0x0205b807,0x2,0x05,0x2e,0x0,7,00 00 3f 0b 00 00 80 00,"Status frame 0 (new)"
2026-03-09T09:13:47.346472,RX,COM6,0x0205b887,0x2,0x05,0x2e,0x2,7,00 00 00 00 00 00 00 00,"Status frame 2 (new)"
2026-03-09T09:13:47.348482,RX,COM6,0x0205b8c7,0x2,0x05,0x2e,0x3,7,3a 00 00 00 dc 62 92 3e,"Status frame 3 (new)"
2026-03-09T09:13:47.348482,RX,COM6,0x0205b907,0x2,0x05,0x2e,0x4,7,00 00 00 00 00 00 00 00,"Status frame 4 (new)"
2026-03-09T09:13:47.350482,RX,COM6,0x0205b947,0x2,0x05,0x2e,0x5,7,00 00 00 00 00 00 00 00,"Status frame 5 (new)"
2026-03-09T09:13:47.351482,HEARTBEAT,COM6,0x01011840,0x1,0x01,0x6,0x1,0,aa 67 00 00 00 10 00 00,"Heartbeat"
2026-03-09T09:13:47.352987,RX,COM6,0x0205b987,0x2,0x05,0x2e,0x6,7,00 00 ff ff 01 00 00 00,"Status frame 6 (new)"
2026-03-09T09:13:47.366501,RX,COM6,0x0205b807,0x2,0x05,0x2e,0x0,7,00 00 41 0b 00 00 80 00,"Status frame 0 (new)"
2026-03-09T09:13:47.366501,RX,COM6,0x0205b847,0x2,0x05,0x2e,0x1,7,00 00 00 24 00 01 00 00,"Status frame 1 (new)"
2026-03-09T09:13:47.367502,RX,COM6,0x0205b887,0x2,0x05,0x2e,0x2,7,00 00 00 00 00 00 00 00,"Status frame 2 (new)"
2026-03-09T09:13:47.368501,RX,COM6,0x0205b8c7,0x2,0x05,0x2e,0x3,7,3b 00 00 00 cf 0d 95 3e,"Status frame 3 (new)"
2026-03-09T09:13:47.368501,RX,COM6,0x0205b907,0x2,0x05,0x2e,0x4,7,00 00 00 00 00 00 00 00,"Status frame 4 (new)"
2026-03-09T09:13:47.370501,RX,COM6,0x0205b947,0x2,0x05,0x2e,0x5,7,00 00 00 00 00 00 00 00,"Status frame 5 (new)"
2026-03-09T09:13:47.371501,HEARTBEAT,COM6,0x01011840,0x1,0x01,0x6,0x1,0,be 67 00 00 00 10 00 00,"Heartbeat"
2026-03-09T09:13:47.372501,RX,COM6,0x0205b987,0x2,0x05,0x2e,0x6,7,00 00 ff ff 01 00 00 00,"Status frame 6 (new)"
2026-03-09T09:13:47.386516,RX,COM6,0x0205b807,0x2,0x05,0x2e,0x0,7,00 00 3b 0b 00 00 80 00,"Status frame 0 (new)"
2026-03-09T09:13:47.386516,RX,COM6,0x0205b887,0x2,0x05,0x2e,0x2,7,00 00 00 00 00 00 00 00,"Status frame 2 (new)"
2026-03-09T09:13:47.388516,RX,COM6,0x0205b8c7,0x2,0x05,0x2e,0x3,7,3b 00 00 00 b6 b0 94 3e,"Status frame 3 (new)"
2026-03-09T09:13:47.388516,RX,COM6,0x0205b907,0x2,0x05,0x2e,0x4,7,00 00 00 00 00 00 00 00,"Status frame 4 (new)"
2026-03-09T09:13:47.390516,HEARTBEAT,COM6,0x01011840,0x1,0x01,0x6,0x1,0,d1 67 00 00 00 10 00 00,"Heartbeat"
2026-03-09T09:13:47.390516,RX,COM6,0x0205b947,0x2,0x05,0x2e,0x5,7,00 00 00 00 00 00 00 00,"Status frame 5 (new)"
2026-03-09T09:13:47.392516,RX,COM6,0x0205b987,0x2,0x05,0x2e,0x6,7,00 00 ff ff 01 00 00 00,"Status frame 6 (new)"
2026-03-09T09:13:47.406533,RX,COM6,0x0205b807,0x2,0x05,0x2e,0x0,7,00 00 40 0b 00 00 80 00,"Status frame 0 (new)"
2026-03-09T09:13:47.406533,RX,COM6,0x0205b887,0x2,0x05,0x2e,0x2,7,00 00 00 00 00 00 00 00,"Status frame 2 (new)"
2026-03-09T09:13:47.408533,RX,COM6,0x0205b8c7,0x2,0x05,0x2e,0x3,7,3a 00 00 00 83 83 93 3e,"Status frame 3 (new)"
2026-03-09T09:13:47.408533,RX,COM6,0x0205b907,0x2,0x05,0x2e,0x4,7,00 00 00 00 00 00 00 00,"Status frame 4 (new)"
2026-03-09T09:13:47.410534,HEARTBEAT,COM6,0x01011840,0x1,0x01,0x6,0x1,0,e5 67 00 00 00 10 00 00,"Heartbeat"
2026-03-09T09:13:47.410534,RX,COM6,0x0205b947,0x2,0x05,0x2e,0x5,7,00 00 00 00 00 00 00 00,"Status frame 5 (new)"
2026-03-09T09:13:47.412533,RX,COM6,0x0205b987,0x2,0x05,0x2e,0x6,7,00 00 ff ff 01 00 00 00,"Status frame 6 (new)"
2026-03-09T09:13:47.427056,RX,COM6,0x0205b807,0x2,0x05,0x2e,0x0,7,00 00 42 0b 00 00 80 00,"Status frame 0 (new)"
2026-03-09T09:13:47.427056,RX,COM6,0x0205b887,0x2,0x05,0x2e,0x2,7,00 00 00 00 00 00 00 00,"Status frame 2 (new)"
2026-03-09T09:13:47.429061,RX,COM6,0x0205b8c7,0x2,0x05,0x2e,0x3,7,3b 04 00 00 b2 e4 93 3e,"Status frame 3 (new)"
2026-03-09T09:13:47.429061,RX,COM6,0x0205b907,0x2,0x05,0x2e,0x4,7,00 00 00 00 00 00 00 00,"Status frame 4 (new)"
2026-03-09T09:13:47.431061,RX,COM6,0x0205b947,0x2,0x05,0x2e,0x5,7,00 00 00 00 00 00 00 00,"Status frame 5 (new)"
2026-03-09T09:13:47.431061,HEARTBEAT,COM6,0x01011840,0x1,0x01,0x6,0x1,0,fa 67 00 00 00 10 00 00,"Heartbeat"
2026-03-09T09:13:47.433061,RX,COM6,0x0205b987,0x2,0x05,0x2e,0x6,7,00 00 ff ff 01 00 00 00,"Status frame 6 (new)"
2026-03-09T09:13:47.447081,RX,COM6,0x0205b807,0x2,0x05,0x2e,0x0,7,00 00 42 0b 00 00 80 00,"Status frame 0 (new)"
2026-03-09T09:13:47.447081,RX,COM6,0x0205b887,0x2,0x05,0x2e,0x2,7,00 00 00 00 00 00 00 00,"Status frame 2 (new)"
2026-03-09T09:13:47.448477,RX,COM6,0x0205b8c7,0x2,0x05,0x2e,0x3,7,3b 00 00 00 f8 41 94 3e,"Status frame 3 (new)"
2026-03-09T09:13:47.448477,RX,COM6,0x0205b907,0x2,0x05,0x2e,0x4,7,00 00 00 00 00 00 00 00,"Status frame 4 (new)"
2026-03-09T09:13:47.450485,RX,COM6,0x0205b947,0x2,0x05,0x2e,0x5,7,00 00 00 00 00 00 00 00,"Status frame 5 (new)"
2026-03-09T09:13:47.451484,HEARTBEAT,COM6,0x01011840,0x1,0x01,0x6,0x1,0,0e 68 00 00 00 10 00 00,"Heartbeat"
2026-03-09T09:13:47.452484,RX,COM6,0x0205b987,0x2,0x05,0x2e,0x6,7,00 00 ff ff 01 00 00 00,"Status frame 6 (new)"
2026-03-09T09:13:47.466409,RX,COM6,0x0205b807,0x2,0x05,0x2e,0x0,7,00 00 45 0b 00 00 80 00,"Status frame 0 (new)"
2026-03-09T09:13:47.467412,RX,COM6,0x0205b887,0x2,0x05,0x2e,0x2,7,00 00 00 00 00 00 00 00,"Status frame 2 (new)"
2026-03-09T09:13:47.468412,RX,COM6,0x0205b8c7,0x2,0x05,0x2e,0x3,7,3b 00 00 00 4d 0b 94 3e,"Status frame 3 (new)"
2026-03-09T09:13:47.468412,RX,COM6,0x0205b907,0x2,0x05,0x2e,0x4,7,00 00 00 00 00 00 00 00,"Status frame 4 (new)"
2026-03-09T09:13:47.470412,RX,COM6,0x0205b947,0x2,0x05,0x2e,0x5,7,00 00 00 00 00 00 00 00,"Status frame 5 (new)"
2026-03-09T09:13:47.471413,HEARTBEAT,COM6,0x01011840,0x1,0x01,0x6,0x1,0,22 68 00 00 00 10 00 00,"Heartbeat"
2026-03-09T09:13:47.472412,RX,COM6,0x0205b987,0x2,0x05,0x2e,0x6,7,00 00 ff ff 01 00 00 00,"Status frame 6 (new)"
2026-03-09T09:13:47.486425,RX,COM6,0x0205b807,0x2,0x05,0x2e,0x0,7,00 00 44 0b 00 00 80 00,"Status frame 0 (new)"
2026-03-09T09:13:47.486425,RX,COM6,0x0205b887,0x2,0x05,0x2e,0x2,7,00 00 00 00 00 00 00 00,"Status frame 2 (new)"
2026-03-09T09:13:47.488431,RX,COM6,0x0205b8c7,0x2,0x05,0x2e,0x3,7,3a 00 00 00 c7 34 93 3e,"Status frame 3 (new)"
2026-03-09T09:13:47.488431,RX,COM6,0x0205b907,0x2,0x05,0x2e,0x4,7,00 00 00 00 00 00 00 00,"Status frame 4 (new)"
2026-03-09T09:13:47.490935,RX,COM6,0x0205b947,0x2,0x05,0x2e,0x5,7,00 00 00 00 00 00 00 00,"Status frame 5 (new)"
2026-03-09T09:13:47.491940,HEARTBEAT,COM6,0x01011840,0x1,0x01,0x6,0x1,0,37 68 00 00 00 10 00 00,"Heartbeat"
2026-03-09T09:13:47.492940,RX,COM6,0x0205b987,0x2,0x05,0x2e,0x6,7,00 00 ff ff 01 00 00 00,"Status frame 6 (new)"
2026-03-09T09:13:47.506448,RX,COM6,0x0205b807,0x2,0x05,0x2e,0x0,7,00 00 3a 0b 00 00 80 00,"Status frame 0 (new)"
2026-03-09T09:13:47.506448,RX,COM6,0x0205b887,0x2,0x05,0x2e,0x2,7,00 00 00 00 00 00 00 00,"Status frame 2 (new)"
2026-03-09T09:13:47.508448,RX,COM6,0x0205b8c7,0x2,0x05,0x2e,0x3,7,3a 00 00 00 9c af 92 3e,"Status frame 3 (new)"
2026-03-09T09:13:47.508448,RX,COM6,0x0205b907,0x2,0x05,0x2e,0x4,7,00 00 00 00 00 00 00 00,"Status frame 4 (new)"
2026-03-09T09:13:47.511549,RX,COM6,0x0205b947,0x2,0x05,0x2e,0x5,7,00 00 00 00 00 00 00 00,"Status frame 5 (new)"
2026-03-09T09:13:47.511549,HEARTBEAT,COM6,0x01011840,0x1,0x01,0x6,0x1,0,4a 68 00 00 00 10 00 00,"Heartbeat"
2026-03-09T09:13:47.512532,RX,COM6,0x0205b987,0x2,0x05,0x2e,0x6,7,00 00 ff ff 01 00 00 00,"Status frame 6 (new)"
2026-03-09T09:13:47.526984,RX,COM6,0x0205b807,0x2,0x05,0x2e,0x0,7,00 00 40 0b 00 00 80 00,"Status frame 0 (new)"
2026-03-09T09:13:47.526984,RX,COM6,0x0205b887,0x2,0x05,0x2e,0x2,7,00 00 00 00 00 00 00 00,"Status frame 2 (new)"
2026-03-09T09:13:47.528497,RX,COM6,0x0205b8c7,0x2,0x05,0x2e,0x3,7,3a 00 00 00 04 fb 92 3e,"Status frame 3 (new)"
2026-03-09T09:13:47.528497,RX,COM6,0x0205b907,0x2,0x05,0x2e,0x4,7,00 00 00 00 00 00 00 00,"Status frame 4 (new)"
2026-03-09T09:13:47.530665,RX,COM6,0x0205b947,0x2,0x05,0x2e,0x5,7,00 00 00 00 00 00 00 00,"Status frame 5 (new)"
2026-03-09T09:13:47.531670,HEARTBEAT,COM6,0x01011840,0x1,0x01,0x6,0x1,0,5e 68 00 00 00 10 00 00,"Heartbeat"
2026-03-09T09:13:47.532675,RX,COM6,0x0205b987,0x2,0x05,0x2e,0x6,7,00 00 ff ff 01 00 00 00,"Status frame 6 (new)"
2026-03-09T09:13:47.547191,RX,COM6,0x0205b807,0x2,0x05,0x2e,0x0,7,00 00 42 0b 00 00 80 00,"Status frame 0 (new)"
2026-03-09T09:13:47.547191,RX,COM6,0x0205b887,0x2,0x05,0x2e,0x2,7,00 00 00 00 00 00 00 00,"Status frame 2 (new)"
2026-03-09T09:13:47.549194,RX,COM6,0x0205b8c7,0x2,0x05,0x2e,0x3,7,3b 00 00 00 08 34 94 3e,"Status frame 3 (new)"
2026-03-09T09:13:47.549194,RX,COM6,0x0205b907,0x2,0x05,0x2e,0x4,7,00 00 00 00 00 00 00 00,"Status frame 4 (new)"
2026-03-09T09:13:47.550194,RX,COM6,0x0205b947,0x2,0x05,0x2e,0x5,7,00 00 00 00 00 00 00 00,"Status frame 5 (new)"
2026-03-09T09:13:47.551695,HEARTBEAT,COM6,0x01011840,0x1,0x01,0x6,0x1,0,72 68 00 00 00 10 00 00,"Heartbeat"
2026-03-09T09:13:47.552697,RX,COM6,0x0205b987,0x2,0x05,0x2e,0x6,7,00 00 ff ff 01 00 00 00,"Status frame 6 (new)"
2026-03-09T09:13:47.567205,RX,COM6,0x0205b807,0x2,0x05,0x2e,0x0,7,00 00 45 0b 00 00 80 00,"Status frame 0 (new)"
2026-03-09T09:13:47.567205,RX,COM6,0x0205b887,0x2,0x05,0x2e,0x2,7,00 00 00 00 00 00 00 00,"Status frame 2 (new)"
2026-03-09T09:13:47.569204,RX,COM6,0x0205b8c7,0x2,0x05,0x2e,0x3,7,3a 00 00 00 42 22 93 3e,"Status frame 3 (new)"
2026-03-09T09:13:47.569204,RX,COM6,0x0205b907,0x2,0x05,0x2e,0x4,7,00 00 00 00 00 00 00 00,"Status frame 4 (new)"
2026-03-09T09:13:47.570204,RX,COM6,0x0205b947,0x2,0x05,0x2e,0x5,7,00 00 00 00 00 00 00 00,"Status frame 5 (new)"
2026-03-09T09:13:47.571204,HEARTBEAT,COM6,0x01011840,0x1,0x01,0x6,0x1,0,86 68 00 00 00 10 00 00,"Heartbeat"
2026-03-09T09:13:47.572204,RX,COM6,0x0205b987,0x2,0x05,0x2e,0x6,7,00 00 ff ff 01 00 00 00,"Status frame 6 (new)"
2026-03-09T09:13:47.587213,RX,COM6,0x0205b807,0x2,0x05,0x2e,0x0,7,00 00 2b 0b 00 00 80 00,"Status frame 0 (new)"
2026-03-09T09:13:47.587213,RX,COM6,0x0205b887,0x2,0x05,0x2e,0x2,7,00 00 00 00 00 00 00 00,"Status frame 2 (new)"
2026-03-09T09:13:47.589222,RX,COM6,0x0205b8c7,0x2,0x05,0x2e,0x3,7,3a 00 00 00 4d 13 93 3e,"Status frame 3 (new)"
2026-03-09T09:13:47.589222,RX,COM6,0x0205b907,0x2,0x05,0x2e,0x4,7,00 00 00 00 00 00 00 00,"Status frame 4 (new)"
2026-03-09T09:13:47.590232,RX,COM6,0x0205b947,0x2,0x05,0x2e,0x5,7,00 00 00 00 00 00 00 00,"Status frame 5 (new)"
2026-03-09T09:13:47.591308,HEARTBEAT,COM6,0x01011840,0x1,0x01,0x6,0x1,0,9a 68 00 00 00 10 00 00,"Heartbeat"
2026-03-09T09:13:47.592886,RX,COM6,0x0205b987,0x2,0x05,0x2e,0x6,7,00 00 ff ff 01 00 00 00,"Status frame 6 (new)"
2026-03-09T09:13:47.606416,RX,COM6,0x0205b807,0x2,0x05,0x2e,0x0,7,00 00 41 0b 00 00 80 00,"Status frame 0 (new)"
2026-03-09T09:13:47.606416,RX,COM6,0x0205b887,0x2,0x05,0x2e,0x2,7,00 00 00 00 00 00 00 00,"Status frame 2 (new)"
2026-03-09T09:13:47.608417,RX,COM6,0x0205b8c7,0x2,0x05,0x2e,0x3,7,3b 00 00 00 25 5d 94 3e,"Status frame 3 (new)"
2026-03-09T09:13:47.608417,RX,COM6,0x0205b907,0x2,0x05,0x2e,0x4,7,00 00 00 00 00 00 00 00,"Status frame 4 (new)"
2026-03-09T09:13:47.610412,HEARTBEAT,COM6,0x01011840,0x1,0x01,0x6,0x1,0,ad 68 00 00 00 10 00 00,"Heartbeat"
2026-03-09T09:13:47.610412,RX,COM6,0x0205b947,0x2,0x05,0x2e,0x5,7,00 00 00 00 00 00 00 00,"Status frame 5 (new)"
2026-03-09T09:13:47.613118,RX,COM6,0x0205b987,0x2,0x05,0x2e,0x6,7,00 00 ff ff 01 00 00 00,"Status frame 6 (new)"
2026-03-09T09:13:47.617045,RX,COM6,0x0205b847,0x2,0x05,0x2e,0x1,7,00 00 00 24 00 01 00 00,"Status frame 1 (new)"
2026-03-09T09:13:47.627087,RX,COM6,0x0205b807,0x2,0x05,0x2e,0x0,7,00 00 43 0b 00 00 80 00,"Status frame 0 (new)"
2026-03-09T09:13:47.627087,RX,COM6,0x0205b887,0x2,0x05,0x2e,0x2,7,00 00 00 00 00 00 00 00,"Status frame 2 (new)"
2026-03-09T09:13:47.629106,RX,COM6,0x0205b8c7,0x2,0x05,0x2e,0x3,7,3b 00 00 00 d5 18 94 3e,"Status frame 3 (new)"
2026-03-09T09:13:47.629106,RX,COM6,0x0205b907,0x2,0x05,0x2e,0x4,7,00 00 00 00 00 00 00 00,"Status frame 4 (new)"
2026-03-09T09:13:47.631104,RX,COM6,0x0205b947,0x2,0x05,0x2e,0x5,7,00 00 00 00 00 00 00 00,"Status frame 5 (new)"
2026-03-09T09:13:47.631104,HEARTBEAT,COM6,0x01011840,0x1,0x01,0x6,0x1,0,c2 68 00 00 00 10 00 00,"Heartbeat"
2026-03-09T09:13:47.633104,RX,COM6,0x0205b987,0x2,0x05,0x2e,0x6,7,00 00 ff ff 01 00 00 00,"Status frame 6 (new)"
2026-03-09T09:13:47.647177,RX,COM6,0x0205b807,0x2,0x05,0x2e,0x0,7,00 00 44 0b 00 00 80 00,"Status frame 0 (new)"
2026-03-09T09:13:47.647177,RX,COM6,0x0205b887,0x2,0x05,0x2e,0x2,7,00 00 00 00 00 00 00 00,"Status frame 2 (new)"
2026-03-09T09:13:47.648179,RX,COM6,0x0205b8c7,0x2,0x05,0x2e,0x3,7,3a 00 00 00 47 14 93 3e,"Status frame 3 (new)"
2026-03-09T09:13:47.649180,RX,COM6,0x0205b907,0x2,0x05,0x2e,0x4,7,00 00 00 00 00 00 00 00,"Status frame 4 (new)"
2026-03-09T09:13:47.650176,RX,COM6,0x0205b947,0x2,0x05,0x2e,0x5,7,00 00 00 00 00 00 00 00,"Status frame 5 (new)"
2026-03-09T09:13:47.651176,HEARTBEAT,COM6,0x01011840,0x1,0x01,0x6,0x1,0,d6 68 00 00 00 10 00 00,"Heartbeat"
2026-03-09T09:13:47.652177,RX,COM6,0x0205b987,0x2,0x05,0x2e,0x6,7,00 00 ff ff 01 00 00 00,"Status frame 6 (new)"
2026-03-09T09:13:47.666720,RX,COM6,0x0205b807,0x2,0x05,0x2e,0x0,7,00 00 43 0b 00 00 80 00,"Status frame 0 (new)"
2026-03-09T09:13:47.666720,RX,COM6,0x0205b887,0x2,0x05,0x2e,0x2,7,00 00 00 00 00 00 00 00,"Status frame 2 (new)"
2026-03-09T09:13:47.668721,RX,COM6,0x0205b8c7,0x2,0x05,0x2e,0x3,7,3b 00 00 00 94 8f 95 3e,"Status frame 3 (new)"
2026-03-09T09:13:47.668721,RX,COM6,0x0205b907,0x2,0x05,0x2e,0x4,7,00 00 00 00 00 00 00 00,"Status frame 4 (new)"
2026-03-09T09:13:47.670720,RX,COM6,0x0205b947,0x2,0x05,0x2e,0x5,7,00 00 00 00 00 00 00 00,"Status frame 5 (new)"
2026-03-09T09:13:47.671721,HEARTBEAT,COM6,0x01011840,0x1,0x01,0x6,0x1,0,ea 68 00 00 00 10 00 00,"Heartbeat"
2026-03-09T09:13:47.671721,TX,COM6,0x02053c07,0x2,0x05,0xf,0x0,7,0d 00 00 00 00 00 00 00,"TX apiClass=0xf apiIndex=0x0"
2026-03-09T09:13:47.672711,RX,COM6,0x0205b987,0x2,0x05,0x2e,0x6,7,00 00 ff ff 01 00 00 00,"Status frame 6 (new)"
2026-03-09T09:13:47.687015,RX,COM6,0x0205b807,0x2,0x05,0x2e,0x0,7,00 00 04 0b 00 00 80 00,"Status frame 0 (new)"
2026-03-09T09:13:47.687015,RX,COM6,0x0205b887,0x2,0x05,0x2e,0x2,7,00 00 00 00 00 00 00 00,"Status frame 2 (new)"
2026-03-09T09:13:47.689015,RX,COM6,0x0205b8c7,0x2,0x05,0x2e,0x3,7,3b 00 00 00 07 56 94 3e,"Status frame 3 (new)"
2026-03-09T09:13:47.689015,RX,COM6,0x0205b907,0x2,0x05,0x2e,0x4,7,00 00 00 00 00 00 00 00,"Status frame 4 (new)"
2026-03-09T09:13:47.690562,HEARTBEAT,COM6,0x01011840,0x1,0x01,0x6,0x1,0,fd 68 00 00 00 10 00 00,"Heartbeat"
2026-03-09T09:13:47.690562,RX,COM6,0x0205b947,0x2,0x05,0x2e,0x5,7,00 00 00 00 00 00 00 00,"Status frame 5 (new)"
2026-03-09T09:13:47.692561,RX,COM6,0x0205b987,0x2,0x05,0x2e,0x6,7,00 00 ff ff 01 00 00 00,"Status frame 6 (new)"
2026-03-09T09:13:47.706633,RX,COM6,0x0205b807,0x2,0x05,0x2e,0x0,7,00 00 44 0b 00 00 80 00,"Status frame 0 (new)"
2026-03-09T09:13:47.706633,RX,COM6,0x0205b887,0x2,0x05,0x2e,0x2,7,00 00 00 00 00 00 00 00,"Status frame 2 (new)"
2026-03-09T09:13:47.708631,RX,COM6,0x0205b8c7,0x2,0x05,0x2e,0x3,7,3b 00 00 00 b0 c8 94 3e,"Status frame 3 (new)"
2026-03-09T09:13:47.708631,RX,COM6,0x0205b907,0x2,0x05,0x2e,0x4,7,00 00 00 00 00 00 00 00,"Status frame 4 (new)"
2026-03-09T09:13:47.710623,HEARTBEAT,COM6,0x01011840,0x1,0x01,0x6,0x1,0,11 69 00 00 00 10 00 00,"Heartbeat"
2026-03-09T09:13:47.710623,RX,COM6,0x0205b947,0x2,0x05,0x2e,0x5,7,00 00 00 00 00 00 00 00,"Status frame 5 (new)"
2026-03-09T09:13:47.712623,RX,COM6,0x0205b987,0x2,0x05,0x2e,0x6,7,00 00 ff ff 01 00 00 00,"Status frame 6 (new)"
2026-03-09T09:13:47.727133,RX,COM6,0x0205b807,0x2,0x05,0x2e,0x0,7,00 00 45 0b 00 00 80 00,"Status frame 0 (new)"
2026-03-09T09:13:47.727133,RX,COM6,0x0205b887,0x2,0x05,0x2e,0x2,7,00 00 00 00 00 00 00 00,"Status frame 2 (new)"
2026-03-09T09:13:47.728646,RX,COM6,0x0205b8c7,0x2,0x05,0x2e,0x3,7,3a 00 00 00 9f 56 93 3e,"Status frame 3 (new)"
2026-03-09T09:13:47.728646,RX,COM6,0x0205b907,0x2,0x05,0x2e,0x4,7,00 00 00 00 00 00 00 00,"Status frame 4 (new)"
2026-03-09T09:13:47.730645,HEARTBEAT,COM6,0x01011840,0x1,0x01,0x6,0x1,0,25 69 00 00 00 10 00 00,"Heartbeat"
2026-03-09T09:13:47.730645,RX,COM6,0x0205b947,0x2,0x05,0x2e,0x5,7,00 00 00 00 00 00 00 00,"Status frame 5 (new)"
2026-03-09T09:13:47.732646,RX,COM6,0x0205b987,0x2,0x05,0x2e,0x6,7,00 00 ff ff 01 00 00 00,"Status frame 6 (new)"
2026-03-09T09:13:47.746682,RX,COM6,0x0205b807,0x2,0x05,0x2e,0x0,7,00 00 48 0b 00 00 80 00,"Status frame 0 (new)"
2026-03-09T09:13:47.746682,RX,COM6,0x0205b887,0x2,0x05,0x2e,0x2,7,00 00 00 00 00 00 00 00,"Status frame 2 (new)"
2026-03-09T09:13:47.748681,RX,COM6,0x0205b8c7,0x2,0x05,0x2e,0x3,7,3a 00 00 00 6b e8 93 3e,"Status frame 3 (new)"
2026-03-09T09:13:47.748681,RX,COM6,0x0205b907,0x2,0x05,0x2e,0x4,7,00 00 00 00 00 00 00 00,"Status frame 4 (new)"
2026-03-09T09:13:47.750185,RX,COM6,0x0205b947,0x2,0x05,0x2e,0x5,7,00 00 00 00 00 00 00 00,"Status frame 5 (new)"
2026-03-09T09:13:47.751189,HEARTBEAT,COM6,0x01011840,0x1,0x01,0x6,0x1,0,3a 69 00 00 00 10 00 00,"Heartbeat"
2026-03-09T09:13:47.752190,RX,COM6,0x0205b987,0x2,0x05,0x2e,0x6,7,00 00 ff ff 01 00 00 00,"Status frame 6 (new)"
2026-03-09T09:13:47.767204,RX,COM6,0x0205b807,0x2,0x05,0x2e,0x0,7,00 00 4c 0b 00 00 80 00,"Status frame 0 (new)"
2026-03-09T09:13:47.767204,RX,COM6,0x0205b887,0x2,0x05,0x2e,0x2,7,00 00 00 00 00 00 00 00,"Status frame 2 (new)"
2026-03-09T09:13:47.768208,RX,COM6,0x0205b8c7,0x2,0x05,0x2e,0x3,7,3b 00 00 00 53 f3 94 3e,"Status frame 3 (new)"
2026-03-09T09:13:47.769208,RX,COM6,0x0205b907,0x2,0x05,0x2e,0x4,7,00 00 00 00 00 00 00 00,"Status frame 4 (new)"
2026-03-09T09:13:47.770208,RX,COM6,0x0205b947,0x2,0x05,0x2e,0x5,7,00 00 00 00 00 00 00 00,"Status frame 5 (new)"
2026-03-09T09:13:47.771209,HEARTBEAT,COM6,0x01011840,0x1,0x01,0x6,0x1,0,4e 69 00 00 00 10 00 00,"Heartbeat"
2026-03-09T09:13:47.772208,RX,COM6,0x0205b987,0x2,0x05,0x2e,0x6,7,00 00 ff ff 01 00 00 00,"Status frame 6 (new)"
2026-03-09T09:13:47.786680,RX,COM6,0x0205b807,0x2,0x05,0x2e,0x0,7,00 00 14 0b 00 00 80 00,"Status frame 0 (new)"
2026-03-09T09:13:47.786680,RX,COM6,0x0205b887,0x2,0x05,0x2e,0x2,7,00 00 00 00 00 00 00 00,"Status frame 2 (new)"
2026-03-09T09:13:47.788678,RX,COM6,0x0205b8c7,0x2,0x05,0x2e,0x3,7,3b 00 00 00 95 b4 94 3e,"Status frame 3 (new)"
2026-03-09T09:13:47.788678,RX,COM6,0x0205b907,0x2,0x05,0x2e,0x4,7,00 00 00 00 00 00 00 00,"Status frame 4 (new)"
2026-03-09T09:13:47.790678,RX,COM6,0x0205b947,0x2,0x05,0x2e,0x5,7,00 00 00 00 00 00 00 00,"Status frame 5 (new)"
2026-03-09T09:13:47.791678,HEARTBEAT,COM6,0x01011840,0x1,0x01,0x6,0x1,0,62 69 00 00 00 10 00 00,"Heartbeat"
2026-03-09T09:13:47.792678,RX,COM6,0x0205b987,0x2,0x05,0x2e,0x6,7,00 00 ff ff 01 00 00 00,"Status frame 6 (new)"
2026-03-09T09:13:47.806692,RX,COM6,0x0205b887,0x2,0x05,0x2e,0x2,7,00 00 00 00 00 00 00 00,"Status frame 2 (new)"
2026-03-09T09:13:47.806692,RX,COM6,0x0205b807,0x2,0x05,0x2e,0x0,7,00 00 4b 0b 00 00 80 00,"Status frame 0 (new)"
2026-03-09T09:13:47.808697,RX,COM6,0x0205b8c7,0x2,0x05,0x2e,0x3,7,3b 00 00 00 e2 ec 95 3e,"Status frame 3 (new)"
2026-03-09T09:13:47.808697,RX,COM6,0x0205b907,0x2,0x05,0x2e,0x4,7,00 00 00 00 00 00 00 00,"Status frame 4 (new)"
2026-03-09T09:13:47.810697,HEARTBEAT,COM6,0x01011840,0x1,0x01,0x6,0x1,0,75 69 00 00 00 10 00 00,"Heartbeat"
2026-03-09T09:13:47.810697,RX,COM6,0x0205b947,0x2,0x05,0x2e,0x5,7,00 00 00 00 00 00 00 00,"Status frame 5 (new)"
2026-03-09T09:13:47.812697,RX,COM6,0x0205b987,0x2,0x05,0x2e,0x6,7,00 00 ff ff 01 00 00 00,"Status frame 6 (new)"
2026-03-09T09:13:47.827208,RX,COM6,0x0205b807,0x2,0x05,0x2e,0x0,7,00 00 48 0b 00 00 80 00,"Status frame 0 (new)"
2026-03-09T09:13:47.827208,RX,COM6,0x0205b887,0x2,0x05,0x2e,0x2,7,00 00 00 00 00 00 00 00,"Status frame 2 (new)"
2026-03-09T09:13:47.828722,RX,COM6,0x0205b8c7,0x2,0x05,0x2e,0x3,7,3a 00 00 00 dd 27 93 3e,"Status frame 3 (new)"
2026-03-09T09:13:47.828722,RX,COM6,0x0205b907,0x2,0x05,0x2e,0x4,7,00 00 00 00 00 00 00 00,"Status frame 4 (new)"
2026-03-09T09:13:47.830818,HEARTBEAT,COM6,0x01011840,0x1,0x01,0x6,0x1,0,8a 69 00 00 00 10 00 00,"Heartbeat"
2026-03-09T09:13:47.830818,RX,COM6,0x0205b947,0x2,0x05,0x2e,0x5,7,00 00 00 00 00 00 00 00,"Status frame 5 (new)"
2026-03-09T09:13:47.833739,RX,COM6,0x0205b987,0x2,0x05,0x2e,0x6,7,00 00 ff ff 01 00 00 00,"Status frame 6 (new)"
2026-03-09T09:13:47.846310,RX,COM6,0x0205b807,0x2,0x05,0x2e,0x0,7,00 00 4a 0b 00 00 80 00,"Status frame 0 (new)"
2026-03-09T09:13:47.847311,RX,COM6,0x0205b887,0x2,0x05,0x2e,0x2,7,00 00 00 00 00 00 00 00,"Status frame 2 (new)"
2026-03-09T09:13:47.849008,RX,COM6,0x0205b8c7,0x2,0x05,0x2e,0x3,7,3b 00 00 00 53 c0 94 3e,"Status frame 3 (new)"
2026-03-09T09:13:47.849848,RX,COM6,0x0205b907,0x2,0x05,0x2e,0x4,7,00 00 00 00 00 00 00 00,"Status frame 4 (new)"
2026-03-09T09:13:47.850849,HEARTBEAT,COM6,0x01011840,0x1,0x01,0x6,0x1,0,9d 69 00 00 00 10 00 00,"Heartbeat"
2026-03-09T09:13:47.850849,RX,COM6,0x0205b947,0x2,0x05,0x2e,0x5,7,00 00 00 00 00 00 00 00,"Status frame 5 (new)"
2026-03-09T09:13:47.852845,RX,COM6,0x0205b987,0x2,0x05,0x2e,0x6,7,00 00 ff ff 01 00 00 00,"Status frame 6 (new)"
2026-03-09T09:13:47.866375,RX,COM6,0x0205b807,0x2,0x05,0x2e,0x0,7,00 00 4c 0b 00 00 80 00,"Status frame 0 (new)"
2026-03-09T09:13:47.867375,RX,COM6,0x0205b847,0x2,0x05,0x2e,0x1,7,00 00 00 24 00 01 00 00,"Status frame 1 (new)"
2026-03-09T09:13:47.867375,RX,COM6,0x0205b887,0x2,0x05,0x2e,0x2,7,00 00 00 00 00 00 00 00,"Status frame 2 (new)"
2026-03-09T09:13:47.868375,RX,COM6,0x0205b8c7,0x2,0x05,0x2e,0x3,7,3b 00 00 00 09 4e 94 3e,"Status frame 3 (new)"
2026-03-09T09:13:47.868375,RX,COM6,0x0205b907,0x2,0x05,0x2e,0x4,7,00 00 00 00 00 00 00 00,"Status frame 4 (new)"
2026-03-09T09:13:47.868375,RX,COM6,0x0205bc07,0x2,0x05,0x2f,0x0,7,12 e2 2e be 00 00 00 00,"DATA apiClass=0x2f apiIndex=0x0"
2026-03-09T09:13:47.870910,HEARTBEAT,COM6,0x01011840,0x1,0x01,0x6,0x1,0,b2 69 00 00 00 10 00 00,"Heartbeat"
2026-03-09T09:13:47.870910,RX,COM6,0x0205b947,0x2,0x05,0x2e,0x5,7,00 00 00 00 00 00 00 00,"Status frame 5 (new)"
2026-03-09T09:13:47.872905,RX,COM6,0x0205b987,0x2,0x05,0x2e,0x6,7,00 00 ff ff 01 00 00 00,"Status frame 6 (new)"
2026-03-09T09:13:47.886960,RX,COM6,0x0205b807,0x2,0x05,0x2e,0x0,7,00 00 31 0b 00 00 80 00,"Status frame 0 (new)"
2026-03-09T09:13:47.886960,RX,COM6,0x0205b887,0x2,0x05,0x2e,0x2,7,00 00 00 00 00 00 00 00,"Status frame 2 (new)"
2026-03-09T09:13:47.888961,RX,COM6,0x0205b8c7,0x2,0x05,0x2e,0x3,7,3b 00 00 00 9d 46 95 3e,"Status frame 3 (new)"
2026-03-09T09:13:47.888961,RX,COM6,0x0205b907,0x2,0x05,0x2e,0x4,7,00 00 00 00 00 00 00 00,"Status frame 4 (new)"
2026-03-09T09:13:47.890565,RX,COM6,0x0205b947,0x2,0x05,0x2e,0x5,7,00 00 00 00 00 00 00 00,"Status frame 5 (new)"
2026-03-09T09:13:47.891471,HEARTBEAT,COM6,0x01011840,0x1,0x01,0x6,0x1,0,c6 69 00 00 00 10 00 00,"Heartbeat"
2026-03-09T09:13:47.892470,RX,COM6,0x0205b987,0x2,0x05,0x2e,0x6,7,00 00 ff ff 01 00 00 00,"Status frame 6 (new)"
2026-03-09T09:13:47.906980,RX,COM6,0x0205b807,0x2,0x05,0x2e,0x0,7,00 00 4c 0b 00 00 80 00,"Status frame 0 (new)"
2026-03-09T09:13:47.906980,RX,COM6,0x0205b887,0x2,0x05,0x2e,0x2,7,00 00 00 00 00 00 00 00,"Status frame 2 (new)"
2026-03-09T09:13:47.908980,RX,COM6,0x0205b8c7,0x2,0x05,0x2e,0x3,7,3b 00 00 00 0f 68 95 3e,"Status frame 3 (new)"
2026-03-09T09:13:47.908980,RX,COM6,0x0205b907,0x2,0x05,0x2e,0x4,7,00 00 00 00 00 00 00 00,"Status frame 4 (new)"
2026-03-09T09:13:47.909980,RX,COM6,0x0205b947,0x2,0x05,0x2e,0x5,7,00 00 00 00 00 00 00 00,"Status frame 5 (new)"
2026-03-09T09:13:47.911685,HEARTBEAT,COM6,0x01011840,0x1,0x01,0x6,0x1,0,da 69 00 00 00 10 00 00,"Heartbeat"
2026-03-09T09:13:47.912496,RX,COM6,0x0205b987,0x2,0x05,0x2e,0x6,7,00 00 ff ff 01 00 00 00,"Status frame 6 (new)"
2026-03-09T09:13:47.926996,RX,COM6,0x0205b807,0x2,0x05,0x2e,0x0,7,00 00 4a 0b 00 00 80 00,"Status frame 0 (new)"
2026-03-09T09:13:47.926996,RX,COM6,0x0205b887,0x2,0x05,0x2e,0x2,7,00 00 00 00 00 00 00 00,"Status frame 2 (new)"
2026-03-09T09:13:47.928664,RX,COM6,0x0205b8c7,0x2,0x05,0x2e,0x3,7,3b 00 00 00 ff e2 94 3e,"Status frame 3 (new)"
2026-03-09T09:13:47.928664,RX,COM6,0x0205b907,0x2,0x05,0x2e,0x4,7,00 00 00 00 00 00 00 00,"Status frame 4 (new)"
2026-03-09T09:13:47.930599,RX,COM6,0x0205b947,0x2,0x05,0x2e,0x5,7,00 00 00 00 00 00 00 00,"Status frame 5 (new)"
2026-03-09T09:13:47.932103,HEARTBEAT,COM6,0x01011840,0x1,0x01,0x6,0x1,0,ef 69 00 00 00 10 00 00,"Heartbeat"
2026-03-09T09:13:47.932103,RX,COM6,0x0205b987,0x2,0x05,0x2e,0x6,7,00 00 ff ff 01 00 00 00,"Status frame 6 (new)"
2026-03-09T09:13:47.947134,RX,COM6,0x0205b807,0x2,0x05,0x2e,0x0,7,00 00 4a 0b 00 00 80 00,"Status frame 0 (new)"
2026-03-09T09:13:47.947134,RX,COM6,0x0205b887,0x2,0x05,0x2e,0x2,7,00 00 00 00 00 00 00 00,"Status frame 2 (new)"
2026-03-09T09:13:47.949127,RX,COM6,0x0205b8c7,0x2,0x05,0x2e,0x3,7,3a 00 00 00 e4 d9 93 3e,"Status frame 3 (new)"
2026-03-09T09:13:47.949127,RX,COM6,0x0205b907,0x2,0x05,0x2e,0x4,7,00 00 00 00 00 00 00 00,"Status frame 4 (new)"
2026-03-09T09:13:47.950377,HEARTBEAT,COM6,0x01011840,0x1,0x01,0x6,0x1,0,01 6a 00 00 00 10 00 00,"Heartbeat"
2026-03-09T09:13:47.951382,RX,COM6,0x0205b947,0x2,0x05,0x2e,0x5,7,00 00 00 00 00 00 00 00,"Status frame 5 (new)"
2026-03-09T09:13:47.953103,RX,COM6,0x0205b987,0x2,0x05,0x2e,0x6,7,00 00 ff ff 01 00 00 00,"Status frame 6 (new)"
2026-03-09T09:13:47.966845,RX,COM6,0x0205b807,0x2,0x05,0x2e,0x0,7,00 00 4c 0b 00 00 80 00,"Status frame 0 (new)"
2026-03-09T09:13:47.966845,RX,COM6,0x0205b887,0x2,0x05,0x2e,0x2,7,00 00 00 00 00 00 00 00,"Status frame 2 (new)"
2026-03-09T09:13:47.968869,RX,COM6,0x0205b8c7,0x2,0x05,0x2e,0x3,7,3b 00 00 00 1c 00 95 3e,"Status frame 3 (new)"
2026-03-09T09:13:47.968869,RX,COM6,0x0205b907,0x2,0x05,0x2e,0x4,7,00 00 00 00 00 00 00 00,"Status frame 4 (new)"
2026-03-09T09:13:47.970838,HEARTBEAT,COM6,0x01011840,0x1,0x01,0x6,0x1,0,15 6a 00 00 00 10 00 00,"Heartbeat"
2026-03-09T09:13:47.970838,RX,COM6,0x0205b947,0x2,0x05,0x2e,0x5,7,00 00 00 00 00 00 00 00,"Status frame 5 (new)"
2026-03-09T09:13:47.972835,RX,COM6,0x0205b987,0x2,0x05,0x2e,0x6,7,00 00 ff ff 01 00 00 00,"Status frame 6 (new)"
2026-03-09T09:13:47.987071,RX,COM6,0x0205b807,0x2,0x05,0x2e,0x0,7,00 00 42 0b 00 00 80 00,"Status frame 0 (new)"
2026-03-09T09:13:47.987071,RX,COM6,0x0205b887,0x2,0x05,0x2e,0x2,7,00 00 00 00 00 00 00 00,"Status frame 2 (new)"
2026-03-09T09:13:47.989081,RX,COM6,0x0205b8c7,0x2,0x05,0x2e,0x3,7,3b 00 00 00 db 3f 94 3e,"Status frame 3 (new)"
2026-03-09T09:13:47.989081,RX,COM6,0x0205b907,0x2,0x05,0x2e,0x4,7,00 00 00 00 00 00 00 00,"Status frame 4 (new)"
2026-03-09T09:13:47.991074,RX,COM6,0x0205b947,0x2,0x05,0x2e,0x5,7,00 00 00 00 00 00 00 00,"Status frame 5 (new)"
2026-03-09T09:13:47.991074,HEARTBEAT,COM6,0x01011840,0x1,0x01,0x6,0x1,0,2a 6a 00 00 00 10 00 00,"Heartbeat"
2026-03-09T09:13:47.992074,RX,COM6,0x0205b987,0x2,0x05,0x2e,0x6,7,00 00 ff ff 01 00 00 00,"Status frame 6 (new)"
2026-03-09T09:13:48.007128,RX,COM6,0x0205b807,0x2,0x05,0x2e,0x0,7,00 00 4e 0b 00 00 80 00,"Status frame 0 (new)"
2026-03-09T09:13:48.007128,RX,COM6,0x0205b887,0x2,0x05,0x2e,0x2,7,00 00 00 00 00 00 00 00,"Status frame 2 (new)"
2026-03-09T09:13:48.009128,RX,COM6,0x0205b8c7,0x2,0x05,0x2e,0x3,7,3b 00 00 00 21 46 94 3e,"Status frame 3 (new)"
2026-03-09T09:13:48.009128,RX,COM6,0x0205b907,0x2,0x05,0x2e,0x4,7,00 00 00 00 00 00 00 00,"Status frame 4 (new)"
2026-03-09T09:13:48.011127,RX,COM6,0x0205b947,0x2,0x05,0x2e,0x5,7,00 00 00 00 00 00 00 00,"Status frame 5 (new)"
2026-03-09T09:13:48.011127,HEARTBEAT,COM6,0x01011840,0x1,0x01,0x6,0x1,0,3e 6a 00 00 00 10 00 00,"Heartbeat"
2026-03-09T09:13:48.012123,RX,COM6,0x0205b987,0x2,0x05,0x2e,0x6,7,00 00 ff ff 01 00 00 00,"Status frame 6 (new)"
2026-03-09T09:13:48.027196,RX,COM6,0x0205b807,0x2,0x05,0x2e,0x0,7,00 00 4e 0b 00 00 80 00,"Status frame 0 (new)"
2026-03-09T09:13:48.027196,RX,COM6,0x0205b887,0x2,0x05,0x2e,0x2,7,00 00 00 00 00 00 00 00,"Status frame 2 (new)"
2026-03-09T09:13:48.028717,RX,COM6,0x0205b8c7,0x2,0x05,0x2e,0x3,7,3b 00 00 00 28 7b 95 3e,"Status frame 3 (new)"
2026-03-09T09:13:48.028717,RX,COM6,0x0205b907,0x2,0x05,0x2e,0x4,7,00 00 00 00 00 00 00 00,"Status frame 4 (new)"
2026-03-09T09:13:48.030716,RX,COM6,0x0205b947,0x2,0x05,0x2e,0x5,7,00 00 00 00 00 00 00 00,"Status frame 5 (new)"
2026-03-09T09:13:48.031718,HEARTBEAT,COM6,0x01011840,0x1,0x01,0x6,0x1,0,52 6a 00 00 00 10 00 00,"Heartbeat"
2026-03-09T09:13:48.032717,RX,COM6,0x0205b987,0x2,0x05,0x2e,0x6,7,00 00 ff ff 01 00 00 00,"Status frame 6 (new)"
2026-03-09T09:13:48.046788,RX,COM6,0x0205b807,0x2,0x05,0x2e,0x0,7,00 00 4e 0b 00 00 80 00,"Status frame 0 (new)"
2026-03-09T09:13:48.046788,RX,COM6,0x0205b887,0x2,0x05,0x2e,0x2,7,00 00 00 00 00 00 00 00,"Status frame 2 (new)"
2026-03-09T09:13:48.049794,RX,COM6,0x0205b8c7,0x2,0x05,0x2e,0x3,7,3b 00 00 00 77 c1 94 3e,"Status frame 3 (new)"
2026-03-09T09:13:48.049794,RX,COM6,0x0205b907,0x2,0x05,0x2e,0x4,7,00 00 00 00 00 00 00 00,"Status frame 4 (new)"
2026-03-09T09:13:48.050778,HEARTBEAT,COM6,0x01011840,0x1,0x01,0x6,0x1,0,66 6a 00 00 00 10 00 00,"Heartbeat"
2026-03-09T09:13:48.050778,RX,COM6,0x0205b947,0x2,0x05,0x2e,0x5,7,00 00 00 00 00 00 00 00,"Status frame 5 (new)"
2026-03-09T09:13:48.052786,RX,COM6,0x0205b987,0x2,0x05,0x2e,0x6,7,00 00 ff ff 01 00 00 00,"Status frame 6 (new)"
2026-03-09T09:13:48.066339,RX,COM6,0x0205b807,0x2,0x05,0x2e,0x0,7,00 00 53 0b 00 00 80 00,"Status frame 0 (new)"
2026-03-09T09:13:48.067341,RX,COM6,0x0205b887,0x2,0x05,0x2e,0x2,7,00 00 00 00 00 00 00 00,"Status frame 2 (new)"
2026-03-09T09:13:48.068339,RX,COM6,0x0205b8c7,0x2,0x05,0x2e,0x3,7,3b 00 00 00 fc 1b 95 3e,"Status frame 3 (new)"
2026-03-09T09:13:48.068339,RX,COM6,0x0205b907,0x2,0x05,0x2e,0x4,7,00 00 00 00 00 00 00 00,"Status frame 4 (new)"
2026-03-09T09:13:48.070340,RX,COM6,0x0205b947,0x2,0x05,0x2e,0x5,7,00 00 00 00 00 00 00 00,"Status frame 5 (new)"
2026-03-09T09:13:48.071339,HEARTBEAT,COM6,0x01011840,0x1,0x01,0x6,0x1,0,7a 6a 00 00 00 10 00 00,"Heartbeat"
2026-03-09T09:13:48.072340,RX,COM6,0x0205b987,0x2,0x05,0x2e,0x6,7,00 00 ff ff 01 00 00 00,"Status frame 6 (new)"
2026-03-09T09:13:48.086870,RX,COM6,0x0205b807,0x2,0x05,0x2e,0x0,7,00 00 50 0b 00 00 80 00,"Status frame 0 (new)"
2026-03-09T09:13:48.086870,RX,COM6,0x0205b887,0x2,0x05,0x2e,0x2,7,00 00 00 00 00 00 00 00,"Status frame 2 (new)"
2026-03-09T09:13:48.088870,RX,COM6,0x0205b8c7,0x2,0x05,0x2e,0x3,7,3b 04 00 00 da f1 94 3e,"Status frame 3 (new)"
2026-03-09T09:13:48.088870,RX,COM6,0x0205b907,0x2,0x05,0x2e,0x4,7,00 00 00 00 00 00 00 00,"Status frame 4 (new)"
2026-03-09T09:13:48.090376,RX,COM6,0x0205b947,0x2,0x05,0x2e,0x5,7,00 00 00 00 00 00 00 00,"Status frame 5 (new)"
2026-03-09T09:13:48.091380,HEARTBEAT,COM6,0x01011840,0x1,0x01,0x6,0x1,0,8e 6a 00 00 00 10 00 00,"Heartbeat"
2026-03-09T09:13:48.092380,RX,COM6,0x0205b987,0x2,0x05,0x2e,0x6,7,00 00 ff ff 01 00 00 00,"Status frame 6 (new)"
2026-03-09T09:13:48.106889,RX,COM6,0x0205b807,0x2,0x05,0x2e,0x0,7,00 00 50 0b 00 00 80 00,"Status frame 0 (new)"
2026-03-09T09:13:48.106889,RX,COM6,0x0205b887,0x2,0x05,0x2e,0x2,7,00 00 00 00 00 00 00 00,"Status frame 2 (new)"
2026-03-09T09:13:48.108889,RX,COM6,0x0205b8c7,0x2,0x05,0x2e,0x3,7,3b 04 00 00 d4 eb 94 3e,"Status frame 3 (new)"
2026-03-09T09:13:48.108889,RX,COM6,0x0205b907,0x2,0x05,0x2e,0x4,7,00 00 00 00 00 00 00 00,"Status frame 4 (new)"
2026-03-09T09:13:48.110891,RX,COM6,0x0205b947,0x2,0x05,0x2e,0x5,7,00 00 00 00 00 00 00 00,"Status frame 5 (new)"
2026-03-09T09:13:48.111890,HEARTBEAT,COM6,0x01011840,0x1,0x01,0x6,0x1,0,a2 6a 00 00 00 10 00 00,"Heartbeat"
2026-03-09T09:13:48.112889,RX,COM6,0x0205b987,0x2,0x05,0x2e,0x6,7,00 00 ff ff 01 00 00 00,"Status frame 6 (new)"
2026-03-09T09:13:48.116398,RX,COM6,0x0205b847,0x2,0x05,0x2e,0x1,7,00 00 00 24 00 01 00 00,"Status frame 1 (new)"
2026-03-09T09:13:48.126901,RX,COM6,0x0205b807,0x2,0x05,0x2e,0x0,7,00 00 50 0b 00 00 80 00,"Status frame 0 (new)"
2026-03-09T09:13:48.126901,RX,COM6,0x0205b887,0x2,0x05,0x2e,0x2,7,00 00 00 00 00 00 00 00,"Status frame 2 (new)"
2026-03-09T09:13:48.128906,RX,COM6,0x0205b8c7,0x2,0x05,0x2e,0x3,7,3b 00 00 00 b5 67 94 3e,"Status frame 3 (new)"
2026-03-09T09:13:48.128906,RX,COM6,0x0205b907,0x2,0x05,0x2e,0x4,7,00 00 00 00 00 00 00 00,"Status frame 4 (new)"
2026-03-09T09:13:48.130910,HEARTBEAT,COM6,0x01011840,0x1,0x01,0x6,0x1,0,b5 6a 00 00 00 10 00 00,"Heartbeat"
2026-03-09T09:13:48.130910,RX,COM6,0x0205b947,0x2,0x05,0x2e,0x5,7,00 00 00 00 00 00 00 00,"Status frame 5 (new)"
2026-03-09T09:13:48.132906,RX,COM6,0x0205b987,0x2,0x05,0x2e,0x6,7,00 00 ff ff 01 00 00 00,"Status frame 6 (new)"
2026-03-09T09:13:48.146433,RX,COM6,0x0205b807,0x2,0x05,0x2e,0x0,7,00 00 52 0b 00 00 80 00,"Status frame 0 (new)"
2026-03-09T09:13:48.146433,RX,COM6,0x0205b887,0x2,0x05,0x2e,0x2,7,00 00 00 00 00 00 00 00,"Status frame 2 (new)"
2026-03-09T09:13:48.148438,RX,COM6,0x0205b8c7,0x2,0x05,0x2e,0x3,7,3b 00 00 00 26 71 94 3e,"Status frame 3 (new)"
2026-03-09T09:13:48.148438,RX,COM6,0x0205b907,0x2,0x05,0x2e,0x4,7,00 00 00 00 00 00 00 00,"Status frame 4 (new)"
2026-03-09T09:13:48.150941,HEARTBEAT,COM6,0x01011840,0x1,0x01,0x6,0x1,0,ca 6a 00 00 00 10 00 00,"Heartbeat"
2026-03-09T09:13:48.150941,RX,COM6,0x0205b947,0x2,0x05,0x2e,0x5,7,00 00 00 00 00 00 00 00,"Status frame 5 (new)"
2026-03-09T09:13:48.152946,RX,COM6,0x0205b987,0x2,0x05,0x2e,0x6,7,00 00 ff ff 01 00 00 00,"Status frame 6 (new)"
2026-03-09T09:13:48.166458,RX,COM6,0x0205b807,0x2,0x05,0x2e,0x0,7,00 00 51 0b 00 00 80 00,"Status frame 0 (new)"
2026-03-09T09:13:48.166458,RX,COM6,0x0205b887,0x2,0x05,0x2e,0x2,7,00 00 00 00 00 00 00 00,"Status frame 2 (new)"
2026-03-09T09:13:48.168974,RX,COM6,0x0205b8c7,0x2,0x05,0x2e,0x3,7,3b 00 00 00 7f 5a 94 3e,"Status frame 3 (new)"
2026-03-09T09:13:48.168974,RX,COM6,0x0205b907,0x2,0x05,0x2e,0x4,7,00 00 00 00 00 00 00 00,"Status frame 4 (new)"
2026-03-09T09:13:48.170975,HEARTBEAT,COM6,0x01011840,0x1,0x01,0x6,0x1,0,de 6a 00 00 00 10 00 00,"Heartbeat"
2026-03-09T09:13:48.170975,RX,COM6,0x0205b947,0x2,0x05,0x2e,0x5,7,00 00 00 00 00 00 00 00,"Status frame 5 (new)"
2026-03-09T09:13:48.172972,RX,COM6,0x0205b987,0x2,0x05,0x2e,0x6,7,00 00 ff ff 01 00 00 00,"Status frame 6 (new)"
2026-03-09T09:13:48.173972,TX,COM6,0x02053c07,0x2,0x05,0xf,0x0,7,0e 00 00 00 00 00 00 00,"TX apiClass=0xf apiIndex=0x0"
2026-03-09T09:13:48.186980,RX,COM6,0x0205b807,0x2,0x05,0x2e,0x0,7,00 00 52 0b 00 00 80 00,"Status frame 0 (new)"
2026-03-09T09:13:48.186980,RX,COM6,0x0205b887,0x2,0x05,0x2e,0x2,7,00 00 00 00 00 00 00 00,"Status frame 2 (new)"
2026-03-09T09:13:48.188482,RX,COM6,0x0205b8c7,0x2,0x05,0x2e,0x3,7,3b 00 00 00 da c8 94 3e,"Status frame 3 (new)"
2026-03-09T09:13:48.188482,RX,COM6,0x0205b907,0x2,0x05,0x2e,0x4,7,00 00 00 00 00 00 00 00,"Status frame 4 (new)"
2026-03-09T09:13:48.190485,RX,COM6,0x0205b947,0x2,0x05,0x2e,0x5,7,00 00 00 00 00 00 00 00,"Status frame 5 (new)"
2026-03-09T09:13:48.191485,HEARTBEAT,COM6,0x01011840,0x1,0x01,0x6,0x1,0,f2 6a 00 00 00 10 00 00,"Heartbeat"
2026-03-09T09:13:48.192484,RX,COM6,0x0205b987,0x2,0x05,0x2e,0x6,7,00 00 ff ff 01 00 00 00,"Status frame 6 (new)"
2026-03-09T09:13:48.206493,RX,COM6,0x0205b807,0x2,0x05,0x2e,0x0,7,00 00 51 0b 00 00 80 00,"Status frame 0 (new)"
2026-03-09T09:13:48.206493,RX,COM6,0x0205b887,0x2,0x05,0x2e,0x2,7,00 00 00 00 00 00 00 00,"Status frame 2 (new)"
2026-03-09T09:13:48.208493,RX,COM6,0x0205b8c7,0x2,0x05,0x2e,0x3,7,3b 00 00 00 09 73 94 3e,"Status frame 3 (new)"
2026-03-09T09:13:48.208493,RX,COM6,0x0205b907,0x2,0x05,0x2e,0x4,7,00 00 00 00 00 00 00 00,"Status frame 4 (new)"
2026-03-09T09:13:48.210997,RX,COM6,0x0205b947,0x2,0x05,0x2e,0x5,7,00 00 00 00 00 00 00 00,"Status frame 5 (new)"
2026-03-09T09:13:48.210997,HEARTBEAT,COM6,0x01011840,0x1,0x01,0x6,0x1,0,06 6b 00 00 00 10 00 00,"Heartbeat"
2026-03-09T09:13:48.212997,RX,COM6,0x0205b987,0x2,0x05,0x2e,0x6,7,00 00 ff ff 01 00 00 00,"Status frame 6 (new)"
2026-03-09T09:13:48.227169,RX,COM6,0x0205b807,0x2,0x05,0x2e,0x0,7,00 00 54 0b 00 00 80 00,"Status frame 0 (new)"
2026-03-09T09:13:48.227169,RX,COM6,0x0205b887,0x2,0x05,0x2e,0x2,7,00 00 00 00 00 00 00 00,"Status frame 2 (new)"
2026-03-09T09:13:48.228673,RX,COM6,0x0205b8c7,0x2,0x05,0x2e,0x3,7,3b 00 00 00 78 c3 94 3e,"Status frame 3 (new)"
2026-03-09T09:13:48.228673,RX,COM6,0x0205b907,0x2,0x05,0x2e,0x4,7,00 00 00 00 00 00 00 00,"Status frame 4 (new)"
2026-03-09T09:13:48.230673,RX,COM6,0x0205b947,0x2,0x05,0x2e,0x5,7,00 00 00 00 00 00 00 00,"Status frame 5 (new)"
2026-03-09T09:13:48.231673,HEARTBEAT,COM6,0x01011840,0x1,0x01,0x6,0x1,0,1a 6b 00 00 00 10 00 00,"Heartbeat"
2026-03-09T09:13:48.232673,RX,COM6,0x0205b987,0x2,0x05,0x2e,0x6,7,00 00 ff ff 01 00 00 00,"Status frame 6 (new)"
2026-03-09T09:13:48.246681,RX,COM6,0x0205b807,0x2,0x05,0x2e,0x0,7,00 00 59 0b 00 00 80 00,"Status frame 0 (new)"
2026-03-09T09:13:48.246681,RX,COM6,0x0205b887,0x2,0x05,0x2e,0x2,7,00 00 00 00 00 00 00 00,"Status frame 2 (new)"
2026-03-09T09:13:48.248744,RX,COM6,0x0205b8c7,0x2,0x05,0x2e,0x3,7,3a 00 00 00 0e ca 93 3e,"Status frame 3 (new)"
2026-03-09T09:13:48.248744,RX,COM6,0x0205b907,0x2,0x05,0x2e,0x4,7,00 00 00 00 00 00 00 00,"Status frame 4 (new)"
2026-03-09T09:13:48.250743,HEARTBEAT,COM6,0x01011840,0x1,0x01,0x6,0x1,0,2d 6b 00 00 00 10 00 00,"Heartbeat"
2026-03-09T09:13:48.250743,RX,COM6,0x0205b947,0x2,0x05,0x2e,0x5,7,00 00 00 00 00 00 00 00,"Status frame 5 (new)"
2026-03-09T09:13:48.252773,RX,COM6,0x0205b987,0x2,0x05,0x2e,0x6,7,00 00 ff ff 01 00 00 00,"Status frame 6 (new)"
2026-03-09T09:13:48.266545,RX,COM6,0x0205b807,0x2,0x05,0x2e,0x0,7,00 00 59 0b 00 00 80 00,"Status frame 0 (new)"
2026-03-09T09:13:48.266545,RX,COM6,0x0205b887,0x2,0x05,0x2e,0x2,7,00 00 00 00 00 00 00 00,"Status frame 2 (new)"
2026-03-09T09:13:48.268548,RX,COM6,0x0205b8c7,0x2,0x05,0x2e,0x3,7,3b 00 00 00 6e b4 94 3e,"Status frame 3 (new)"
2026-03-09T09:13:48.268548,RX,COM6,0x0205b907,0x2,0x05,0x2e,0x4,7,00 00 00 00 00 00 00 00,"Status frame 4 (new)"
2026-03-09T09:13:48.270552,RX,COM6,0x0205b947,0x2,0x05,0x2e,0x5,7,00 00 00 00 00 00 00 00,"Status frame 5 (new)"
2026-03-09T09:13:48.271484,HEARTBEAT,COM6,0x01011840,0x1,0x01,0x6,0x1,0,42 6b 00 00 00 10 00 00,"Heartbeat"
2026-03-09T09:13:48.273003,RX,COM6,0x0205b987,0x2,0x05,0x2e,0x6,7,00 00 ff ff 01 00 00 00,"Status frame 6 (new)"
2026-03-09T09:13:48.287101,RX,COM6,0x0205b807,0x2,0x05,0x2e,0x0,7,00 00 52 0b 00 00 80 00,"Status frame 0 (new)"
2026-03-09T09:13:48.287101,RX,COM6,0x0205b887,0x2,0x05,0x2e,0x2,7,00 00 00 00 00 00 00 00,"Status frame 2 (new)"
2026-03-09T09:13:48.288619,RX,COM6,0x0205b8c7,0x2,0x05,0x2e,0x3,7,3a 00 00 00 98 af 93 3e,"Status frame 3 (new)"
2026-03-09T09:13:48.288619,RX,COM6,0x0205b907,0x2,0x05,0x2e,0x4,7,00 00 00 00 00 00 00 00,"Status frame 4 (new)"
2026-03-09T09:13:48.290636,HEARTBEAT,COM6,0x01011840,0x1,0x01,0x6,0x1,0,55 6b 00 00 00 10 00 00,"Heartbeat"
2026-03-09T09:13:48.290636,RX,COM6,0x0205b947,0x2,0x05,0x2e,0x5,7,00 00 00 00 00 00 00 00,"Status frame 5 (new)"
2026-03-09T09:13:48.292765,RX,COM6,0x0205b987,0x2,0x05,0x2e,0x6,7,00 00 ff ff 01 00 00 00,"Status frame 6 (new)"
2026-03-09T09:13:48.306938,RX,COM6,0x0205b807,0x2,0x05,0x2e,0x0,7,00 00 54 0b 00 00 80 00,"Status frame 0 (new)"
2026-03-09T09:13:48.306938,RX,COM6,0x0205b887,0x2,0x05,0x2e,0x2,7,00 00 00 00 00 00 00 00,"Status frame 2 (new)"
2026-03-09T09:13:48.308929,RX,COM6,0x0205b8c7,0x2,0x05,0x2e,0x3,7,3a 00 00 00 fb d3 93 3e,"Status frame 3 (new)"
2026-03-09T09:13:48.308929,RX,COM6,0x0205b907,0x2,0x05,0x2e,0x4,7,00 00 00 00 00 00 00 00,"Status frame 4 (new)"
2026-03-09T09:13:48.310938,HEARTBEAT,COM6,0x01011840,0x1,0x01,0x6,0x1,0,6a 6b 00 00 00 10 00 00,"Heartbeat"
2026-03-09T09:13:48.310938,RX,COM6,0x0205b947,0x2,0x05,0x2e,0x5,7,00 00 00 00 00 00 00 00,"Status frame 5 (new)"
2026-03-09T09:13:48.312940,RX,COM6,0x0205b987,0x2,0x05,0x2e,0x6,7,00 00 ff ff 01 00 00 00,"Status frame 6 (new)"
2026-03-09T09:13:48.326219,RX,COM6,0x0205b807,0x2,0x05,0x2e,0x0,7,00 00 32 0b 00 00 80 00,"Status frame 0 (new)"
2026-03-09T09:13:48.327219,RX,COM6,0x0205b887,0x2,0x05,0x2e,0x2,7,00 00 00 00 00 00 00 00,"Status frame 2 (new)"
2026-03-09T09:13:48.328756,RX,COM6,0x0205b8c7,0x2,0x05,0x2e,0x3,7,3b 00 00 00 b0 b9 95 3e,"Status frame 3 (new)"
2026-03-09T09:13:48.328756,RX,COM6,0x0205b907,0x2,0x05,0x2e,0x4,7,00 00 00 00 00 00 00 00,"Status frame 4 (new)"
2026-03-09T09:13:48.330756,RX,COM6,0x0205b947,0x2,0x05,0x2e,0x5,7,00 00 00 00 00 00 00 00,"Status frame 5 (new)"
2026-03-09T09:13:48.331756,HEARTBEAT,COM6,0x01011840,0x1,0x01,0x6,0x1,0,7e 6b 00 00 00 10 00 00,"Heartbeat"
2026-03-09T09:13:48.332757,RX,COM6,0x0205b987,0x2,0x05,0x2e,0x6,7,00 00 ff ff 01 00 00 00,"Status frame 6 (new)"
2026-03-09T09:13:48.347044,RX,COM6,0x0205b807,0x2,0x05,0x2e,0x0,7,00 00 56 0b 00 00 80 00,"Status frame 0 (new)"
2026-03-09T09:13:48.347044,RX,COM6,0x0205b887,0x2,0x05,0x2e,0x2,7,00 00 00 00 00 00 00 00,"Status frame 2 (new)"
2026-03-09T09:13:48.348558,RX,COM6,0x0205b8c7,0x2,0x05,0x2e,0x3,7,3b 00 00 00 6e 5d 94 3e,"Status frame 3 (new)"
2026-03-09T09:13:48.348558,RX,COM6,0x0205b907,0x2,0x05,0x2e,0x4,7,00 00 00 00 00 00 00 00,"Status frame 4 (new)"
2026-03-09T09:13:48.350575,RX,COM6,0x0205b947,0x2,0x05,0x2e,0x5,7,00 00 00 00 00 00 00 00,"Status frame 5 (new)"
2026-03-09T09:13:48.351565,HEARTBEAT,COM6,0x01011840,0x1,0x01,0x6,0x1,0,92 6b 00 00 00 10 00 00,"Heartbeat"
2026-03-09T09:13:48.352570,RX,COM6,0x0205b987,0x2,0x05,0x2e,0x6,7,00 00 ff ff 01 00 00 00,"Status frame 6 (new)"
2026-03-09T09:13:48.367105,RX,COM6,0x0205b807,0x2,0x05,0x2e,0x0,7,00 00 54 0b 00 00 80 00,"Status frame 0 (new)"
2026-03-09T09:13:48.367105,RX,COM6,0x0205b847,0x2,0x05,0x2e,0x1,7,00 00 00 24 00 01 00 00,"Status frame 1 (new)"
2026-03-09T09:13:48.367105,RX,COM6,0x0205b887,0x2,0x05,0x2e,0x2,7,00 00 00 00 00 00 00 00,"Status frame 2 (new)"
2026-03-09T09:13:48.369105,RX,COM6,0x0205b8c7,0x2,0x05,0x2e,0x3,7,3b 00 00 00 04 64 94 3e,"Status frame 3 (new)"
2026-03-09T09:13:48.369105,RX,COM6,0x0205b907,0x2,0x05,0x2e,0x4,7,00 00 00 00 00 00 00 00,"Status frame 4 (new)"
2026-03-09T09:13:48.371106,RX,COM6,0x0205b947,0x2,0x05,0x2e,0x5,7,00 00 00 00 00 00 00 00,"Status frame 5 (new)"
2026-03-09T09:13:48.371106,HEARTBEAT,COM6,0x01011840,0x1,0x01,0x6,0x1,0,a6 6b 00 00 00 10 00 00,"Heartbeat"
2026-03-09T09:13:48.373106,RX,COM6,0x0205b987,0x2,0x05,0x2e,0x6,7,00 00 ff ff 01 00 00 00,"Status frame 6 (new)"
2026-03-09T09:13:48.387169,RX,COM6,0x0205b807,0x2,0x05,0x2e,0x0,7,00 00 56 0b 00 00 80 00,"Status frame 0 (new)"
2026-03-09T09:13:48.387169,RX,COM6,0x0205b887,0x2,0x05,0x2e,0x2,7,00 00 00 00 00 00 00 00,"Status frame 2 (new)"
2026-03-09T09:13:48.389169,RX,COM6,0x0205b8c7,0x2,0x05,0x2e,0x3,7,3b 00 00 00 c8 9f 94 3e,"Status frame 3 (new)"
2026-03-09T09:13:48.389169,RX,COM6,0x0205b907,0x2,0x05,0x2e,0x4,7,00 00 00 00 00 00 00 00,"Status frame 4 (new)"
2026-03-09T09:13:48.390171,RX,COM6,0x0205b947,0x2,0x05,0x2e,0x5,7,00 00 00 00 00 00 00 00,"Status frame 5 (new)"
2026-03-09T09:13:48.391167,HEARTBEAT,COM6,0x01011840,0x1,0x01,0x6,0x1,0,ba 6b 00 00 00 10 00 00,"Heartbeat"
2026-03-09T09:13:48.392174,RX,COM6,0x0205b987,0x2,0x05,0x2e,0x6,7,00 00 ff ff 01 00 00 00,"Status frame 6 (new)"
2026-03-09T09:13:48.407234,RX,COM6,0x0205b807,0x2,0x05,0x2e,0x0,7,00 00 54 0b 00 00 80 00,"Status frame 0 (new)"
2026-03-09T09:13:48.407234,RX,COM6,0x0205b887,0x2,0x05,0x2e,0x2,7,00 00 00 00 00 00 00 00,"Status frame 2 (new)"
2026-03-09T09:13:48.408235,RX,COM6,0x0205b8c7,0x2,0x05,0x2e,0x3,7,3a 00 00 00 06 b4 93 3e,"Status frame 3 (new)"
2026-03-09T09:13:48.408235,RX,COM6,0x0205b907,0x2,0x05,0x2e,0x4,7,00 00 00 00 00 00 00 00,"Status frame 4 (new)"
2026-03-09T09:13:48.410234,RX,COM6,0x0205b947,0x2,0x05,0x2e,0x5,7,00 00 00 00 00 00 00 00,"Status frame 5 (new)"
2026-03-09T09:13:48.411236,HEARTBEAT,COM6,0x01011840,0x1,0x01,0x6,0x1,0,ce 6b 00 00 00 10 00 00,"Heartbeat"
2026-03-09T09:13:48.412249,RX,COM6,0x0205b987,0x2,0x05,0x2e,0x6,7,00 00 ff ff 01 00 00 00,"Status frame 6 (new)"
2026-03-09T09:13:48.425768,RX,COM6,0x0205b807,0x2,0x05,0x2e,0x0,7,00 00 0a 0b 00 00 80 00,"Status frame 0 (new)"
2026-03-09T09:13:48.427303,RX,COM6,0x0205b887,0x2,0x05,0x2e,0x2,7,00 00 00 00 00 00 00 00,"Status frame 2 (new)"
2026-03-09T09:13:48.428338,RX,COM6,0x0205b8c7,0x2,0x05,0x2e,0x3,7,3b 00 00 00 b4 0d 94 3e,"Status frame 3 (new)"
2026-03-09T09:13:48.428338,RX,COM6,0x0205b907,0x2,0x05,0x2e,0x4,7,00 00 00 00 00 00 00 00,"Status frame 4 (new)"
2026-03-09T09:13:48.430321,RX,COM6,0x0205b947,0x2,0x05,0x2e,0x5,7,00 00 00 00 00 00 00 00,"Status frame 5 (new)"
2026-03-09T09:13:48.431342,HEARTBEAT,COM6,0x01011840,0x1,0x01,0x6,0x1,0,e2 6b 00 00 00 10 00 00,"Heartbeat"
2026-03-09T09:13:48.432323,RX,COM6,0x0205b987,0x2,0x05,0x2e,0x6,7,00 00 ff ff 01 00 00 00,"Status frame 6 (new)"
2026-03-09T09:13:48.446898,RX,COM6,0x0205b807,0x2,0x05,0x2e,0x0,7,00 00 54 0b 00 00 80 00,"Status frame 0 (new)"
2026-03-09T09:13:48.446898,RX,COM6,0x0205b887,0x2,0x05,0x2e,0x2,7,00 00 00 00 00 00 00 00,"Status frame 2 (new)"
2026-03-09T09:13:48.448911,RX,COM6,0x0205b8c7,0x2,0x05,0x2e,0x3,7,3b 00 00 00 fc 6c 94 3e,"Status frame 3 (new)"
2026-03-09T09:13:48.448911,RX,COM6,0x0205b907,0x2,0x05,0x2e,0x4,7,00 00 00 00 00 00 00 00,"Status frame 4 (new)"
2026-03-09T09:13:48.450894,HEARTBEAT,COM6,0x01011840,0x1,0x01,0x6,0x1,0,f6 6b 00 00 00 10 00 00,"Heartbeat"
2026-03-09T09:13:48.450894,RX,COM6,0x0205b947,0x2,0x05,0x2e,0x5,7,00 00 00 00 00 00 00 00,"Status frame 5 (new)"
2026-03-09T09:13:48.452907,RX,COM6,0x0205b987,0x2,0x05,0x2e,0x6,7,00 00 ff ff 01 00 00 00,"Status frame 6 (new)"
2026-03-09T09:13:48.466920,RX,COM6,0x0205b807,0x2,0x05,0x2e,0x0,7,00 00 4d 0b 00 00 80 00,"Status frame 0 (new)"
2026-03-09T09:13:48.466920,RX,COM6,0x0205b887,0x2,0x05,0x2e,0x2,7,00 00 00 00 00 00 00 00,"Status frame 2 (new)"
2026-03-09T09:13:48.468427,RX,COM6,0x0205b8c7,0x2,0x05,0x2e,0x3,7,3b 00 00 00 69 ec 94 3e,"Status frame 3 (new)"
2026-03-09T09:13:48.468427,RX,COM6,0x0205b907,0x2,0x05,0x2e,0x4,7,00 00 00 00 00 00 00 00,"Status frame 4 (new)"
2026-03-09T09:13:48.470444,RX,COM6,0x0205b947,0x2,0x05,0x2e,0x5,7,00 00 00 00 00 00 00 00,"Status frame 5 (new)"
2026-03-09T09:13:48.471444,HEARTBEAT,COM6,0x01011840,0x1,0x01,0x6,0x1,0,0a 6c 00 00 00 10 00 00,"Heartbeat"
2026-03-09T09:13:48.472444,RX,COM6,0x0205b987,0x2,0x05,0x2e,0x6,7,00 00 ff ff 01 00 00 00,"Status frame 6 (new)"
2026-03-09T09:13:48.486137,RX,COM6,0x0205b807,0x2,0x05,0x2e,0x0,7,00 00 4d 0b 00 00 80 00,"Status frame 0 (new)"
2026-03-09T09:13:48.486137,RX,COM6,0x0205b887,0x2,0x05,0x2e,0x2,7,00 00 00 00 00 00 00 00,"Status frame 2 (new)"
2026-03-09T09:13:48.488769,RX,COM6,0x0205b8c7,0x2,0x05,0x2e,0x3,7,3b 00 00 00 cd 08 94 3e,"Status frame 3 (new)"
2026-03-09T09:13:48.488769,RX,COM6,0x0205b907,0x2,0x05,0x2e,0x4,7,00 00 00 00 00 00 00 00,"Status frame 4 (new)"
2026-03-09T09:13:48.490776,HEARTBEAT,COM6,0x01011840,0x1,0x01,0x6,0x1,0,1d 6c 00 00 00 10 00 00,"Heartbeat"
2026-03-09T09:13:48.490776,RX,COM6,0x0205b947,0x2,0x05,0x2e,0x5,7,00 00 00 00 00 00 00 00,"Status frame 5 (new)"
2026-03-09T09:13:48.492713,RX,COM6,0x0205b987,0x2,0x05,0x2e,0x6,7,00 00 ff ff 01 00 00 00,"Status frame 6 (new)"
2026-03-09T09:13:48.506420,RX,COM6,0x0205b807,0x2,0x05,0x2e,0x0,7,00 00 49 0b 00 00 80 00,"Status frame 0 (new)"
2026-03-09T09:13:48.506420,RX,COM6,0x0205b887,0x2,0x05,0x2e,0x2,7,00 00 00 00 00 00 00 00,"Status frame 2 (new)"
2026-03-09T09:13:48.508980,RX,COM6,0x0205b8c7,0x2,0x05,0x2e,0x3,7,3a 00 00 00 e4 c7 93 3e,"Status frame 3 (new)"
2026-03-09T09:13:48.508980,RX,COM6,0x0205b907,0x2,0x05,0x2e,0x4,7,00 00 00 00 00 00 00 00,"Status frame 4 (new)"
2026-03-09T09:13:48.510976,RX,COM6,0x0205b947,0x2,0x05,0x2e,0x5,7,00 00 00 00 00 00 00 00,"Status frame 5 (new)"
2026-03-09T09:13:48.510976,HEARTBEAT,COM6,0x01011840,0x1,0x01,0x6,0x1,0,32 6c 00 00 00 10 00 00,"Heartbeat"
2026-03-09T09:13:48.512969,RX,COM6,0x0205b987,0x2,0x05,0x2e,0x6,7,00 00 ff ff 01 00 00 00,"Status frame 6 (new)"
2026-03-09T09:13:48.527020,RX,COM6,0x0205b807,0x2,0x05,0x2e,0x0,7,00 00 1b 0b 00 00 80 00,"Status frame 0 (new)"
2026-03-09T09:13:48.527020,RX,COM6,0x0205b887,0x2,0x05,0x2e,0x2,7,00 00 00 00 00 00 00 00,"Status frame 2 (new)"
2026-03-09T09:13:48.528557,RX,COM6,0x0205b8c7,0x2,0x05,0x2e,0x3,7,3b 00 00 00 88 d1 95 3e,"Status frame 3 (new)"
2026-03-09T09:13:48.528557,RX,COM6,0x0205b907,0x2,0x05,0x2e,0x4,7,00 00 00 00 00 00 00 00,"Status frame 4 (new)"
2026-03-09T09:13:48.530574,RX,COM6,0x0205b947,0x2,0x05,0x2e,0x5,7,00 00 00 00 00 00 00 00,"Status frame 5 (new)"
2026-03-09T09:13:48.531575,HEARTBEAT,COM6,0x01011840,0x1,0x01,0x6,0x1,0,46 6c 00 00 00 10 00 00,"Heartbeat"
2026-03-09T09:13:48.532575,RX,COM6,0x0205b987,0x2,0x05,0x2e,0x6,7,00 00 ff ff 01 00 00 00,"Status frame 6 (new)"
2026-03-09T09:13:48.546636,RX,COM6,0x0205b807,0x2,0x05,0x2e,0x0,7,00 00 44 0b 00 00 80 00,"Status frame 0 (new)"
2026-03-09T09:13:48.546636,RX,COM6,0x0205b887,0x2,0x05,0x2e,0x2,7,00 00 00 00 00 00 00 00,"Status frame 2 (new)"
2026-03-09T09:13:48.548645,RX,COM6,0x0205b8c7,0x2,0x05,0x2e,0x3,7,3a 00 00 00 5c 5f 93 3e,"Status frame 3 (new)"
2026-03-09T09:13:48.548645,RX,COM6,0x0205b907,0x2,0x05,0x2e,0x4,7,00 00 00 00 00 00 00 00,"Status frame 4 (new)"
2026-03-09T09:13:48.550211,RX,COM6,0x0205b947,0x2,0x05,0x2e,0x5,7,00 00 00 00 00 00 00 00,"Status frame 5 (new)"
2026-03-09T09:13:48.551223,HEARTBEAT,COM6,0x01011840,0x1,0x01,0x6,0x1,0,5a 6c 00 00 00 10 00 00,"Heartbeat"
2026-03-09T09:13:48.552232,RX,COM6,0x0205b987,0x2,0x05,0x2e,0x6,7,00 00 ff ff 01 00 00 00,"Status frame 6 (new)"
2026-03-09T09:13:48.566724,RX,COM6,0x0205b807,0x2,0x05,0x2e,0x0,7,00 00 42 0b 00 00 80 00,"Status frame 0 (new)"
2026-03-09T09:13:48.566724,RX,COM6,0x0205b887,0x2,0x05,0x2e,0x2,7,00 00 00 00 00 00 00 00,"Status frame 2 (new)"
2026-03-09T09:13:48.568725,RX,COM6,0x0205b8c7,0x2,0x05,0x2e,0x3,7,3b 00 00 00 f8 99 94 3e,"Status frame 3 (new)"
2026-03-09T09:13:48.568725,RX,COM6,0x0205b907,0x2,0x05,0x2e,0x4,7,00 00 00 00 00 00 00 00,"Status frame 4 (new)"
2026-03-09T09:13:48.571375,RX,COM6,0x0205b947,0x2,0x05,0x2e,0x5,7,00 00 00 00 00 00 00 00,"Status frame 5 (new)"
2026-03-09T09:13:48.571375,HEARTBEAT,COM6,0x01011840,0x1,0x01,0x6,0x1,0,6e 6c 00 00 00 10 00 00,"Heartbeat"
2026-03-09T09:13:48.572380,RX,COM6,0x0205b987,0x2,0x05,0x2e,0x6,7,00 00 ff ff 01 00 00 00,"Status frame 6 (new)"
2026-03-09T09:13:48.587022,RX,COM6,0x0205b807,0x2,0x05,0x2e,0x0,7,00 00 44 0b 00 00 80 00,"Status frame 0 (new)"
2026-03-09T09:13:48.587022,RX,COM6,0x0205b887,0x2,0x05,0x2e,0x2,7,00 00 00 00 00 00 00 00,"Status frame 2 (new)"
2026-03-09T09:13:48.589031,RX,COM6,0x0205b8c7,0x2,0x05,0x2e,0x3,7,3b 00 00 00 30 43 94 3e,"Status frame 3 (new)"
2026-03-09T09:13:48.589031,RX,COM6,0x0205b907,0x2,0x05,0x2e,0x4,7,00 00 00 00 00 00 00 00,"Status frame 4 (new)"
2026-03-09T09:13:48.591030,RX,COM6,0x0205b947,0x2,0x05,0x2e,0x5,7,00 00 00 00 00 00 00 00,"Status frame 5 (new)"
2026-03-09T09:13:48.591030,HEARTBEAT,COM6,0x01011840,0x1,0x01,0x6,0x1,0,82 6c 00 00 00 10 00 00,"Heartbeat"
2026-03-09T09:13:48.593030,RX,COM6,0x0205b987,0x2,0x05,0x2e,0x6,7,00 00 ff ff 01 00 00 00,"Status frame 6 (new)"
2026-03-09T09:13:48.606551,RX,COM6,0x0205b807,0x2,0x05,0x2e,0x0,7,00 00 43 0b 00 00 80 00,"Status frame 0 (new)"
2026-03-09T09:13:48.606551,RX,COM6,0x0205b887,0x2,0x05,0x2e,0x2,7,00 00 00 00 00 00 00 00,"Status frame 2 (new)"
2026-03-09T09:13:48.608564,RX,COM6,0x0205b8c7,0x2,0x05,0x2e,0x3,7,3b 00 00 00 1b c0 94 3e,"Status frame 3 (new)"
2026-03-09T09:13:48.608564,RX,COM6,0x0205b907,0x2,0x05,0x2e,0x4,7,00 00 00 00 00 00 00 00,"Status frame 4 (new)"
2026-03-09T09:13:48.610563,RX,COM6,0x0205b947,0x2,0x05,0x2e,0x5,7,00 00 00 00 00 00 00 00,"Status frame 5 (new)"
2026-03-09T09:13:48.611555,HEARTBEAT,COM6,0x01011840,0x1,0x01,0x6,0x1,0,96 6c 00 00 00 10 00 00,"Heartbeat"
2026-03-09T09:13:48.612757,RX,COM6,0x0205b987,0x2,0x05,0x2e,0x6,7,00 00 ff ff 01 00 00 00,"Status frame 6 (new)"
2026-03-09T09:13:48.616773,RX,COM6,0x0205b847,0x2,0x05,0x2e,0x1,7,00 00 00 24 00 01 00 00,"Status frame 1 (new)"
2026-03-09T09:13:48.626815,RX,COM6,0x0205b807,0x2,0x05,0x2e,0x0,7,00 00 2a 0b 00 00 80 00,"Status frame 0 (new)"
2026-03-09T09:13:48.626815,RX,COM6,0x0205b887,0x2,0x05,0x2e,0x2,7,00 00 00 00 00 00 00 00,"Status frame 2 (new)"
2026-03-09T09:13:48.628825,RX,COM6,0x0205b8c7,0x2,0x05,0x2e,0x3,7,3b 00 00 00 1a 81 94 3e,"Status frame 3 (new)"
2026-03-09T09:13:48.628825,RX,COM6,0x0205b907,0x2,0x05,0x2e,0x4,7,00 00 00 00 00 00 00 00,"Status frame 4 (new)"
2026-03-09T09:13:48.630835,HEARTBEAT,COM6,0x01011840,0x1,0x01,0x6,0x1,0,aa 6c 00 00 00 10 00 00,"Heartbeat"
2026-03-09T09:13:48.630835,RX,COM6,0x0205b947,0x2,0x05,0x2e,0x5,7,00 00 00 00 00 00 00 00,"Status frame 5 (new)"
2026-03-09T09:13:48.632831,RX,COM6,0x0205b987,0x2,0x05,0x2e,0x6,7,00 00 ff ff 01 00 00 00,"Status frame 6 (new)"
2026-03-09T09:13:48.646425,RX,COM6,0x0205b807,0x2,0x05,0x2e,0x0,7,00 00 41 0b 00 00 80 00,"Status frame 0 (new)"
2026-03-09T09:13:48.646425,RX,COM6,0x0205b887,0x2,0x05,0x2e,0x2,7,00 00 00 00 00 00 00 00,"Status frame 2 (new)"
2026-03-09T09:13:48.648492,RX,COM6,0x0205b8c7,0x2,0x05,0x2e,0x3,7,3a 00 00 00 cd 8b 93 3e,"Status frame 3 (new)"
2026-03-09T09:13:48.648492,RX,COM6,0x0205b907,0x2,0x05,0x2e,0x4,7,00 00 00 00 00 00 00 00,"Status frame 4 (new)"
2026-03-09T09:13:48.650475,RX,COM6,0x0205b947,0x2,0x05,0x2e,0x5,7,00 00 00 00 00 00 00 00,"Status frame 5 (new)"
2026-03-09T09:13:48.651476,HEARTBEAT,COM6,0x01011840,0x1,0x01,0x6,0x1,0,be 6c 00 00 00 10 00 00,"Heartbeat"
2026-03-09T09:13:48.652477,RX,COM6,0x0205b987,0x2,0x05,0x2e,0x6,7,00 00 ff ff 01 00 00 00,"Status frame 6 (new)"
2026-03-09T09:13:48.666511,RX,COM6,0x0205b807,0x2,0x05,0x2e,0x0,7,00 00 40 0b 00 00 80 00,"Status frame 0 (new)"
2026-03-09T09:13:48.666511,RX,COM6,0x0205b887,0x2,0x05,0x2e,0x2,7,00 00 00 00 00 00 00 00,"Status frame 2 (new)"
2026-03-09T09:13:48.668520,RX,COM6,0x0205b8c7,0x2,0x05,0x2e,0x3,7,3b 04 00 00 1a d9 94 3e,"Status frame 3 (new)"
2026-03-09T09:13:48.668520,RX,COM6,0x0205b907,0x2,0x05,0x2e,0x4,7,00 00 00 00 00 00 00 00,"Status frame 4 (new)"
2026-03-09T09:13:48.670529,HEARTBEAT,COM6,0x01011840,0x1,0x01,0x6,0x1,0,d1 6c 00 00 00 10 00 00,"Heartbeat"
2026-03-09T09:13:48.670529,RX,COM6,0x0205b947,0x2,0x05,0x2e,0x5,7,00 00 00 00 00 00 00 00,"Status frame 5 (new)"
2026-03-09T09:13:48.672529,RX,COM6,0x0205b987,0x2,0x05,0x2e,0x6,7,00 00 ff ff 01 00 00 00,"Status frame 6 (new)"
2026-03-09T09:13:48.675521,TX,COM6,0x02053c07,0x2,0x05,0xf,0x0,7,0f 00 00 00 00 00 00 00,"TX apiClass=0xf apiIndex=0x0"
2026-03-09T09:13:48.686054,RX,COM6,0x0205b807,0x2,0x05,0x2e,0x0,7,00 00 45 0b 00 00 80 00,"Status frame 0 (new)"
2026-03-09T09:13:48.686054,RX,COM6,0x0205b887,0x2,0x05,0x2e,0x2,7,00 00 00 00 00 00 00 00,"Status frame 2 (new)"
2026-03-09T09:13:48.688573,RX,COM6,0x0205b8c7,0x2,0x05,0x2e,0x3,7,3b 04 00 00 4b b4 95 3e,"Status frame 3 (new)"
2026-03-09T09:13:48.688573,RX,COM6,0x0205b907,0x2,0x05,0x2e,0x4,7,00 00 00 00 00 00 00 00,"Status frame 4 (new)"
2026-03-09T09:13:48.690573,RX,COM6,0x0205b947,0x2,0x05,0x2e,0x5,7,00 00 00 00 00 00 00 00,"Status frame 5 (new)"
2026-03-09T09:13:48.691575,HEARTBEAT,COM6,0x01011840,0x1,0x01,0x6,0x1,0,e6 6c 00 00 00 10 00 00,"Heartbeat"
2026-03-09T09:13:48.692575,RX,COM6,0x0205b987,0x2,0x05,0x2e,0x6,7,00 00 ff ff 01 00 00 00,"Status frame 6 (new)"
2026-03-09T09:13:48.707105,RX,COM6,0x0205b807,0x2,0x05,0x2e,0x0,7,00 00 3e 0b 00 00 80 00,"Status frame 0 (new)"
2026-03-09T09:13:48.707105,RX,COM6,0x0205b887,0x2,0x05,0x2e,0x2,7,00 00 00 00 00 00 00 00,"Status frame 2 (new)"
2026-03-09T09:13:48.709639,RX,COM6,0x0205b8c7,0x2,0x05,0x2e,0x3,7,3b 00 00 00 ff 74 95 3e,"Status frame 3 (new)"
2026-03-09T09:13:48.709639,RX,COM6,0x0205b907,0x2,0x05,0x2e,0x4,7,00 00 00 00 00 00 00 00,"Status frame 4 (new)"
2026-03-09T09:13:48.710627,HEARTBEAT,COM6,0x01011840,0x1,0x01,0x6,0x1,0,f9 6c 00 00 00 10 00 00,"Heartbeat"
2026-03-09T09:13:48.710627,RX,COM6,0x0205b947,0x2,0x05,0x2e,0x5,7,00 00 00 00 00 00 00 00,"Status frame 5 (new)"
2026-03-09T09:13:48.712629,RX,COM6,0x0205b987,0x2,0x05,0x2e,0x6,7,00 00 ff ff 01 00 00 00,"Status frame 6 (new)"
2026-03-09T09:13:48.727138,RX,COM6,0x0205b807,0x2,0x05,0x2e,0x0,7,00 00 38 0b 00 00 80 00,"Status frame 0 (new)"
2026-03-09T09:13:48.727138,RX,COM6,0x0205b887,0x2,0x05,0x2e,0x2,7,00 00 00 00 00 00 00 00,"Status frame 2 (new)"
2026-03-09T09:13:48.729157,RX,COM6,0x0205b8c7,0x2,0x05,0x2e,0x3,7,3b 00 00 00 7b e7 93 3e,"Status frame 3 (new)"
2026-03-09T09:13:48.729157,RX,COM6,0x0205b907,0x2,0x05,0x2e,0x4,7,00 00 00 00 00 00 00 00,"Status frame 4 (new)"
2026-03-09T09:13:48.730140,RX,COM6,0x0205b947,0x2,0x05,0x2e,0x5,7,00 00 00 00 00 00 00 00,"Status frame 5 (new)"
2026-03-09T09:13:48.731140,HEARTBEAT,COM6,0x01011840,0x1,0x01,0x6,0x1,0,0e 6d 00 00 00 10 00 00,"Heartbeat"
2026-03-09T09:13:48.732873,RX,COM6,0x0205b987,0x2,0x05,0x2e,0x6,7,00 00 ff ff 01 00 00 00,"Status frame 6 (new)"
2026-03-09T09:13:48.746932,RX,COM6,0x0205b807,0x2,0x05,0x2e,0x0,7,00 00 43 0b 00 00 80 00,"Status frame 0 (new)"
2026-03-09T09:13:48.746932,RX,COM6,0x0205b887,0x2,0x05,0x2e,0x2,7,00 00 00 00 00 00 00 00,"Status frame 2 (new)"
2026-03-09T09:13:48.748932,RX,COM6,0x0205b8c7,0x2,0x05,0x2e,0x3,7,3b 00 00 00 a8 c8 94 3e,"Status frame 3 (new)"
2026-03-09T09:13:48.748932,RX,COM6,0x0205b907,0x2,0x05,0x2e,0x4,7,00 00 00 00 00 00 00 00,"Status frame 4 (new)"
2026-03-09T09:13:48.750436,RX,COM6,0x0205b947,0x2,0x05,0x2e,0x5,7,00 00 00 00 00 00 00 00,"Status frame 5 (new)"
2026-03-09T09:13:48.751436,HEARTBEAT,COM6,0x01011840,0x1,0x01,0x6,0x1,0,22 6d 00 00 00 10 00 00,"Heartbeat"
2026-03-09T09:13:48.752436,RX,COM6,0x0205b987,0x2,0x05,0x2e,0x6,7,00 00 ff ff 01 00 00 00,"Status frame 6 (new)"
2026-03-09T09:13:48.766942,RX,COM6,0x0205b807,0x2,0x05,0x2e,0x0,7,00 00 3f 0b 00 00 80 00,"Status frame 0 (new)"
2026-03-09T09:13:48.766942,RX,COM6,0x0205b887,0x2,0x05,0x2e,0x2,7,00 00 00 00 00 00 00 00,"Status frame 2 (new)"
2026-03-09T09:13:48.768941,RX,COM6,0x0205b8c7,0x2,0x05,0x2e,0x3,7,3b 00 00 00 58 0a 94 3e,"Status frame 3 (new)"
2026-03-09T09:13:48.768941,RX,COM6,0x0205b907,0x2,0x05,0x2e,0x4,7,00 00 00 00 00 00 00 00,"Status frame 4 (new)"
2026-03-09T09:13:48.770941,HEARTBEAT,COM6,0x01011840,0x1,0x01,0x6,0x1,0,36 6d 00 00 00 10 00 00,"Heartbeat"
2026-03-09T09:13:48.770941,RX,COM6,0x0205b947,0x2,0x05,0x2e,0x5,7,00 00 00 00 00 00 00 00,"Status frame 5 (new)"
2026-03-09T09:13:48.772941,RX,COM6,0x0205b987,0x2,0x05,0x2e,0x6,7,00 00 ff ff 01 00 00 00,"Status frame 6 (new)"
2026-03-09T09:13:48.786950,RX,COM6,0x0205b807,0x2,0x05,0x2e,0x0,7,00 00 42 0b 00 00 80 00,"Status frame 0 (new)"
2026-03-09T09:13:48.786950,RX,COM6,0x0205b887,0x2,0x05,0x2e,0x2,7,00 00 00 00 00 00 00 00,"Status frame 2 (new)"
2026-03-09T09:13:48.788951,RX,COM6,0x0205b8c7,0x2,0x05,0x2e,0x3,7,3b 00 00 00 1c 66 94 3e,"Status frame 3 (new)"
2026-03-09T09:13:48.788951,RX,COM6,0x0205b907,0x2,0x05,0x2e,0x4,7,00 00 00 00 00 00 00 00,"Status frame 4 (new)"
2026-03-09T09:13:48.790950,RX,COM6,0x0205b947,0x2,0x05,0x2e,0x5,7,00 00 00 00 00 00 00 00,"Status frame 5 (new)"
2026-03-09T09:13:48.790950,HEARTBEAT,COM6,0x01011840,0x1,0x01,0x6,0x1,0,4a 6d 00 00 00 10 00 00,"Heartbeat"
2026-03-09T09:13:48.792957,RX,COM6,0x0205b987,0x2,0x05,0x2e,0x6,7,00 00 ff ff 01 00 00 00,"Status frame 6 (new)"
2026-03-09T09:13:48.806970,RX,COM6,0x0205b807,0x2,0x05,0x2e,0x0,7,00 00 3b 0b 00 00 80 00,"Status frame 0 (new)"
2026-03-09T09:13:48.806970,RX,COM6,0x0205b887,0x2,0x05,0x2e,0x2,7,00 00 00 00 00 00 00 00,"Status frame 2 (new)"
2026-03-09T09:13:48.808971,RX,COM6,0x0205b8c7,0x2,0x05,0x2e,0x3,7,3a 00 00 00 86 ac 93 3e,"Status frame 3 (new)"
2026-03-09T09:13:48.808971,RX,COM6,0x0205b907,0x2,0x05,0x2e,0x4,7,00 00 00 00 00 00 00 00,"Status frame 4 (new)"
2026-03-09T09:13:48.810970,HEARTBEAT,COM6,0x01011840,0x1,0x01,0x6,0x1,0,5e 6d 00 00 00 10 00 00,"Heartbeat"
2026-03-09T09:13:48.810970,RX,COM6,0x0205b947,0x2,0x05,0x2e,0x5,7,00 00 00 00 00 00 00 00,"Status frame 5 (new)"
2026-03-09T09:13:48.812973,RX,COM6,0x0205b987,0x2,0x05,0x2e,0x6,7,00 00 ff ff 01 00 00 00,"Status frame 6 (new)"
2026-03-09T09:13:48.826983,RX,COM6,0x0205b807,0x2,0x05,0x2e,0x0,7,00 00 37 0b 00 00 80 00,"Status frame 0 (new)"
2026-03-09T09:13:48.826983,RX,COM6,0x0205b887,0x2,0x05,0x2e,0x2,7,00 00 00 00 00 00 00 00,"Status frame 2 (new)"
2026-03-09T09:13:48.828987,RX,COM6,0x0205b8c7,0x2,0x05,0x2e,0x3,7,3b 00 00 00 f7 ae 94 3e,"Status frame 3 (new)"
2026-03-09T09:13:48.828987,RX,COM6,0x0205b907,0x2,0x05,0x2e,0x4,7,00 00 00 00 00 00 00 00,"Status frame 4 (new)"
2026-03-09T09:13:48.830987,HEARTBEAT,COM6,0x01011840,0x1,0x01,0x6,0x1,0,72 6d 00 00 00 10 00 00,"Heartbeat"
2026-03-09T09:13:48.830987,RX,COM6,0x0205b947,0x2,0x05,0x2e,0x5,7,00 00 00 00 00 00 00 00,"Status frame 5 (new)"
2026-03-09T09:13:48.832490,RX,COM6,0x0205b987,0x2,0x05,0x2e,0x6,7,00 00 ff ff 01 00 00 00,"Status frame 6 (new)"
2026-03-09T09:13:48.847021,RX,COM6,0x0205b807,0x2,0x05,0x2e,0x0,7,00 00 3a 0b 00 00 80 00,"Status frame 0 (new)"
2026-03-09T09:13:48.847021,RX,COM6,0x0205b887,0x2,0x05,0x2e,0x2,7,00 00 00 00 00 00 00 00,"Status frame 2 (new)"
2026-03-09T09:13:48.849044,RX,COM6,0x0205b8c7,0x2,0x05,0x2e,0x3,7,3a 00 00 00 cf dc 93 3e,"Status frame 3 (new)"
2026-03-09T09:13:48.849044,RX,COM6,0x0205b907,0x2,0x05,0x2e,0x4,7,00 00 00 00 00 00 00 00,"Status frame 4 (new)"
2026-03-09T09:13:48.851013,RX,COM6,0x0205b947,0x2,0x05,0x2e,0x5,7,00 00 00 00 00 00 00 00,"Status frame 5 (new)"
2026-03-09T09:13:48.852012,HEARTBEAT,COM6,0x01011840,0x1,0x01,0x6,0x1,0,87 6d 00 00 00 10 00 00,"Heartbeat"
2026-03-09T09:13:48.853012,RX,COM6,0x0205b987,0x2,0x05,0x2e,0x6,7,00 00 ff ff 01 00 00 00,"Status frame 6 (new)"
2026-03-09T09:13:48.867031,RX,COM6,0x0205b807,0x2,0x05,0x2e,0x0,7,00 00 3d 0b 00 00 80 00,"Status frame 0 (new)"
2026-03-09T09:13:48.867031,RX,COM6,0x0205b847,0x2,0x05,0x2e,0x1,7,00 00 00 24 00 01 00 00,"Status frame 1 (new)"
2026-03-09T09:13:48.867031,RX,COM6,0x0205b887,0x2,0x05,0x2e,0x2,7,00 00 00 00 00 00 00 00,"Status frame 2 (new)"
2026-03-09T09:13:48.869021,RX,COM6,0x0205b8c7,0x2,0x05,0x2e,0x3,7,3b 00 00 00 a9 67 95 3e,"Status frame 3 (new)"
2026-03-09T09:13:48.869021,RX,COM6,0x0205b907,0x2,0x05,0x2e,0x4,7,00 00 00 00 00 00 00 00,"Status frame 4 (new)"
2026-03-09T09:13:48.869021,RX,COM6,0x0205bc07,0x2,0x05,0x2f,0x0,7,12 e2 2e be 00 00 00 00,"DATA apiClass=0x2f apiIndex=0x0"
2026-03-09T09:13:48.870020,RX,COM6,0x0205b947,0x2,0x05,0x2e,0x5,7,00 00 00 00 00 00 00 00,"Status frame 5 (new)"
2026-03-09T09:13:48.871020,HEARTBEAT,COM6,0x01011840,0x1,0x01,0x6,0x1,0,9a 6d 00 00 00 10 00 00,"Heartbeat"
2026-03-09T09:13:48.873020,RX,COM6,0x0205b987,0x2,0x05,0x2e,0x6,7,00 00 ff ff 01 00 00 00,"Status frame 6 (new)"
2026-03-09T09:13:48.887028,RX,COM6,0x0205b807,0x2,0x05,0x2e,0x0,7,00 00 3c 0b 00 00 80 00,"Status frame 0 (new)"
2026-03-09T09:13:48.887028,RX,COM6,0x0205b887,0x2,0x05,0x2e,0x2,7,00 00 00 00 00 00 00 00,"Status frame 2 (new)"
2026-03-09T09:13:48.889030,RX,COM6,0x0205b8c7,0x2,0x05,0x2e,0x3,7,3a 00 00 00 21 47 93 3e,"Status frame 3 (new)"
2026-03-09T09:13:48.889030,RX,COM6,0x0205b907,0x2,0x05,0x2e,0x4,7,00 00 00 00 00 00 00 00,"Status frame 4 (new)"
2026-03-09T09:13:48.891030,RX,COM6,0x0205b947,0x2,0x05,0x2e,0x5,7,00 00 00 00 00 00 00 00,"Status frame 5 (new)"
2026-03-09T09:13:48.891030,HEARTBEAT,COM6,0x01011840,0x1,0x01,0x6,0x1,0,ae 6d 00 00 00 10 00 00,"Heartbeat"
2026-03-09T09:13:48.893030,RX,COM6,0x0205b987,0x2,0x05,0x2e,0x6,7,00 00 ff ff 01 00 00 00,"Status frame 6 (new)"
2026-03-09T09:13:48.907542,RX,COM6,0x0205b807,0x2,0x05,0x2e,0x0,7,00 00 3a 0b 00 00 80 00,"Status frame 0 (new)"
2026-03-09T09:13:48.907633,RX,COM6,0x0205b887,0x2,0x05,0x2e,0x2,7,00 00 00 00 00 00 00 00,"Status frame 2 (new)"
2026-03-09T09:13:48.908556,RX,COM6,0x0205b8c7,0x2,0x05,0x2e,0x3,7,3b 00 00 00 e8 7c 94 3e,"Status frame 3 (new)"
2026-03-09T09:13:48.908556,RX,COM6,0x0205b907,0x2,0x05,0x2e,0x4,7,00 00 00 00 00 00 00 00,"Status frame 4 (new)"
2026-03-09T09:13:48.910545,RX,COM6,0x0205b947,0x2,0x05,0x2e,0x5,7,00 00 00 00 00 00 00 00,"Status frame 5 (new)"
2026-03-09T09:13:48.911544,HEARTBEAT,COM6,0x01011840,0x1,0x01,0x6,0x1,0,c2 6d 00 00 00 10 00 00,"Heartbeat"
2026-03-09T09:13:48.912547,RX,COM6,0x0205b987,0x2,0x05,0x2e,0x6,7,00 00 ff ff 01 00 00 00,"Status frame 6 (new)"
2026-03-09T09:13:48.927085,RX,COM6,0x0205b807,0x2,0x05,0x2e,0x0,7,00 00 3d 0b 00 00 80 00,"Status frame 0 (new)"
2026-03-09T09:13:48.927085,RX,COM6,0x0205b887,0x2,0x05,0x2e,0x2,7,00 00 00 00 00 00 00 00,"Status frame 2 (new)"
2026-03-09T09:13:48.928470,RX,COM6,0x0205b8c7,0x2,0x05,0x2e,0x3,7,3b 00 00 00 ce 72 94 3e,"Status frame 3 (new)"
2026-03-09T09:13:48.928470,RX,COM6,0x0205b907,0x2,0x05,0x2e,0x4,7,00 00 00 00 00 00 00 00,"Status frame 4 (new)"
2026-03-09T09:13:48.930334,RX,COM6,0x0205b947,0x2,0x05,0x2e,0x5,7,00 00 00 00 00 00 00 00,"Status frame 5 (new)"
2026-03-09T09:13:48.931324,HEARTBEAT,COM6,0x01011840,0x1,0x01,0x6,0x1,0,d6 6d 00 00 00 10 00 00,"Heartbeat"
2026-03-09T09:13:48.932333,RX,COM6,0x0205b987,0x2,0x05,0x2e,0x6,7,00 00 ff ff 01 00 00 00,"Status frame 6 (new)"
2026-03-09T09:13:48.946923,RX,COM6,0x0205b887,0x2,0x05,0x2e,0x2,7,00 00 00 00 00 00 00 00,"Status frame 2 (new)"
2026-03-09T09:13:48.946923,RX,COM6,0x0205b807,0x2,0x05,0x2e,0x0,7,00 00 3c 0b 00 00 80 00,"Status frame 0 (new)"
2026-03-09T09:13:48.948940,RX,COM6,0x0205b8c7,0x2,0x05,0x2e,0x3,7,3b 00 00 00 55 05 95 3e,"Status frame 3 (new)"
2026-03-09T09:13:48.948940,RX,COM6,0x0205b907,0x2,0x05,0x2e,0x4,7,00 00 00 00 00 00 00 00,"Status frame 4 (new)"
2026-03-09T09:13:48.950485,RX,COM6,0x0205b947,0x2,0x05,0x2e,0x5,7,00 00 00 00 00 00 00 00,"Status frame 5 (new)"
2026-03-09T09:13:48.951484,HEARTBEAT,COM6,0x01011840,0x1,0x01,0x6,0x1,0,ea 6d 00 00 00 10 00 00,"Heartbeat"
2026-03-09T09:13:48.952479,RX,COM6,0x0205b987,0x2,0x05,0x2e,0x6,7,00 00 ff ff 01 00 00 00,"Status frame 6 (new)"
2026-03-09T09:13:48.967094,RX,COM6,0x0205b807,0x2,0x05,0x2e,0x0,7,00 00 35 0b 00 00 80 00,"Status frame 0 (new)"
2026-03-09T09:13:48.967094,RX,COM6,0x0205b887,0x2,0x05,0x2e,0x2,7,00 00 00 00 00 00 00 00,"Status frame 2 (new)"
2026-03-09T09:13:48.969086,RX,COM6,0x0205b8c7,0x2,0x05,0x2e,0x3,7,3b 00 00 00 64 f7 94 3e,"Status frame 3 (new)"
2026-03-09T09:13:48.969086,RX,COM6,0x0205b907,0x2,0x05,0x2e,0x4,7,00 00 00 00 00 00 00 00,"Status frame 4 (new)"
2026-03-09T09:13:48.970746,HEARTBEAT,COM6,0x01011840,0x1,0x01,0x6,0x1,0,fd 6d 00 00 00 10 00 00,"Heartbeat"
2026-03-09T09:13:48.970746,RX,COM6,0x0205b947,0x2,0x05,0x2e,0x5,7,00 00 00 00 00 00 00 00,"Status frame 5 (new)"
2026-03-09T09:13:48.972744,RX,COM6,0x0205b987,0x2,0x05,0x2e,0x6,7,00 00 ff ff 01 00 00 00,"Status frame 6 (new)"
2026-03-09T09:13:48.986400,RX,COM6,0x0205b807,0x2,0x05,0x2e,0x0,7,00 00 41 0b 00 00 80 00,"Status frame 0 (new)"
2026-03-09T09:13:48.986400,RX,COM6,0x0205b887,0x2,0x05,0x2e,0x2,7,00 00 00 00 00 00 00 00,"Status frame 2 (new)"
2026-03-09T09:13:48.988407,RX,COM6,0x0205b8c7,0x2,0x05,0x2e,0x3,7,3b 00 00 00 0c e7 95 3e,"Status frame 3 (new)"
2026-03-09T09:13:48.988407,RX,COM6,0x0205b907,0x2,0x05,0x2e,0x4,7,00 00 00 00 00 00 00 00,"Status frame 4 (new)"
2026-03-09T09:13:48.990390,RX,COM6,0x0205b947,0x2,0x05,0x2e,0x5,7,00 00 00 00 00 00 00 00,"Status frame 5 (new)"
2026-03-09T09:13:48.991331,HEARTBEAT,COM6,0x01011840,0x1,0x01,0x6,0x1,0,12 6e 00 00 00 10 00 00,"Heartbeat"
2026-03-09T09:13:48.993019,RX,COM6,0x0205b987,0x2,0x05,0x2e,0x6,7,00 00 ff ff 01 00 00 00,"Status frame 6 (new)"
2026-03-09T09:13:49.006407,RX,COM6,0x0205b807,0x2,0x05,0x2e,0x0,7,00 00 41 0b 00 00 80 00,"Status frame 0 (new)"
2026-03-09T09:13:49.006407,RX,COM6,0x0205b887,0x2,0x05,0x2e,0x2,7,00 00 00 00 00 00 00 00,"Status frame 2 (new)"
2026-03-09T09:13:49.008407,RX,COM6,0x0205b8c7,0x2,0x05,0x2e,0x3,7,3b 00 00 00 c4 1b 94 3e,"Status frame 3 (new)"
2026-03-09T09:13:49.008407,RX,COM6,0x0205b907,0x2,0x05,0x2e,0x4,7,00 00 00 00 00 00 00 00,"Status frame 4 (new)"
2026-03-09T09:13:49.010406,HEARTBEAT,COM6,0x01011840,0x1,0x01,0x6,0x1,0,25 6e 00 00 00 10 00 00,"Heartbeat"
2026-03-09T09:13:49.011399,RX,COM6,0x0205b947,0x2,0x05,0x2e,0x5,7,00 00 00 00 00 00 00 00,"Status frame 5 (new)"
2026-03-09T09:13:49.012414,RX,COM6,0x0205b987,0x2,0x05,0x2e,0x6,7,00 00 ff ff 01 00 00 00,"Status frame 6 (new)"
2026-03-09T09:13:49.026944,RX,COM6,0x0205b807,0x2,0x05,0x2e,0x0,7,00 00 3f 0b 00 00 80 00,"Status frame 0 (new)"
2026-03-09T09:13:49.026944,RX,COM6,0x0205b887,0x2,0x05,0x2e,0x2,7,00 00 00 00 00 00 00 00,"Status frame 2 (new)"
2026-03-09T09:13:49.028466,RX,COM6,0x0205b8c7,0x2,0x05,0x2e,0x3,7,3b 00 00 00 f4 74 94 3e,"Status frame 3 (new)"
2026-03-09T09:13:49.028466,RX,COM6,0x0205b907,0x2,0x05,0x2e,0x4,7,00 00 00 00 00 00 00 00,"Status frame 4 (new)"
2026-03-09T09:13:49.030466,RX,COM6,0x0205b947,0x2,0x05,0x2e,0x5,7,00 00 00 00 00 00 00 00,"Status frame 5 (new)"
2026-03-09T09:13:49.032463,HEARTBEAT,COM6,0x01011840,0x1,0x01,0x6,0x1,0,3b 6e 00 00 00 10 00 00,"Heartbeat"
2026-03-09T09:13:49.032463,RX,COM6,0x0205b987,0x2,0x05,0x2e,0x6,7,00 00 ff ff 01 00 00 00,"Status frame 6 (new)"
2026-03-09T09:13:49.047089,RX,COM6,0x0205b807,0x2,0x05,0x2e,0x0,7,00 00 3e 0b 00 00 80 00,"Status frame 0 (new)"
2026-03-09T09:13:49.047089,RX,COM6,0x0205b887,0x2,0x05,0x2e,0x2,7,00 00 00 00 00 00 00 00,"Status frame 2 (new)"
2026-03-09T09:13:49.049071,RX,COM6,0x0205b8c7,0x2,0x05,0x2e,0x3,7,3b 04 00 00 ef 5a 94 3e,"Status frame 3 (new)"
2026-03-09T09:13:49.049071,RX,COM6,0x0205b907,0x2,0x05,0x2e,0x4,7,00 00 00 00 00 00 00 00,"Status frame 4 (new)"
2026-03-09T09:13:49.050071,RX,COM6,0x0205b947,0x2,0x05,0x2e,0x5,7,00 00 00 00 00 00 00 00,"Status frame 5 (new)"
2026-03-09T09:13:49.051070,HEARTBEAT,COM6,0x01011840,0x1,0x01,0x6,0x1,0,4e 6e 00 00 00 10 00 00,"Heartbeat"
2026-03-09T09:13:49.053070,RX,COM6,0x0205b987,0x2,0x05,0x2e,0x6,7,00 00 ff ff 01 00 00 00,"Status frame 6 (new)"
2026-03-09T09:13:49.067091,RX,COM6,0x0205b807,0x2,0x05,0x2e,0x0,7,00 00 13 0b 00 00 80 00,"Status frame 0 (new)"
2026-03-09T09:13:49.067091,RX,COM6,0x0205b887,0x2,0x05,0x2e,0x2,7,00 00 00 00 00 00 00 00,"Status frame 2 (new)"
2026-03-09T09:13:49.069091,RX,COM6,0x0205b8c7,0x2,0x05,0x2e,0x3,7,3b 00 00 00 ca 0b 94 3e,"Status frame 3 (new)"
2026-03-09T09:13:49.069091,RX,COM6,0x0205b907,0x2,0x05,0x2e,0x4,7,00 00 00 00 00 00 00 00,"Status frame 4 (new)"
2026-03-09T09:13:49.070091,RX,COM6,0x0205b947,0x2,0x05,0x2e,0x5,7,00 00 00 00 00 00 00 00,"Status frame 5 (new)"
2026-03-09T09:13:49.071091,HEARTBEAT,COM6,0x01011840,0x1,0x01,0x6,0x1,0,62 6e 00 00 00 10 00 00,"Heartbeat"
2026-03-09T09:13:49.072091,RX,COM6,0x0205b987,0x2,0x05,0x2e,0x6,7,00 00 ff ff 01 00 00 00,"Status frame 6 (new)"
2026-03-09T09:13:49.087112,RX,COM6,0x0205b807,0x2,0x05,0x2e,0x0,7,00 00 3f 0b 00 00 80 00,"Status frame 0 (new)"
2026-03-09T09:13:49.087112,RX,COM6,0x0205b887,0x2,0x05,0x2e,0x2,7,00 00 00 00 00 00 00 00,"Status frame 2 (new)"
2026-03-09T09:13:49.089112,RX,COM6,0x0205b8c7,0x2,0x05,0x2e,0x3,7,3b 00 00 00 ea 2c 95 3e,"Status frame 3 (new)"
2026-03-09T09:13:49.089112,RX,COM6,0x0205b907,0x2,0x05,0x2e,0x4,7,00 00 00 00 00 00 00 00,"Status frame 4 (new)"
2026-03-09T09:13:49.091112,RX,COM6,0x0205b947,0x2,0x05,0x2e,0x5,7,00 00 00 00 00 00 00 00,"Status frame 5 (new)"
2026-03-09T09:13:49.091112,HEARTBEAT,COM6,0x01011840,0x1,0x01,0x6,0x1,0,76 6e 00 00 00 10 00 00,"Heartbeat"
2026-03-09T09:13:49.093110,RX,COM6,0x0205b987,0x2,0x05,0x2e,0x6,7,00 00 ff ff 01 00 00 00,"Status frame 6 (new)"
2026-03-09T09:13:49.107118,RX,COM6,0x0205b807,0x2,0x05,0x2e,0x0,7,00 00 45 0b 00 00 80 00,"Status frame 0 (new)"
2026-03-09T09:13:49.107118,RX,COM6,0x0205b887,0x2,0x05,0x2e,0x2,7,00 00 00 00 00 00 00 00,"Status frame 2 (new)"
2026-03-09T09:13:49.109118,RX,COM6,0x0205b8c7,0x2,0x05,0x2e,0x3,7,3b 00 00 00 96 11 95 3e,"Status frame 3 (new)"
2026-03-09T09:13:49.109118,RX,COM6,0x0205b907,0x2,0x05,0x2e,0x4,7,00 00 00 00 00 00 00 00,"Status frame 4 (new)"
2026-03-09T09:13:49.111118,RX,COM6,0x0205b947,0x2,0x05,0x2e,0x5,7,00 00 00 00 00 00 00 00,"Status frame 5 (new)"
2026-03-09T09:13:49.111118,HEARTBEAT,COM6,0x01011840,0x1,0x01,0x6,0x1,0,8a 6e 00 00 00 10 00 00,"Heartbeat"
2026-03-09T09:13:49.113118,RX,COM6,0x0205b987,0x2,0x05,0x2e,0x6,7,00 00 ff ff 01 00 00 00,"Status frame 6 (new)"
2026-03-09T09:13:49.116623,RX,COM6,0x0205b847,0x2,0x05,0x2e,0x1,7,00 00 00 24 00 01 00 00,"Status frame 1 (new)"
2026-03-09T09:13:49.127128,RX,COM6,0x0205b807,0x2,0x05,0x2e,0x0,7,00 00 3c 0b 00 00 80 00,"Status frame 0 (new)"
2026-03-09T09:13:49.127128,RX,COM6,0x0205b887,0x2,0x05,0x2e,0x2,7,00 00 00 00 00 00 00 00,"Status frame 2 (new)"
2026-03-09T09:13:49.128633,RX,COM6,0x0205b8c7,0x2,0x05,0x2e,0x3,7,3b 00 00 00 9c b9 94 3e,"Status frame 3 (new)"
2026-03-09T09:13:49.128633,RX,COM6,0x0205b907,0x2,0x05,0x2e,0x4,7,00 00 00 00 00 00 00 00,"Status frame 4 (new)"
2026-03-09T09:13:49.130635,HEARTBEAT,COM6,0x01011840,0x1,0x01,0x6,0x1,0,9d 6e 00 00 00 10 00 00,"Heartbeat"
2026-03-09T09:13:49.130635,RX,COM6,0x0205b947,0x2,0x05,0x2e,0x5,7,00 00 00 00 00 00 00 00,"Status frame 5 (new)"
2026-03-09T09:13:49.132636,RX,COM6,0x0205b987,0x2,0x05,0x2e,0x6,7,00 00 ff ff 01 00 00 00,"Status frame 6 (new)"
2026-03-09T09:13:49.147143,RX,COM6,0x0205b807,0x2,0x05,0x2e,0x0,7,00 00 3f 0b 00 00 80 00,"Status frame 0 (new)"
2026-03-09T09:13:49.147143,RX,COM6,0x0205b887,0x2,0x05,0x2e,0x2,7,00 00 00 00 00 00 00 00,"Status frame 2 (new)"
2026-03-09T09:13:49.148704,RX,COM6,0x0205b8c7,0x2,0x05,0x2e,0x3,7,3b 00 00 00 31 a1 94 3e,"Status frame 3 (new)"
2026-03-09T09:13:49.148704,RX,COM6,0x0205b907,0x2,0x05,0x2e,0x4,7,00 00 00 00 00 00 00 00,"Status frame 4 (new)"
2026-03-09T09:13:49.150706,HEARTBEAT,COM6,0x01011840,0x1,0x01,0x6,0x1,0,b2 6e 00 00 00 10 00 00,"Heartbeat"
2026-03-09T09:13:49.150706,RX,COM6,0x0205b947,0x2,0x05,0x2e,0x5,7,00 00 00 00 00 00 00 00,"Status frame 5 (new)"
2026-03-09T09:13:49.152706,RX,COM6,0x0205b987,0x2,0x05,0x2e,0x6,7,00 00 ff ff 01 00 00 00,"Status frame 6 (new)"
2026-03-09T09:13:49.167212,RX,COM6,0x0205b807,0x2,0x05,0x2e,0x0,7,00 00 f8 0a 00 00 80 00,"Status frame 0 (new)"
2026-03-09T09:13:49.167212,RX,COM6,0x0205b887,0x2,0x05,0x2e,0x2,7,00 00 00 00 00 00 00 00,"Status frame 2 (new)"
2026-03-09T09:13:49.168212,RX,COM6,0x0205b8c7,0x2,0x05,0x2e,0x3,7,3b 00 00 00 b1 f6 95 3e,"Status frame 3 (new)"
2026-03-09T09:13:49.169212,RX,COM6,0x0205b907,0x2,0x05,0x2e,0x4,7,00 00 00 00 00 00 00 00,"Status frame 4 (new)"
2026-03-09T09:13:49.170211,RX,COM6,0x0205b947,0x2,0x05,0x2e,0x5,7,00 00 00 00 00 00 00 00,"Status frame 5 (new)"
2026-03-09T09:13:49.171212,HEARTBEAT,COM6,0x01011840,0x1,0x01,0x6,0x1,0,c6 6e 00 00 00 10 00 00,"Heartbeat"
2026-03-09T09:13:49.173212,RX,COM6,0x0205b987,0x2,0x05,0x2e,0x6,7,00 00 ff ff 01 00 00 00,"Status frame 6 (new)"
2026-03-09T09:13:49.177221,TX,COM6,0x02053c07,0x2,0x05,0xf,0x0,7,10 00 00 00 00 00 00 00,"TX apiClass=0xf apiIndex=0x0"
2026-03-09T09:13:49.186725,RX,COM6,0x0205b807,0x2,0x05,0x2e,0x0,7,00 00 3f 0b 00 00 80 00,"Status frame 0 (new)"
2026-03-09T09:13:49.186725,RX,COM6,0x0205b887,0x2,0x05,0x2e,0x2,7,00 00 00 00 00 00 00 00,"Status frame 2 (new)"
2026-03-09T09:13:49.188727,RX,COM6,0x0205b8c7,0x2,0x05,0x2e,0x3,7,3a 00 00 00 8f e1 92 3e,"Status frame 3 (new)"
2026-03-09T09:13:49.188727,RX,COM6,0x0205b907,0x2,0x05,0x2e,0x4,7,00 00 00 00 00 00 00 00,"Status frame 4 (new)"
2026-03-09T09:13:49.190728,HEARTBEAT,COM6,0x01011840,0x1,0x01,0x6,0x1,0,d9 6e 00 00 00 10 00 00,"Heartbeat"
2026-03-09T09:13:49.190728,RX,COM6,0x0205b947,0x2,0x05,0x2e,0x5,7,00 00 00 00 00 00 00 00,"Status frame 5 (new)"
2026-03-09T09:13:49.192233,RX,COM6,0x0205b987,0x2,0x05,0x2e,0x6,7,00 00 ff ff 01 00 00 00,"Status frame 6 (new)"
2026-03-09T09:13:49.206743,RX,COM6,0x0205b807,0x2,0x05,0x2e,0x0,7,00 00 3d 0b 00 00 80 00,"Status frame 0 (new)"
2026-03-09T09:13:49.206743,RX,COM6,0x0205b887,0x2,0x05,0x2e,0x2,7,00 00 00 00 00 00 00 00,"Status frame 2 (new)"
2026-03-09T09:13:49.208742,RX,COM6,0x0205b8c7,0x2,0x05,0x2e,0x3,7,3b 00 00 00 a9 b3 94 3e,"Status frame 3 (new)"
2026-03-09T09:13:49.208742,RX,COM6,0x0205b907,0x2,0x05,0x2e,0x4,7,00 00 00 00 00 00 00 00,"Status frame 4 (new)"
2026-03-09T09:13:49.210742,HEARTBEAT,COM6,0x01011840,0x1,0x01,0x6,0x1,0,ed 6e 00 00 00 10 00 00,"Heartbeat"
2026-03-09T09:13:49.210742,RX,COM6,0x0205b947,0x2,0x05,0x2e,0x5,7,00 00 00 00 00 00 00 00,"Status frame 5 (new)"
2026-03-09T09:13:49.212791,RX,COM6,0x0205b987,0x2,0x05,0x2e,0x6,7,00 00 ff ff 01 00 00 00,"Status frame 6 (new)"
2026-03-09T09:13:49.227120,RX,COM6,0x0205b807,0x2,0x05,0x2e,0x0,7,00 00 43 0b 00 00 80 00,"Status frame 0 (new)"
2026-03-09T09:13:49.227120,RX,COM6,0x0205b887,0x2,0x05,0x2e,0x2,7,00 00 00 00 00 00 00 00,"Status frame 2 (new)"
2026-03-09T09:13:49.229051,RX,COM6,0x0205b8c7,0x2,0x05,0x2e,0x3,7,3b 00 00 00 ac c4 94 3e,"Status frame 3 (new)"
2026-03-09T09:13:49.229051,RX,COM6,0x0205b907,0x2,0x05,0x2e,0x4,7,00 00 00 00 00 00 00 00,"Status frame 4 (new)"
2026-03-09T09:13:49.231139,RX,COM6,0x0205b947,0x2,0x05,0x2e,0x5,7,00 00 00 00 00 00 00 00,"Status frame 5 (new)"
2026-03-09T09:13:49.231139,HEARTBEAT,COM6,0x01011840,0x1,0x01,0x6,0x1,0,02 6f 00 00 00 10 00 00,"Heartbeat"
2026-03-09T09:13:49.233053,RX,COM6,0x0205b987,0x2,0x05,0x2e,0x6,7,00 00 ff ff 01 00 00 00,"Status frame 6 (new)"
2026-03-09T09:13:49.247112,RX,COM6,0x0205b807,0x2,0x05,0x2e,0x0,7,00 00 3e 0b 00 00 80 00,"Status frame 0 (new)"
2026-03-09T09:13:49.247112,RX,COM6,0x0205b887,0x2,0x05,0x2e,0x2,7,00 00 00 00 00 00 00 00,"Status frame 2 (new)"
2026-03-09T09:13:49.248631,RX,COM6,0x0205b8c7,0x2,0x05,0x2e,0x3,7,3b 00 00 00 6e 4d 95 3e,"Status frame 3 (new)"
2026-03-09T09:13:49.248631,RX,COM6,0x0205b907,0x2,0x05,0x2e,0x4,7,00 00 00 00 00 00 00 00,"Status frame 4 (new)"
2026-03-09T09:13:49.250650,RX,COM6,0x0205b947,0x2,0x05,0x2e,0x5,7,00 00 00 00 00 00 00 00,"Status frame 5 (new)"
2026-03-09T09:13:49.251651,HEARTBEAT,COM6,0x01011840,0x1,0x01,0x6,0x1,0,16 6f 00 00 00 10 00 00,"Heartbeat"
2026-03-09T09:13:49.252651,RX,COM6,0x0205b987,0x2,0x05,0x2e,0x6,7,00 00 ff ff 01 00 00 00,"Status frame 6 (new)"
2026-03-09T09:13:49.266674,RX,COM6,0x0205b807,0x2,0x05,0x2e,0x0,7,00 00 1b 0b 00 00 80 00,"Status frame 0 (new)"
2026-03-09T09:13:49.266674,RX,COM6,0x0205b887,0x2,0x05,0x2e,0x2,7,00 00 00 00 00 00 00 00,"Status frame 2 (new)"
2026-03-09T09:13:49.268683,RX,COM6,0x0205b8c7,0x2,0x05,0x2e,0x3,7,3b 00 00 00 cd 20 94 3e,"Status frame 3 (new)"
2026-03-09T09:13:49.268683,RX,COM6,0x0205b907,0x2,0x05,0x2e,0x4,7,00 00 00 00 00 00 00 00,"Status frame 4 (new)"
2026-03-09T09:13:49.270683,HEARTBEAT,COM6,0x01011840,0x1,0x01,0x6,0x1,0,29 6f 00 00 00 10 00 00,"Heartbeat"
2026-03-09T09:13:49.270683,RX,COM6,0x0205b947,0x2,0x05,0x2e,0x5,7,00 00 00 00 00 00 00 00,"Status frame 5 (new)"
2026-03-09T09:13:49.272683,RX,COM6,0x0205b987,0x2,0x05,0x2e,0x6,7,00 00 ff ff 01 00 00 00,"Status frame 6 (new)"
2026-03-09T09:13:49.286750,RX,COM6,0x0205b807,0x2,0x05,0x2e,0x0,7,00 00 3c 0b 00 00 80 00,"Status frame 0 (new)"
2026-03-09T09:13:49.286750,RX,COM6,0x0205b887,0x2,0x05,0x2e,0x2,7,00 00 00 00 00 00 00 00,"Status frame 2 (new)"
2026-03-09T09:13:49.288743,RX,COM6,0x0205b8c7,0x2,0x05,0x2e,0x3,7,3b 00 00 00 4c fd 94 3e,"Status frame 3 (new)"
2026-03-09T09:13:49.288743,RX,COM6,0x0205b907,0x2,0x05,0x2e,0x4,7,00 00 00 00 00 00 00 00,"Status frame 4 (new)"
2026-03-09T09:13:49.290751,HEARTBEAT,COM6,0x01011840,0x1,0x01,0x6,0x1,0,3d 6f 00 00 00 10 00 00,"Heartbeat"
2026-03-09T09:13:49.290751,RX,COM6,0x0205b947,0x2,0x05,0x2e,0x5,7,00 00 00 00 00 00 00 00,"Status frame 5 (new)"
2026-03-09T09:13:49.292751,RX,COM6,0x0205b987,0x2,0x05,0x2e,0x6,7,00 00 ff ff 01 00 00 00,"Status frame 6 (new)"
2026-03-09T09:13:49.306780,RX,COM6,0x0205b807,0x2,0x05,0x2e,0x0,7,00 00 3f 0b 00 00 80 00,"Status frame 0 (new)"
2026-03-09T09:13:49.307779,RX,COM6,0x0205b887,0x2,0x05,0x2e,0x2,7,00 00 00 00 00 00 00 00,"Status frame 2 (new)"
2026-03-09T09:13:49.308779,RX,COM6,0x0205b8c7,0x2,0x05,0x2e,0x3,7,3b 00 00 00 c5 36 95 3e,"Status frame 3 (new)"
2026-03-09T09:13:49.308779,RX,COM6,0x0205b907,0x2,0x05,0x2e,0x4,7,00 00 00 00 00 00 00 00,"Status frame 4 (new)"
2026-03-09T09:13:49.310782,HEARTBEAT,COM6,0x01011840,0x1,0x01,0x6,0x1,0,51 6f 00 00 00 10 00 00,"Heartbeat"
2026-03-09T09:13:49.310782,RX,COM6,0x0205b947,0x2,0x05,0x2e,0x5,7,00 00 00 00 00 00 00 00,"Status frame 5 (new)"
2026-03-09T09:13:49.313288,RX,COM6,0x0205b987,0x2,0x05,0x2e,0x6,7,00 00 ff ff 01 00 00 00,"Status frame 6 (new)"
2026-03-09T09:13:49.327275,RX,COM6,0x0205b807,0x2,0x05,0x2e,0x0,7,00 00 3b 0b 00 00 80 00,"Status frame 0 (new)"
2026-03-09T09:13:49.327275,RX,COM6,0x0205b887,0x2,0x05,0x2e,0x2,7,00 00 00 00 00 00 00 00,"Status frame 2 (new)"
2026-03-09T09:13:49.329303,RX,COM6,0x0205b8c7,0x2,0x05,0x2e,0x3,7,3b 00 00 00 f4 67 94 3e,"Status frame 3 (new)"
2026-03-09T09:13:49.329303,RX,COM6,0x0205b907,0x2,0x05,0x2e,0x4,7,00 00 00 00 00 00 00 00,"Status frame 4 (new)"
2026-03-09T09:13:49.330311,RX,COM6,0x0205b947,0x2,0x05,0x2e,0x5,7,00 00 00 00 00 00 00 00,"Status frame 5 (new)"
2026-03-09T09:13:49.331318,HEARTBEAT,COM6,0x01011840,0x1,0x01,0x6,0x1,0,66 6f 00 00 00 10 00 00,"Heartbeat"
2026-03-09T09:13:49.332301,RX,COM6,0x0205b987,0x2,0x05,0x2e,0x6,7,00 00 ff ff 01 00 00 00,"Status frame 6 (new)"
2026-03-09T09:13:49.346850,RX,COM6,0x0205b807,0x2,0x05,0x2e,0x0,7,00 00 44 0b 00 00 80 00,"Status frame 0 (new)"
2026-03-09T09:13:49.346850,RX,COM6,0x0205b887,0x2,0x05,0x2e,0x2,7,00 00 00 00 00 00 00 00,"Status frame 2 (new)"
2026-03-09T09:13:49.348849,RX,COM6,0x0205b8c7,0x2,0x05,0x2e,0x3,7,3b 00 00 00 b0 35 96 3e,"Status frame 3 (new)"
2026-03-09T09:13:49.348849,RX,COM6,0x0205b907,0x2,0x05,0x2e,0x4,7,00 00 00 00 00 00 00 00,"Status frame 4 (new)"
2026-03-09T09:13:49.350851,RX,COM6,0x0205b947,0x2,0x05,0x2e,0x5,7,00 00 00 00 00 00 00 00,"Status frame 5 (new)"
2026-03-09T09:13:49.351851,HEARTBEAT,COM6,0x01011840,0x1,0x01,0x6,0x1,0,7a 6f 00 00 00 10 00 00,"Heartbeat"
2026-03-09T09:13:49.352850,RX,COM6,0x0205b987,0x2,0x05,0x2e,0x6,7,00 00 ff ff 01 00 00 00,"Status frame 6 (new)"
2026-03-09T09:13:49.366392,RX,COM6,0x0205b807,0x2,0x05,0x2e,0x0,7,00 00 2b 0b 00 00 80 00,"Status frame 0 (new)"
2026-03-09T09:13:49.366392,RX,COM6,0x0205b847,0x2,0x05,0x2e,0x1,7,00 00 00 24 00 01 00 00,"Status frame 1 (new)"
2026-03-09T09:13:49.367390,RX,COM6,0x0205b887,0x2,0x05,0x2e,0x2,7,00 00 00 00 00 00 00 00,"Status frame 2 (new)"
2026-03-09T09:13:49.368399,RX,COM6,0x0205b8c7,0x2,0x05,0x2e,0x3,7,3b 00 00 00 84 ee 94 3e,"Status frame 3 (new)"
2026-03-09T09:13:49.369393,RX,COM6,0x0205b907,0x2,0x05,0x2e,0x4,7,00 00 00 00 00 00 00 00,"Status frame 4 (new)"
2026-03-09T09:13:49.371411,RX,COM6,0x0205b947,0x2,0x05,0x2e,0x5,7,00 00 00 00 00 00 00 00,"Status frame 5 (new)"
2026-03-09T09:13:49.371411,HEARTBEAT,COM6,0x01011840,0x1,0x01,0x6,0x1,0,8e 6f 00 00 00 10 00 00,"Heartbeat"
2026-03-09T09:13:49.372389,RX,COM6,0x0205b987,0x2,0x05,0x2e,0x6,7,00 00 ff ff 01 00 00 00,"Status frame 6 (new)"
2026-03-09T09:13:49.386996,RX,COM6,0x0205b807,0x2,0x05,0x2e,0x0,7,00 00 3f 0b 00 00 80 00,"Status frame 0 (new)"
2026-03-09T09:13:49.386996,RX,COM6,0x0205b887,0x2,0x05,0x2e,0x2,7,00 00 00 00 00 00 00 00,"Status frame 2 (new)"
2026-03-09T09:13:49.388996,RX,COM6,0x0205b8c7,0x2,0x05,0x2e,0x3,7,3b 00 00 00 50 4a 95 3e,"Status frame 3 (new)"
2026-03-09T09:13:49.388996,RX,COM6,0x0205b907,0x2,0x05,0x2e,0x4,7,00 00 00 00 00 00 00 00,"Status frame 4 (new)"
2026-03-09T09:13:49.389997,RX,COM6,0x0205b947,0x2,0x05,0x2e,0x5,7,00 00 00 00 00 00 00 00,"Status frame 5 (new)"
2026-03-09T09:13:49.391155,HEARTBEAT,COM6,0x01011840,0x1,0x01,0x6,0x1,0,a2 6f 00 00 00 10 00 00,"Heartbeat"
2026-03-09T09:13:49.392157,RX,COM6,0x0205b987,0x2,0x05,0x2e,0x6,7,00 00 ff ff 01 00 00 00,"Status frame 6 (new)"
2026-03-09T09:13:49.406695,RX,COM6,0x0205b807,0x2,0x05,0x2e,0x0,7,00 00 41 0b 00 00 80 00,"Status frame 0 (new)"
2026-03-09T09:13:49.406695,RX,COM6,0x0205b887,0x2,0x05,0x2e,0x2,7,00 00 00 00 00 00 00 00,"Status frame 2 (new)"
2026-03-09T09:13:49.408693,RX,COM6,0x0205b8c7,0x2,0x05,0x2e,0x3,7,3b 00 00 00 db 37 95 3e,"Status frame 3 (new)"
2026-03-09T09:13:49.408693,RX,COM6,0x0205b907,0x2,0x05,0x2e,0x4,7,00 00 00 00 00 00 00 00,"Status frame 4 (new)"
2026-03-09T09:13:49.410693,RX,COM6,0x0205b947,0x2,0x05,0x2e,0x5,7,00 00 00 00 00 00 00 00,"Status frame 5 (new)"
2026-03-09T09:13:49.411687,HEARTBEAT,COM6,0x01011840,0x1,0x01,0x6,0x1,0,b6 6f 00 00 00 10 00 00,"Heartbeat"
2026-03-09T09:13:49.412685,RX,COM6,0x0205b987,0x2,0x05,0x2e,0x6,7,00 00 ff ff 01 00 00 00,"Status frame 6 (new)"
2026-03-09T09:13:49.427194,RX,COM6,0x0205b807,0x2,0x05,0x2e,0x0,7,00 00 3e 0b 00 00 80 00,"Status frame 0 (new)"
2026-03-09T09:13:49.427194,RX,COM6,0x0205b887,0x2,0x05,0x2e,0x2,7,00 00 00 00 00 00 00 00,"Status frame 2 (new)"
2026-03-09T09:13:49.428705,RX,COM6,0x0205b8c7,0x2,0x05,0x2e,0x3,7,3b 00 00 00 ba a6 94 3e,"Status frame 3 (new)"
2026-03-09T09:13:49.428705,RX,COM6,0x0205b907,0x2,0x05,0x2e,0x4,7,00 00 00 00 00 00 00 00,"Status frame 4 (new)"
2026-03-09T09:13:49.430705,HEARTBEAT,COM6,0x01011840,0x1,0x01,0x6,0x1,0,c9 6f 00 00 00 10 00 00,"Heartbeat"
2026-03-09T09:13:49.430705,RX,COM6,0x0205b947,0x2,0x05,0x2e,0x5,7,00 00 00 00 00 00 00 00,"Status frame 5 (new)"
2026-03-09T09:13:49.432705,RX,COM6,0x0205b987,0x2,0x05,0x2e,0x6,7,00 00 ff ff 01 00 00 00,"Status frame 6 (new)"
2026-03-09T09:13:49.445726,RX,COM6,0x0205b807,0x2,0x05,0x2e,0x0,7,00 00 3e 0b 00 00 80 00,"Status frame 0 (new)"
2026-03-09T09:13:49.447230,RX,COM6,0x0205b887,0x2,0x05,0x2e,0x2,7,00 00 00 00 00 00 00 00,"Status frame 2 (new)"
2026-03-09T09:13:49.448235,RX,COM6,0x0205b8c7,0x2,0x05,0x2e,0x3,7,3b 00 00 00 b2 97 94 3e,"Status frame 3 (new)"
2026-03-09T09:13:49.448235,RX,COM6,0x0205b907,0x2,0x05,0x2e,0x4,7,00 00 00 00 00 00 00 00,"Status frame 4 (new)"
2026-03-09T09:13:49.450234,RX,COM6,0x0205b947,0x2,0x05,0x2e,0x5,7,00 00 00 00 00 00 00 00,"Status frame 5 (new)"
2026-03-09T09:13:49.451738,HEARTBEAT,COM6,0x01011840,0x1,0x01,0x6,0x1,0,de 6f 00 00 00 10 00 00,"Heartbeat"
2026-03-09T09:13:49.452744,RX,COM6,0x0205b987,0x2,0x05,0x2e,0x6,7,00 00 ff ff 01 00 00 00,"Status frame 6 (new)"
2026-03-09T09:13:49.466259,RX,COM6,0x0205b807,0x2,0x05,0x2e,0x0,7,00 00 37 0b 00 00 80 00,"Status frame 0 (new)"
2026-03-09T09:13:49.467259,RX,COM6,0x0205b887,0x2,0x05,0x2e,0x2,7,00 00 00 00 00 00 00 00,"Status frame 2 (new)"
2026-03-09T09:13:49.468259,RX,COM6,0x0205b8c7,0x2,0x05,0x2e,0x3,7,3b 00 00 00 d9 f8 94 3e,"Status frame 3 (new)"
2026-03-09T09:13:49.468259,RX,COM6,0x0205b907,0x2,0x05,0x2e,0x4,7,00 00 00 00 00 00 00 00,"Status frame 4 (new)"
2026-03-09T09:13:49.470259,RX,COM6,0x0205b947,0x2,0x05,0x2e,0x5,7,00 00 00 00 00 00 00 00,"Status frame 5 (new)"
2026-03-09T09:13:49.471259,HEARTBEAT,COM6,0x01011840,0x1,0x01,0x6,0x1,0,f2 6f 00 00 00 10 00 00,"Heartbeat"
2026-03-09T09:13:49.474324,RX,COM6,0x0205b987,0x2,0x05,0x2e,0x6,7,00 00 ff ff 01 00 00 00,"Status frame 6 (new)"
2026-03-09T09:13:49.486562,RX,COM6,0x0205b807,0x2,0x05,0x2e,0x0,7,00 00 41 0b 00 00 80 00,"Status frame 0 (new)"
2026-03-09T09:13:49.486562,RX,COM6,0x0205b887,0x2,0x05,0x2e,0x2,7,00 00 00 00 00 00 00 00,"Status frame 2 (new)"
2026-03-09T09:13:49.488554,RX,COM6,0x0205b8c7,0x2,0x05,0x2e,0x3,7,3b 00 00 00 e1 5a 94 3e,"Status frame 3 (new)"
2026-03-09T09:13:49.488554,RX,COM6,0x0205b907,0x2,0x05,0x2e,0x4,7,00 00 00 00 00 00 00 00,"Status frame 4 (new)"
2026-03-09T09:13:49.490554,RX,COM6,0x0205b947,0x2,0x05,0x2e,0x5,7,00 00 00 00 00 00 00 00,"Status frame 5 (new)"
2026-03-09T09:13:49.491564,HEARTBEAT,COM6,0x01011840,0x1,0x01,0x6,0x1,0,06 70 00 00 00 10 00 00,"Heartbeat"
2026-03-09T09:13:49.492564,RX,COM6,0x0205b987,0x2,0x05,0x2e,0x6,7,00 00 ff ff 01 00 00 00,"Status frame 6 (new)"
2026-03-09T09:13:49.506641,RX,COM6,0x0205b807,0x2,0x05,0x2e,0x0,7,00 00 40 0b 00 00 80 00,"Status frame 0 (new)"
2026-03-09T09:13:49.506641,RX,COM6,0x0205b887,0x2,0x05,0x2e,0x2,7,00 00 00 00 00 00 00 00,"Status frame 2 (new)"
2026-03-09T09:13:49.508641,RX,COM6,0x0205b8c7,0x2,0x05,0x2e,0x3,7,3b 00 00 00 54 a8 94 3e,"Status frame 3 (new)"
2026-03-09T09:13:49.508641,RX,COM6,0x0205b907,0x2,0x05,0x2e,0x4,7,00 00 00 00 00 00 00 00,"Status frame 4 (new)"
2026-03-09T09:13:49.510641,HEARTBEAT,COM6,0x01011840,0x1,0x01,0x6,0x1,0,19 70 00 00 00 10 00 00,"Heartbeat"
2026-03-09T09:13:49.510641,RX,COM6,0x0205b947,0x2,0x05,0x2e,0x5,7,00 00 00 00 00 00 00 00,"Status frame 5 (new)"
2026-03-09T09:13:49.511635,RX,COM6,0x0205b987,0x2,0x05,0x2e,0x6,7,00 00 ff ff 01 00 00 00,"Status frame 6 (new)"
2026-03-09T09:13:49.525701,RX,COM6,0x0205b807,0x2,0x05,0x2e,0x0,7,00 00 40 0b 00 00 80 00,"Status frame 0 (new)"
2026-03-09T09:13:49.527215,RX,COM6,0x0205b887,0x2,0x05,0x2e,0x2,7,00 00 00 00 00 00 00 00,"Status frame 2 (new)"
2026-03-09T09:13:49.528232,RX,COM6,0x0205b8c7,0x2,0x05,0x2e,0x3,7,3c 00 00 00 9a c3 96 3e,"Status frame 3 (new)"
2026-03-09T09:13:49.529234,RX,COM6,0x0205b907,0x2,0x05,0x2e,0x4,7,00 00 00 00 00 00 00 00,"Status frame 4 (new)"
2026-03-09T09:13:49.530250,RX,COM6,0x0205b947,0x2,0x05,0x2e,0x5,7,00 00 00 00 00 00 00 00,"Status frame 5 (new)"
2026-03-09T09:13:49.531239,HEARTBEAT,COM6,0x01011840,0x1,0x01,0x6,0x1,0,2e 70 00 00 00 10 00 00,"Heartbeat"
2026-03-09T09:13:49.532250,RX,COM6,0x0205b987,0x2,0x05,0x2e,0x6,7,00 00 ff ff 01 00 00 00,"Status frame 6 (new)"
2026-03-09T09:13:49.546989,RX,COM6,0x0205b807,0x2,0x05,0x2e,0x0,7,00 00 44 0b 00 00 80 00,"Status frame 0 (new)"
2026-03-09T09:13:49.546989,RX,COM6,0x0205b887,0x2,0x05,0x2e,0x2,7,00 00 00 00 00 00 00 00,"Status frame 2 (new)"
2026-03-09T09:13:49.548996,RX,COM6,0x0205b8c7,0x2,0x05,0x2e,0x3,7,3b 00 00 00 8f b5 94 3e,"Status frame 3 (new)"
2026-03-09T09:13:49.548996,RX,COM6,0x0205b907,0x2,0x05,0x2e,0x4,7,00 00 00 00 00 00 00 00,"Status frame 4 (new)"
2026-03-09T09:13:49.550998,RX,COM6,0x0205b947,0x2,0x05,0x2e,0x5,7,00 00 00 00 00 00 00 00,"Status frame 5 (new)"
2026-03-09T09:13:49.551981,HEARTBEAT,COM6,0x01011840,0x1,0x01,0x6,0x1,0,43 70 00 00 00 10 00 00,"Heartbeat"
2026-03-09T09:13:49.552981,RX,COM6,0x0205b987,0x2,0x05,0x2e,0x6,7,00 00 ff ff 01 00 00 00,"Status frame 6 (new)"
2026-03-09T09:13:49.566541,RX,COM6,0x0205b807,0x2,0x05,0x2e,0x0,7,00 00 45 0b 00 00 80 00,"Status frame 0 (new)"
2026-03-09T09:13:49.566541,RX,COM6,0x0205b887,0x2,0x05,0x2e,0x2,7,00 00 00 00 00 00 00 00,"Status frame 2 (new)"
2026-03-09T09:13:49.568549,RX,COM6,0x0205b8c7,0x2,0x05,0x2e,0x3,7,3b 00 00 00 cf 14 94 3e,"Status frame 3 (new)"
2026-03-09T09:13:49.568549,RX,COM6,0x0205b907,0x2,0x05,0x2e,0x4,7,00 00 00 00 00 00 00 00,"Status frame 4 (new)"
2026-03-09T09:13:49.570542,RX,COM6,0x0205b947,0x2,0x05,0x2e,0x5,7,00 00 00 00 00 00 00 00,"Status frame 5 (new)"
2026-03-09T09:13:49.571532,HEARTBEAT,COM6,0x01011840,0x1,0x01,0x6,0x1,0,56 70 00 00 00 10 00 00,"Heartbeat"
2026-03-09T09:13:49.572533,RX,COM6,0x0205b987,0x2,0x05,0x2e,0x6,7,00 00 ff ff 01 00 00 00,"Status frame 6 (new)"
2026-03-09T09:13:49.586549,RX,COM6,0x0205b807,0x2,0x05,0x2e,0x0,7,00 00 46 0b 00 00 80 00,"Status frame 0 (new)"
2026-03-09T09:13:49.586549,RX,COM6,0x0205b887,0x2,0x05,0x2e,0x2,7,00 00 00 00 00 00 00 00,"Status frame 2 (new)"
2026-03-09T09:13:49.587551,RX,COM6,0x0205b8c7,0x2,0x05,0x2e,0x3,7,3b 00 00 00 10 97 95 3e,"Status frame 3 (new)"
2026-03-09T09:13:49.589135,RX,COM6,0x0205b907,0x2,0x05,0x2e,0x4,7,00 00 00 00 00 00 00 00,"Status frame 4 (new)"
2026-03-09T09:13:49.590227,RX,COM6,0x0205b947,0x2,0x05,0x2e,0x5,7,00 00 00 00 00 00 00 00,"Status frame 5 (new)"
2026-03-09T09:13:49.591221,HEARTBEAT,COM6,0x01011840,0x1,0x01,0x6,0x1,0,6a 70 00 00 00 10 00 00,"Heartbeat"
2026-03-09T09:13:49.592206,RX,COM6,0x0205b987,0x2,0x05,0x2e,0x6,7,00 00 ff ff 01 00 00 00,"Status frame 6 (new)"
2026-03-09T09:13:49.606865,RX,COM6,0x0205b807,0x2,0x05,0x2e,0x0,7,00 00 3e 0b 00 00 80 00,"Status frame 0 (new)"
2026-03-09T09:13:49.606865,RX,COM6,0x0205b887,0x2,0x05,0x2e,0x2,7,00 00 00 00 00 00 00 00,"Status frame 2 (new)"
2026-03-09T09:13:49.608853,RX,COM6,0x0205b8c7,0x2,0x05,0x2e,0x3,7,3a 00 00 00 f1 aa 93 3e,"Status frame 3 (new)"
2026-03-09T09:13:49.608853,RX,COM6,0x0205b907,0x2,0x05,0x2e,0x4,7,00 00 00 00 00 00 00 00,"Status frame 4 (new)"
2026-03-09T09:13:49.610792,RX,COM6,0x0205b947,0x2,0x05,0x2e,0x5,7,00 00 00 00 00 00 00 00,"Status frame 5 (new)"
2026-03-09T09:13:49.611851,HEARTBEAT,COM6,0x01011840,0x1,0x01,0x6,0x1,0,7e 70 00 00 00 10 00 00,"Heartbeat"
2026-03-09T09:13:49.612878,RX,COM6,0x0205b987,0x2,0x05,0x2e,0x6,7,00 00 ff ff 01 00 00 00,"Status frame 6 (new)"
2026-03-09T09:13:49.616508,RX,COM6,0x0205b847,0x2,0x05,0x2e,0x1,7,00 00 00 24 00 01 00 00,"Status frame 1 (new)"
2026-03-09T09:13:49.626964,RX,COM6,0x0205b807,0x2,0x05,0x2e,0x0,7,00 00 41 0b 00 00 80 00,"Status frame 0 (new)"
2026-03-09T09:13:49.627998,RX,COM6,0x0205b887,0x2,0x05,0x2e,0x2,7,00 00 00 00 00 00 00 00,"Status frame 2 (new)"
2026-03-09T09:13:49.628974,RX,COM6,0x0205b8c7,0x2,0x05,0x2e,0x3,7,3b 00 00 00 2f f1 94 3e,"Status frame 3 (new)"
2026-03-09T09:13:49.628974,RX,COM6,0x0205b907,0x2,0x05,0x2e,0x4,7,00 00 00 00 00 00 00 00,"Status frame 4 (new)"
2026-03-09T09:13:49.630977,HEARTBEAT,COM6,0x01011840,0x1,0x01,0x6,0x1,0,92 70 00 00 00 10 00 00,"Heartbeat"
2026-03-09T09:13:49.630977,RX,COM6,0x0205b947,0x2,0x05,0x2e,0x5,7,00 00 00 00 00 00 00 00,"Status frame 5 (new)"
2026-03-09T09:13:49.632982,RX,COM6,0x0205b987,0x2,0x05,0x2e,0x6,7,00 00 ff ff 01 00 00 00,"Status frame 6 (new)"
2026-03-09T09:13:49.647068,RX,COM6,0x0205b807,0x2,0x05,0x2e,0x0,7,00 00 40 0b 00 00 80 00,"Status frame 0 (new)"
2026-03-09T09:13:49.647068,RX,COM6,0x0205b887,0x2,0x05,0x2e,0x2,7,00 00 00 00 00 00 00 00,"Status frame 2 (new)"
2026-03-09T09:13:49.649068,RX,COM6,0x0205b8c7,0x2,0x05,0x2e,0x3,7,3b 00 00 00 e6 b6 95 3e,"Status frame 3 (new)"
2026-03-09T09:13:49.649068,RX,COM6,0x0205b907,0x2,0x05,0x2e,0x4,7,00 00 00 00 00 00 00 00,"Status frame 4 (new)"
2026-03-09T09:13:49.651067,RX,COM6,0x0205b947,0x2,0x05,0x2e,0x5,7,00 00 00 00 00 00 00 00,"Status frame 5 (new)"
2026-03-09T09:13:49.651067,HEARTBEAT,COM6,0x01011840,0x1,0x01,0x6,0x1,0,a6 70 00 00 00 10 00 00,"Heartbeat"
2026-03-09T09:13:49.652601,RX,COM6,0x0205b987,0x2,0x05,0x2e,0x6,7,00 00 ff ff 01 00 00 00,"Status frame 6 (new)"
2026-03-09T09:13:49.667132,RX,COM6,0x0205b807,0x2,0x05,0x2e,0x0,7,00 00 46 0b 00 00 80 00,"Status frame 0 (new)"
2026-03-09T09:13:49.667132,RX,COM6,0x0205b887,0x2,0x05,0x2e,0x2,7,00 00 00 00 00 00 00 00,"Status frame 2 (new)"
2026-03-09T09:13:49.669131,RX,COM6,0x0205b8c7,0x2,0x05,0x2e,0x3,7,3a 00 00 00 9a 55 93 3e,"Status frame 3 (new)"
2026-03-09T09:13:49.669131,RX,COM6,0x0205b907,0x2,0x05,0x2e,0x4,7,00 00 00 00 00 00 00 00,"Status frame 4 (new)"
2026-03-09T09:13:49.670131,RX,COM6,0x0205b947,0x2,0x05,0x2e,0x5,7,00 00 00 00 00 00 00 00,"Status frame 5 (new)"
2026-03-09T09:13:49.671131,HEARTBEAT,COM6,0x01011840,0x1,0x01,0x6,0x1,0,ba 70 00 00 00 10 00 00,"Heartbeat"
2026-03-09T09:13:49.673124,RX,COM6,0x0205b987,0x2,0x05,0x2e,0x6,7,00 00 ff ff 01 00 00 00,"Status frame 6 (new)"
2026-03-09T09:13:49.679208,TX,COM6,0x02053c07,0x2,0x05,0xf,0x0,7,11 00 00 00 00 00 00 00,"TX apiClass=0xf apiIndex=0x0"
2026-03-09T09:13:49.686824,RX,COM6,0x0205b807,0x2,0x05,0x2e,0x0,7,00 00 44 0b 00 00 80 00,"Status frame 0 (new)"
2026-03-09T09:13:49.686824,RX,COM6,0x0205b887,0x2,0x05,0x2e,0x2,7,00 00 00 00 00 00 00 00,"Status frame 2 (new)"
2026-03-09T09:13:49.688726,RX,COM6,0x0205b8c7,0x2,0x05,0x2e,0x3,7,3b 00 00 00 79 6b 95 3e,"Status frame 3 (new)"
2026-03-09T09:13:49.688726,RX,COM6,0x0205b907,0x2,0x05,0x2e,0x4,7,00 00 00 00 00 00 00 00,"Status frame 4 (new)"
2026-03-09T09:13:49.690737,HEARTBEAT,COM6,0x01011840,0x1,0x01,0x6,0x1,0,cd 70 00 00 00 10 00 00,"Heartbeat"
2026-03-09T09:13:49.690737,RX,COM6,0x0205b947,0x2,0x05,0x2e,0x5,7,00 00 00 00 00 00 00 00,"Status frame 5 (new)"
2026-03-09T09:13:49.692734,RX,COM6,0x0205b987,0x2,0x05,0x2e,0x6,7,00 00 ff ff 01 00 00 00,"Status frame 6 (new)"
2026-03-09T09:13:49.705881,RX,COM6,0x0205b807,0x2,0x05,0x2e,0x0,7,00 00 3d 0b 00 00 80 00,"Status frame 0 (new)"
2026-03-09T09:13:49.707392,RX,COM6,0x0205b887,0x2,0x05,0x2e,0x2,7,00 00 00 00 00 00 00 00,"Status frame 2 (new)"
2026-03-09T09:13:49.708402,RX,COM6,0x0205b8c7,0x2,0x05,0x2e,0x3,7,3b 00 00 00 31 a3 94 3e,"Status frame 3 (new)"
2026-03-09T09:13:49.708402,RX,COM6,0x0205b907,0x2,0x05,0x2e,0x4,7,00 00 00 00 00 00 00 00,"Status frame 4 (new)"
2026-03-09T09:13:49.710401,RX,COM6,0x0205b947,0x2,0x05,0x2e,0x5,7,00 00 00 00 00 00 00 00,"Status frame 5 (new)"
2026-03-09T09:13:49.711399,HEARTBEAT,COM6,0x01011840,0x1,0x01,0x6,0x1,0,e2 70 00 00 00 10 00 00,"Heartbeat"
2026-03-09T09:13:49.712402,RX,COM6,0x0205b987,0x2,0x05,0x2e,0x6,7,00 00 ff ff 01 00 00 00,"Status frame 6 (new)"
2026-03-09T09:13:49.726988,RX,COM6,0x0205b807,0x2,0x05,0x2e,0x0,7,00 00 45 0b 00 00 80 00,"Status frame 0 (new)"
2026-03-09T09:13:49.726988,RX,COM6,0x0205b887,0x2,0x05,0x2e,0x2,7,00 00 00 00 00 00 00 00,"Status frame 2 (new)"
2026-03-09T09:13:49.728549,RX,COM6,0x0205b8c7,0x2,0x05,0x2e,0x3,7,3b 04 00 00 53 59 95 3e,"Status frame 3 (new)"
2026-03-09T09:13:49.728549,RX,COM6,0x0205b907,0x2,0x05,0x2e,0x4,7,00 00 00 00 00 00 00 00,"Status frame 4 (new)"
2026-03-09T09:13:49.730614,HEARTBEAT,COM6,0x01011840,0x1,0x01,0x6,0x1,0,f5 70 00 00 00 10 00 00,"Heartbeat"
2026-03-09T09:13:49.730614,RX,COM6,0x0205b947,0x2,0x05,0x2e,0x5,7,00 00 00 00 00 00 00 00,"Status frame 5 (new)"
2026-03-09T09:13:49.732617,RX,COM6,0x0205b987,0x2,0x05,0x2e,0x6,7,00 00 ff ff 01 00 00 00,"Status frame 6 (new)"
2026-03-09T09:13:49.747626,RX,COM6,0x0205b807,0x2,0x05,0x2e,0x0,7,00 00 44 0b 00 00 80 00,"Status frame 0 (new)"
2026-03-09T09:13:49.747626,RX,COM6,0x0205b887,0x2,0x05,0x2e,0x2,7,00 00 00 00 00 00 00 00,"Status frame 2 (new)"
2026-03-09T09:13:49.747626,RX,COM6,0x0205b8c7,0x2,0x05,0x2e,0x3,7,3b 00 00 00 9a f2 94 3e,"Status frame 3 (new)"
2026-03-09T09:13:49.749226,RX,COM6,0x0205b907,0x2,0x05,0x2e,0x4,7,00 00 00 00 00 00 00 00,"Status frame 4 (new)"
2026-03-09T09:13:49.750368,RX,COM6,0x0205b947,0x2,0x05,0x2e,0x5,7,00 00 00 00 00 00 00 00,"Status frame 5 (new)"
2026-03-09T09:13:49.751318,HEARTBEAT,COM6,0x01011840,0x1,0x01,0x6,0x1,0,0a 71 00 00 00 10 00 00,"Heartbeat"
2026-03-09T09:13:49.752318,RX,COM6,0x0205b987,0x2,0x05,0x2e,0x6,7,00 00 ff ff 01 00 00 00,"Status frame 6 (new)"
2026-03-09T09:13:49.766901,RX,COM6,0x0205b807,0x2,0x05,0x2e,0x0,7,00 00 45 0b 00 00 80 00,"Status frame 0 (new)"
2026-03-09T09:13:49.766901,RX,COM6,0x0205b887,0x2,0x05,0x2e,0x2,7,00 00 00 00 00 00 00 00,"Status frame 2 (new)"
2026-03-09T09:13:49.768949,RX,COM6,0x0205b8c7,0x2,0x05,0x2e,0x3,7,3b 00 00 00 ea 9b 95 3e,"Status frame 3 (new)"
2026-03-09T09:13:49.768949,RX,COM6,0x0205b907,0x2,0x05,0x2e,0x4,7,00 00 00 00 00 00 00 00,"Status frame 4 (new)"
2026-03-09T09:13:49.770995,RX,COM6,0x0205b947,0x2,0x05,0x2e,0x5,7,00 00 00 00 00 00 00 00,"Status frame 5 (new)"
2026-03-09T09:13:49.770995,HEARTBEAT,COM6,0x01011840,0x1,0x01,0x6,0x1,0,1e 71 00 00 00 10 00 00,"Heartbeat"
2026-03-09T09:13:49.773041,RX,COM6,0x0205b987,0x2,0x05,0x2e,0x6,7,00 00 ff ff 01 00 00 00,"Status frame 6 (new)"
2026-03-09T09:13:49.786635,RX,COM6,0x0205b807,0x2,0x05,0x2e,0x0,7,00 00 45 0b 00 00 80 00,"Status frame 0 (new)"
2026-03-09T09:13:49.786635,RX,COM6,0x0205b887,0x2,0x05,0x2e,0x2,7,00 00 00 00 00 00 00 00,"Status frame 2 (new)"
2026-03-09T09:13:49.788634,RX,COM6,0x0205b8c7,0x2,0x05,0x2e,0x3,7,3b 00 00 00 2b 30 94 3e,"Status frame 3 (new)"
2026-03-09T09:13:49.788634,RX,COM6,0x0205b907,0x2,0x05,0x2e,0x4,7,00 00 00 00 00 00 00 00,"Status frame 4 (new)"
2026-03-09T09:13:49.790635,RX,COM6,0x0205b947,0x2,0x05,0x2e,0x5,7,00 00 00 00 00 00 00 00,"Status frame 5 (new)"
2026-03-09T09:13:49.791142,HEARTBEAT,COM6,0x01011840,0x1,0x01,0x6,0x1,0,32 71 00 00 00 10 00 00,"Heartbeat"
2026-03-09T09:13:49.793147,RX,COM6,0x0205b987,0x2,0x05,0x2e,0x6,7,00 00 ff ff 01 00 00 00,"Status frame 6 (new)"
2026-03-09T09:13:49.806655,RX,COM6,0x0205b807,0x2,0x05,0x2e,0x0,7,00 00 0e 0b 00 00 80 00,"Status frame 0 (new)"
2026-03-09T09:13:49.806655,RX,COM6,0x0205b887,0x2,0x05,0x2e,0x2,7,00 00 00 00 00 00 00 00,"Status frame 2 (new)"
2026-03-09T09:13:49.808656,RX,COM6,0x0205b8c7,0x2,0x05,0x2e,0x3,7,3b 00 00 00 33 07 96 3e,"Status frame 3 (new)"
2026-03-09T09:13:49.808656,RX,COM6,0x0205b907,0x2,0x05,0x2e,0x4,7,00 00 00 00 00 00 00 00,"Status frame 4 (new)"
2026-03-09T09:13:49.810655,RX,COM6,0x0205b947,0x2,0x05,0x2e,0x5,7,00 00 00 00 00 00 00 00,"Status frame 5 (new)"
2026-03-09T09:13:49.811658,HEARTBEAT,COM6,0x01011840,0x1,0x01,0x6,0x1,0,46 71 00 00 00 10 00 00,"Heartbeat"
2026-03-09T09:13:49.812656,RX,COM6,0x0205b987,0x2,0x05,0x2e,0x6,7,00 00 ff ff 01 00 00 00,"Status frame 6 (new)"
2026-03-09T09:13:49.827686,RX,COM6,0x0205b807,0x2,0x05,0x2e,0x0,7,00 00 46 0b 00 00 80 00,"Status frame 0 (new)"
2026-03-09T09:13:49.827686,RX,COM6,0x0205b887,0x2,0x05,0x2e,0x2,7,00 00 00 00 00 00 00 00,"Status frame 2 (new)"
2026-03-09T09:13:49.828710,RX,COM6,0x0205b8c7,0x2,0x05,0x2e,0x3,7,3b 00 00 00 76 76 96 3e,"Status frame 3 (new)"
2026-03-09T09:13:49.828710,RX,COM6,0x0205b907,0x2,0x05,0x2e,0x4,7,00 00 00 00 00 00 00 00,"Status frame 4 (new)"
2026-03-09T09:13:49.830692,HEARTBEAT,COM6,0x01011840,0x1,0x01,0x6,0x1,0,59 71 00 00 00 10 00 00,"Heartbeat"
2026-03-09T09:13:49.830692,RX,COM6,0x0205b947,0x2,0x05,0x2e,0x5,7,00 00 00 00 00 00 00 00,"Status frame 5 (new)"
2026-03-09T09:13:49.832691,RX,COM6,0x0205b987,0x2,0x05,0x2e,0x6,7,00 00 ff ff 01 00 00 00,"Status frame 6 (new)"
2026-03-09T09:13:49.847213,RX,COM6,0x0205b807,0x2,0x05,0x2e,0x0,7,00 00 49 0b 00 00 80 00,"Status frame 0 (new)"
2026-03-09T09:13:49.847213,RX,COM6,0x0205b887,0x2,0x05,0x2e,0x2,7,00 00 00 00 00 00 00 00,"Status frame 2 (new)"
2026-03-09T09:13:49.848219,RX,COM6,0x0205b8c7,0x2,0x05,0x2e,0x3,7,3b 00 00 00 77 78 95 3e,"Status frame 3 (new)"
2026-03-09T09:13:49.849219,RX,COM6,0x0205b907,0x2,0x05,0x2e,0x4,7,00 00 00 00 00 00 00 00,"Status frame 4 (new)"
2026-03-09T09:13:49.850218,RX,COM6,0x0205b947,0x2,0x05,0x2e,0x5,7,00 00 00 00 00 00 00 00,"Status frame 5 (new)"
2026-03-09T09:13:49.851722,HEARTBEAT,COM6,0x01011840,0x1,0x01,0x6,0x1,0,6e 71 00 00 00 10 00 00,"Heartbeat"
2026-03-09T09:13:49.852728,RX,COM6,0x0205b987,0x2,0x05,0x2e,0x6,7,00 00 ff ff 01 00 00 00,"Status frame 6 (new)"
2026-03-09T09:13:49.866244,RX,COM6,0x0205b807,0x2,0x05,0x2e,0x0,7,00 00 4a 0b 00 00 80 00,"Status frame 0 (new)"
2026-03-09T09:13:49.867245,RX,COM6,0x0205b847,0x2,0x05,0x2e,0x1,7,00 00 00 24 00 01 00 00,"Status frame 1 (new)"
2026-03-09T09:13:49.867245,RX,COM6,0x0205b887,0x2,0x05,0x2e,0x2,7,00 00 00 00 00 00 00 00,"Status frame 2 (new)"
2026-03-09T09:13:49.868244,RX,COM6,0x0205b8c7,0x2,0x05,0x2e,0x3,7,3b 00 00 00 e4 7e 94 3e,"Status frame 3 (new)"
2026-03-09T09:13:49.869245,RX,COM6,0x0205b907,0x2,0x05,0x2e,0x4,7,00 00 00 00 00 00 00 00,"Status frame 4 (new)"
2026-03-09T09:13:49.869245,RX,COM6,0x0205bc07,0x2,0x05,0x2f,0x0,7,12 e2 2e be 00 00 00 00,"DATA apiClass=0x2f apiIndex=0x0"
2026-03-09T09:13:49.870244,RX,COM6,0x0205b947,0x2,0x05,0x2e,0x5,7,00 00 00 00 00 00 00 00,"Status frame 5 (new)"
2026-03-09T09:13:49.871244,HEARTBEAT,COM6,0x01011840,0x1,0x01,0x6,0x1,0,82 71 00 00 00 10 00 00,"Heartbeat"
2026-03-09T09:13:49.872244,RX,COM6,0x0205b987,0x2,0x05,0x2e,0x6,7,00 00 ff ff 01 00 00 00,"Status frame 6 (new)"
2026-03-09T09:13:49.886269,RX,COM6,0x0205b807,0x2,0x05,0x2e,0x0,7,00 00 48 0b 00 00 80 00,"Status frame 0 (new)"
2026-03-09T09:13:49.887268,RX,COM6,0x0205b887,0x2,0x05,0x2e,0x2,7,00 00 00 00 00 00 00 00,"Status frame 2 (new)"
2026-03-09T09:13:49.888269,RX,COM6,0x0205b8c7,0x2,0x05,0x2e,0x3,7,3b 00 00 00 1c 62 95 3e,"Status frame 3 (new)"
2026-03-09T09:13:49.888269,RX,COM6,0x0205b907,0x2,0x05,0x2e,0x4,7,00 00 00 00 00 00 00 00,"Status frame 4 (new)"
2026-03-09T09:13:49.890269,RX,COM6,0x0205b947,0x2,0x05,0x2e,0x5,7,00 00 00 00 00 00 00 00,"Status frame 5 (new)"
2026-03-09T09:13:49.891269,HEARTBEAT,COM6,0x01011840,0x1,0x01,0x6,0x1,0,96 71 00 00 00 10 00 00,"Heartbeat"
2026-03-09T09:13:49.892268,RX,COM6,0x0205b987,0x2,0x05,0x2e,0x6,7,00 00 ff ff 01 00 00 00,"Status frame 6 (new)"
2026-03-09T09:13:49.906288,RX,COM6,0x0205b807,0x2,0x05,0x2e,0x0,7,00 00 04 0b 00 00 80 00,"Status frame 0 (new)"
2026-03-09T09:13:49.907289,RX,COM6,0x0205b887,0x2,0x05,0x2e,0x2,7,00 00 00 00 00 00 00 00,"Status frame 2 (new)"
2026-03-09T09:13:49.908289,RX,COM6,0x0205b8c7,0x2,0x05,0x2e,0x3,7,3b 00 00 00 63 fb 94 3e,"Status frame 3 (new)"
2026-03-09T09:13:49.909288,RX,COM6,0x0205b907,0x2,0x05,0x2e,0x4,7,00 00 00 00 00 00 00 00,"Status frame 4 (new)"
2026-03-09T09:13:49.910288,RX,COM6,0x0205b947,0x2,0x05,0x2e,0x5,7,00 00 00 00 00 00 00 00,"Status frame 5 (new)"
2026-03-09T09:13:49.911288,HEARTBEAT,COM6,0x01011840,0x1,0x01,0x6,0x1,0,aa 71 00 00 00 10 00 00,"Heartbeat"
2026-03-09T09:13:49.912845,RX,COM6,0x0205b987,0x2,0x05,0x2e,0x6,7,00 00 ff ff 01 00 00 00,"Status frame 6 (new)"
2026-03-09T09:13:49.926814,RX,COM6,0x0205b807,0x2,0x05,0x2e,0x0,7,00 00 48 0b 00 00 80 00,"Status frame 0 (new)"
2026-03-09T09:13:49.926814,RX,COM6,0x0205b887,0x2,0x05,0x2e,0x2,7,00 00 00 00 00 00 00 00,"Status frame 2 (new)"
2026-03-09T09:13:49.928822,RX,COM6,0x0205b8c7,0x2,0x05,0x2e,0x3,7,3b 00 00 00 52 1a 94 3e,"Status frame 3 (new)"
2026-03-09T09:13:49.928822,RX,COM6,0x0205b907,0x2,0x05,0x2e,0x4,7,00 00 00 00 00 00 00 00,"Status frame 4 (new)"
2026-03-09T09:13:49.930826,RX,COM6,0x0205b947,0x2,0x05,0x2e,0x5,7,00 00 00 00 00 00 00 00,"Status frame 5 (new)"
2026-03-09T09:13:49.931826,HEARTBEAT,COM6,0x01011840,0x1,0x01,0x6,0x1,0,be 71 00 00 00 10 00 00,"Heartbeat"
2026-03-09T09:13:49.932970,RX,COM6,0x0205b987,0x2,0x05,0x2e,0x6,7,00 00 ff ff 01 00 00 00,"Status frame 6 (new)"
2026-03-09T09:13:49.946880,RX,COM6,0x0205b807,0x2,0x05,0x2e,0x0,7,00 00 4e 0b 00 00 80 00,"Status frame 0 (new)"
2026-03-09T09:13:49.946880,RX,COM6,0x0205b887,0x2,0x05,0x2e,0x2,7,00 00 00 00 00 00 00 00,"Status frame 2 (new)"
2026-03-09T09:13:49.948880,RX,COM6,0x0205b8c7,0x2,0x05,0x2e,0x3,7,3b 00 00 00 0d 56 96 3e,"Status frame 3 (new)"
2026-03-09T09:13:49.948880,RX,COM6,0x0205b907,0x2,0x05,0x2e,0x4,7,00 00 00 00 00 00 00 00,"Status frame 4 (new)"
2026-03-09T09:13:49.950879,HEARTBEAT,COM6,0x01011840,0x1,0x01,0x6,0x1,0,d1 71 00 00 00 10 00 00,"Heartbeat"
2026-03-09T09:13:49.950879,RX,COM6,0x0205b947,0x2,0x05,0x2e,0x5,7,00 00 00 00 00 00 00 00,"Status frame 5 (new)"
2026-03-09T09:13:49.952878,RX,COM6,0x0205b987,0x2,0x05,0x2e,0x6,7,00 00 ff ff 01 00 00 00,"Status frame 6 (new)"
2026-03-09T09:13:49.966396,RX,COM6,0x0205b807,0x2,0x05,0x2e,0x0,7,00 00 47 0b 00 00 80 00,"Status frame 0 (new)"
2026-03-09T09:13:49.966396,RX,COM6,0x0205b887,0x2,0x05,0x2e,0x2,7,00 00 00 00 00 00 00 00,"Status frame 2 (new)"
2026-03-09T09:13:49.968395,RX,COM6,0x0205b8c7,0x2,0x05,0x2e,0x3,7,3b 00 00 00 a9 77 95 3e,"Status frame 3 (new)"
2026-03-09T09:13:49.968395,RX,COM6,0x0205b907,0x2,0x05,0x2e,0x4,7,00 00 00 00 00 00 00 00,"Status frame 4 (new)"
2026-03-09T09:13:49.970396,RX,COM6,0x0205b947,0x2,0x05,0x2e,0x5,7,00 00 00 00 00 00 00 00,"Status frame 5 (new)"
2026-03-09T09:13:49.971396,HEARTBEAT,COM6,0x01011840,0x1,0x01,0x6,0x1,0,e6 71 00 00 00 10 00 00,"Heartbeat"
2026-03-09T09:13:49.972396,RX,COM6,0x0205b987,0x2,0x05,0x2e,0x6,7,00 00 ff ff 01 00 00 00,"Status frame 6 (new)"
2026-03-09T09:13:49.986928,RX,COM6,0x0205b807,0x2,0x05,0x2e,0x0,7,00 00 4a 0b 00 00 80 00,"Status frame 0 (new)"
2026-03-09T09:13:49.986928,RX,COM6,0x0205b887,0x2,0x05,0x2e,0x2,7,00 00 00 00 00 00 00 00,"Status frame 2 (new)"
2026-03-09T09:13:49.988928,RX,COM6,0x0205b8c7,0x2,0x05,0x2e,0x3,7,3b 00 00 00 de 89 94 3e,"Status frame 3 (new)"
2026-03-09T09:13:49.988928,RX,COM6,0x0205b907,0x2,0x05,0x2e,0x4,7,00 00 00 00 00 00 00 00,"Status frame 4 (new)"
2026-03-09T09:13:49.990442,RX,COM6,0x0205b947,0x2,0x05,0x2e,0x5,7,00 00 00 00 00 00 00 00,"Status frame 5 (new)"
2026-03-09T09:13:49.991442,HEARTBEAT,COM6,0x01011840,0x1,0x01,0x6,0x1,0,fa 71 00 00 00 10 00 00,"Heartbeat"
2026-03-09T09:13:49.992441,RX,COM6,0x0205b987,0x2,0x05,0x2e,0x6,7,00 00 ff ff 01 00 00 00,"Status frame 6 (new)"
2026-03-09T09:13:50.006949,RX,COM6,0x0205b807,0x2,0x05,0x2e,0x0,7,00 00 27 0b 00 00 80 00,"Status frame 0 (new)"
2026-03-09T09:13:50.006949,RX,COM6,0x0205b887,0x2,0x05,0x2e,0x2,7,00 00 00 00 00 00 00 00,"Status frame 2 (new)"
2026-03-09T09:13:50.008950,RX,COM6,0x0205b8c7,0x2,0x05,0x2e,0x3,7,3b 00 00 00 72 0b 96 3e,"Status frame 3 (new)"
2026-03-09T09:13:50.009436,RX,COM6,0x0205b907,0x2,0x05,0x2e,0x4,7,00 00 00 00 00 00 00 00,"Status frame 4 (new)"
2026-03-09T09:13:50.010441,RX,COM6,0x0205b947,0x2,0x05,0x2e,0x5,7,00 00 00 00 00 00 00 00,"Status frame 5 (new)"
2026-03-09T09:13:50.011447,HEARTBEAT,COM6,0x01011840,0x1,0x01,0x6,0x1,0,0e 72 00 00 00 10 00 00,"Heartbeat"
2026-03-09T09:13:50.012469,RX,COM6,0x0205b987,0x2,0x05,0x2e,0x6,7,00 00 ff ff 01 00 00 00,"Status frame 6 (new)"
2026-03-09T09:13:50.026964,RX,COM6,0x0205b807,0x2,0x05,0x2e,0x0,7,00 00 4b 0b 00 00 80 00,"Status frame 0 (new)"
2026-03-09T09:13:50.026964,RX,COM6,0x0205b887,0x2,0x05,0x2e,0x2,7,00 00 00 00 00 00 00 00,"Status frame 2 (new)"
2026-03-09T09:13:50.028477,RX,COM6,0x0205b8c7,0x2,0x05,0x2e,0x3,7,3b 00 00 00 57 92 95 3e,"Status frame 3 (new)"
2026-03-09T09:13:50.029478,RX,COM6,0x0205b907,0x2,0x05,0x2e,0x4,7,00 00 00 00 00 00 00 00,"Status frame 4 (new)"
2026-03-09T09:13:50.030477,RX,COM6,0x0205b947,0x2,0x05,0x2e,0x5,7,00 00 00 00 00 00 00 00,"Status frame 5 (new)"
2026-03-09T09:13:50.031477,HEARTBEAT,COM6,0x01011840,0x1,0x01,0x6,0x1,0,22 72 00 00 00 10 00 00,"Heartbeat"
2026-03-09T09:13:50.032477,RX,COM6,0x0205b987,0x2,0x05,0x2e,0x6,7,00 00 ff ff 01 00 00 00,"Status frame 6 (new)"
2026-03-09T09:13:50.046509,RX,COM6,0x0205b807,0x2,0x05,0x2e,0x0,7,00 00 49 0b 00 00 80 00,"Status frame 0 (new)"
2026-03-09T09:13:50.047512,RX,COM6,0x0205b887,0x2,0x05,0x2e,0x2,7,00 00 00 00 00 00 00 00,"Status frame 2 (new)"
2026-03-09T09:13:50.048509,RX,COM6,0x0205b8c7,0x2,0x05,0x2e,0x3,7,3b 00 00 00 52 c7 94 3e,"Status frame 3 (new)"
2026-03-09T09:13:50.048509,RX,COM6,0x0205b907,0x2,0x05,0x2e,0x4,7,00 00 00 00 00 00 00 00,"Status frame 4 (new)"
2026-03-09T09:13:50.050014,RX,COM6,0x0205b947,0x2,0x05,0x2e,0x5,7,00 00 00 00 00 00 00 00,"Status frame 5 (new)"
2026-03-09T09:13:50.051019,HEARTBEAT,COM6,0x01011840,0x1,0x01,0x6,0x1,0,36 72 00 00 00 10 00 00,"Heartbeat"
2026-03-09T09:13:50.053019,RX,COM6,0x0205b987,0x2,0x05,0x2e,0x6,7,00 00 ff ff 01 00 00 00,"Status frame 6 (new)"
2026-03-09T09:13:50.066532,RX,COM6,0x0205b807,0x2,0x05,0x2e,0x0,7,00 00 4b 0b 00 00 80 00,"Status frame 0 (new)"
2026-03-09T09:13:50.067531,RX,COM6,0x0205b887,0x2,0x05,0x2e,0x2,7,00 00 00 00 00 00 00 00,"Status frame 2 (new)"
2026-03-09T09:13:50.068531,RX,COM6,0x0205b8c7,0x2,0x05,0x2e,0x3,7,3c 00 00 00 4f 82 96 3e,"Status frame 3 (new)"
2026-03-09T09:13:50.068531,RX,COM6,0x0205b907,0x2,0x05,0x2e,0x4,7,00 00 00 00 00 00 00 00,"Status frame 4 (new)"
2026-03-09T09:13:50.070531,RX,COM6,0x0205b947,0x2,0x05,0x2e,0x5,7,00 00 00 00 00 00 00 00,"Status frame 5 (new)"
2026-03-09T09:13:50.071533,HEARTBEAT,COM6,0x01011840,0x1,0x01,0x6,0x1,0,4a 72 00 00 00 10 00 00,"Heartbeat"
2026-03-09T09:13:50.073531,RX,COM6,0x0205b987,0x2,0x05,0x2e,0x6,7,00 00 ff ff 01 00 00 00,"Status frame 6 (new)"
2026-03-09T09:13:50.087137,RX,COM6,0x0205b807,0x2,0x05,0x2e,0x0,7,00 00 4e 0b 00 00 80 00,"Status frame 0 (new)"
2026-03-09T09:13:50.087137,RX,COM6,0x0205b887,0x2,0x05,0x2e,0x2,7,00 00 00 00 00 00 00 00,"Status frame 2 (new)"
2026-03-09T09:13:50.089117,RX,COM6,0x0205b8c7,0x2,0x05,0x2e,0x3,7,3b 00 00 00 7e 37 95 3e,"Status frame 3 (new)"
2026-03-09T09:13:50.089117,RX,COM6,0x0205b907,0x2,0x05,0x2e,0x4,7,00 00 00 00 00 00 00 00,"Status frame 4 (new)"
2026-03-09T09:13:50.091119,RX,COM6,0x0205b947,0x2,0x05,0x2e,0x5,7,00 00 00 00 00 00 00 00,"Status frame 5 (new)"
2026-03-09T09:13:50.091119,HEARTBEAT,COM6,0x01011840,0x1,0x01,0x6,0x1,0,5e 72 00 00 00 10 00 00,"Heartbeat"
2026-03-09T09:13:50.092118,RX,COM6,0x0205b987,0x2,0x05,0x2e,0x6,7,00 00 ff ff 01 00 00 00,"Status frame 6 (new)"
2026-03-09T09:13:50.106135,RX,COM6,0x0205b807,0x2,0x05,0x2e,0x0,7,00 00 41 0b 00 00 80 00,"Status frame 0 (new)"
2026-03-09T09:13:50.107141,RX,COM6,0x0205b887,0x2,0x05,0x2e,0x2,7,00 00 00 00 00 00 00 00,"Status frame 2 (new)"
2026-03-09T09:13:50.108140,RX,COM6,0x0205b8c7,0x2,0x05,0x2e,0x3,7,3b 00 00 00 5a 25 95 3e,"Status frame 3 (new)"
2026-03-09T09:13:50.109140,RX,COM6,0x0205b907,0x2,0x05,0x2e,0x4,7,00 00 00 00 00 00 00 00,"Status frame 4 (new)"
2026-03-09T09:13:50.110140,RX,COM6,0x0205b947,0x2,0x05,0x2e,0x5,7,00 00 00 00 00 00 00 00,"Status frame 5 (new)"
2026-03-09T09:13:50.111140,HEARTBEAT,COM6,0x01011840,0x1,0x01,0x6,0x1,0,72 72 00 00 00 10 00 00,"Heartbeat"
2026-03-09T09:13:50.112140,RX,COM6,0x0205b987,0x2,0x05,0x2e,0x6,7,00 00 ff ff 01 00 00 00,"Status frame 6 (new)"
2026-03-09T09:13:50.117146,RX,COM6,0x0205b847,0x2,0x05,0x2e,0x1,7,00 00 00 24 00 01 00 00,"Status frame 1 (new)"
2026-03-09T09:13:50.127158,RX,COM6,0x0205b807,0x2,0x05,0x2e,0x0,7,00 00 52 0b 00 00 80 00,"Status frame 0 (new)"
2026-03-09T09:13:50.127158,RX,COM6,0x0205b887,0x2,0x05,0x2e,0x2,7,00 00 00 00 00 00 00 00,"Status frame 2 (new)"
2026-03-09T09:13:50.128163,RX,COM6,0x0205b8c7,0x2,0x05,0x2e,0x3,7,3c 00 00 00 e6 cc 96 3e,"Status frame 3 (new)"
2026-03-09T09:13:50.129163,RX,COM6,0x0205b907,0x2,0x05,0x2e,0x4,7,00 00 00 00 00 00 00 00,"Status frame 4 (new)"
2026-03-09T09:13:50.130163,RX,COM6,0x0205b947,0x2,0x05,0x2e,0x5,7,00 00 00 00 00 00 00 00,"Status frame 5 (new)"
2026-03-09T09:13:50.131180,HEARTBEAT,COM6,0x01011840,0x1,0x01,0x6,0x1,0,86 72 00 00 00 10 00 00,"Heartbeat"
2026-03-09T09:13:50.132164,RX,COM6,0x0205b987,0x2,0x05,0x2e,0x6,7,00 00 ff ff 01 00 00 00,"Status frame 6 (new)"
2026-03-09T09:13:50.146720,RX,COM6,0x0205b807,0x2,0x05,0x2e,0x0,7,00 00 4c 0b 00 00 80 00,"Status frame 0 (new)"
2026-03-09T09:13:50.146720,RX,COM6,0x0205b887,0x2,0x05,0x2e,0x2,7,00 00 00 00 00 00 00 00,"Status frame 2 (new)"
2026-03-09T09:13:50.148220,RX,COM6,0x0205b8c7,0x2,0x05,0x2e,0x3,7,3c 00 00 00 6c d9 96 3e,"Status frame 3 (new)"
2026-03-09T09:13:50.148220,RX,COM6,0x0205b907,0x2,0x05,0x2e,0x4,7,00 00 00 00 00 00 00 00,"Status frame 4 (new)"
2026-03-09T09:13:50.150223,RX,COM6,0x0205b947,0x2,0x05,0x2e,0x5,7,00 00 00 00 00 00 00 00,"Status frame 5 (new)"
2026-03-09T09:13:50.151223,HEARTBEAT,COM6,0x01011840,0x1,0x01,0x6,0x1,0,9a 72 00 00 00 10 00 00,"Heartbeat"
2026-03-09T09:13:50.152223,RX,COM6,0x0205b987,0x2,0x05,0x2e,0x6,7,00 00 ff ff 01 00 00 00,"Status frame 6 (new)"
2026-03-09T09:13:50.166238,RX,COM6,0x0205b807,0x2,0x05,0x2e,0x0,7,00 00 4e 0b 00 00 80 00,"Status frame 0 (new)"
2026-03-09T09:13:50.167238,RX,COM6,0x0205b887,0x2,0x05,0x2e,0x2,7,00 00 00 00 00 00 00 00,"Status frame 2 (new)"
2026-03-09T09:13:50.168237,RX,COM6,0x0205b8c7,0x2,0x05,0x2e,0x3,7,3c 00 00 00 6f bd 96 3e,"Status frame 3 (new)"
2026-03-09T09:13:50.168237,RX,COM6,0x0205b907,0x2,0x05,0x2e,0x4,7,00 00 00 00 00 00 00 00,"Status frame 4 (new)"
2026-03-09T09:13:50.170238,RX,COM6,0x0205b947,0x2,0x05,0x2e,0x5,7,00 00 00 00 00 00 00 00,"Status frame 5 (new)"
2026-03-09T09:13:50.171238,HEARTBEAT,COM6,0x01011840,0x1,0x01,0x6,0x1,0,ae 72 00 00 00 10 00 00,"Heartbeat"
2026-03-09T09:13:50.172740,RX,COM6,0x0205b987,0x2,0x05,0x2e,0x6,7,00 00 ff ff 01 00 00 00,"Status frame 6 (new)"
2026-03-09T09:13:50.181249,TX,COM6,0x02053c07,0x2,0x05,0xf,0x0,7,12 00 00 00 00 00 00 00,"TX apiClass=0xf apiIndex=0x0"
2026-03-09T09:13:50.186751,RX,COM6,0x0205b807,0x2,0x05,0x2e,0x0,7,00 00 4e 0b 00 00 80 00,"Status frame 0 (new)"
2026-03-09T09:13:50.186751,RX,COM6,0x0205b887,0x2,0x05,0x2e,0x2,7,00 00 00 00 00 00 00 00,"Status frame 2 (new)"
2026-03-09T09:13:50.188253,RX,COM6,0x0205b8c7,0x2,0x05,0x2e,0x3,7,3b 00 00 00 a1 b3 95 3e,"Status frame 3 (new)"
2026-03-09T09:13:50.188253,RX,COM6,0x0205b907,0x2,0x05,0x2e,0x4,7,00 00 00 00 00 00 00 00,"Status frame 4 (new)"
2026-03-09T09:13:50.190256,HEARTBEAT,COM6,0x01011840,0x1,0x01,0x6,0x1,0,c1 72 00 00 00 10 00 00,"Heartbeat"
2026-03-09T09:13:50.190256,RX,COM6,0x0205b947,0x2,0x05,0x2e,0x5,7,00 00 00 00 00 00 00 00,"Status frame 5 (new)"
2026-03-09T09:13:50.192416,RX,COM6,0x0205b987,0x2,0x05,0x2e,0x6,7,00 00 ff ff 01 00 00 00,"Status frame 6 (new)"
2026-03-09T09:13:50.206760,RX,COM6,0x0205b807,0x2,0x05,0x2e,0x0,7,00 00 4d 0b 00 00 80 00,"Status frame 0 (new)"
2026-03-09T09:13:50.206760,RX,COM6,0x0205b887,0x2,0x05,0x2e,0x2,7,00 00 00 00 00 00 00 00,"Status frame 2 (new)"
2026-03-09T09:13:50.208763,RX,COM6,0x0205b8c7,0x2,0x05,0x2e,0x3,7,3b 00 00 00 f0 57 95 3e,"Status frame 3 (new)"
2026-03-09T09:13:50.208763,RX,COM6,0x0205b907,0x2,0x05,0x2e,0x4,7,00 00 00 00 00 00 00 00,"Status frame 4 (new)"
2026-03-09T09:13:50.210760,HEARTBEAT,COM6,0x01011840,0x1,0x01,0x6,0x1,0,d5 72 00 00 00 10 00 00,"Heartbeat"
2026-03-09T09:13:50.210760,RX,COM6,0x0205b947,0x2,0x05,0x2e,0x5,7,00 00 00 00 00 00 00 00,"Status frame 5 (new)"
2026-03-09T09:13:50.211760,RX,COM6,0x0205b987,0x2,0x05,0x2e,0x6,7,00 00 ff ff 01 00 00 00,"Status frame 6 (new)"
2026-03-09T09:13:50.226269,RX,COM6,0x0205b807,0x2,0x05,0x2e,0x0,7,00 00 56 0b 00 00 80 00,"Status frame 0 (new)"
2026-03-09T09:13:50.227269,RX,COM6,0x0205b887,0x2,0x05,0x2e,0x2,7,00 00 00 00 00 00 00 00,"Status frame 2 (new)"
2026-03-09T09:13:50.228773,RX,COM6,0x0205b8c7,0x2,0x05,0x2e,0x3,7,3b 00 00 00 89 7e 95 3e,"Status frame 3 (new)"
2026-03-09T09:13:50.228773,RX,COM6,0x0205b907,0x2,0x05,0x2e,0x4,7,00 00 00 00 00 00 00 00,"Status frame 4 (new)"
2026-03-09T09:13:50.230773,HEARTBEAT,COM6,0x01011840,0x1,0x01,0x6,0x1,0,e9 72 00 00 00 10 00 00,"Heartbeat"
2026-03-09T09:13:50.230773,RX,COM6,0x0205b947,0x2,0x05,0x2e,0x5,7,00 00 00 00 00 00 00 00,"Status frame 5 (new)"
2026-03-09T09:13:50.232773,RX,COM6,0x0205b987,0x2,0x05,0x2e,0x6,7,00 00 ff ff 01 00 00 00,"Status frame 6 (new)"
2026-03-09T09:13:50.246786,RX,COM6,0x0205b807,0x2,0x05,0x2e,0x0,7,00 00 50 0b 00 00 80 00,"Status frame 0 (new)"
2026-03-09T09:13:50.247784,RX,COM6,0x0205b887,0x2,0x05,0x2e,0x2,7,00 00 00 00 00 00 00 00,"Status frame 2 (new)"
2026-03-09T09:13:50.248785,RX,COM6,0x0205b8c7,0x2,0x05,0x2e,0x3,7,3b 00 00 00 65 10 96 3e,"Status frame 3 (new)"
2026-03-09T09:13:50.249290,RX,COM6,0x0205b907,0x2,0x05,0x2e,0x4,7,00 00 00 00 00 00 00 00,"Status frame 4 (new)"
2026-03-09T09:13:50.250293,RX,COM6,0x0205b947,0x2,0x05,0x2e,0x5,7,00 00 00 00 00 00 00 00,"Status frame 5 (new)"
2026-03-09T09:13:50.251293,HEARTBEAT,COM6,0x01011840,0x1,0x01,0x6,0x1,0,fe 72 00 00 00 10 00 00,"Heartbeat"
2026-03-09T09:13:50.252293,RX,COM6,0x0205b987,0x2,0x05,0x2e,0x6,7,00 00 ff ff 01 00 00 00,"Status frame 6 (new)"
2026-03-09T09:13:50.266800,RX,COM6,0x0205b807,0x2,0x05,0x2e,0x0,7,00 00 4f 0b 00 00 80 00,"Status frame 0 (new)"
2026-03-09T09:13:50.266800,RX,COM6,0x0205b887,0x2,0x05,0x2e,0x2,7,00 00 00 00 00 00 00 00,"Status frame 2 (new)"
2026-03-09T09:13:50.268800,RX,COM6,0x0205b8c7,0x2,0x05,0x2e,0x3,7,3b 00 00 00 78 c9 94 3e,"Status frame 3 (new)"
2026-03-09T09:13:50.268800,RX,COM6,0x0205b907,0x2,0x05,0x2e,0x4,7,00 00 00 00 00 00 00 00,"Status frame 4 (new)"
2026-03-09T09:13:50.270871,RX,COM6,0x0205b947,0x2,0x05,0x2e,0x5,7,00 00 00 00 00 00 00 00,"Status frame 5 (new)"
2026-03-09T09:13:50.271888,HEARTBEAT,COM6,0x01011840,0x1,0x01,0x6,0x1,0,13 73 00 00 00 10 00 00,"Heartbeat"
2026-03-09T09:13:50.272900,RX,COM6,0x0205b987,0x2,0x05,0x2e,0x6,7,00 00 ff ff 01 00 00 00,"Status frame 6 (new)"
2026-03-09T09:13:50.287209,RX,COM6,0x0205b807,0x2,0x05,0x2e,0x0,7,00 00 4d 0b 00 00 80 00,"Status frame 0 (new)"
2026-03-09T09:13:50.287209,RX,COM6,0x0205b887,0x2,0x05,0x2e,0x2,7,00 00 00 00 00 00 00 00,"Status frame 2 (new)"
2026-03-09T09:13:50.288222,RX,COM6,0x0205b8c7,0x2,0x05,0x2e,0x3,7,3b 00 00 00 d0 f5 95 3e,"Status frame 3 (new)"
2026-03-09T09:13:50.289221,RX,COM6,0x0205b907,0x2,0x05,0x2e,0x4,7,00 00 00 00 00 00 00 00,"Status frame 4 (new)"
2026-03-09T09:13:50.290213,RX,COM6,0x0205b947,0x2,0x05,0x2e,0x5,7,00 00 00 00 00 00 00 00,"Status frame 5 (new)"
2026-03-09T09:13:50.291208,HEARTBEAT,COM6,0x01011840,0x1,0x01,0x6,0x1,0,26 73 00 00 00 10 00 00,"Heartbeat"
2026-03-09T09:13:50.292208,RX,COM6,0x0205b987,0x2,0x05,0x2e,0x6,7,00 00 ff ff 01 00 00 00,"Status frame 6 (new)"
2026-03-09T09:13:50.306263,RX,COM6,0x0205b807,0x2,0x05,0x2e,0x0,7,00 00 52 0b 00 00 80 00,"Status frame 0 (new)"
2026-03-09T09:13:50.307264,RX,COM6,0x0205b887,0x2,0x05,0x2e,0x2,7,00 00 00 00 00 00 00 00,"Status frame 2 (new)"
2026-03-09T09:13:50.308252,RX,COM6,0x0205b8c7,0x2,0x05,0x2e,0x3,7,3c 00 00 00 8c 80 96 3e,"Status frame 3 (new)"
2026-03-09T09:13:50.309257,RX,COM6,0x0205b907,0x2,0x05,0x2e,0x4,7,00 00 00 00 00 00 00 00,"Status frame 4 (new)"
2026-03-09T09:13:50.310254,RX,COM6,0x0205b947,0x2,0x05,0x2e,0x5,7,00 00 00 00 00 00 00 00,"Status frame 5 (new)"
2026-03-09T09:13:50.311253,HEARTBEAT,COM6,0x01011840,0x1,0x01,0x6,0x1,0,3a 73 00 00 00 10 00 00,"Heartbeat"
2026-03-09T09:13:50.313264,RX,COM6,0x0205b987,0x2,0x05,0x2e,0x6,7,00 00 ff ff 01 00 00 00,"Status frame 6 (new)"
2026-03-09T09:13:50.327308,RX,COM6,0x0205b807,0x2,0x05,0x2e,0x0,7,00 00 50 0b 00 00 80 00,"Status frame 0 (new)"
2026-03-09T09:13:50.327308,RX,COM6,0x0205b887,0x2,0x05,0x2e,0x2,7,00 00 00 00 00 00 00 00,"Status frame 2 (new)"
2026-03-09T09:13:50.328317,RX,COM6,0x0205b8c7,0x2,0x05,0x2e,0x3,7,3b 00 00 00 68 30 96 3e,"Status frame 3 (new)"
2026-03-09T09:13:50.328317,RX,COM6,0x0205b907,0x2,0x05,0x2e,0x4,7,00 00 00 00 00 00 00 00,"Status frame 4 (new)"
2026-03-09T09:13:50.330338,RX,COM6,0x0205b947,0x2,0x05,0x2e,0x5,7,00 00 00 00 00 00 00 00,"Status frame 5 (new)"
2026-03-09T09:13:50.331330,HEARTBEAT,COM6,0x01011840,0x1,0x01,0x6,0x1,0,4e 73 00 00 00 10 00 00,"Heartbeat"
2026-03-09T09:13:50.332326,RX,COM6,0x0205b987,0x2,0x05,0x2e,0x6,7,00 00 ff ff 01 00 00 00,"Status frame 6 (new)"
2026-03-09T09:13:50.346898,RX,COM6,0x0205b807,0x2,0x05,0x2e,0x0,7,00 00 4d 0b 00 00 80 00,"Status frame 0 (new)"
2026-03-09T09:13:50.346898,RX,COM6,0x0205b887,0x2,0x05,0x2e,0x2,7,00 00 00 00 00 00 00 00,"Status frame 2 (new)"
2026-03-09T09:13:50.348907,RX,COM6,0x0205b8c7,0x2,0x05,0x2e,0x3,7,3b 00 00 00 3c 20 95 3e,"Status frame 3 (new)"
2026-03-09T09:13:50.348907,RX,COM6,0x0205b907,0x2,0x05,0x2e,0x4,7,00 00 00 00 00 00 00 00,"Status frame 4 (new)"
2026-03-09T09:13:50.350906,RX,COM6,0x0205b947,0x2,0x05,0x2e,0x5,7,00 00 00 00 00 00 00 00,"Status frame 5 (new)"
2026-03-09T09:13:50.351905,HEARTBEAT,COM6,0x01011840,0x1,0x01,0x6,0x1,0,63 73 00 00 00 10 00 00,"Heartbeat"
2026-03-09T09:13:50.352905,RX,COM6,0x0205b987,0x2,0x05,0x2e,0x6,7,00 00 ff ff 01 00 00 00,"Status frame 6 (new)"
2026-03-09T09:13:50.366947,RX,COM6,0x0205b807,0x2,0x05,0x2e,0x0,7,00 00 52 0b 00 00 80 00,"Status frame 0 (new)"
2026-03-09T09:13:50.366947,RX,COM6,0x0205b847,0x2,0x05,0x2e,0x1,7,00 00 00 24 00 01 00 00,"Status frame 1 (new)"
2026-03-09T09:13:50.366947,RX,COM6,0x0205b887,0x2,0x05,0x2e,0x2,7,00 00 00 00 00 00 00 00,"Status frame 2 (new)"
2026-03-09T09:13:50.368965,RX,COM6,0x0205b8c7,0x2,0x05,0x2e,0x3,7,3c 00 00 00 1a c4 96 3e,"Status frame 3 (new)"
2026-03-09T09:13:50.368965,RX,COM6,0x0205b907,0x2,0x05,0x2e,0x4,7,00 00 00 00 00 00 00 00,"Status frame 4 (new)"
2026-03-09T09:13:50.370964,HEARTBEAT,COM6,0x01011840,0x1,0x01,0x6,0x1,0,75 73 00 00 00 10 00 00,"Heartbeat"
2026-03-09T09:13:50.370964,RX,COM6,0x0205b947,0x2,0x05,0x2e,0x5,7,00 00 00 00 00 00 00 00,"Status frame 5 (new)"
2026-03-09T09:13:50.372955,RX,COM6,0x0205b987,0x2,0x05,0x2e,0x6,7,00 00 ff ff 01 00 00 00,"Status frame 6 (new)"
2026-03-09T09:13:50.386464,RX,COM6,0x0205b807,0x2,0x05,0x2e,0x0,7,00 00 51 0b 00 00 80 00,"Status frame 0 (new)"
2026-03-09T09:13:50.386464,RX,COM6,0x0205b887,0x2,0x05,0x2e,0x2,7,00 00 00 00 00 00 00 00,"Status frame 2 (new)"
2026-03-09T09:13:50.388969,RX,COM6,0x0205b8c7,0x2,0x05,0x2e,0x3,7,3b 00 00 00 48 47 95 3e,"Status frame 3 (new)"
2026-03-09T09:13:50.388969,RX,COM6,0x0205b907,0x2,0x05,0x2e,0x4,7,00 00 00 00 00 00 00 00,"Status frame 4 (new)"
2026-03-09T09:13:50.390976,RX,COM6,0x0205b947,0x2,0x05,0x2e,0x5,7,00 00 00 00 00 00 00 00,"Status frame 5 (new)"
2026-03-09T09:13:50.390976,HEARTBEAT,COM6,0x01011840,0x1,0x01,0x6,0x1,0,8a 73 00 00 00 10 00 00,"Heartbeat"
2026-03-09T09:13:50.392969,RX,COM6,0x0205b987,0x2,0x05,0x2e,0x6,7,00 00 ff ff 01 00 00 00,"Status frame 6 (new)"
2026-03-09T09:13:50.406486,RX,COM6,0x0205b807,0x2,0x05,0x2e,0x0,7,00 00 52 0b 00 00 80 00,"Status frame 0 (new)"
2026-03-09T09:13:50.406486,RX,COM6,0x0205b887,0x2,0x05,0x2e,0x2,7,00 00 00 00 00 00 00 00,"Status frame 2 (new)"
2026-03-09T09:13:50.409478,RX,COM6,0x0205b8c7,0x2,0x05,0x2e,0x3,7,3b 00 00 00 96 4b 95 3e,"Status frame 3 (new)"
2026-03-09T09:13:50.409478,RX,COM6,0x0205b907,0x2,0x05,0x2e,0x4,7,00 00 00 00 00 00 00 00,"Status frame 4 (new)"
2026-03-09T09:13:50.410478,RX,COM6,0x0205b947,0x2,0x05,0x2e,0x5,7,00 00 00 00 00 00 00 00,"Status frame 5 (new)"
2026-03-09T09:13:50.411482,HEARTBEAT,COM6,0x01011840,0x1,0x01,0x6,0x1,0,9e 73 00 00 00 10 00 00,"Heartbeat"
2026-03-09T09:13:50.412987,RX,COM6,0x0205b987,0x2,0x05,0x2e,0x6,7,00 00 ff ff 01 00 00 00,"Status frame 6 (new)"
2026-03-09T09:13:50.426990,RX,COM6,0x0205b807,0x2,0x05,0x2e,0x0,7,00 00 50 0b 00 00 80 00,"Status frame 0 (new)"
2026-03-09T09:13:50.426990,RX,COM6,0x0205b887,0x2,0x05,0x2e,0x2,7,00 00 00 00 00 00 00 00,"Status frame 2 (new)"
2026-03-09T09:13:50.428495,RX,COM6,0x0205b8c7,0x2,0x05,0x2e,0x3,7,3b 00 00 00 73 5d 96 3e,"Status frame 3 (new)"
2026-03-09T09:13:50.428495,RX,COM6,0x0205b907,0x2,0x05,0x2e,0x4,7,00 00 00 00 00 00 00 00,"Status frame 4 (new)"
2026-03-09T09:13:50.430495,RX,COM6,0x0205b947,0x2,0x05,0x2e,0x5,7,00 00 00 00 00 00 00 00,"Status frame 5 (new)"
2026-03-09T09:13:50.431496,HEARTBEAT,COM6,0x01011840,0x1,0x01,0x6,0x1,0,b2 73 00 00 00 10 00 00,"Heartbeat"
2026-03-09T09:13:50.432495,RX,COM6,0x0205b987,0x2,0x05,0x2e,0x6,7,00 00 ff ff 01 00 00 00,"Status frame 6 (new)"
2026-03-09T09:13:50.447008,RX,COM6,0x0205b807,0x2,0x05,0x2e,0x0,7,00 00 3e 0b 00 00 80 00,"Status frame 0 (new)"
2026-03-09T09:13:50.447008,RX,COM6,0x0205b887,0x2,0x05,0x2e,0x2,7,00 00 00 00 00 00 00 00,"Status frame 2 (new)"
2026-03-09T09:13:50.448510,RX,COM6,0x0205b8c7,0x2,0x05,0x2e,0x3,7,3b 00 00 00 5e af 94 3e,"Status frame 3 (new)"
2026-03-09T09:13:50.448510,RX,COM6,0x0205b907,0x2,0x05,0x2e,0x4,7,00 00 00 00 00 00 00 00,"Status frame 4 (new)"
2026-03-09T09:13:50.450512,RX,COM6,0x0205b947,0x2,0x05,0x2e,0x5,7,00 00 00 00 00 00 00 00,"Status frame 5 (new)"
2026-03-09T09:13:50.451512,HEARTBEAT,COM6,0x01011840,0x1,0x01,0x6,0x1,0,c6 73 00 00 00 10 00 00,"Heartbeat"
2026-03-09T09:13:50.452512,RX,COM6,0x0205b987,0x2,0x05,0x2e,0x6,7,00 00 ff ff 01 00 00 00,"Status frame 6 (new)"
2026-03-09T09:13:50.467017,RX,COM6,0x0205b807,0x2,0x05,0x2e,0x0,7,00 00 50 0b 00 00 80 00,"Status frame 0 (new)"
2026-03-09T09:13:50.467017,RX,COM6,0x0205b887,0x2,0x05,0x2e,0x2,7,00 00 00 00 00 00 00 00,"Status frame 2 (new)"
2026-03-09T09:13:50.469017,RX,COM6,0x0205b8c7,0x2,0x05,0x2e,0x3,7,3b 00 00 00 38 6f 94 3e,"Status frame 3 (new)"
2026-03-09T09:13:50.469017,RX,COM6,0x0205b907,0x2,0x05,0x2e,0x4,7,00 00 00 00 00 00 00 00,"Status frame 4 (new)"
2026-03-09T09:13:50.471020,RX,COM6,0x0205b947,0x2,0x05,0x2e,0x5,7,00 00 00 00 00 00 00 00,"Status frame 5 (new)"
2026-03-09T09:13:50.471020,HEARTBEAT,COM6,0x01011840,0x1,0x01,0x6,0x1,0,da 73 00 00 00 10 00 00,"Heartbeat"
2026-03-09T09:13:50.473020,RX,COM6,0x0205b987,0x2,0x05,0x2e,0x6,7,00 00 ff ff 01 00 00 00,"Status frame 6 (new)"
2026-03-09T09:13:50.487071,RX,COM6,0x0205b807,0x2,0x05,0x2e,0x0,7,00 00 57 0b 00 00 80 00,"Status frame 0 (new)"
2026-03-09T09:13:50.487071,RX,COM6,0x0205b887,0x2,0x05,0x2e,0x2,7,00 00 00 00 00 00 00 00,"Status frame 2 (new)"
2026-03-09T09:13:50.488070,RX,COM6,0x0205b8c7,0x2,0x05,0x2e,0x3,7,3c 00 00 00 7a 51 97 3e,"Status frame 3 (new)"
2026-03-09T09:13:50.489071,RX,COM6,0x0205b907,0x2,0x05,0x2e,0x4,7,00 00 00 00 00 00 00 00,"Status frame 4 (new)"
2026-03-09T09:13:50.491071,RX,COM6,0x0205b947,0x2,0x05,0x2e,0x5,7,00 00 00 00 00 00 00 00,"Status frame 5 (new)"
2026-03-09T09:13:50.492071,HEARTBEAT,COM6,0x01011840,0x1,0x01,0x6,0x1,0,ef 73 00 00 00 10 00 00,"Heartbeat"
2026-03-09T09:13:50.492071,RX,COM6,0x0205b987,0x2,0x05,0x2e,0x6,7,00 00 ff ff 01 00 00 00,"Status frame 6 (new)"
2026-03-09T09:13:50.507088,RX,COM6,0x0205b807,0x2,0x05,0x2e,0x0,7,00 00 4f 0b 00 00 80 00,"Status frame 0 (new)"
2026-03-09T09:13:50.507088,RX,COM6,0x0205b887,0x2,0x05,0x2e,0x2,7,00 00 00 00 00 00 00 00,"Status frame 2 (new)"
2026-03-09T09:13:50.509088,RX,COM6,0x0205b8c7,0x2,0x05,0x2e,0x3,7,3b 00 00 00 b3 81 95 3e,"Status frame 3 (new)"
2026-03-09T09:13:50.509088,RX,COM6,0x0205b907,0x2,0x05,0x2e,0x4,7,00 00 00 00 00 00 00 00,"Status frame 4 (new)"
2026-03-09T09:13:50.510088,RX,COM6,0x0205b947,0x2,0x05,0x2e,0x5,7,00 00 00 00 00 00 00 00,"Status frame 5 (new)"
2026-03-09T09:13:50.511088,HEARTBEAT,COM6,0x01011840,0x1,0x01,0x6,0x1,0,02 74 00 00 00 10 00 00,"Heartbeat"
2026-03-09T09:13:50.513092,RX,COM6,0x0205b987,0x2,0x05,0x2e,0x6,7,00 00 ff ff 01 00 00 00,"Status frame 6 (new)"
2026-03-09T09:13:50.526928,RX,COM6,0x0205b807,0x2,0x05,0x2e,0x0,7,00 00 55 0b 00 00 80 00,"Status frame 0 (new)"
2026-03-09T09:13:50.526928,RX,COM6,0x0205b887,0x2,0x05,0x2e,0x2,7,00 00 00 00 00 00 00 00,"Status frame 2 (new)"
2026-03-09T09:13:50.528986,RX,COM6,0x0205b8c7,0x2,0x05,0x2e,0x3,7,3b 00 00 00 25 63 96 3e,"Status frame 3 (new)"
2026-03-09T09:13:50.528986,RX,COM6,0x0205b907,0x2,0x05,0x2e,0x4,7,00 00 00 00 00 00 00 00,"Status frame 4 (new)"
2026-03-09T09:13:50.531047,RX,COM6,0x0205b947,0x2,0x05,0x2e,0x5,7,00 00 00 00 00 00 00 00,"Status frame 5 (new)"
2026-03-09T09:13:50.532021,HEARTBEAT,COM6,0x01011840,0x1,0x01,0x6,0x1,0,17 74 00 00 00 10 00 00,"Heartbeat"
2026-03-09T09:13:50.533013,RX,COM6,0x0205b987,0x2,0x05,0x2e,0x6,7,00 00 ff ff 01 00 00 00,"Status frame 6 (new)"
2026-03-09T09:13:50.546231,RX,COM6,0x0205b807,0x2,0x05,0x2e,0x0,7,00 00 11 0b 00 00 80 00,"Status frame 0 (new)"
2026-03-09T09:13:50.547145,RX,COM6,0x0205b887,0x2,0x05,0x2e,0x2,7,00 00 00 00 00 00 00 00,"Status frame 2 (new)"
2026-03-09T09:13:50.549128,RX,COM6,0x0205b8c7,0x2,0x05,0x2e,0x3,7,3c 00 00 00 1a 9d 96 3e,"Status frame 3 (new)"
2026-03-09T09:13:50.549128,RX,COM6,0x0205b907,0x2,0x05,0x2e,0x4,7,00 00 00 00 00 00 00 00,"Status frame 4 (new)"
2026-03-09T09:13:50.550123,RX,COM6,0x0205b947,0x2,0x05,0x2e,0x5,7,00 00 00 00 00 00 00 00,"Status frame 5 (new)"
2026-03-09T09:13:50.551148,HEARTBEAT,COM6,0x01011840,0x1,0x01,0x6,0x1,0,2a 74 00 00 00 10 00 00,"Heartbeat"
2026-03-09T09:13:50.552134,RX,COM6,0x0205b987,0x2,0x05,0x2e,0x6,7,00 00 ff ff 01 00 00 00,"Status frame 6 (new)"
2026-03-09T09:13:50.565716,RX,COM6,0x0205b807,0x2,0x05,0x2e,0x0,7,00 00 50 0b 00 00 80 00,"Status frame 0 (new)"
2026-03-09T09:13:50.567230,RX,COM6,0x0205b887,0x2,0x05,0x2e,0x2,7,00 00 00 00 00 00 00 00,"Status frame 2 (new)"
2026-03-09T09:13:50.568247,RX,COM6,0x0205b8c7,0x2,0x05,0x2e,0x3,7,3b 00 00 00 98 8f 95 3e,"Status frame 3 (new)"
2026-03-09T09:13:50.569238,RX,COM6,0x0205b907,0x2,0x05,0x2e,0x4,7,00 00 00 00 00 00 00 00,"Status frame 4 (new)"
2026-03-09T09:13:50.570247,RX,COM6,0x0205b947,0x2,0x05,0x2e,0x5,7,00 00 00 00 00 00 00 00,"Status frame 5 (new)"
2026-03-09T09:13:50.571260,HEARTBEAT,COM6,0x01011840,0x1,0x01,0x6,0x1,0,3e 74 00 00 00 10 00 00,"Heartbeat"
2026-03-09T09:13:50.572248,RX,COM6,0x0205b987,0x2,0x05,0x2e,0x6,7,00 00 ff ff 01 00 00 00,"Status frame 6 (new)"
2026-03-09T09:13:50.586231,RX,COM6,0x0205b807,0x2,0x05,0x2e,0x0,7,00 00 4b 0b 00 00 80 00,"Status frame 0 (new)"
2026-03-09T09:13:50.587231,RX,COM6,0x0205b887,0x2,0x05,0x2e,0x2,7,00 00 00 00 00 00 00 00,"Status frame 2 (new)"
2026-03-09T09:13:50.588767,RX,COM6,0x0205b8c7,0x2,0x05,0x2e,0x3,7,3a 00 00 00 bd ba 93 3e,"Status frame 3 (new)"
2026-03-09T09:13:50.588767,RX,COM6,0x0205b907,0x2,0x05,0x2e,0x4,7,00 00 00 00 00 00 00 00,"Status frame 4 (new)"
2026-03-09T09:13:50.590767,RX,COM6,0x0205b947,0x2,0x05,0x2e,0x5,7,00 00 00 00 00 00 00 00,"Status frame 5 (new)"
2026-03-09T09:13:50.591914,HEARTBEAT,COM6,0x01011840,0x1,0x01,0x6,0x1,0,52 74 00 00 00 10 00 00,"Heartbeat"
2026-03-09T09:13:50.592773,RX,COM6,0x0205b987,0x2,0x05,0x2e,0x6,7,00 00 ff ff 01 00 00 00,"Status frame 6 (new)"
2026-03-09T09:13:50.606299,RX,COM6,0x0205b807,0x2,0x05,0x2e,0x0,7,00 00 4e 0b 00 00 80 00,"Status frame 0 (new)"
2026-03-09T09:13:50.606299,RX,COM6,0x0205b887,0x2,0x05,0x2e,0x2,7,00 00 00 00 00 00 00 00,"Status frame 2 (new)"
2026-03-09T09:13:50.609292,RX,COM6,0x0205b8c7,0x2,0x05,0x2e,0x3,7,3b 00 00 00 b9 41 96 3e,"Status frame 3 (new)"
2026-03-09T09:13:50.609292,RX,COM6,0x0205b907,0x2,0x05,0x2e,0x4,7,00 00 00 00 00 00 00 00,"Status frame 4 (new)"
2026-03-09T09:13:50.610288,RX,COM6,0x0205b947,0x2,0x05,0x2e,0x5,7,00 00 00 00 00 00 00 00,"Status frame 5 (new)"
2026-03-09T09:13:50.611289,HEARTBEAT,COM6,0x01011840,0x1,0x01,0x6,0x1,0,66 74 00 00 00 10 00 00,"Heartbeat"
2026-03-09T09:13:50.612791,RX,COM6,0x0205b987,0x2,0x05,0x2e,0x6,7,00 00 ff ff 01 00 00 00,"Status frame 6 (new)"
2026-03-09T09:13:50.616794,RX,COM6,0x0205b847,0x2,0x05,0x2e,0x1,7,00 00 00 24 00 01 00 00,"Status frame 1 (new)"
2026-03-09T09:13:50.626797,RX,COM6,0x0205b807,0x2,0x05,0x2e,0x0,7,00 00 48 0b 00 00 80 00,"Status frame 0 (new)"
2026-03-09T09:13:50.626797,RX,COM6,0x0205b887,0x2,0x05,0x2e,0x2,7,00 00 00 00 00 00 00 00,"Status frame 2 (new)"
2026-03-09T09:13:50.628309,RX,COM6,0x0205b8c7,0x2,0x05,0x2e,0x3,7,3b 00 00 00 c2 95 94 3e,"Status frame 3 (new)"
2026-03-09T09:13:50.628309,RX,COM6,0x0205b907,0x2,0x05,0x2e,0x4,7,00 00 00 00 00 00 00 00,"Status frame 4 (new)"
2026-03-09T09:13:50.630308,RX,COM6,0x0205b947,0x2,0x05,0x2e,0x5,7,00 00 00 00 00 00 00 00,"Status frame 5 (new)"
2026-03-09T09:13:50.631308,HEARTBEAT,COM6,0x01011840,0x1,0x01,0x6,0x1,0,7a 74 00 00 00 10 00 00,"Heartbeat"
2026-03-09T09:13:50.632308,RX,COM6,0x0205b987,0x2,0x05,0x2e,0x6,7,00 00 ff ff 01 00 00 00,"Status frame 6 (new)"
2026-03-09T09:13:50.646836,RX,COM6,0x0205b807,0x2,0x05,0x2e,0x0,7,00 00 09 0b 00 00 80 00,"Status frame 0 (new)"
2026-03-09T09:13:50.646836,RX,COM6,0x0205b887,0x2,0x05,0x2e,0x2,7,00 00 00 00 00 00 00 00,"Status frame 2 (new)"
2026-03-09T09:13:50.648340,RX,COM6,0x0205b8c7,0x2,0x05,0x2e,0x3,7,3b 00 00 00 3e e1 95 3e,"Status frame 3 (new)"
2026-03-09T09:13:50.648340,RX,COM6,0x0205b907,0x2,0x05,0x2e,0x4,7,00 00 00 00 00 00 00 00,"Status frame 4 (new)"
2026-03-09T09:13:50.650345,RX,COM6,0x0205b947,0x2,0x05,0x2e,0x5,7,00 00 00 00 00 00 00 00,"Status frame 5 (new)"
2026-03-09T09:13:50.651345,HEARTBEAT,COM6,0x01011840,0x1,0x01,0x6,0x1,0,8e 74 00 00 00 10 00 00,"Heartbeat"
2026-03-09T09:13:50.652345,RX,COM6,0x0205b987,0x2,0x05,0x2e,0x6,7,00 00 ff ff 01 00 00 00,"Status frame 6 (new)"
2026-03-09T09:13:50.666854,RX,COM6,0x0205b807,0x2,0x05,0x2e,0x0,7,00 00 4a 0b 00 00 80 00,"Status frame 0 (new)"
2026-03-09T09:13:50.666854,RX,COM6,0x0205b887,0x2,0x05,0x2e,0x2,7,00 00 00 00 00 00 00 00,"Status frame 2 (new)"
2026-03-09T09:13:50.668855,RX,COM6,0x0205b8c7,0x2,0x05,0x2e,0x3,7,3b 00 00 00 19 a5 95 3e,"Status frame 3 (new)"
2026-03-09T09:13:50.669934,RX,COM6,0x0205b907,0x2,0x05,0x2e,0x4,7,00 00 00 00 00 00 00 00,"Status frame 4 (new)"
2026-03-09T09:13:50.670856,RX,COM6,0x0205b947,0x2,0x05,0x2e,0x5,7,00 00 00 00 00 00 00 00,"Status frame 5 (new)"
2026-03-09T09:13:50.671877,HEARTBEAT,COM6,0x01011840,0x1,0x01,0x6,0x1,0,a2 74 00 00 00 10 00 00,"Heartbeat"
2026-03-09T09:13:50.672931,RX,COM6,0x0205b987,0x2,0x05,0x2e,0x6,7,00 00 ff ff 01 00 00 00,"Status frame 6 (new)"
2026-03-09T09:13:50.683095,TX,COM6,0x02053c07,0x2,0x05,0xf,0x0,7,13 00 00 00 00 00 00 00,"TX apiClass=0xf apiIndex=0x0"
2026-03-09T09:13:50.687090,RX,COM6,0x0205b807,0x2,0x05,0x2e,0x0,7,00 00 43 0b 00 00 80 00,"Status frame 0 (new)"
2026-03-09T09:13:50.687090,RX,COM6,0x0205b887,0x2,0x05,0x2e,0x2,7,00 00 00 00 00 00 00 00,"Status frame 2 (new)"
2026-03-09T09:13:50.689092,RX,COM6,0x0205b8c7,0x2,0x05,0x2e,0x3,7,3b 00 00 00 7a 12 95 3e,"Status frame 3 (new)"
2026-03-09T09:13:50.689092,RX,COM6,0x0205b907,0x2,0x05,0x2e,0x4,7,00 00 00 00 00 00 00 00,"Status frame 4 (new)"
2026-03-09T09:13:50.691082,RX,COM6,0x0205b947,0x2,0x05,0x2e,0x5,7,00 00 00 00 00 00 00 00,"Status frame 5 (new)"
2026-03-09T09:13:50.692081,HEARTBEAT,COM6,0x01011840,0x1,0x01,0x6,0x1,0,b7 74 00 00 00 10 00 00,"Heartbeat"
2026-03-09T09:13:50.693080,RX,COM6,0x0205b987,0x2,0x05,0x2e,0x6,7,00 00 ff ff 01 00 00 00,"Status frame 6 (new)"
2026-03-09T09:13:50.707096,RX,COM6,0x0205b807,0x2,0x05,0x2e,0x0,7,00 00 44 0b 00 00 80 00,"Status frame 0 (new)"
2026-03-09T09:13:50.707096,RX,COM6,0x0205b887,0x2,0x05,0x2e,0x2,7,00 00 00 00 00 00 00 00,"Status frame 2 (new)"
2026-03-09T09:13:50.709097,RX,COM6,0x0205b8c7,0x2,0x05,0x2e,0x3,7,3b 00 00 00 f5 7c 95 3e,"Status frame 3 (new)"
2026-03-09T09:13:50.709097,RX,COM6,0x0205b907,0x2,0x05,0x2e,0x4,7,00 00 00 00 00 00 00 00,"Status frame 4 (new)"
2026-03-09T09:13:50.711098,RX,COM6,0x0205b947,0x2,0x05,0x2e,0x5,7,00 00 00 00 00 00 00 00,"Status frame 5 (new)"
2026-03-09T09:13:50.711098,HEARTBEAT,COM6,0x01011840,0x1,0x01,0x6,0x1,0,ca 74 00 00 00 10 00 00,"Heartbeat"
2026-03-09T09:13:50.712098,RX,COM6,0x0205b987,0x2,0x05,0x2e,0x6,7,00 00 ff ff 01 00 00 00,"Status frame 6 (new)"
2026-03-09T09:13:50.727158,RX,COM6,0x0205b807,0x2,0x05,0x2e,0x0,7,00 00 49 0b 00 00 80 00,"Status frame 0 (new)"
2026-03-09T09:13:50.727158,RX,COM6,0x0205b887,0x2,0x05,0x2e,0x2,7,00 00 00 00 00 00 00 00,"Status frame 2 (new)"
2026-03-09T09:13:50.728166,RX,COM6,0x0205b8c7,0x2,0x05,0x2e,0x3,7,3b 00 00 00 c3 fc 95 3e,"Status frame 3 (new)"
2026-03-09T09:13:50.729162,RX,COM6,0x0205b907,0x2,0x05,0x2e,0x4,7,00 00 00 00 00 00 00 00,"Status frame 4 (new)"
2026-03-09T09:13:50.731163,RX,COM6,0x0205b947,0x2,0x05,0x2e,0x5,7,00 00 00 00 00 00 00 00,"Status frame 5 (new)"
2026-03-09T09:13:50.732170,HEARTBEAT,COM6,0x01011840,0x1,0x01,0x6,0x1,0,df 74 00 00 00 10 00 00,"Heartbeat"
2026-03-09T09:13:50.732170,RX,COM6,0x0205b987,0x2,0x05,0x2e,0x6,7,00 00 ff ff 01 00 00 00,"Status frame 6 (new)"
2026-03-09T09:13:50.746749,RX,COM6,0x0205b807,0x2,0x05,0x2e,0x0,7,00 00 27 0b 00 00 80 00,"Status frame 0 (new)"
2026-03-09T09:13:50.746749,RX,COM6,0x0205b887,0x2,0x05,0x2e,0x2,7,00 00 00 00 00 00 00 00,"Status frame 2 (new)"
2026-03-09T09:13:50.748766,RX,COM6,0x0205b8c7,0x2,0x05,0x2e,0x3,7,3b 00 00 00 bc b2 94 3e,"Status frame 3 (new)"
2026-03-09T09:13:50.748766,RX,COM6,0x0205b907,0x2,0x05,0x2e,0x4,7,00 00 00 00 00 00 00 00,"Status frame 4 (new)"
2026-03-09T09:13:50.750766,HEARTBEAT,COM6,0x01011840,0x1,0x01,0x6,0x1,0,f1 74 00 00 00 10 00 00,"Heartbeat"
2026-03-09T09:13:50.750766,RX,COM6,0x0205b947,0x2,0x05,0x2e,0x5,7,00 00 00 00 00 00 00 00,"Status frame 5 (new)"
2026-03-09T09:13:50.752766,RX,COM6,0x0205b987,0x2,0x05,0x2e,0x6,7,00 00 ff ff 01 00 00 00,"Status frame 6 (new)"
2026-03-09T09:13:50.766837,RX,COM6,0x0205b807,0x2,0x05,0x2e,0x0,7,00 00 46 0b 00 00 80 00,"Status frame 0 (new)"
2026-03-09T09:13:50.766837,RX,COM6,0x0205b887,0x2,0x05,0x2e,0x2,7,00 00 00 00 00 00 00 00,"Status frame 2 (new)"
2026-03-09T09:13:50.768837,RX,COM6,0x0205b8c7,0x2,0x05,0x2e,0x3,7,3b 00 00 00 3a 48 95 3e,"Status frame 3 (new)"
2026-03-09T09:13:50.768837,RX,COM6,0x0205b907,0x2,0x05,0x2e,0x4,7,00 00 00 00 00 00 00 00,"Status frame 4 (new)"
2026-03-09T09:13:50.770837,HEARTBEAT,COM6,0x01011840,0x1,0x01,0x6,0x1,0,05 75 00 00 00 10 00 00,"Heartbeat"
2026-03-09T09:13:50.770837,RX,COM6,0x0205b947,0x2,0x05,0x2e,0x5,7,00 00 00 00 00 00 00 00,"Status frame 5 (new)"
2026-03-09T09:13:50.772842,RX,COM6,0x0205b987,0x2,0x05,0x2e,0x6,7,00 00 ff ff 01 00 00 00,"Status frame 6 (new)"
2026-03-09T09:13:50.786899,RX,COM6,0x0205b807,0x2,0x05,0x2e,0x0,7,00 00 43 0b 00 00 80 00,"Status frame 0 (new)"
2026-03-09T09:13:50.786899,RX,COM6,0x0205b887,0x2,0x05,0x2e,0x2,7,00 00 00 00 00 00 00 00,"Status frame 2 (new)"
2026-03-09T09:13:50.788897,RX,COM6,0x0205b8c7,0x2,0x05,0x2e,0x3,7,3b 00 00 00 c5 4f 96 3e,"Status frame 3 (new)"
2026-03-09T09:13:50.788897,RX,COM6,0x0205b907,0x2,0x05,0x2e,0x4,7,00 00 00 00 00 00 00 00,"Status frame 4 (new)"
2026-03-09T09:13:50.790903,HEARTBEAT,COM6,0x01011840,0x1,0x01,0x6,0x1,0,1a 75 00 00 00 10 00 00,"Heartbeat"
2026-03-09T09:13:50.790903,RX,COM6,0x0205b947,0x2,0x05,0x2e,0x5,7,00 00 00 00 00 00 00 00,"Status frame 5 (new)"
2026-03-09T09:13:50.792897,RX,COM6,0x0205b987,0x2,0x05,0x2e,0x6,7,00 00 ff ff 01 00 00 00,"Status frame 6 (new)"
2026-03-09T09:13:50.806393,RX,COM6,0x0205b807,0x2,0x05,0x2e,0x0,7,00 00 44 0b 00 00 80 00,"Status frame 0 (new)"
2026-03-09T09:13:50.807383,RX,COM6,0x0205b887,0x2,0x05,0x2e,0x2,7,00 00 00 00 00 00 00 00,"Status frame 2 (new)"
2026-03-09T09:13:50.808394,RX,COM6,0x0205b8c7,0x2,0x05,0x2e,0x3,7,3b 00 00 00 4e 5f 96 3e,"Status frame 3 (new)"
2026-03-09T09:13:50.808394,RX,COM6,0x0205b907,0x2,0x05,0x2e,0x4,7,00 00 00 00 00 00 00 00,"Status frame 4 (new)"
2026-03-09T09:13:50.810392,RX,COM6,0x0205b947,0x2,0x05,0x2e,0x5,7,00 00 00 00 00 00 00 00,"Status frame 5 (new)"
2026-03-09T09:13:50.811386,HEARTBEAT,COM6,0x01011840,0x1,0x01,0x6,0x1,0,2e 75 00 00 00 10 00 00,"Heartbeat"
2026-03-09T09:13:50.812386,RX,COM6,0x0205b987,0x2,0x05,0x2e,0x6,7,00 00 ff ff 01 00 00 00,"Status frame 6 (new)"
2026-03-09T09:13:50.826963,RX,COM6,0x0205b807,0x2,0x05,0x2e,0x0,7,00 00 42 0b 00 00 80 00,"Status frame 0 (new)"
2026-03-09T09:13:50.826963,RX,COM6,0x0205b887,0x2,0x05,0x2e,0x2,7,00 00 00 00 00 00 00 00,"Status frame 2 (new)"
2026-03-09T09:13:50.828502,RX,COM6,0x0205b8c7,0x2,0x05,0x2e,0x3,7,3b 04 00 00 2f 4b 96 3e,"Status frame 3 (new)"
2026-03-09T09:13:50.828502,RX,COM6,0x0205b907,0x2,0x05,0x2e,0x4,7,00 00 00 00 00 00 00 00,"Status frame 4 (new)"
2026-03-09T09:13:50.830493,RX,COM6,0x0205b947,0x2,0x05,0x2e,0x5,7,00 00 00 00 00 00 00 00,"Status frame 5 (new)"
2026-03-09T09:13:50.831506,HEARTBEAT,COM6,0x01011840,0x1,0x01,0x6,0x1,0,42 75 00 00 00 10 00 00,"Heartbeat"
2026-03-09T09:13:50.832507,RX,COM6,0x0205b987,0x2,0x05,0x2e,0x6,7,00 00 ff ff 01 00 00 00,"Status frame 6 (new)"
2026-03-09T09:13:50.846528,RX,COM6,0x0205b807,0x2,0x05,0x2e,0x0,7,00 00 3a 0b 00 00 80 00,"Status frame 0 (new)"
2026-03-09T09:13:50.846528,RX,COM6,0x0205b887,0x2,0x05,0x2e,0x2,7,00 00 00 00 00 00 00 00,"Status frame 2 (new)"
2026-03-09T09:13:50.848532,RX,COM6,0x0205b8c7,0x2,0x05,0x2e,0x3,7,3c 04 00 00 a0 31 97 3e,"Status frame 3 (new)"
2026-03-09T09:13:50.848532,RX,COM6,0x0205b907,0x2,0x05,0x2e,0x4,7,00 00 00 00 00 00 00 00,"Status frame 4 (new)"
2026-03-09T09:13:50.850541,HEARTBEAT,COM6,0x01011840,0x1,0x01,0x6,0x1,0,56 75 00 00 00 10 00 00,"Heartbeat"
2026-03-09T09:13:50.850541,RX,COM6,0x0205b947,0x2,0x05,0x2e,0x5,7,00 00 00 00 00 00 00 00,"Status frame 5 (new)"
2026-03-09T09:13:50.852542,RX,COM6,0x0205b987,0x2,0x05,0x2e,0x6,7,00 00 ff ff 01 00 00 00,"Status frame 6 (new)"
2026-03-09T09:13:50.867082,RX,COM6,0x0205b807,0x2,0x05,0x2e,0x0,7,00 00 42 0b 00 00 80 00,"Status frame 0 (new)"
2026-03-09T09:13:50.867082,RX,COM6,0x0205b847,0x2,0x05,0x2e,0x1,7,00 00 00 24 00 01 00 00,"Status frame 1 (new)"
2026-03-09T09:13:50.867082,RX,COM6,0x0205b887,0x2,0x05,0x2e,0x2,7,00 00 00 00 00 00 00 00,"Status frame 2 (new)"
2026-03-09T09:13:50.868602,RX,COM6,0x0205b8c7,0x2,0x05,0x2e,0x3,7,3b 00 00 00 5e 98 95 3e,"Status frame 3 (new)"
2026-03-09T09:13:50.868602,RX,COM6,0x0205b907,0x2,0x05,0x2e,0x4,7,00 00 00 00 00 00 00 00,"Status frame 4 (new)"
2026-03-09T09:13:50.868602,RX,COM6,0x0205bc07,0x2,0x05,0x2f,0x0,7,12 e2 2e be 00 00 00 00,"DATA apiClass=0x2f apiIndex=0x0"
2026-03-09T09:13:50.870601,HEARTBEAT,COM6,0x01011840,0x1,0x01,0x6,0x1,0,69 75 00 00 00 10 00 00,"Heartbeat"
2026-03-09T09:13:50.870601,RX,COM6,0x0205b947,0x2,0x05,0x2e,0x5,7,00 00 00 00 00 00 00 00,"Status frame 5 (new)"
2026-03-09T09:13:50.872600,RX,COM6,0x0205b987,0x2,0x05,0x2e,0x6,7,00 00 ff ff 01 00 00 00,"Status frame 6 (new)"
2026-03-09T09:13:50.886117,RX,COM6,0x0205b807,0x2,0x05,0x2e,0x0,7,00 00 41 0b 00 00 80 00,"Status frame 0 (new)"
2026-03-09T09:13:50.886117,RX,COM6,0x0205b887,0x2,0x05,0x2e,0x2,7,00 00 00 00 00 00 00 00,"Status frame 2 (new)"
2026-03-09T09:13:50.888635,RX,COM6,0x0205b8c7,0x2,0x05,0x2e,0x3,7,3b 00 00 00 d7 48 96 3e,"Status frame 3 (new)"
2026-03-09T09:13:50.888635,RX,COM6,0x0205b907,0x2,0x05,0x2e,0x4,7,00 00 00 00 00 00 00 00,"Status frame 4 (new)"
2026-03-09T09:13:50.890638,HEARTBEAT,COM6,0x01011840,0x1,0x01,0x6,0x1,0,7d 75 00 00 00 10 00 00,"Heartbeat"
2026-03-09T09:13:50.890638,RX,COM6,0x0205b947,0x2,0x05,0x2e,0x5,7,00 00 00 00 00 00 00 00,"Status frame 5 (new)"
2026-03-09T09:13:50.892131,RX,COM6,0x0205b987,0x2,0x05,0x2e,0x6,7,00 00 ff ff 01 00 00 00,"Status frame 6 (new)"
2026-03-09T09:13:50.906679,RX,COM6,0x0205b807,0x2,0x05,0x2e,0x0,7,00 00 40 0b 00 00 80 00,"Status frame 0 (new)"
2026-03-09T09:13:50.906679,RX,COM6,0x0205b887,0x2,0x05,0x2e,0x2,7,00 00 00 00 00 00 00 00,"Status frame 2 (new)"
2026-03-09T09:13:50.908357,RX,COM6,0x0205b8c7,0x2,0x05,0x2e,0x3,7,3b 00 00 00 d7 37 95 3e,"Status frame 3 (new)"
2026-03-09T09:13:50.909218,RX,COM6,0x0205b907,0x2,0x05,0x2e,0x4,7,00 00 00 00 00 00 00 00,"Status frame 4 (new)"
2026-03-09T09:13:50.910227,RX,COM6,0x0205b947,0x2,0x05,0x2e,0x5,7,00 00 00 00 00 00 00 00,"Status frame 5 (new)"
2026-03-09T09:13:50.911219,HEARTBEAT,COM6,0x01011840,0x1,0x01,0x6,0x1,0,92 75 00 00 00 10 00 00,"Heartbeat"
2026-03-09T09:13:50.912219,RX,COM6,0x0205b987,0x2,0x05,0x2e,0x6,7,00 00 ff ff 01 00 00 00,"Status frame 6 (new)"
2026-03-09T09:13:50.925758,RX,COM6,0x0205b807,0x2,0x05,0x2e,0x0,7,00 00 3e 0b 00 00 80 00,"Status frame 0 (new)"
2026-03-09T09:13:50.927372,RX,COM6,0x0205b887,0x2,0x05,0x2e,0x2,7,00 00 00 00 00 00 00 00,"Status frame 2 (new)"
2026-03-09T09:13:50.928788,RX,COM6,0x0205b8c7,0x2,0x05,0x2e,0x3,7,3b 00 00 00 ca e5 94 3e,"Status frame 3 (new)"
2026-03-09T09:13:50.928788,RX,COM6,0x0205b907,0x2,0x05,0x2e,0x4,7,00 00 00 00 00 00 00 00,"Status frame 4 (new)"
2026-03-09T09:13:50.930796,HEARTBEAT,COM6,0x01011840,0x1,0x01,0x6,0x1,0,a5 75 00 00 00 10 00 00,"Heartbeat"
2026-03-09T09:13:50.930796,RX,COM6,0x0205b947,0x2,0x05,0x2e,0x5,7,00 00 00 00 00 00 00 00,"Status frame 5 (new)"
2026-03-09T09:13:50.932808,RX,COM6,0x0205b987,0x2,0x05,0x2e,0x6,7,00 00 ff ff 01 00 00 00,"Status frame 6 (new)"
2026-03-09T09:13:50.946860,RX,COM6,0x0205b807,0x2,0x05,0x2e,0x0,7,00 00 3c 0b 00 00 80 00,"Status frame 0 (new)"
2026-03-09T09:13:50.946860,RX,COM6,0x0205b887,0x2,0x05,0x2e,0x2,7,00 00 00 00 00 00 00 00,"Status frame 2 (new)"
2026-03-09T09:13:50.948877,RX,COM6,0x0205b8c7,0x2,0x05,0x2e,0x3,7,3b 00 00 00 a9 6c 94 3e,"Status frame 3 (new)"
2026-03-09T09:13:50.948877,RX,COM6,0x0205b907,0x2,0x05,0x2e,0x4,7,00 00 00 00 00 00 00 00,"Status frame 4 (new)"
2026-03-09T09:13:50.950877,HEARTBEAT,COM6,0x01011840,0x1,0x01,0x6,0x1,0,b9 75 00 00 00 10 00 00,"Heartbeat"
2026-03-09T09:13:50.950877,RX,COM6,0x0205b947,0x2,0x05,0x2e,0x5,7,00 00 00 00 00 00 00 00,"Status frame 5 (new)"
2026-03-09T09:13:50.952877,RX,COM6,0x0205b987,0x2,0x05,0x2e,0x6,7,00 00 ff ff 01 00 00 00,"Status frame 6 (new)"
2026-03-09T09:13:50.966939,RX,COM6,0x0205b807,0x2,0x05,0x2e,0x0,7,00 00 41 0b 00 00 80 00,"Status frame 0 (new)"
2026-03-09T09:13:50.966939,RX,COM6,0x0205b887,0x2,0x05,0x2e,0x2,7,00 00 00 00 00 00 00 00,"Status frame 2 (new)"
2026-03-09T09:13:50.968939,RX,COM6,0x0205b8c7,0x2,0x05,0x2e,0x3,7,3c 00 00 00 46 7b 96 3e,"Status frame 3 (new)"
2026-03-09T09:13:50.968939,RX,COM6,0x0205b907,0x2,0x05,0x2e,0x4,7,00 00 00 00 00 00 00 00,"Status frame 4 (new)"
2026-03-09T09:13:50.970939,HEARTBEAT,COM6,0x01011840,0x1,0x01,0x6,0x1,0,cd 75 00 00 00 10 00 00,"Heartbeat"
2026-03-09T09:13:50.970939,RX,COM6,0x0205b947,0x2,0x05,0x2e,0x5,7,00 00 00 00 00 00 00 00,"Status frame 5 (new)"
2026-03-09T09:13:50.972931,RX,COM6,0x0205b987,0x2,0x05,0x2e,0x6,7,00 00 ff ff 01 00 00 00,"Status frame 6 (new)"
2026-03-09T09:13:50.986251,RX,COM6,0x0205b807,0x2,0x05,0x2e,0x0,7,00 00 3c 0b 00 00 80 00,"Status frame 0 (new)"
2026-03-09T09:13:50.987260,RX,COM6,0x0205b887,0x2,0x05,0x2e,0x2,7,00 00 00 00 00 00 00 00,"Status frame 2 (new)"
2026-03-09T09:13:50.989243,RX,COM6,0x0205b8c7,0x2,0x05,0x2e,0x3,7,3b 00 00 00 4b fb 95 3e,"Status frame 3 (new)"
2026-03-09T09:13:50.989243,RX,COM6,0x0205b907,0x2,0x05,0x2e,0x4,7,00 00 00 00 00 00 00 00,"Status frame 4 (new)"
2026-03-09T09:13:50.990250,RX,COM6,0x0205b947,0x2,0x05,0x2e,0x5,7,00 00 00 00 00 00 00 00,"Status frame 5 (new)"
2026-03-09T09:13:50.991254,HEARTBEAT,COM6,0x01011840,0x1,0x01,0x6,0x1,0,e2 75 00 00 00 10 00 00,"Heartbeat"
2026-03-09T09:13:50.992250,RX,COM6,0x0205b987,0x2,0x05,0x2e,0x6,7,00 00 ff ff 01 00 00 00,"Status frame 6 (new)"
2026-03-09T09:13:51.006302,RX,COM6,0x0205b807,0x2,0x05,0x2e,0x0,7,00 00 40 0b 00 00 80 00,"Status frame 0 (new)"
2026-03-09T09:13:51.006302,RX,COM6,0x0205b887,0x2,0x05,0x2e,0x2,7,00 00 00 00 00 00 00 00,"Status frame 2 (new)"
2026-03-09T09:13:51.008306,RX,COM6,0x0205b8c7,0x2,0x05,0x2e,0x3,7,3b 00 00 00 e5 be 95 3e,"Status frame 3 (new)"
2026-03-09T09:13:51.008306,RX,COM6,0x0205b907,0x2,0x05,0x2e,0x4,7,00 00 00 00 00 00 00 00,"Status frame 4 (new)"
2026-03-09T09:13:51.010301,RX,COM6,0x0205b947,0x2,0x05,0x2e,0x5,7,00 00 00 00 00 00 00 00,"Status frame 5 (new)"
2026-03-09T09:13:51.011294,HEARTBEAT,COM6,0x01011840,0x1,0x01,0x6,0x1,0,f6 75 00 00 00 10 00 00,"Heartbeat"
2026-03-09T09:13:51.012309,RX,COM6,0x0205b987,0x2,0x05,0x2e,0x6,7,00 00 ff ff 01 00 00 00,"Status frame 6 (new)"
2026-03-09T09:13:51.026899,RX,COM6,0x0205b807,0x2,0x05,0x2e,0x0,7,00 00 41 0b 00 00 80 00,"Status frame 0 (new)"
2026-03-09T09:13:51.026899,RX,COM6,0x0205b887,0x2,0x05,0x2e,0x2,7,00 00 00 00 00 00 00 00,"Status frame 2 (new)"
2026-03-09T09:13:51.028916,RX,COM6,0x0205b8c7,0x2,0x05,0x2e,0x3,7,3b 00 00 00 4e f6 95 3e,"Status frame 3 (new)"
2026-03-09T09:13:51.028916,RX,COM6,0x0205b907,0x2,0x05,0x2e,0x4,7,00 00 00 00 00 00 00 00,"Status frame 4 (new)"
2026-03-09T09:13:51.030919,RX,COM6,0x0205b947,0x2,0x05,0x2e,0x5,7,00 00 00 00 00 00 00 00,"Status frame 5 (new)"
2026-03-09T09:13:51.031921,HEARTBEAT,COM6,0x01011840,0x1,0x01,0x6,0x1,0,0a 76 00 00 00 10 00 00,"Heartbeat"
2026-03-09T09:13:51.032944,RX,COM6,0x0205b987,0x2,0x05,0x2e,0x6,7,00 00 ff ff 01 00 00 00,"Status frame 6 (new)"
2026-03-09T09:13:51.046983,RX,COM6,0x0205b807,0x2,0x05,0x2e,0x0,7,00 00 40 0b 00 00 80 00,"Status frame 0 (new)"
2026-03-09T09:13:51.046983,RX,COM6,0x0205b887,0x2,0x05,0x2e,0x2,7,00 00 00 00 00 00 00 00,"Status frame 2 (new)"
2026-03-09T09:13:51.048998,RX,COM6,0x0205b8c7,0x2,0x05,0x2e,0x3,7,3b 00 00 00 bb 01 95 3e,"Status frame 3 (new)"
2026-03-09T09:13:51.048998,RX,COM6,0x0205b907,0x2,0x05,0x2e,0x4,7,00 00 00 00 00 00 00 00,"Status frame 4 (new)"
2026-03-09T09:13:51.051010,RX,COM6,0x0205b947,0x2,0x05,0x2e,0x5,7,00 00 00 00 00 00 00 00,"Status frame 5 (new)"
2026-03-09T09:13:51.051010,HEARTBEAT,COM6,0x01011840,0x1,0x01,0x6,0x1,0,1e 76 00 00 00 10 00 00,"Heartbeat"
2026-03-09T09:13:51.052999,RX,COM6,0x0205b987,0x2,0x05,0x2e,0x6,7,00 00 ff ff 01 00 00 00,"Status frame 6 (new)"
2026-03-09T09:13:51.066549,RX,COM6,0x0205b807,0x2,0x05,0x2e,0x0,7,00 00 41 0b 00 00 80 00,"Status frame 0 (new)"
2026-03-09T09:13:51.066549,RX,COM6,0x0205b887,0x2,0x05,0x2e,0x2,7,00 00 00 00 00 00 00 00,"Status frame 2 (new)"
2026-03-09T09:13:51.068549,RX,COM6,0x0205b8c7,0x2,0x05,0x2e,0x3,7,3b 04 00 00 52 b4 95 3e,"Status frame 3 (new)"
2026-03-09T09:13:51.068549,RX,COM6,0x0205b907,0x2,0x05,0x2e,0x4,7,00 00 00 00 00 00 00 00,"Status frame 4 (new)"
2026-03-09T09:13:51.070549,RX,COM6,0x0205b947,0x2,0x05,0x2e,0x5,7,00 00 00 00 00 00 00 00,"Status frame 5 (new)"
2026-03-09T09:13:51.071549,HEARTBEAT,COM6,0x01011840,0x1,0x01,0x6,0x1,0,32 76 00 00 00 10 00 00,"Heartbeat"
2026-03-09T09:13:51.072550,RX,COM6,0x0205b987,0x2,0x05,0x2e,0x6,7,00 00 ff ff 01 00 00 00,"Status frame 6 (new)"
2026-03-09T09:13:51.086673,RX,COM6,0x0205b807,0x2,0x05,0x2e,0x0,7,00 00 3d 0b 00 00 80 00,"Status frame 0 (new)"
2026-03-09T09:13:51.086673,RX,COM6,0x0205b887,0x2,0x05,0x2e,0x2,7,00 00 00 00 00 00 00 00,"Status frame 2 (new)"
2026-03-09T09:13:51.088672,RX,COM6,0x0205b8c7,0x2,0x05,0x2e,0x3,7,3b 00 00 00 3f 70 95 3e,"Status frame 3 (new)"
2026-03-09T09:13:51.088672,RX,COM6,0x0205b907,0x2,0x05,0x2e,0x4,7,00 00 00 00 00 00 00 00,"Status frame 4 (new)"
2026-03-09T09:13:51.090673,HEARTBEAT,COM6,0x01011840,0x1,0x01,0x6,0x1,0,45 76 00 00 00 10 00 00,"Heartbeat"
2026-03-09T09:13:51.090673,RX,COM6,0x0205b947,0x2,0x05,0x2e,0x5,7,00 00 00 00 00 00 00 00,"Status frame 5 (new)"
2026-03-09T09:13:51.092208,RX,COM6,0x0205b987,0x2,0x05,0x2e,0x6,7,00 00 ff ff 01 00 00 00,"Status frame 6 (new)"
2026-03-09T09:13:51.106738,RX,COM6,0x0205b807,0x2,0x05,0x2e,0x0,7,00 00 3e 0b 00 00 80 00,"Status frame 0 (new)"
2026-03-09T09:13:51.106738,RX,COM6,0x0205b887,0x2,0x05,0x2e,0x2,7,00 00 00 00 00 00 00 00,"Status frame 2 (new)"
2026-03-09T09:13:51.108738,RX,COM6,0x0205b8c7,0x2,0x05,0x2e,0x3,7,3b 00 00 00 d2 dd 94 3e,"Status frame 3 (new)"
2026-03-09T09:13:51.108738,RX,COM6,0x0205b907,0x2,0x05,0x2e,0x4,7,00 00 00 00 00 00 00 00,"Status frame 4 (new)"
2026-03-09T09:13:51.112729,HEARTBEAT,COM6,0x01011840,0x1,0x01,0x6,0x1,0,5b 76 00 00 00 10 00 00,"Heartbeat"
2026-03-09T09:13:51.112729,RX,COM6,0x0205b947,0x2,0x05,0x2e,0x5,7,00 00 00 00 00 00 00 00,"Status frame 5 (new)"
2026-03-09T09:13:51.112729,RX,COM6,0x0205b987,0x2,0x05,0x2e,0x6,7,00 00 ff ff 01 00 00 00,"Status frame 6 (new)"
2026-03-09T09:13:51.116253,RX,COM6,0x0205b847,0x2,0x05,0x2e,0x1,7,00 00 00 24 00 01 00 00,"Status frame 1 (new)"
2026-03-09T09:13:51.126927,RX,COM6,0x0205b807,0x2,0x05,0x2e,0x0,7,00 00 3f 0b 00 00 80 00,"Status frame 0 (new)"
2026-03-09T09:13:51.127251,RX,COM6,0x0205b887,0x2,0x05,0x2e,0x2,7,00 00 00 00 00 00 00 00,"Status frame 2 (new)"
2026-03-09T09:13:51.128392,RX,COM6,0x0205b8c7,0x2,0x05,0x2e,0x3,7,3b 00 00 00 85 6b 94 3e,"Status frame 3 (new)"
2026-03-09T09:13:51.128392,RX,COM6,0x0205b907,0x2,0x05,0x2e,0x4,7,00 00 00 00 00 00 00 00,"Status frame 4 (new)"
2026-03-09T09:13:51.130476,RX,COM6,0x0205b947,0x2,0x05,0x2e,0x5,7,00 00 00 00 00 00 00 00,"Status frame 5 (new)"
2026-03-09T09:13:51.131389,HEARTBEAT,COM6,0x01011840,0x1,0x01,0x6,0x1,0,6e 76 00 00 00 10 00 00,"Heartbeat"
2026-03-09T09:13:51.132528,RX,COM6,0x0205b987,0x2,0x05,0x2e,0x6,7,00 00 ff ff 01 00 00 00,"Status frame 6 (new)"
2026-03-09T09:13:51.147036,RX,COM6,0x0205b807,0x2,0x05,0x2e,0x0,7,00 00 3e 0b 00 00 80 00,"Status frame 0 (new)"
2026-03-09T09:13:51.147036,RX,COM6,0x0205b887,0x2,0x05,0x2e,0x2,7,00 00 00 00 00 00 00 00,"Status frame 2 (new)"
2026-03-09T09:13:51.148607,RX,COM6,0x0205b8c7,0x2,0x05,0x2e,0x3,7,3c 00 00 00 e5 8a 96 3e,"Status frame 3 (new)"
2026-03-09T09:13:51.148607,RX,COM6,0x0205b907,0x2,0x05,0x2e,0x4,7,00 00 00 00 00 00 00 00,"Status frame 4 (new)"
2026-03-09T09:13:51.150553,RX,COM6,0x0205b947,0x2,0x05,0x2e,0x5,7,00 00 00 00 00 00 00 00,"Status frame 5 (new)"
2026-03-09T09:13:51.151557,HEARTBEAT,COM6,0x01011840,0x1,0x01,0x6,0x1,0,82 76 00 00 00 10 00 00,"Heartbeat"
2026-03-09T09:13:51.152555,RX,COM6,0x0205b987,0x2,0x05,0x2e,0x6,7,00 00 ff ff 01 00 00 00,"Status frame 6 (new)"
2026-03-09T09:13:51.167111,RX,COM6,0x0205b807,0x2,0x05,0x2e,0x0,7,00 00 41 0b 00 00 80 00,"Status frame 0 (new)"
2026-03-09T09:13:51.167111,RX,COM6,0x0205b887,0x2,0x05,0x2e,0x2,7,00 00 00 00 00 00 00 00,"Status frame 2 (new)"
2026-03-09T09:13:51.168114,RX,COM6,0x0205b8c7,0x2,0x05,0x2e,0x3,7,3b 00 00 00 fb f3 94 3e,"Status frame 3 (new)"
2026-03-09T09:13:51.169098,RX,COM6,0x0205b907,0x2,0x05,0x2e,0x4,7,00 00 00 00 00 00 00 00,"Status frame 4 (new)"
2026-03-09T09:13:51.170113,RX,COM6,0x0205b947,0x2,0x05,0x2e,0x5,7,00 00 00 00 00 00 00 00,"Status frame 5 (new)"
2026-03-09T09:13:51.171099,HEARTBEAT,COM6,0x01011840,0x1,0x01,0x6,0x1,0,96 76 00 00 00 10 00 00,"Heartbeat"
2026-03-09T09:13:51.172115,RX,COM6,0x0205b987,0x2,0x05,0x2e,0x6,7,00 00 ff ff 01 00 00 00,"Status frame 6 (new)"
2026-03-09T09:13:51.184694,TX,COM6,0x02053c07,0x2,0x05,0xf,0x0,7,14 00 00 00 00 00 00 00,"TX apiClass=0xf apiIndex=0x0"
2026-03-09T09:13:51.186693,RX,COM6,0x0205b807,0x2,0x05,0x2e,0x0,7,00 00 24 0b 00 00 80 00,"Status frame 0 (new)"
2026-03-09T09:13:51.186693,RX,COM6,0x0205b887,0x2,0x05,0x2e,0x2,7,00 00 00 00 00 00 00 00,"Status frame 2 (new)"
2026-03-09T09:13:51.188686,RX,COM6,0x0205b8c7,0x2,0x05,0x2e,0x3,7,3b 00 00 00 f8 3b 96 3e,"Status frame 3 (new)"
2026-03-09T09:13:51.189700,RX,COM6,0x0205b907,0x2,0x05,0x2e,0x4,7,00 00 00 00 00 00 00 00,"Status frame 4 (new)"
2026-03-09T09:13:51.190695,HEARTBEAT,COM6,0x01011840,0x1,0x01,0x6,0x1,0,a9 76 00 00 00 10 00 00,"Heartbeat"
2026-03-09T09:13:51.190695,RX,COM6,0x0205b947,0x2,0x05,0x2e,0x5,7,00 00 00 00 00 00 00 00,"Status frame 5 (new)"
2026-03-09T09:13:51.191687,RX,COM6,0x0205b987,0x2,0x05,0x2e,0x6,7,00 00 ff ff 01 00 00 00,"Status frame 6 (new)"
2026-03-09T09:13:51.206732,RX,COM6,0x0205b807,0x2,0x05,0x2e,0x0,7,00 00 3e 0b 00 00 80 00,"Status frame 0 (new)"
2026-03-09T09:13:51.207732,RX,COM6,0x0205b887,0x2,0x05,0x2e,0x2,7,00 00 00 00 00 00 00 00,"Status frame 2 (new)"
2026-03-09T09:13:51.208745,RX,COM6,0x0205b8c7,0x2,0x05,0x2e,0x3,7,3c 00 00 00 98 00 97 3e,"Status frame 3 (new)"
2026-03-09T09:13:51.208745,RX,COM6,0x0205b907,0x2,0x05,0x2e,0x4,7,00 00 00 00 00 00 00 00,"Status frame 4 (new)"
2026-03-09T09:13:51.210741,HEARTBEAT,COM6,0x01011840,0x1,0x01,0x6,0x1,0,bd 76 00 00 00 10 00 00,"Heartbeat"
2026-03-09T09:13:51.210741,RX,COM6,0x0205b947,0x2,0x05,0x2e,0x5,7,00 00 00 00 00 00 00 00,"Status frame 5 (new)"
2026-03-09T09:13:51.211749,RX,COM6,0x0205b987,0x2,0x05,0x2e,0x6,7,00 00 ff ff 01 00 00 00,"Status frame 6 (new)"
2026-03-09T09:13:51.226821,RX,COM6,0x0205b807,0x2,0x05,0x2e,0x0,7,00 00 42 0b 00 00 80 00,"Status frame 0 (new)"
2026-03-09T09:13:51.226821,RX,COM6,0x0205b887,0x2,0x05,0x2e,0x2,7,00 00 00 00 00 00 00 00,"Status frame 2 (new)"
2026-03-09T09:13:51.228344,RX,COM6,0x0205b8c7,0x2,0x05,0x2e,0x3,7,3b 00 00 00 81 a6 95 3e,"Status frame 3 (new)"
2026-03-09T09:13:51.228344,RX,COM6,0x0205b907,0x2,0x05,0x2e,0x4,7,00 00 00 00 00 00 00 00,"Status frame 4 (new)"
2026-03-09T09:13:51.230340,RX,COM6,0x0205b947,0x2,0x05,0x2e,0x5,7,00 00 00 00 00 00 00 00,"Status frame 5 (new)"
2026-03-09T09:13:51.231335,HEARTBEAT,COM6,0x01011840,0x1,0x01,0x6,0x1,0,d2 76 00 00 00 10 00 00,"Heartbeat"
2026-03-09T09:13:51.232356,RX,COM6,0x0205b987,0x2,0x05,0x2e,0x6,7,00 00 ff ff 01 00 00 00,"Status frame 6 (new)"
2026-03-09T09:13:51.246874,RX,COM6,0x0205b807,0x2,0x05,0x2e,0x0,7,00 00 3f 0b 00 00 80 00,"Status frame 0 (new)"
2026-03-09T09:13:51.246874,RX,COM6,0x0205b887,0x2,0x05,0x2e,0x2,7,00 00 00 00 00 00 00 00,"Status frame 2 (new)"
2026-03-09T09:13:51.248890,RX,COM6,0x0205b8c7,0x2,0x05,0x2e,0x3,7,3c 00 00 00 6b 9b 96 3e,"Status frame 3 (new)"
2026-03-09T09:13:51.248890,RX,COM6,0x0205b907,0x2,0x05,0x2e,0x4,7,00 00 00 00 00 00 00 00,"Status frame 4 (new)"
2026-03-09T09:13:51.250931,RX,COM6,0x0205b947,0x2,0x05,0x2e,0x5,7,00 00 00 00 00 00 00 00,"Status frame 5 (new)"
2026-03-09T09:13:51.251940,HEARTBEAT,COM6,0x01011840,0x1,0x01,0x6,0x1,0,e7 76 00 00 00 10 00 00,"Heartbeat"
2026-03-09T09:13:51.252922,RX,COM6,0x0205b987,0x2,0x05,0x2e,0x6,7,00 00 ff ff 01 00 00 00,"Status frame 6 (new)"
2026-03-09T09:13:51.266451,RX,COM6,0x0205b807,0x2,0x05,0x2e,0x0,7,00 00 3d 0b 00 00 80 00,"Status frame 0 (new)"
2026-03-09T09:13:51.266451,RX,COM6,0x0205b887,0x2,0x05,0x2e,0x2,7,00 00 00 00 00 00 00 00,"Status frame 2 (new)"
2026-03-09T09:13:51.268460,RX,COM6,0x0205b8c7,0x2,0x05,0x2e,0x3,7,3b 00 00 00 92 11 96 3e,"Status frame 3 (new)"
2026-03-09T09:13:51.268460,RX,COM6,0x0205b907,0x2,0x05,0x2e,0x4,7,00 00 00 00 00 00 00 00,"Status frame 4 (new)"
2026-03-09T09:13:51.270459,RX,COM6,0x0205b947,0x2,0x05,0x2e,0x5,7,00 00 00 00 00 00 00 00,"Status frame 5 (new)"
2026-03-09T09:13:51.271451,HEARTBEAT,COM6,0x01011840,0x1,0x01,0x6,0x1,0,fa 76 00 00 00 10 00 00,"Heartbeat"
2026-03-09T09:13:51.272460,RX,COM6,0x0205b987,0x2,0x05,0x2e,0x6,7,00 00 ff ff 01 00 00 00,"Status frame 6 (new)"
2026-03-09T09:13:51.287065,RX,COM6,0x0205b807,0x2,0x05,0x2e,0x0,7,00 00 fd 0a 00 00 80 00,"Status frame 0 (new)"
2026-03-09T09:13:51.287065,RX,COM6,0x0205b887,0x2,0x05,0x2e,0x2,7,00 00 00 00 00 00 00 00,"Status frame 2 (new)"
2026-03-09T09:13:51.289064,RX,COM6,0x0205b8c7,0x2,0x05,0x2e,0x3,7,3b 00 00 00 8c 5e 96 3e,"Status frame 3 (new)"
2026-03-09T09:13:51.289064,RX,COM6,0x0205b907,0x2,0x05,0x2e,0x4,7,00 00 00 00 00 00 00 00,"Status frame 4 (new)"
2026-03-09T09:13:51.290605,HEARTBEAT,COM6,0x01011840,0x1,0x01,0x6,0x1,0,0e 77 00 00 00 10 00 00,"Heartbeat"
2026-03-09T09:13:51.290605,RX,COM6,0x0205b947,0x2,0x05,0x2e,0x5,7,00 00 00 00 00 00 00 00,"Status frame 5 (new)"
2026-03-09T09:13:51.292605,RX,COM6,0x0205b987,0x2,0x05,0x2e,0x6,7,00 00 ff ff 01 00 00 00,"Status frame 6 (new)"
2026-03-09T09:13:51.306136,RX,COM6,0x0205b807,0x2,0x05,0x2e,0x0,7,00 00 3f 0b 00 00 80 00,"Status frame 0 (new)"
2026-03-09T09:13:51.307128,RX,COM6,0x0205b887,0x2,0x05,0x2e,0x2,7,00 00 00 00 00 00 00 00,"Status frame 2 (new)"
2026-03-09T09:13:51.308138,RX,COM6,0x0205b8c7,0x2,0x05,0x2e,0x3,7,3b 00 00 00 c0 fe 94 3e,"Status frame 3 (new)"
2026-03-09T09:13:51.309126,RX,COM6,0x0205b907,0x2,0x05,0x2e,0x4,7,00 00 00 00 00 00 00 00,"Status frame 4 (new)"
2026-03-09T09:13:51.311127,RX,COM6,0x0205b947,0x2,0x05,0x2e,0x5,7,00 00 00 00 00 00 00 00,"Status frame 5 (new)"
2026-03-09T09:13:51.311127,HEARTBEAT,COM6,0x01011840,0x1,0x01,0x6,0x1,0,22 77 00 00 00 10 00 00,"Heartbeat"
2026-03-09T09:13:51.313129,RX,COM6,0x0205b987,0x2,0x05,0x2e,0x6,7,00 00 ff ff 01 00 00 00,"Status frame 6 (new)"
2026-03-09T09:13:51.327171,RX,COM6,0x0205b807,0x2,0x05,0x2e,0x0,7,00 00 44 0b 00 00 80 00,"Status frame 0 (new)"
2026-03-09T09:13:51.327171,RX,COM6,0x0205b887,0x2,0x05,0x2e,0x2,7,00 00 00 00 00 00 00 00,"Status frame 2 (new)"
2026-03-09T09:13:51.329181,RX,COM6,0x0205b8c7,0x2,0x05,0x2e,0x3,7,3c 00 00 00 7f c3 96 3e,"Status frame 3 (new)"
2026-03-09T09:13:51.329181,RX,COM6,0x0205b907,0x2,0x05,0x2e,0x4,7,00 00 00 00 00 00 00 00,"Status frame 4 (new)"
2026-03-09T09:13:51.330188,RX,COM6,0x0205b947,0x2,0x05,0x2e,0x5,7,00 00 00 00 00 00 00 00,"Status frame 5 (new)"
2026-03-09T09:13:51.331176,HEARTBEAT,COM6,0x01011840,0x1,0x01,0x6,0x1,0,36 77 00 00 00 10 00 00,"Heartbeat"
2026-03-09T09:13:51.333177,RX,COM6,0x0205b987,0x2,0x05,0x2e,0x6,7,00 00 ff ff 01 00 00 00,"Status frame 6 (new)"
2026-03-09T09:13:51.346759,RX,COM6,0x0205b807,0x2,0x05,0x2e,0x0,7,00 00 3b 0b 00 00 80 00,"Status frame 0 (new)"
2026-03-09T09:13:51.346759,RX,COM6,0x0205b887,0x2,0x05,0x2e,0x2,7,00 00 00 00 00 00 00 00,"Status frame 2 (new)"
2026-03-09T09:13:51.348770,RX,COM6,0x0205b8c7,0x2,0x05,0x2e,0x3,7,3b 00 00 00 53 29 95 3e,"Status frame 3 (new)"
2026-03-09T09:13:51.348770,RX,COM6,0x0205b907,0x2,0x05,0x2e,0x4,7,00 00 00 00 00 00 00 00,"Status frame 4 (new)"
2026-03-09T09:13:51.350290,RX,COM6,0x0205b947,0x2,0x05,0x2e,0x5,7,00 00 00 00 00 00 00 00,"Status frame 5 (new)"
2026-03-09T09:13:51.351301,HEARTBEAT,COM6,0x01011840,0x1,0x01,0x6,0x1,0,4a 77 00 00 00 10 00 00,"Heartbeat"
2026-03-09T09:13:51.352316,RX,COM6,0x0205b987,0x2,0x05,0x2e,0x6,7,00 00 ff ff 01 00 00 00,"Status frame 6 (new)"
2026-03-09T09:13:51.366839,RX,COM6,0x0205b807,0x2,0x05,0x2e,0x0,7,00 00 3f 0b 00 00 80 00,"Status frame 0 (new)"
2026-03-09T09:13:51.366839,RX,COM6,0x0205b847,0x2,0x05,0x2e,0x1,7,00 00 00 24 00 01 00 00,"Status frame 1 (new)"
2026-03-09T09:13:51.366839,RX,COM6,0x0205b887,0x2,0x05,0x2e,0x2,7,00 00 00 00 00 00 00 00,"Status frame 2 (new)"
2026-03-09T09:13:51.368838,RX,COM6,0x0205b8c7,0x2,0x05,0x2e,0x3,7,3b 00 00 00 53 76 95 3e,"Status frame 3 (new)"
2026-03-09T09:13:51.368838,RX,COM6,0x0205b907,0x2,0x05,0x2e,0x4,7,00 00 00 00 00 00 00 00,"Status frame 4 (new)"
2026-03-09T09:13:51.370838,HEARTBEAT,COM6,0x01011840,0x1,0x01,0x6,0x1,0,5d 77 00 00 00 10 00 00,"Heartbeat"
2026-03-09T09:13:51.370838,RX,COM6,0x0205b947,0x2,0x05,0x2e,0x5,7,00 00 00 00 00 00 00 00,"Status frame 5 (new)"
2026-03-09T09:13:51.372833,RX,COM6,0x0205b987,0x2,0x05,0x2e,0x6,7,00 00 ff ff 01 00 00 00,"Status frame 6 (new)"
2026-03-09T09:13:51.386913,RX,COM6,0x0205b807,0x2,0x05,0x2e,0x0,7,00 00 0c 0b 00 00 80 00,"Status frame 0 (new)"
2026-03-09T09:13:51.386913,RX,COM6,0x0205b887,0x2,0x05,0x2e,0x2,7,00 00 00 00 00 00 00 00,"Status frame 2 (new)"
2026-03-09T09:13:51.388908,RX,COM6,0x0205b8c7,0x2,0x05,0x2e,0x3,7,3b 00 00 00 ba 40 96 3e,"Status frame 3 (new)"
2026-03-09T09:13:51.388908,RX,COM6,0x0205b907,0x2,0x05,0x2e,0x4,7,00 00 00 00 00 00 00 00,"Status frame 4 (new)"
2026-03-09T09:13:51.390898,HEARTBEAT,COM6,0x01011840,0x1,0x01,0x6,0x1,0,71 77 00 00 00 10 00 00,"Heartbeat"
2026-03-09T09:13:51.390898,RX,COM6,0x0205b947,0x2,0x05,0x2e,0x5,7,00 00 00 00 00 00 00 00,"Status frame 5 (new)"
2026-03-09T09:13:51.392907,RX,COM6,0x0205b987,0x2,0x05,0x2e,0x6,7,00 00 ff ff 01 00 00 00,"Status frame 6 (new)"
2026-03-09T09:13:51.407092,RX,COM6,0x0205b807,0x2,0x05,0x2e,0x0,7,00 00 41 0b 00 00 80 00,"Status frame 0 (new)"
2026-03-09T09:13:51.407092,RX,COM6,0x0205b887,0x2,0x05,0x2e,0x2,7,00 00 00 00 00 00 00 00,"Status frame 2 (new)"
2026-03-09T09:13:51.408972,RX,COM6,0x0205b8c7,0x2,0x05,0x2e,0x3,7,3b 00 00 00 45 ef 95 3e,"Status frame 3 (new)"
2026-03-09T09:13:51.408972,RX,COM6,0x0205b907,0x2,0x05,0x2e,0x4,7,00 00 00 00 00 00 00 00,"Status frame 4 (new)"
2026-03-09T09:13:51.410963,RX,COM6,0x0205b947,0x2,0x05,0x2e,0x5,7,00 00 00 00 00 00 00 00,"Status frame 5 (new)"
2026-03-09T09:13:51.410963,HEARTBEAT,COM6,0x01011840,0x1,0x01,0x6,0x1,0,86 77 00 00 00 10 00 00,"Heartbeat"
2026-03-09T09:13:51.412972,RX,COM6,0x0205b987,0x2,0x05,0x2e,0x6,7,00 00 ff ff 01 00 00 00,"Status frame 6 (new)"
2026-03-09T09:13:51.427017,RX,COM6,0x0205b807,0x2,0x05,0x2e,0x0,7,00 00 44 0b 00 00 80 00,"Status frame 0 (new)"
2026-03-09T09:13:51.427017,RX,COM6,0x0205b887,0x2,0x05,0x2e,0x2,7,00 00 00 00 00 00 00 00,"Status frame 2 (new)"
2026-03-09T09:13:51.428563,RX,COM6,0x0205b8c7,0x2,0x05,0x2e,0x3,7,3c 00 00 00 d5 c7 96 3e,"Status frame 3 (new)"
2026-03-09T09:13:51.428563,RX,COM6,0x0205b907,0x2,0x05,0x2e,0x4,7,00 00 00 00 00 00 00 00,"Status frame 4 (new)"
2026-03-09T09:13:51.430582,RX,COM6,0x0205b947,0x2,0x05,0x2e,0x5,7,00 00 00 00 00 00 00 00,"Status frame 5 (new)"
2026-03-09T09:13:51.431461,HEARTBEAT,COM6,0x01011840,0x1,0x01,0x6,0x1,0,9a 77 00 00 00 10 00 00,"Heartbeat"
2026-03-09T09:13:51.432585,RX,COM6,0x0205b987,0x2,0x05,0x2e,0x6,7,00 00 ff ff 01 00 00 00,"Status frame 6 (new)"
2026-03-09T09:13:51.446670,RX,COM6,0x0205b807,0x2,0x05,0x2e,0x0,7,00 00 42 0b 00 00 80 00,"Status frame 0 (new)"
2026-03-09T09:13:51.446670,RX,COM6,0x0205b887,0x2,0x05,0x2e,0x2,7,00 00 00 00 00 00 00 00,"Status frame 2 (new)"
2026-03-09T09:13:51.448679,RX,COM6,0x0205b8c7,0x2,0x05,0x2e,0x3,7,3c 00 00 00 cd a0 97 3e,"Status frame 3 (new)"
2026-03-09T09:13:51.449185,RX,COM6,0x0205b907,0x2,0x05,0x2e,0x4,7,00 00 00 00 00 00 00 00,"Status frame 4 (new)"
2026-03-09T09:13:51.450204,RX,COM6,0x0205b947,0x2,0x05,0x2e,0x5,7,00 00 00 00 00 00 00 00,"Status frame 5 (new)"
2026-03-09T09:13:51.452200,HEARTBEAT,COM6,0x01011840,0x1,0x01,0x6,0x1,0,af 77 00 00 00 10 00 00,"Heartbeat"
2026-03-09T09:13:51.452200,RX,COM6,0x0205b987,0x2,0x05,0x2e,0x6,7,00 00 ff ff 01 00 00 00,"Status frame 6 (new)"
2026-03-09T09:13:51.467193,RX,COM6,0x0205b807,0x2,0x05,0x2e,0x0,7,00 00 40 0b 00 00 80 00,"Status frame 0 (new)"
2026-03-09T09:13:51.467193,RX,COM6,0x0205b887,0x2,0x05,0x2e,0x2,7,00 00 00 00 00 00 00 00,"Status frame 2 (new)"
2026-03-09T09:13:51.468209,RX,COM6,0x0205b8c7,0x2,0x05,0x2e,0x3,7,3b 00 00 00 d4 17 95 3e,"Status frame 3 (new)"
2026-03-09T09:13:51.469194,RX,COM6,0x0205b907,0x2,0x05,0x2e,0x4,7,00 00 00 00 00 00 00 00,"Status frame 4 (new)"
2026-03-09T09:13:51.470207,RX,COM6,0x0205b947,0x2,0x05,0x2e,0x5,7,00 00 00 00 00 00 00 00,"Status frame 5 (new)"
2026-03-09T09:13:51.472205,HEARTBEAT,COM6,0x01011840,0x1,0x01,0x6,0x1,0,c3 77 00 00 00 10 00 00,"Heartbeat"
2026-03-09T09:13:51.472205,RX,COM6,0x0205b987,0x2,0x05,0x2e,0x6,7,00 00 ff ff 01 00 00 00,"Status frame 6 (new)"
2026-03-09T09:13:51.486811,RX,COM6,0x0205b807,0x2,0x05,0x2e,0x0,7,00 00 2a 0b 00 00 80 00,"Status frame 0 (new)"
2026-03-09T09:13:51.486811,RX,COM6,0x0205b887,0x2,0x05,0x2e,0x2,7,00 00 00 00 00 00 00 00,"Status frame 2 (new)"
2026-03-09T09:13:51.488813,RX,COM6,0x0205b8c7,0x2,0x05,0x2e,0x3,7,3b 04 00 00 f0 aa 95 3e,"Status frame 3 (new)"
2026-03-09T09:13:51.489322,RX,COM6,0x0205b907,0x2,0x05,0x2e,0x4,7,00 00 00 00 00 00 00 00,"Status frame 4 (new)"
2026-03-09T09:13:51.490342,HEARTBEAT,COM6,0x01011840,0x1,0x01,0x6,0x1,0,d5 77 00 00 00 10 00 00,"Heartbeat"
2026-03-09T09:13:51.490342,RX,COM6,0x0205b947,0x2,0x05,0x2e,0x5,7,00 00 00 00 00 00 00 00,"Status frame 5 (new)"
2026-03-09T09:13:51.492334,RX,COM6,0x0205b987,0x2,0x05,0x2e,0x6,7,00 00 ff ff 01 00 00 00,"Status frame 6 (new)"
2026-03-09T09:13:51.506866,RX,COM6,0x0205b807,0x2,0x05,0x2e,0x0,7,00 00 44 0b 00 00 80 00,"Status frame 0 (new)"
2026-03-09T09:13:51.506866,RX,COM6,0x0205b887,0x2,0x05,0x2e,0x2,7,00 00 00 00 00 00 00 00,"Status frame 2 (new)"
2026-03-09T09:13:51.508866,RX,COM6,0x0205b8c7,0x2,0x05,0x2e,0x3,7,3c 00 00 00 03 d8 96 3e,"Status frame 3 (new)"
2026-03-09T09:13:51.508866,RX,COM6,0x0205b907,0x2,0x05,0x2e,0x4,7,00 00 00 00 00 00 00 00,"Status frame 4 (new)"
2026-03-09T09:13:51.510866,HEARTBEAT,COM6,0x01011840,0x1,0x01,0x6,0x1,0,e9 77 00 00 00 10 00 00,"Heartbeat"
2026-03-09T09:13:51.510866,RX,COM6,0x0205b947,0x2,0x05,0x2e,0x5,7,00 00 00 00 00 00 00 00,"Status frame 5 (new)"
2026-03-09T09:13:51.512870,RX,COM6,0x0205b987,0x2,0x05,0x2e,0x6,7,00 00 ff ff 01 00 00 00,"Status frame 6 (new)"
2026-03-09T09:13:51.526921,RX,COM6,0x0205b807,0x2,0x05,0x2e,0x0,7,00 00 40 0b 00 00 80 00,"Status frame 0 (new)"
2026-03-09T09:13:51.526921,RX,COM6,0x0205b887,0x2,0x05,0x2e,0x2,7,00 00 00 00 00 00 00 00,"Status frame 2 (new)"
2026-03-09T09:13:51.528935,RX,COM6,0x0205b8c7,0x2,0x05,0x2e,0x3,7,3b 00 00 00 d2 7a 95 3e,"Status frame 3 (new)"
2026-03-09T09:13:51.528935,RX,COM6,0x0205b907,0x2,0x05,0x2e,0x4,7,00 00 00 00 00 00 00 00,"Status frame 4 (new)"
2026-03-09T09:13:51.530934,HEARTBEAT,COM6,0x01011840,0x1,0x01,0x6,0x1,0,fd 77 00 00 00 10 00 00,"Heartbeat"
2026-03-09T09:13:51.530934,RX,COM6,0x0205b947,0x2,0x05,0x2e,0x5,7,00 00 00 00 00 00 00 00,"Status frame 5 (new)"
2026-03-09T09:13:51.532934,RX,COM6,0x0205b987,0x2,0x05,0x2e,0x6,7,00 00 ff ff 01 00 00 00,"Status frame 6 (new)"
2026-03-09T09:13:51.546993,RX,COM6,0x0205b807,0x2,0x05,0x2e,0x0,7,00 00 42 0b 00 00 80 00,"Status frame 0 (new)"
2026-03-09T09:13:51.546993,RX,COM6,0x0205b887,0x2,0x05,0x2e,0x2,7,00 00 00 00 00 00 00 00,"Status frame 2 (new)"
2026-03-09T09:13:51.549011,RX,COM6,0x0205b8c7,0x2,0x05,0x2e,0x3,7,3b 00 00 00 4f 6d 96 3e,"Status frame 3 (new)"
2026-03-09T09:13:51.549011,RX,COM6,0x0205b907,0x2,0x05,0x2e,0x4,7,00 00 00 00 00 00 00 00,"Status frame 4 (new)"
2026-03-09T09:13:51.550537,RX,COM6,0x0205b947,0x2,0x05,0x2e,0x5,7,00 00 00 00 00 00 00 00,"Status frame 5 (new)"
2026-03-09T09:13:51.551560,HEARTBEAT,COM6,0x01011840,0x1,0x01,0x6,0x1,0,12 78 00 00 00 10 00 00,"Heartbeat"
2026-03-09T09:13:51.552563,RX,COM6,0x0205b987,0x2,0x05,0x2e,0x6,7,00 00 ff ff 01 00 00 00,"Status frame 6 (new)"
2026-03-09T09:13:51.566472,RX,COM6,0x0205b807,0x2,0x05,0x2e,0x0,7,00 00 42 0b 00 00 80 00,"Status frame 0 (new)"
2026-03-09T09:13:51.566472,RX,COM6,0x0205b887,0x2,0x05,0x2e,0x2,7,00 00 00 00 00 00 00 00,"Status frame 2 (new)"
2026-03-09T09:13:51.569010,RX,COM6,0x0205b8c7,0x2,0x05,0x2e,0x3,7,3c 00 00 00 b2 7a 96 3e,"Status frame 3 (new)"
2026-03-09T09:13:51.569010,RX,COM6,0x0205b907,0x2,0x05,0x2e,0x4,7,00 00 00 00 00 00 00 00,"Status frame 4 (new)"
2026-03-09T09:13:51.571055,RX,COM6,0x0205b947,0x2,0x05,0x2e,0x5,7,00 00 00 00 00 00 00 00,"Status frame 5 (new)"
2026-03-09T09:13:51.571569,HEARTBEAT,COM6,0x01011840,0x1,0x01,0x6,0x1,0,26 78 00 00 00 10 00 00,"Heartbeat"
2026-03-09T09:13:51.572586,RX,COM6,0x0205b987,0x2,0x05,0x2e,0x6,7,00 00 ff ff 01 00 00 00,"Status frame 6 (new)"
2026-03-09T09:13:51.586229,RX,COM6,0x0205b807,0x2,0x05,0x2e,0x0,7,00 00 39 0b 00 00 80 00,"Status frame 0 (new)"
2026-03-09T09:13:51.587218,RX,COM6,0x0205b887,0x2,0x05,0x2e,0x2,7,00 00 00 00 00 00 00 00,"Status frame 2 (new)"
2026-03-09T09:13:51.588232,RX,COM6,0x0205b8c7,0x2,0x05,0x2e,0x3,7,3b 00 00 00 5c b4 94 3e,"Status frame 3 (new)"
2026-03-09T09:13:51.588232,RX,COM6,0x0205b907,0x2,0x05,0x2e,0x4,7,00 00 00 00 00 00 00 00,"Status frame 4 (new)"
2026-03-09T09:13:51.590229,RX,COM6,0x0205b947,0x2,0x05,0x2e,0x5,7,00 00 00 00 00 00 00 00,"Status frame 5 (new)"
2026-03-09T09:13:51.591217,HEARTBEAT,COM6,0x01011840,0x1,0x01,0x6,0x1,0,3a 78 00 00 00 10 00 00,"Heartbeat"
2026-03-09T09:13:51.592235,RX,COM6,0x0205b987,0x2,0x05,0x2e,0x6,7,00 00 ff ff 01 00 00 00,"Status frame 6 (new)"
2026-03-09T09:13:51.606273,RX,COM6,0x0205b807,0x2,0x05,0x2e,0x0,7,00 00 45 0b 00 00 80 00,"Status frame 0 (new)"
2026-03-09T09:13:51.607290,RX,COM6,0x0205b887,0x2,0x05,0x2e,0x2,7,00 00 00 00 00 00 00 00,"Status frame 2 (new)"
2026-03-09T09:13:51.608293,RX,COM6,0x0205b8c7,0x2,0x05,0x2e,0x3,7,3b 00 00 00 b1 7b 96 3e,"Status frame 3 (new)"
2026-03-09T09:13:51.608293,RX,COM6,0x0205b907,0x2,0x05,0x2e,0x4,7,00 00 00 00 00 00 00 00,"Status frame 4 (new)"
2026-03-09T09:13:51.610295,RX,COM6,0x0205b947,0x2,0x05,0x2e,0x5,7,00 00 00 00 00 00 00 00,"Status frame 5 (new)"
2026-03-09T09:13:51.611283,HEARTBEAT,COM6,0x01011840,0x1,0x01,0x6,0x1,0,4e 78 00 00 00 10 00 00,"Heartbeat"
2026-03-09T09:13:51.612310,RX,COM6,0x0205b987,0x2,0x05,0x2e,0x6,7,00 00 ff ff 01 00 00 00,"Status frame 6 (new)"
2026-03-09T09:13:51.616303,RX,COM6,0x0205b847,0x2,0x05,0x2e,0x1,7,00 00 00 24 00 01 00 00,"Status frame 1 (new)"
2026-03-09T09:13:51.626929,RX,COM6,0x0205b807,0x2,0x05,0x2e,0x0,7,00 00 42 0b 00 00 80 00,"Status frame 0 (new)"
2026-03-09T09:13:51.626929,RX,COM6,0x0205b887,0x2,0x05,0x2e,0x2,7,00 00 00 00 00 00 00 00,"Status frame 2 (new)"
2026-03-09T09:13:51.628837,RX,COM6,0x0205b8c7,0x2,0x05,0x2e,0x3,7,3b 00 00 00 58 6e 96 3e,"Status frame 3 (new)"
2026-03-09T09:13:51.628837,RX,COM6,0x0205b907,0x2,0x05,0x2e,0x4,7,00 00 00 00 00 00 00 00,"Status frame 4 (new)"
2026-03-09T09:13:51.630832,RX,COM6,0x0205b947,0x2,0x05,0x2e,0x5,7,00 00 00 00 00 00 00 00,"Status frame 5 (new)"
2026-03-09T09:13:51.631838,HEARTBEAT,COM6,0x01011840,0x1,0x01,0x6,0x1,0,62 78 00 00 00 10 00 00,"Heartbeat"
2026-03-09T09:13:51.632836,RX,COM6,0x0205b987,0x2,0x05,0x2e,0x6,7,00 00 ff ff 01 00 00 00,"Status frame 6 (new)"
2026-03-09T09:13:51.647910,RX,COM6,0x0205b807,0x2,0x05,0x2e,0x0,7,00 00 44 0b 00 00 80 00,"Status frame 0 (new)"
2026-03-09T09:13:51.647910,RX,COM6,0x0205b887,0x2,0x05,0x2e,0x2,7,00 00 00 00 00 00 00 00,"Status frame 2 (new)"
2026-03-09T09:13:51.648927,RX,COM6,0x0205b8c7,0x2,0x05,0x2e,0x3,7,3c 00 00 00 9a 4c 97 3e,"Status frame 3 (new)"
2026-03-09T09:13:51.648927,RX,COM6,0x0205b907,0x2,0x05,0x2e,0x4,7,00 00 00 00 00 00 00 00,"Status frame 4 (new)"
2026-03-09T09:13:51.650927,HEARTBEAT,COM6,0x01011840,0x1,0x01,0x6,0x1,0,76 78 00 00 00 10 00 00,"Heartbeat"
2026-03-09T09:13:51.650927,RX,COM6,0x0205b947,0x2,0x05,0x2e,0x5,7,00 00 00 00 00 00 00 00,"Status frame 5 (new)"
2026-03-09T09:13:51.652926,RX,COM6,0x0205b987,0x2,0x05,0x2e,0x6,7,00 00 ff ff 01 00 00 00,"Status frame 6 (new)"
2026-03-09T09:13:51.666955,RX,COM6,0x0205b807,0x2,0x05,0x2e,0x0,7,00 00 45 0b 00 00 80 00,"Status frame 0 (new)"
2026-03-09T09:13:51.666955,RX,COM6,0x0205b887,0x2,0x05,0x2e,0x2,7,00 00 00 00 00 00 00 00,"Status frame 2 (new)"
2026-03-09T09:13:51.668956,RX,COM6,0x0205b8c7,0x2,0x05,0x2e,0x3,7,3c 00 00 00 af 95 96 3e,"Status frame 3 (new)"
2026-03-09T09:13:51.668956,RX,COM6,0x0205b907,0x2,0x05,0x2e,0x4,7,00 00 00 00 00 00 00 00,"Status frame 4 (new)"
2026-03-09T09:13:51.670955,HEARTBEAT,COM6,0x01011840,0x1,0x01,0x6,0x1,0,89 78 00 00 00 10 00 00,"Heartbeat"
2026-03-09T09:13:51.670955,RX,COM6,0x0205b947,0x2,0x05,0x2e,0x5,7,00 00 00 00 00 00 00 00,"Status frame 5 (new)"
2026-03-09T09:13:51.672480,RX,COM6,0x0205b987,0x2,0x05,0x2e,0x6,7,00 00 ff ff 01 00 00 00,"Status frame 6 (new)"
2026-03-09T09:13:51.686569,TX,COM6,0x02053c07,0x2,0x05,0xf,0x0,7,15 00 00 00 00 00 00 00,"TX apiClass=0xf apiIndex=0x0"
2026-03-09T09:13:51.686569,RX,COM6,0x0205b807,0x2,0x05,0x2e,0x0,7,00 00 3f 0b 00 00 80 00,"Status frame 0 (new)"
2026-03-09T09:13:51.686569,RX,COM6,0x0205b887,0x2,0x05,0x2e,0x2,7,00 00 00 00 00 00 00 00,"Status frame 2 (new)"
2026-03-09T09:13:51.688667,RX,COM6,0x0205b8c7,0x2,0x05,0x2e,0x3,7,3c 00 00 00 aa 5f 97 3e,"Status frame 3 (new)"
2026-03-09T09:13:51.688667,RX,COM6,0x0205b907,0x2,0x05,0x2e,0x4,7,00 00 00 00 00 00 00 00,"Status frame 4 (new)"
2026-03-09T09:13:51.690668,HEARTBEAT,COM6,0x01011840,0x1,0x01,0x6,0x1,0,9d 78 00 00 00 10 00 00,"Heartbeat"
2026-03-09T09:13:51.690668,RX,COM6,0x0205b947,0x2,0x05,0x2e,0x5,7,00 00 00 00 00 00 00 00,"Status frame 5 (new)"
2026-03-09T09:13:51.692860,RX,COM6,0x0205b987,0x2,0x05,0x2e,0x6,7,00 00 ff ff 01 00 00 00,"Status frame 6 (new)"
2026-03-09T09:13:51.706213,RX,COM6,0x0205b807,0x2,0x05,0x2e,0x0,7,00 00 42 0b 00 00 80 00,"Status frame 0 (new)"
2026-03-09T09:13:51.707197,RX,COM6,0x0205b887,0x2,0x05,0x2e,0x2,7,00 00 00 00 00 00 00 00,"Status frame 2 (new)"
2026-03-09T09:13:51.708212,RX,COM6,0x0205b8c7,0x2,0x05,0x2e,0x3,7,3c 00 00 00 14 45 97 3e,"Status frame 3 (new)"
2026-03-09T09:13:51.709208,RX,COM6,0x0205b907,0x2,0x05,0x2e,0x4,7,00 00 00 00 00 00 00 00,"Status frame 4 (new)"
2026-03-09T09:13:51.710204,RX,COM6,0x0205b947,0x2,0x05,0x2e,0x5,7,00 00 00 00 00 00 00 00,"Status frame 5 (new)"
2026-03-09T09:13:51.711200,HEARTBEAT,COM6,0x01011840,0x1,0x01,0x6,0x1,0,b2 78 00 00 00 10 00 00,"Heartbeat"
2026-03-09T09:13:51.712199,RX,COM6,0x0205b987,0x2,0x05,0x2e,0x6,7,00 00 ff ff 01 00 00 00,"Status frame 6 (new)"
2026-03-09T09:13:51.725734,RX,COM6,0x0205b807,0x2,0x05,0x2e,0x0,7,00 00 40 0b 00 00 80 00,"Status frame 0 (new)"
2026-03-09T09:13:51.727248,RX,COM6,0x0205b887,0x2,0x05,0x2e,0x2,7,00 00 00 00 00 00 00 00,"Status frame 2 (new)"
2026-03-09T09:13:51.729287,RX,COM6,0x0205b8c7,0x2,0x05,0x2e,0x3,7,3b 00 00 00 cc d1 95 3e,"Status frame 3 (new)"
2026-03-09T09:13:51.729287,RX,COM6,0x0205b907,0x2,0x05,0x2e,0x4,7,00 00 00 00 00 00 00 00,"Status frame 4 (new)"
2026-03-09T09:13:51.730257,RX,COM6,0x0205b947,0x2,0x05,0x2e,0x5,7,00 00 00 00 00 00 00 00,"Status frame 5 (new)"
2026-03-09T09:13:51.731257,HEARTBEAT,COM6,0x01011840,0x1,0x01,0x6,0x1,0,c6 78 00 00 00 10 00 00,"Heartbeat"
2026-03-09T09:13:51.732255,RX,COM6,0x0205b987,0x2,0x05,0x2e,0x6,7,00 00 ff ff 01 00 00 00,"Status frame 6 (new)"
2026-03-09T09:13:51.746841,RX,COM6,0x0205b807,0x2,0x05,0x2e,0x0,7,00 00 46 0b 00 00 80 00,"Status frame 0 (new)"
2026-03-09T09:13:51.746841,RX,COM6,0x0205b887,0x2,0x05,0x2e,0x2,7,00 00 00 00 00 00 00 00,"Status frame 2 (new)"
2026-03-09T09:13:51.747858,RX,COM6,0x0205b8c7,0x2,0x05,0x2e,0x3,7,3c 00 00 00 49 cd 97 3e,"Status frame 3 (new)"
2026-03-09T09:13:51.747858,RX,COM6,0x0205b907,0x2,0x05,0x2e,0x4,7,00 00 00 00 00 00 00 00,"Status frame 4 (new)"
2026-03-09T09:13:51.750392,RX,COM6,0x0205b947,0x2,0x05,0x2e,0x5,7,00 00 00 00 00 00 00 00,"Status frame 5 (new)"
2026-03-09T09:13:51.751383,HEARTBEAT,COM6,0x01011840,0x1,0x01,0x6,0x1,0,da 78 00 00 00 10 00 00,"Heartbeat"
2026-03-09T09:13:51.752394,RX,COM6,0x0205b987,0x2,0x05,0x2e,0x6,7,00 00 ff ff 01 00 00 00,"Status frame 6 (new)"
2026-03-09T09:13:51.766916,RX,COM6,0x0205b807,0x2,0x05,0x2e,0x0,7,00 00 44 0b 00 00 80 00,"Status frame 0 (new)"
2026-03-09T09:13:51.766916,RX,COM6,0x0205b887,0x2,0x05,0x2e,0x2,7,00 00 00 00 00 00 00 00,"Status frame 2 (new)"
2026-03-09T09:13:51.768916,RX,COM6,0x0205b8c7,0x2,0x05,0x2e,0x3,7,3b 00 00 00 9d 46 96 3e,"Status frame 3 (new)"
2026-03-09T09:13:51.768916,RX,COM6,0x0205b907,0x2,0x05,0x2e,0x4,7,00 00 00 00 00 00 00 00,"Status frame 4 (new)"
2026-03-09T09:13:51.770909,RX,COM6,0x0205b947,0x2,0x05,0x2e,0x5,7,00 00 00 00 00 00 00 00,"Status frame 5 (new)"
2026-03-09T09:13:51.771909,HEARTBEAT,COM6,0x01011840,0x1,0x01,0x6,0x1,0,ee 78 00 00 00 10 00 00,"Heartbeat"
2026-03-09T09:13:51.772920,RX,COM6,0x0205b987,0x2,0x05,0x2e,0x6,7,00 00 ff ff 01 00 00 00,"Status frame 6 (new)"
2026-03-09T09:13:51.786993,RX,COM6,0x0205b807,0x2,0x05,0x2e,0x0,7,00 00 48 0b 00 00 80 00,"Status frame 0 (new)"
2026-03-09T09:13:51.786993,RX,COM6,0x0205b887,0x2,0x05,0x2e,0x2,7,00 00 00 00 00 00 00 00,"Status frame 2 (new)"
2026-03-09T09:13:51.788993,RX,COM6,0x0205b8c7,0x2,0x05,0x2e,0x3,7,3c 00 00 00 26 fb 96 3e,"Status frame 3 (new)"
2026-03-09T09:13:51.788993,RX,COM6,0x0205b907,0x2,0x05,0x2e,0x4,7,00 00 00 00 00 00 00 00,"Status frame 4 (new)"
2026-03-09T09:13:51.790993,RX,COM6,0x0205b947,0x2,0x05,0x2e,0x5,7,00 00 00 00 00 00 00 00,"Status frame 5 (new)"
2026-03-09T09:13:51.790993,HEARTBEAT,COM6,0x01011840,0x1,0x01,0x6,0x1,0,02 79 00 00 00 10 00 00,"Heartbeat"
2026-03-09T09:13:51.792993,RX,COM6,0x0205b987,0x2,0x05,0x2e,0x6,7,00 00 ff ff 01 00 00 00,"Status frame 6 (new)"
2026-03-09T09:13:51.807163,RX,COM6,0x0205b807,0x2,0x05,0x2e,0x0,7,00 00 45 0b 00 00 80 00,"Status frame 0 (new)"
2026-03-09T09:13:51.807163,RX,COM6,0x0205b887,0x2,0x05,0x2e,0x2,7,00 00 00 00 00 00 00 00,"Status frame 2 (new)"
2026-03-09T09:13:51.808700,RX,COM6,0x0205b8c7,0x2,0x05,0x2e,0x3,7,3c 00 00 00 9c 0a 97 3e,"Status frame 3 (new)"
2026-03-09T09:13:51.808700,RX,COM6,0x0205b907,0x2,0x05,0x2e,0x4,7,00 00 00 00 00 00 00 00,"Status frame 4 (new)"
2026-03-09T09:13:51.810222,RX,COM6,0x0205b947,0x2,0x05,0x2e,0x5,7,00 00 00 00 00 00 00 00,"Status frame 5 (new)"
2026-03-09T09:13:51.811212,HEARTBEAT,COM6,0x01011840,0x1,0x01,0x6,0x1,0,16 79 00 00 00 10 00 00,"Heartbeat"
2026-03-09T09:13:51.812238,RX,COM6,0x0205b987,0x2,0x05,0x2e,0x6,7,00 00 ff ff 01 00 00 00,"Status frame 6 (new)"
2026-03-09T09:13:51.825769,RX,COM6,0x0205b807,0x2,0x05,0x2e,0x0,7,00 00 42 0b 00 00 80 00,"Status frame 0 (new)"
2026-03-09T09:13:51.827307,RX,COM6,0x0205b887,0x2,0x05,0x2e,0x2,7,00 00 00 00 00 00 00 00,"Status frame 2 (new)"
2026-03-09T09:13:51.828317,RX,COM6,0x0205b8c7,0x2,0x05,0x2e,0x3,7,3b 00 00 00 3a 25 95 3e,"Status frame 3 (new)"
2026-03-09T09:13:51.828317,RX,COM6,0x0205b907,0x2,0x05,0x2e,0x4,7,00 00 00 00 00 00 00 00,"Status frame 4 (new)"
2026-03-09T09:13:51.830317,HEARTBEAT,COM6,0x01011840,0x1,0x01,0x6,0x1,0,29 79 00 00 00 10 00 00,"Heartbeat"
2026-03-09T09:13:51.830317,RX,COM6,0x0205b947,0x2,0x05,0x2e,0x5,7,00 00 00 00 00 00 00 00,"Status frame 5 (new)"
2026-03-09T09:13:51.832317,RX,COM6,0x0205b987,0x2,0x05,0x2e,0x6,7,00 00 ff ff 01 00 00 00,"Status frame 6 (new)"
2026-03-09T09:13:51.846915,RX,COM6,0x0205b807,0x2,0x05,0x2e,0x0,7,00 00 47 0b 00 00 80 00,"Status frame 0 (new)"
2026-03-09T09:13:51.846915,RX,COM6,0x0205b887,0x2,0x05,0x2e,0x2,7,00 00 00 00 00 00 00 00,"Status frame 2 (new)"
2026-03-09T09:13:51.848934,RX,COM6,0x0205b8c7,0x2,0x05,0x2e,0x3,7,3c 00 00 00 8e 8d 96 3e,"Status frame 3 (new)"
2026-03-09T09:13:51.848934,RX,COM6,0x0205b907,0x2,0x05,0x2e,0x4,7,00 00 00 00 00 00 00 00,"Status frame 4 (new)"
2026-03-09T09:13:51.850934,HEARTBEAT,COM6,0x01011840,0x1,0x01,0x6,0x1,0,3d 79 00 00 00 10 00 00,"Heartbeat"
2026-03-09T09:13:51.850934,RX,COM6,0x0205b947,0x2,0x05,0x2e,0x5,7,00 00 00 00 00 00 00 00,"Status frame 5 (new)"
2026-03-09T09:13:51.852933,RX,COM6,0x0205b987,0x2,0x05,0x2e,0x6,7,00 00 ff ff 01 00 00 00,"Status frame 6 (new)"
2026-03-09T09:13:51.866988,RX,COM6,0x0205b807,0x2,0x05,0x2e,0x0,7,00 00 46 0b 00 00 80 00,"Status frame 0 (new)"
2026-03-09T09:13:51.866988,RX,COM6,0x0205b847,0x2,0x05,0x2e,0x1,7,00 00 00 24 00 01 00 00,"Status frame 1 (new)"
2026-03-09T09:13:51.866988,RX,COM6,0x0205b887,0x2,0x05,0x2e,0x2,7,00 00 00 00 00 00 00 00,"Status frame 2 (new)"
2026-03-09T09:13:51.869005,RX,COM6,0x0205b8c7,0x2,0x05,0x2e,0x3,7,3c 00 00 00 f5 78 96 3e,"Status frame 3 (new)"
2026-03-09T09:13:51.869005,RX,COM6,0x0205b907,0x2,0x05,0x2e,0x4,7,00 00 00 00 00 00 00 00,"Status frame 4 (new)"
2026-03-09T09:13:51.869005,RX,COM6,0x0205bc07,0x2,0x05,0x2f,0x0,7,12 e2 2e be 00 00 00 00,"DATA apiClass=0x2f apiIndex=0x0"
2026-03-09T09:13:51.871007,RX,COM6,0x0205b947,0x2,0x05,0x2e,0x5,7,00 00 00 00 00 00 00 00,"Status frame 5 (new)"
2026-03-09T09:13:51.871007,HEARTBEAT,COM6,0x01011840,0x1,0x01,0x6,0x1,0,52 79 00 00 00 10 00 00,"Heartbeat"
2026-03-09T09:13:51.873003,RX,COM6,0x0205b987,0x2,0x05,0x2e,0x6,7,00 00 ff ff 01 00 00 00,"Status frame 6 (new)"
2026-03-09T09:13:51.886541,RX,COM6,0x0205b807,0x2,0x05,0x2e,0x0,7,00 00 45 0b 00 00 80 00,"Status frame 0 (new)"
2026-03-09T09:13:51.886541,RX,COM6,0x0205b887,0x2,0x05,0x2e,0x2,7,00 00 00 00 00 00 00 00,"Status frame 2 (new)"
2026-03-09T09:13:51.889055,RX,COM6,0x0205b8c7,0x2,0x05,0x2e,0x3,7,3b 00 00 00 2b 28 95 3e,"Status frame 3 (new)"
2026-03-09T09:13:51.889055,RX,COM6,0x0205b907,0x2,0x05,0x2e,0x4,7,00 00 00 00 00 00 00 00,"Status frame 4 (new)"
2026-03-09T09:13:51.891054,RX,COM6,0x0205b947,0x2,0x05,0x2e,0x5,7,00 00 00 00 00 00 00 00,"Status frame 5 (new)"
2026-03-09T09:13:51.891054,HEARTBEAT,COM6,0x01011840,0x1,0x01,0x6,0x1,0,66 79 00 00 00 10 00 00,"Heartbeat"
2026-03-09T09:13:51.893091,RX,COM6,0x0205b987,0x2,0x05,0x2e,0x6,7,00 00 ff ff 01 00 00 00,"Status frame 6 (new)"
2026-03-09T09:13:51.906314,RX,COM6,0x0205b807,0x2,0x05,0x2e,0x0,7,00 00 46 0b 00 00 80 00,"Status frame 0 (new)"
2026-03-09T09:13:51.907309,RX,COM6,0x0205b887,0x2,0x05,0x2e,0x2,7,00 00 00 00 00 00 00 00,"Status frame 2 (new)"
2026-03-09T09:13:51.909817,RX,COM6,0x0205b8c7,0x2,0x05,0x2e,0x3,7,3c 00 00 00 88 a1 96 3e,"Status frame 3 (new)"
2026-03-09T09:13:51.909817,RX,COM6,0x0205b907,0x2,0x05,0x2e,0x4,7,00 00 00 00 00 00 00 00,"Status frame 4 (new)"
2026-03-09T09:13:51.910833,HEARTBEAT,COM6,0x01011840,0x1,0x01,0x6,0x1,0,79 79 00 00 00 10 00 00,"Heartbeat"
2026-03-09T09:13:51.910833,RX,COM6,0x0205b947,0x2,0x05,0x2e,0x5,7,00 00 00 00 00 00 00 00,"Status frame 5 (new)"
2026-03-09T09:13:51.912817,RX,COM6,0x0205b987,0x2,0x05,0x2e,0x6,7,00 00 ff ff 01 00 00 00,"Status frame 6 (new)"
2026-03-09T09:13:51.926362,RX,COM6,0x0205b807,0x2,0x05,0x2e,0x0,7,00 00 1d 0b 00 00 80 00,"Status frame 0 (new)"
2026-03-09T09:13:51.927362,RX,COM6,0x0205b887,0x2,0x05,0x2e,0x2,7,00 00 00 00 00 00 00 00,"Status frame 2 (new)"
2026-03-09T09:13:51.929374,RX,COM6,0x0205b8c7,0x2,0x05,0x2e,0x3,7,3c 00 00 00 66 7a 97 3e,"Status frame 3 (new)"
2026-03-09T09:13:51.929527,RX,COM6,0x0205b907,0x2,0x05,0x2e,0x4,7,00 00 00 00 00 00 00 00,"Status frame 4 (new)"
2026-03-09T09:13:51.930392,RX,COM6,0x0205b947,0x2,0x05,0x2e,0x5,7,00 00 00 00 00 00 00 00,"Status frame 5 (new)"
2026-03-09T09:13:51.931380,HEARTBEAT,COM6,0x01011840,0x1,0x01,0x6,0x1,0,8e 79 00 00 00 10 00 00,"Heartbeat"
2026-03-09T09:13:51.932397,RX,COM6,0x0205b987,0x2,0x05,0x2e,0x6,7,00 00 ff ff 01 00 00 00,"Status frame 6 (new)"
2026-03-09T09:13:51.946936,RX,COM6,0x0205b807,0x2,0x05,0x2e,0x0,7,00 00 46 0b 00 00 80 00,"Status frame 0 (new)"
2026-03-09T09:13:51.946936,RX,COM6,0x0205b887,0x2,0x05,0x2e,0x2,7,00 00 00 00 00 00 00 00,"Status frame 2 (new)"
2026-03-09T09:13:51.948479,RX,COM6,0x0205b8c7,0x2,0x05,0x2e,0x3,7,3b 00 00 00 5b a4 95 3e,"Status frame 3 (new)"
2026-03-09T09:13:51.948479,RX,COM6,0x0205b907,0x2,0x05,0x2e,0x4,7,00 00 00 00 00 00 00 00,"Status frame 4 (new)"
2026-03-09T09:13:51.950524,RX,COM6,0x0205b947,0x2,0x05,0x2e,0x5,7,00 00 00 00 00 00 00 00,"Status frame 5 (new)"
2026-03-09T09:13:51.951534,HEARTBEAT,COM6,0x01011840,0x1,0x01,0x6,0x1,0,a2 79 00 00 00 10 00 00,"Heartbeat"
2026-03-09T09:13:51.952549,RX,COM6,0x0205b987,0x2,0x05,0x2e,0x6,7,00 00 ff ff 01 00 00 00,"Status frame 6 (new)"
2026-03-09T09:13:51.966485,RX,COM6,0x0205b807,0x2,0x05,0x2e,0x0,7,00 00 4a 0b 00 00 80 00,"Status frame 0 (new)"
2026-03-09T09:13:51.967488,RX,COM6,0x0205b887,0x2,0x05,0x2e,0x2,7,00 00 00 00 00 00 00 00,"Status frame 2 (new)"
2026-03-09T09:13:51.968485,RX,COM6,0x0205b8c7,0x2,0x05,0x2e,0x3,7,3b 00 00 00 4a 97 95 3e,"Status frame 3 (new)"
2026-03-09T09:13:51.968485,RX,COM6,0x0205b907,0x2,0x05,0x2e,0x4,7,00 00 00 00 00 00 00 00,"Status frame 4 (new)"
2026-03-09T09:13:51.971003,RX,COM6,0x0205b947,0x2,0x05,0x2e,0x5,7,00 00 00 00 00 00 00 00,"Status frame 5 (new)"
2026-03-09T09:13:51.971003,HEARTBEAT,COM6,0x01011840,0x1,0x01,0x6,0x1,0,b6 79 00 00 00 10 00 00,"Heartbeat"
2026-03-09T09:13:51.973020,RX,COM6,0x0205b987,0x2,0x05,0x2e,0x6,7,00 00 ff ff 01 00 00 00,"Status frame 6 (new)"
2026-03-09T09:13:51.987080,RX,COM6,0x0205b807,0x2,0x05,0x2e,0x0,7,00 00 4c 0b 00 00 80 00,"Status frame 0 (new)"
2026-03-09T09:13:51.987080,RX,COM6,0x0205b887,0x2,0x05,0x2e,0x2,7,00 00 00 00 00 00 00 00,"Status frame 2 (new)"
2026-03-09T09:13:51.988089,RX,COM6,0x0205b8c7,0x2,0x05,0x2e,0x3,7,3c 00 00 00 05 84 98 3e,"Status frame 3 (new)"
2026-03-09T09:13:51.989076,RX,COM6,0x0205b907,0x2,0x05,0x2e,0x4,7,00 00 00 00 00 00 00 00,"Status frame 4 (new)"
2026-03-09T09:13:51.990088,RX,COM6,0x0205b947,0x2,0x05,0x2e,0x5,7,00 00 00 00 00 00 00 00,"Status frame 5 (new)"
2026-03-09T09:13:51.991076,HEARTBEAT,COM6,0x01011840,0x1,0x01,0x6,0x1,0,ca 79 00 00 00 10 00 00,"Heartbeat"
2026-03-09T09:13:51.992590,RX,COM6,0x0205b987,0x2,0x05,0x2e,0x6,7,00 00 ff ff 01 00 00 00,"Status frame 6 (new)"
2026-03-09T09:13:52.007136,RX,COM6,0x0205b807,0x2,0x05,0x2e,0x0,7,00 00 47 0b 00 00 80 00,"Status frame 0 (new)"
2026-03-09T09:13:52.007136,RX,COM6,0x0205b887,0x2,0x05,0x2e,0x2,7,00 00 00 00 00 00 00 00,"Status frame 2 (new)"
2026-03-09T09:13:52.009136,RX,COM6,0x0205b8c7,0x2,0x05,0x2e,0x3,7,3c 00 00 00 2a c5 96 3e,"Status frame 3 (new)"
2026-03-09T09:13:52.009136,RX,COM6,0x0205b907,0x2,0x05,0x2e,0x4,7,00 00 00 00 00 00 00 00,"Status frame 4 (new)"
2026-03-09T09:13:52.011151,RX,COM6,0x0205b947,0x2,0x05,0x2e,0x5,7,00 00 00 00 00 00 00 00,"Status frame 5 (new)"
2026-03-09T09:13:52.011151,HEARTBEAT,COM6,0x01011840,0x1,0x01,0x6,0x1,0,de 79 00 00 00 10 00 00,"Heartbeat"
2026-03-09T09:13:52.012162,RX,COM6,0x0205b987,0x2,0x05,0x2e,0x6,7,00 00 ff ff 01 00 00 00,"Status frame 6 (new)"
2026-03-09T09:13:52.027143,RX,COM6,0x0205b807,0x2,0x05,0x2e,0x0,7,00 00 ff 0a 00 00 80 00,"Status frame 0 (new)"
2026-03-09T09:13:52.027143,RX,COM6,0x0205b887,0x2,0x05,0x2e,0x2,7,00 00 00 00 00 00 00 00,"Status frame 2 (new)"
2026-03-09T09:13:52.028670,RX,COM6,0x0205b8c7,0x2,0x05,0x2e,0x3,7,3c 00 00 00 f0 98 97 3e,"Status frame 3 (new)"
2026-03-09T09:13:52.028670,RX,COM6,0x0205b907,0x2,0x05,0x2e,0x4,7,00 00 00 00 00 00 00 00,"Status frame 4 (new)"
2026-03-09T09:13:52.030670,RX,COM6,0x0205b947,0x2,0x05,0x2e,0x5,7,00 00 00 00 00 00 00 00,"Status frame 5 (new)"
2026-03-09T09:13:52.031679,HEARTBEAT,COM6,0x01011840,0x1,0x01,0x6,0x1,0,f2 79 00 00 00 10 00 00,"Heartbeat"
2026-03-09T09:13:52.032749,RX,COM6,0x0205b987,0x2,0x05,0x2e,0x6,7,00 00 ff ff 01 00 00 00,"Status frame 6 (new)"
2026-03-09T09:13:52.046998,RX,COM6,0x0205b807,0x2,0x05,0x2e,0x0,7,00 00 4a 0b 00 00 80 00,"Status frame 0 (new)"
2026-03-09T09:13:52.047503,RX,COM6,0x0205b887,0x2,0x05,0x2e,0x2,7,00 00 00 00 00 00 00 00,"Status frame 2 (new)"
2026-03-09T09:13:52.048509,RX,COM6,0x0205b8c7,0x2,0x05,0x2e,0x3,7,3b 00 00 00 c3 79 96 3e,"Status frame 3 (new)"
2026-03-09T09:13:52.048509,RX,COM6,0x0205b907,0x2,0x05,0x2e,0x4,7,00 00 00 00 00 00 00 00,"Status frame 4 (new)"
2026-03-09T09:13:52.050519,RX,COM6,0x0205b947,0x2,0x05,0x2e,0x5,7,00 00 00 00 00 00 00 00,"Status frame 5 (new)"
2026-03-09T09:13:52.051508,HEARTBEAT,COM6,0x01011840,0x1,0x01,0x6,0x1,0,06 7a 00 00 00 10 00 00,"Heartbeat"
2026-03-09T09:13:52.052520,RX,COM6,0x0205b987,0x2,0x05,0x2e,0x6,7,00 00 ff ff 01 00 00 00,"Status frame 6 (new)"
2026-03-09T09:13:52.067066,RX,COM6,0x0205b807,0x2,0x05,0x2e,0x0,7,00 00 4c 0b 00 00 80 00,"Status frame 0 (new)"
2026-03-09T09:13:52.067066,RX,COM6,0x0205b887,0x2,0x05,0x2e,0x2,7,00 00 00 00 00 00 00 00,"Status frame 2 (new)"
2026-03-09T09:13:52.069069,RX,COM6,0x0205b8c7,0x2,0x05,0x2e,0x3,7,3b 00 00 00 22 0e 96 3e,"Status frame 3 (new)"
2026-03-09T09:13:52.069069,RX,COM6,0x0205b907,0x2,0x05,0x2e,0x4,7,00 00 00 00 00 00 00 00,"Status frame 4 (new)"
2026-03-09T09:13:52.070072,RX,COM6,0x0205b947,0x2,0x05,0x2e,0x5,7,00 00 00 00 00 00 00 00,"Status frame 5 (new)"
2026-03-09T09:13:52.072069,HEARTBEAT,COM6,0x01011840,0x1,0x01,0x6,0x1,0,1b 7a 00 00 00 10 00 00,"Heartbeat"
2026-03-09T09:13:52.072069,RX,COM6,0x0205b987,0x2,0x05,0x2e,0x6,7,00 00 ff ff 01 00 00 00,"Status frame 6 (new)"
2026-03-09T09:13:52.087134,RX,COM6,0x0205b807,0x2,0x05,0x2e,0x0,7,00 00 4d 0b 00 00 80 00,"Status frame 0 (new)"
2026-03-09T09:13:52.087134,RX,COM6,0x0205b887,0x2,0x05,0x2e,0x2,7,00 00 00 00 00 00 00 00,"Status frame 2 (new)"
2026-03-09T09:13:52.088149,RX,COM6,0x0205b8c7,0x2,0x05,0x2e,0x3,7,3c 00 00 00 f2 5f 97 3e,"Status frame 3 (new)"
2026-03-09T09:13:52.089135,RX,COM6,0x0205b907,0x2,0x05,0x2e,0x4,7,00 00 00 00 00 00 00 00,"Status frame 4 (new)"
2026-03-09T09:13:52.090148,RX,COM6,0x0205b947,0x2,0x05,0x2e,0x5,7,00 00 00 00 00 00 00 00,"Status frame 5 (new)"
2026-03-09T09:13:52.091135,HEARTBEAT,COM6,0x01011840,0x1,0x01,0x6,0x1,0,2e 7a 00 00 00 10 00 00,"Heartbeat"
2026-03-09T09:13:52.092134,RX,COM6,0x0205b987,0x2,0x05,0x2e,0x6,7,00 00 ff ff 01 00 00 00,"Status frame 6 (new)"
2026-03-09T09:13:52.106206,RX,COM6,0x0205b807,0x2,0x05,0x2e,0x0,7,00 00 4e 0b 00 00 80 00,"Status frame 0 (new)"
2026-03-09T09:13:52.107217,RX,COM6,0x0205b887,0x2,0x05,0x2e,0x2,7,00 00 00 00 00 00 00 00,"Status frame 2 (new)"
2026-03-09T09:13:52.108214,RX,COM6,0x0205b8c7,0x2,0x05,0x2e,0x3,7,3c 00 00 00 84 48 97 3e,"Status frame 3 (new)"
2026-03-09T09:13:52.109213,RX,COM6,0x0205b907,0x2,0x05,0x2e,0x4,7,00 00 00 00 00 00 00 00,"Status frame 4 (new)"
2026-03-09T09:13:52.110217,RX,COM6,0x0205b947,0x2,0x05,0x2e,0x5,7,00 00 00 00 00 00 00 00,"Status frame 5 (new)"
2026-03-09T09:13:52.111206,HEARTBEAT,COM6,0x01011840,0x1,0x01,0x6,0x1,0,42 7a 00 00 00 10 00 00,"Heartbeat"
2026-03-09T09:13:52.112216,RX,COM6,0x0205b987,0x2,0x05,0x2e,0x6,7,00 00 ff ff 01 00 00 00,"Status frame 6 (new)"
2026-03-09T09:13:52.116734,RX,COM6,0x0205b847,0x2,0x05,0x2e,0x1,7,00 00 00 24 00 01 00 00,"Status frame 1 (new)"
2026-03-09T09:13:52.126256,RX,COM6,0x0205b807,0x2,0x05,0x2e,0x0,7,00 00 23 0b 00 00 80 00,"Status frame 0 (new)"
2026-03-09T09:13:52.126256,RX,COM6,0x0205b887,0x2,0x05,0x2e,0x2,7,00 00 00 00 00 00 00 00,"Status frame 2 (new)"
2026-03-09T09:13:52.128798,RX,COM6,0x0205b8c7,0x2,0x05,0x2e,0x3,7,3b 00 00 00 6f 47 95 3e,"Status frame 3 (new)"
2026-03-09T09:13:52.128798,RX,COM6,0x0205b907,0x2,0x05,0x2e,0x4,7,00 00 00 00 00 00 00 00,"Status frame 4 (new)"
2026-03-09T09:13:52.130787,RX,COM6,0x0205b947,0x2,0x05,0x2e,0x5,7,00 00 00 00 00 00 00 00,"Status frame 5 (new)"
2026-03-09T09:13:52.131793,HEARTBEAT,COM6,0x01011840,0x1,0x01,0x6,0x1,0,56 7a 00 00 00 10 00 00,"Heartbeat"
2026-03-09T09:13:52.132822,RX,COM6,0x0205b987,0x2,0x05,0x2e,0x6,7,00 00 ff ff 01 00 00 00,"Status frame 6 (new)"
2026-03-09T09:13:52.146804,RX,COM6,0x0205b807,0x2,0x05,0x2e,0x0,7,00 00 4e 0b 00 00 80 00,"Status frame 0 (new)"
2026-03-09T09:13:52.147306,RX,COM6,0x0205b887,0x2,0x05,0x2e,0x2,7,00 00 00 00 00 00 00 00,"Status frame 2 (new)"
2026-03-09T09:13:52.148309,RX,COM6,0x0205b8c7,0x2,0x05,0x2e,0x3,7,3c 00 00 00 ec 52 97 3e,"Status frame 3 (new)"
2026-03-09T09:13:52.149309,RX,COM6,0x0205b907,0x2,0x05,0x2e,0x4,7,00 00 00 00 00 00 00 00,"Status frame 4 (new)"
2026-03-09T09:13:52.150308,RX,COM6,0x0205b947,0x2,0x05,0x2e,0x5,7,00 00 00 00 00 00 00 00,"Status frame 5 (new)"
2026-03-09T09:13:52.151311,HEARTBEAT,COM6,0x01011840,0x1,0x01,0x6,0x1,0,6a 7a 00 00 00 10 00 00,"Heartbeat"
2026-03-09T09:13:52.152314,RX,COM6,0x0205b987,0x2,0x05,0x2e,0x6,7,00 00 ff ff 01 00 00 00,"Status frame 6 (new)"
2026-03-09T09:13:52.165859,RX,COM6,0x0205b807,0x2,0x05,0x2e,0x0,7,00 00 51 0b 00 00 80 00,"Status frame 0 (new)"
2026-03-09T09:13:52.165859,RX,COM6,0x0205b887,0x2,0x05,0x2e,0x2,7,00 00 00 00 00 00 00 00,"Status frame 2 (new)"
2026-03-09T09:13:52.168387,RX,COM6,0x0205b8c7,0x2,0x05,0x2e,0x3,7,3c 04 00 00 1b c5 98 3e,"Status frame 3 (new)"
2026-03-09T09:13:52.168387,RX,COM6,0x0205b907,0x2,0x05,0x2e,0x4,7,00 00 00 00 00 00 00 00,"Status frame 4 (new)"
2026-03-09T09:13:52.170377,RX,COM6,0x0205b947,0x2,0x05,0x2e,0x5,7,00 00 00 00 00 00 00 00,"Status frame 5 (new)"
2026-03-09T09:13:52.172377,HEARTBEAT,COM6,0x01011840,0x1,0x01,0x6,0x1,0,7f 7a 00 00 00 10 00 00,"Heartbeat"
2026-03-09T09:13:52.172377,RX,COM6,0x0205b987,0x2,0x05,0x2e,0x6,7,00 00 ff ff 01 00 00 00,"Status frame 6 (new)"
2026-03-09T09:13:52.186910,RX,COM6,0x0205b807,0x2,0x05,0x2e,0x0,7,00 00 4b 0b 00 00 80 00,"Status frame 0 (new)"
2026-03-09T09:13:52.186910,RX,COM6,0x0205b887,0x2,0x05,0x2e,0x2,7,00 00 00 00 00 00 00 00,"Status frame 2 (new)"
2026-03-09T09:13:52.188427,TX,COM6,0x02053c07,0x2,0x05,0xf,0x0,7,16 00 00 00 00 00 00 00,"TX apiClass=0xf apiIndex=0x0"
2026-03-09T09:13:52.188427,RX,COM6,0x0205b8c7,0x2,0x05,0x2e,0x3,7,3b 04 00 00 f5 15 96 3e,"Status frame 3 (new)"
2026-03-09T09:13:52.189436,RX,COM6,0x0205b907,0x2,0x05,0x2e,0x4,7,00 00 00 00 00 00 00 00,"Status frame 4 (new)"
2026-03-09T09:13:52.190448,RX,COM6,0x0205b947,0x2,0x05,0x2e,0x5,7,00 00 00 00 00 00 00 00,"Status frame 5 (new)"
2026-03-09T09:13:52.191451,HEARTBEAT,COM6,0x01011840,0x1,0x01,0x6,0x1,0,92 7a 00 00 00 10 00 00,"Heartbeat"
2026-03-09T09:13:52.192445,RX,COM6,0x0205b987,0x2,0x05,0x2e,0x6,7,00 00 ff ff 01 00 00 00,"Status frame 6 (new)"
2026-03-09T09:13:52.206469,RX,COM6,0x0205b807,0x2,0x05,0x2e,0x0,7,00 00 4f 0b 00 00 80 00,"Status frame 0 (new)"
2026-03-09T09:13:52.206469,RX,COM6,0x0205b887,0x2,0x05,0x2e,0x2,7,00 00 00 00 00 00 00 00,"Status frame 2 (new)"
2026-03-09T09:13:52.208469,RX,COM6,0x0205b8c7,0x2,0x05,0x2e,0x3,7,3b 00 00 00 47 a0 95 3e,"Status frame 3 (new)"
2026-03-09T09:13:52.208469,RX,COM6,0x0205b907,0x2,0x05,0x2e,0x4,7,00 00 00 00 00 00 00 00,"Status frame 4 (new)"
2026-03-09T09:13:52.210469,RX,COM6,0x0205b947,0x2,0x05,0x2e,0x5,7,00 00 00 00 00 00 00 00,"Status frame 5 (new)"
2026-03-09T09:13:52.212471,HEARTBEAT,COM6,0x01011840,0x1,0x01,0x6,0x1,0,a7 7a 00 00 00 10 00 00,"Heartbeat"
2026-03-09T09:13:52.212471,RX,COM6,0x0205b987,0x2,0x05,0x2e,0x6,7,00 00 ff ff 01 00 00 00,"Status frame 6 (new)"
2026-03-09T09:13:52.226995,RX,COM6,0x0205b807,0x2,0x05,0x2e,0x0,7,00 00 3c 0b 00 00 80 00,"Status frame 0 (new)"
2026-03-09T09:13:52.226995,RX,COM6,0x0205b887,0x2,0x05,0x2e,0x2,7,00 00 00 00 00 00 00 00,"Status frame 2 (new)"
2026-03-09T09:13:52.229502,RX,COM6,0x0205b8c7,0x2,0x05,0x2e,0x3,7,3c 00 00 00 07 97 97 3e,"Status frame 3 (new)"
2026-03-09T09:13:52.229502,RX,COM6,0x0205b907,0x2,0x05,0x2e,0x4,7,00 00 00 00 00 00 00 00,"Status frame 4 (new)"
2026-03-09T09:13:52.230501,HEARTBEAT,COM6,0x01011840,0x1,0x01,0x6,0x1,0,b9 7a 00 00 00 10 00 00,"Heartbeat"
2026-03-09T09:13:52.230501,RX,COM6,0x0205b947,0x2,0x05,0x2e,0x5,7,00 00 00 00 00 00 00 00,"Status frame 5 (new)"
2026-03-09T09:13:52.232500,RX,COM6,0x0205b987,0x2,0x05,0x2e,0x6,7,00 00 ff ff 01 00 00 00,"Status frame 6 (new)"
2026-03-09T09:13:52.246512,RX,COM6,0x0205b807,0x2,0x05,0x2e,0x0,7,00 00 50 0b 00 00 80 00,"Status frame 0 (new)"
2026-03-09T09:13:52.247514,RX,COM6,0x0205b887,0x2,0x05,0x2e,0x2,7,00 00 00 00 00 00 00 00,"Status frame 2 (new)"
2026-03-09T09:13:52.249027,RX,COM6,0x0205b8c7,0x2,0x05,0x2e,0x3,7,3b 00 00 00 3b 39 96 3e,"Status frame 3 (new)"
2026-03-09T09:13:52.249027,RX,COM6,0x0205b907,0x2,0x05,0x2e,0x4,7,00 00 00 00 00 00 00 00,"Status frame 4 (new)"
2026-03-09T09:13:52.251027,RX,COM6,0x0205b947,0x2,0x05,0x2e,0x5,7,00 00 00 00 00 00 00 00,"Status frame 5 (new)"
2026-03-09T09:13:52.251027,HEARTBEAT,COM6,0x01011840,0x1,0x01,0x6,0x1,0,ce 7a 00 00 00 10 00 00,"Heartbeat"
2026-03-09T09:13:52.253031,RX,COM6,0x0205b987,0x2,0x05,0x2e,0x6,7,00 00 ff ff 01 00 00 00,"Status frame 6 (new)"
2026-03-09T09:13:52.267042,RX,COM6,0x0205b807,0x2,0x05,0x2e,0x0,7,00 00 50 0b 00 00 80 00,"Status frame 0 (new)"
2026-03-09T09:13:52.267042,RX,COM6,0x0205b887,0x2,0x05,0x2e,0x2,7,00 00 00 00 00 00 00 00,"Status frame 2 (new)"
2026-03-09T09:13:52.269042,RX,COM6,0x0205b8c7,0x2,0x05,0x2e,0x3,7,3b 00 00 00 6a db 95 3e,"Status frame 3 (new)"
2026-03-09T09:13:52.269042,RX,COM6,0x0205b907,0x2,0x05,0x2e,0x4,7,00 00 00 00 00 00 00 00,"Status frame 4 (new)"
2026-03-09T09:13:52.271049,RX,COM6,0x0205b947,0x2,0x05,0x2e,0x5,7,00 00 00 00 00 00 00 00,"Status frame 5 (new)"
2026-03-09T09:13:52.271049,HEARTBEAT,COM6,0x01011840,0x1,0x01,0x6,0x1,0,e2 7a 00 00 00 10 00 00,"Heartbeat"
2026-03-09T09:13:52.273042,RX,COM6,0x0205b987,0x2,0x05,0x2e,0x6,7,00 00 ff ff 01 00 00 00,"Status frame 6 (new)"
2026-03-09T09:13:52.287051,RX,COM6,0x0205b807,0x2,0x05,0x2e,0x0,7,00 00 4c 0b 00 00 80 00,"Status frame 0 (new)"
2026-03-09T09:13:52.287051,RX,COM6,0x0205b887,0x2,0x05,0x2e,0x2,7,00 00 00 00 00 00 00 00,"Status frame 2 (new)"
2026-03-09T09:13:52.289051,RX,COM6,0x0205b8c7,0x2,0x05,0x2e,0x3,7,3c 00 00 00 69 b4 96 3e,"Status frame 3 (new)"
2026-03-09T09:13:52.289051,RX,COM6,0x0205b907,0x2,0x05,0x2e,0x4,7,00 00 00 00 00 00 00 00,"Status frame 4 (new)"
2026-03-09T09:13:52.291056,RX,COM6,0x0205b947,0x2,0x05,0x2e,0x5,7,00 00 00 00 00 00 00 00,"Status frame 5 (new)"
2026-03-09T09:13:52.291056,HEARTBEAT,COM6,0x01011840,0x1,0x01,0x6,0x1,0,f6 7a 00 00 00 10 00 00,"Heartbeat"
2026-03-09T09:13:52.293063,RX,COM6,0x0205b987,0x2,0x05,0x2e,0x6,7,00 00 ff ff 01 00 00 00,"Status frame 6 (new)"
2026-03-09T09:13:52.307206,RX,COM6,0x0205b807,0x2,0x05,0x2e,0x0,7,00 00 4c 0b 00 00 80 00,"Status frame 0 (new)"
2026-03-09T09:13:52.307206,RX,COM6,0x0205b887,0x2,0x05,0x2e,0x2,7,00 00 00 00 00 00 00 00,"Status frame 2 (new)"
2026-03-09T09:13:52.308206,RX,COM6,0x0205b8c7,0x2,0x05,0x2e,0x3,7,3b 00 00 00 d1 04 96 3e,"Status frame 3 (new)"
2026-03-09T09:13:52.308206,RX,COM6,0x0205b907,0x2,0x05,0x2e,0x4,7,00 00 00 00 00 00 00 00,"Status frame 4 (new)"
2026-03-09T09:13:52.310206,RX,COM6,0x0205b947,0x2,0x05,0x2e,0x5,7,00 00 00 00 00 00 00 00,"Status frame 5 (new)"
2026-03-09T09:13:52.311206,HEARTBEAT,COM6,0x01011840,0x1,0x01,0x6,0x1,0,0a 7b 00 00 00 10 00 00,"Heartbeat"
2026-03-09T09:13:52.312207,RX,COM6,0x0205b987,0x2,0x05,0x2e,0x6,7,00 00 ff ff 01 00 00 00,"Status frame 6 (new)"
2026-03-09T09:13:52.326261,RX,COM6,0x0205b807,0x2,0x05,0x2e,0x0,7,00 00 4a 0b 00 00 80 00,"Status frame 0 (new)"
2026-03-09T09:13:52.326261,RX,COM6,0x0205b887,0x2,0x05,0x2e,0x2,7,00 00 00 00 00 00 00 00,"Status frame 2 (new)"
2026-03-09T09:13:52.328289,RX,COM6,0x0205b8c7,0x2,0x05,0x2e,0x3,7,3c 00 00 00 ce 29 97 3e,"Status frame 3 (new)"
2026-03-09T09:13:52.328289,RX,COM6,0x0205b907,0x2,0x05,0x2e,0x4,7,00 00 00 00 00 00 00 00,"Status frame 4 (new)"
2026-03-09T09:13:52.330300,RX,COM6,0x0205b947,0x2,0x05,0x2e,0x5,7,00 00 00 00 00 00 00 00,"Status frame 5 (new)"
2026-03-09T09:13:52.331290,HEARTBEAT,COM6,0x01011840,0x1,0x01,0x6,0x1,0,1e 7b 00 00 00 10 00 00,"Heartbeat"
2026-03-09T09:13:52.332290,RX,COM6,0x0205b987,0x2,0x05,0x2e,0x6,7,00 00 ff ff 01 00 00 00,"Status frame 6 (new)"
2026-03-09T09:13:52.346797,RX,COM6,0x0205b807,0x2,0x05,0x2e,0x0,7,00 00 4e 0b 00 00 80 00,"Status frame 0 (new)"
2026-03-09T09:13:52.346797,RX,COM6,0x0205b887,0x2,0x05,0x2e,0x2,7,00 00 00 00 00 00 00 00,"Status frame 2 (new)"
2026-03-09T09:13:52.348299,RX,COM6,0x0205b8c7,0x2,0x05,0x2e,0x3,7,3c 00 00 00 81 2f 97 3e,"Status frame 3 (new)"
2026-03-09T09:13:52.348299,RX,COM6,0x0205b907,0x2,0x05,0x2e,0x4,7,00 00 00 00 00 00 00 00,"Status frame 4 (new)"
2026-03-09T09:13:52.350302,RX,COM6,0x0205b947,0x2,0x05,0x2e,0x5,7,00 00 00 00 00 00 00 00,"Status frame 5 (new)"
2026-03-09T09:13:52.351319,HEARTBEAT,COM6,0x01011840,0x1,0x01,0x6,0x1,0,32 7b 00 00 00 10 00 00,"Heartbeat"
2026-03-09T09:13:52.352366,RX,COM6,0x0205b987,0x2,0x05,0x2e,0x6,7,00 00 ff ff 01 00 00 00,"Status frame 6 (new)"
2026-03-09T09:13:52.367111,RX,COM6,0x0205b807,0x2,0x05,0x2e,0x0,7,00 00 4c 0b 00 00 80 00,"Status frame 0 (new)"
2026-03-09T09:13:52.367111,RX,COM6,0x0205b847,0x2,0x05,0x2e,0x1,7,00 00 00 24 00 01 00 00,"Status frame 1 (new)"
2026-03-09T09:13:52.367111,RX,COM6,0x0205b887,0x2,0x05,0x2e,0x2,7,00 00 00 00 00 00 00 00,"Status frame 2 (new)"
2026-03-09T09:13:52.369086,RX,COM6,0x0205b8c7,0x2,0x05,0x2e,0x3,7,3b 00 00 00 0b 72 95 3e,"Status frame 3 (new)"
2026-03-09T09:13:52.369086,RX,COM6,0x0205b907,0x2,0x05,0x2e,0x4,7,00 00 00 00 00 00 00 00,"Status frame 4 (new)"
2026-03-09T09:13:52.371067,RX,COM6,0x0205b947,0x2,0x05,0x2e,0x5,7,00 00 00 00 00 00 00 00,"Status frame 5 (new)"
2026-03-09T09:13:52.371067,HEARTBEAT,COM6,0x01011840,0x1,0x01,0x6,0x1,0,46 7b 00 00 00 10 00 00,"Heartbeat"
2026-03-09T09:13:52.372056,RX,COM6,0x0205b987,0x2,0x05,0x2e,0x6,7,00 00 ff ff 01 00 00 00,"Status frame 6 (new)"
2026-03-09T09:13:52.386655,RX,COM6,0x0205b807,0x2,0x05,0x2e,0x0,7,00 00 4f 0b 00 00 80 00,"Status frame 0 (new)"
2026-03-09T09:13:52.386655,RX,COM6,0x0205b887,0x2,0x05,0x2e,0x2,7,00 00 00 00 00 00 00 00,"Status frame 2 (new)"
2026-03-09T09:13:52.388661,RX,COM6,0x0205b8c7,0x2,0x05,0x2e,0x3,7,3c 00 00 00 d5 50 97 3e,"Status frame 3 (new)"
2026-03-09T09:13:52.388661,RX,COM6,0x0205b907,0x2,0x05,0x2e,0x4,7,00 00 00 00 00 00 00 00,"Status frame 4 (new)"
2026-03-09T09:13:52.390663,RX,COM6,0x0205b947,0x2,0x05,0x2e,0x5,7,00 00 00 00 00 00 00 00,"Status frame 5 (new)"
2026-03-09T09:13:52.391172,HEARTBEAT,COM6,0x01011840,0x1,0x01,0x6,0x1,0,5a 7b 00 00 00 10 00 00,"Heartbeat"
2026-03-09T09:13:52.392177,RX,COM6,0x0205b987,0x2,0x05,0x2e,0x6,7,00 00 ff ff 01 00 00 00,"Status frame 6 (new)"
2026-03-09T09:13:52.406714,RX,COM6,0x0205b807,0x2,0x05,0x2e,0x0,7,00 00 50 0b 00 00 80 00,"Status frame 0 (new)"
2026-03-09T09:13:52.406714,RX,COM6,0x0205b887,0x2,0x05,0x2e,0x2,7,00 00 00 00 00 00 00 00,"Status frame 2 (new)"
2026-03-09T09:13:52.408708,RX,COM6,0x0205b8c7,0x2,0x05,0x2e,0x3,7,3c 00 00 00 f2 92 96 3e,"Status frame 3 (new)"
2026-03-09T09:13:52.409721,RX,COM6,0x0205b907,0x2,0x05,0x2e,0x4,7,00 00 00 00 00 00 00 00,"Status frame 4 (new)"
2026-03-09T09:13:52.411709,RX,COM6,0x0205b947,0x2,0x05,0x2e,0x5,7,00 00 00 00 00 00 00 00,"Status frame 5 (new)"
2026-03-09T09:13:52.411709,HEARTBEAT,COM6,0x01011840,0x1,0x01,0x6,0x1,0,6f 7b 00 00 00 10 00 00,"Heartbeat"
2026-03-09T09:13:52.412732,RX,COM6,0x0205b987,0x2,0x05,0x2e,0x6,7,00 00 ff ff 01 00 00 00,"Status frame 6 (new)"
2026-03-09T09:13:52.427242,RX,COM6,0x0205b807,0x2,0x05,0x2e,0x0,7,00 00 4a 0b 00 00 80 00,"Status frame 0 (new)"
2026-03-09T09:13:52.427242,RX,COM6,0x0205b887,0x2,0x05,0x2e,0x2,7,00 00 00 00 00 00 00 00,"Status frame 2 (new)"
2026-03-09T09:13:52.428720,RX,COM6,0x0205b8c7,0x2,0x05,0x2e,0x3,7,3c 00 00 00 bb ac 96 3e,"Status frame 3 (new)"
2026-03-09T09:13:52.428720,RX,COM6,0x0205b907,0x2,0x05,0x2e,0x4,7,00 00 00 00 00 00 00 00,"Status frame 4 (new)"
2026-03-09T09:13:52.430716,HEARTBEAT,COM6,0x01011840,0x1,0x01,0x6,0x1,0,81 7b 00 00 00 10 00 00,"Heartbeat"
2026-03-09T09:13:52.430716,RX,COM6,0x0205b947,0x2,0x05,0x2e,0x5,7,00 00 00 00 00 00 00 00,"Status frame 5 (new)"
2026-03-09T09:13:52.432716,RX,COM6,0x0205b987,0x2,0x05,0x2e,0x6,7,00 00 ff ff 01 00 00 00,"Status frame 6 (new)"
2026-03-09T09:13:52.446770,RX,COM6,0x0205b807,0x2,0x05,0x2e,0x0,7,00 00 4f 0b 00 00 80 00,"Status frame 0 (new)"
2026-03-09T09:13:52.446770,RX,COM6,0x0205b887,0x2,0x05,0x2e,0x2,7,00 00 00 00 00 00 00 00,"Status frame 2 (new)"
2026-03-09T09:13:52.448315,RX,COM6,0x0205b8c7,0x2,0x05,0x2e,0x3,7,3c 00 00 00 2f fd 96 3e,"Status frame 3 (new)"
2026-03-09T09:13:52.448315,RX,COM6,0x0205b907,0x2,0x05,0x2e,0x4,7,00 00 00 00 00 00 00 00,"Status frame 4 (new)"
2026-03-09T09:13:52.450332,RX,COM6,0x0205b947,0x2,0x05,0x2e,0x5,7,00 00 00 00 00 00 00 00,"Status frame 5 (new)"
2026-03-09T09:13:52.451855,HEARTBEAT,COM6,0x01011840,0x1,0x01,0x6,0x1,0,97 7b 00 00 00 10 00 00,"Heartbeat"
2026-03-09T09:13:52.452872,RX,COM6,0x0205b987,0x2,0x05,0x2e,0x6,7,00 00 ff ff 01 00 00 00,"Status frame 6 (new)"
2026-03-09T09:13:52.466412,RX,COM6,0x0205b807,0x2,0x05,0x2e,0x0,7,00 00 53 0b 00 00 80 00,"Status frame 0 (new)"
2026-03-09T09:13:52.467422,RX,COM6,0x0205b887,0x2,0x05,0x2e,0x2,7,00 00 00 00 00 00 00 00,"Status frame 2 (new)"
2026-03-09T09:13:52.468960,RX,COM6,0x0205b8c7,0x2,0x05,0x2e,0x3,7,3c 00 00 00 cc 5b 97 3e,"Status frame 3 (new)"
2026-03-09T09:13:52.468960,RX,COM6,0x0205b907,0x2,0x05,0x2e,0x4,7,00 00 00 00 00 00 00 00,"Status frame 4 (new)"
2026-03-09T09:13:52.470960,HEARTBEAT,COM6,0x01011840,0x1,0x01,0x6,0x1,0,aa 7b 00 00 00 10 00 00,"Heartbeat"
2026-03-09T09:13:52.470960,RX,COM6,0x0205b947,0x2,0x05,0x2e,0x5,7,00 00 00 00 00 00 00 00,"Status frame 5 (new)"
2026-03-09T09:13:52.472965,RX,COM6,0x0205b987,0x2,0x05,0x2e,0x6,7,00 00 ff ff 01 00 00 00,"Status frame 6 (new)"
2026-03-09T09:13:52.486490,RX,COM6,0x0205b807,0x2,0x05,0x2e,0x0,7,00 00 4f 0b 00 00 80 00,"Status frame 0 (new)"
2026-03-09T09:13:52.486490,RX,COM6,0x0205b887,0x2,0x05,0x2e,0x2,7,00 00 00 00 00 00 00 00,"Status frame 2 (new)"
2026-03-09T09:13:52.489022,RX,COM6,0x0205b8c7,0x2,0x05,0x2e,0x3,7,3b 00 00 00 f8 01 95 3e,"Status frame 3 (new)"
2026-03-09T09:13:52.489022,RX,COM6,0x0205b907,0x2,0x05,0x2e,0x4,7,00 00 00 00 00 00 00 00,"Status frame 4 (new)"
2026-03-09T09:13:52.491060,RX,COM6,0x0205b947,0x2,0x05,0x2e,0x5,7,00 00 00 00 00 00 00 00,"Status frame 5 (new)"
2026-03-09T09:13:52.491060,HEARTBEAT,COM6,0x01011840,0x1,0x01,0x6,0x1,0,be 7b 00 00 00 10 00 00,"Heartbeat"
2026-03-09T09:13:52.492184,RX,COM6,0x0205b987,0x2,0x05,0x2e,0x6,7,00 00 ff ff 01 00 00 00,"Status frame 6 (new)"
2026-03-09T09:13:52.506188,RX,COM6,0x0205b807,0x2,0x05,0x2e,0x0,7,00 00 50 0b 00 00 80 00,"Status frame 0 (new)"
2026-03-09T09:13:52.507188,RX,COM6,0x0205b887,0x2,0x05,0x2e,0x2,7,00 00 00 00 00 00 00 00,"Status frame 2 (new)"
2026-03-09T09:13:52.508702,RX,COM6,0x0205b8c7,0x2,0x05,0x2e,0x3,7,3b 00 00 00 75 3f 96 3e,"Status frame 3 (new)"
2026-03-09T09:13:52.508702,RX,COM6,0x0205b907,0x2,0x05,0x2e,0x4,7,00 00 00 00 00 00 00 00,"Status frame 4 (new)"
2026-03-09T09:13:52.510719,RX,COM6,0x0205b947,0x2,0x05,0x2e,0x5,7,00 00 00 00 00 00 00 00,"Status frame 5 (new)"
2026-03-09T09:13:52.511719,HEARTBEAT,COM6,0x01011840,0x1,0x01,0x6,0x1,0,d2 7b 00 00 00 10 00 00,"Heartbeat"
2026-03-09T09:13:52.512719,RX,COM6,0x0205b987,0x2,0x05,0x2e,0x6,7,00 00 ff ff 01 00 00 00,"Status frame 6 (new)"
2026-03-09T09:13:52.527248,RX,COM6,0x0205b807,0x2,0x05,0x2e,0x0,7,00 00 54 0b 00 00 80 00,"Status frame 0 (new)"
2026-03-09T09:13:52.527248,RX,COM6,0x0205b887,0x2,0x05,0x2e,0x2,7,00 00 00 00 00 00 00 00,"Status frame 2 (new)"
2026-03-09T09:13:52.528768,RX,COM6,0x0205b8c7,0x2,0x05,0x2e,0x3,7,3c 00 00 00 af ae 97 3e,"Status frame 3 (new)"
2026-03-09T09:13:52.528768,RX,COM6,0x0205b907,0x2,0x05,0x2e,0x4,7,00 00 00 00 00 00 00 00,"Status frame 4 (new)"
2026-03-09T09:13:52.530304,RX,COM6,0x0205b947,0x2,0x05,0x2e,0x5,7,00 00 00 00 00 00 00 00,"Status frame 5 (new)"
2026-03-09T09:13:52.531313,HEARTBEAT,COM6,0x01011840,0x1,0x01,0x6,0x1,0,e6 7b 00 00 00 10 00 00,"Heartbeat"
2026-03-09T09:13:52.532312,RX,COM6,0x0205b987,0x2,0x05,0x2e,0x6,7,00 00 ff ff 01 00 00 00,"Status frame 6 (new)"
2026-03-09T09:13:52.546385,RX,COM6,0x0205b807,0x2,0x05,0x2e,0x0,7,00 00 51 0b 00 00 80 00,"Status frame 0 (new)"
2026-03-09T09:13:52.546385,RX,COM6,0x0205b887,0x2,0x05,0x2e,0x2,7,00 00 00 00 00 00 00 00,"Status frame 2 (new)"
2026-03-09T09:13:52.548919,RX,COM6,0x0205b8c7,0x2,0x05,0x2e,0x3,7,38 00 00 00 3b 80 8c 3e,"Status frame 3 (new)"
2026-03-09T09:13:52.548919,RX,COM6,0x0205b907,0x2,0x05,0x2e,0x4,7,00 00 00 00 00 00 00 00,"Status frame 4 (new)"
2026-03-09T09:13:52.550430,RX,COM6,0x0205b947,0x2,0x05,0x2e,0x5,7,00 00 00 00 00 00 00 00,"Status frame 5 (new)"
2026-03-09T09:13:52.551434,HEARTBEAT,COM6,0x01011840,0x1,0x01,0x6,0x1,0,fa 7b 00 00 00 10 00 00,"Heartbeat"
2026-03-09T09:13:52.552446,RX,COM6,0x0205b987,0x2,0x05,0x2e,0x6,7,00 00 ff ff 01 00 00 00,"Status frame 6 (new)"
2026-03-09T09:13:52.566981,RX,COM6,0x0205b807,0x2,0x05,0x2e,0x0,7,00 00 4a 0b 00 00 80 00,"Status frame 0 (new)"
2026-03-09T09:13:52.566981,RX,COM6,0x0205b887,0x2,0x05,0x2e,0x2,7,00 00 00 00 00 00 00 00,"Status frame 2 (new)"
2026-03-09T09:13:52.568973,RX,COM6,0x0205b8c7,0x2,0x05,0x2e,0x3,7,39 00 00 00 fa 17 91 3e,"Status frame 3 (new)"
2026-03-09T09:13:52.568973,RX,COM6,0x0205b907,0x2,0x05,0x2e,0x4,7,00 00 00 00 00 00 00 00,"Status frame 4 (new)"
2026-03-09T09:13:52.570503,RX,COM6,0x0205b947,0x2,0x05,0x2e,0x5,7,00 00 00 00 00 00 00 00,"Status frame 5 (new)"
2026-03-09T09:13:52.571514,HEARTBEAT,COM6,0x01011840,0x1,0x01,0x6,0x1,0,0e 7c 00 00 00 10 00 00,"Heartbeat"
2026-03-09T09:13:52.572528,RX,COM6,0x0205b987,0x2,0x05,0x2e,0x6,7,00 00 ff ff 01 00 00 00,"Status frame 6 (new)"
2026-03-09T09:13:52.586573,RX,COM6,0x0205b807,0x2,0x05,0x2e,0x0,7,00 00 4e 0b 00 00 80 00,"Status frame 0 (new)"
2026-03-09T09:13:52.586573,RX,COM6,0x0205b887,0x2,0x05,0x2e,0x2,7,00 00 00 00 00 00 00 00,"Status frame 2 (new)"
2026-03-09T09:13:52.588584,RX,COM6,0x0205b8c7,0x2,0x05,0x2e,0x3,7,39 00 00 00 57 ce 90 3e,"Status frame 3 (new)"
2026-03-09T09:13:52.588584,RX,COM6,0x0205b907,0x2,0x05,0x2e,0x4,7,00 00 00 00 00 00 00 00,"Status frame 4 (new)"
2026-03-09T09:13:52.589573,RX,COM6,0x0205b947,0x2,0x05,0x2e,0x5,7,00 00 00 00 00 00 00 00,"Status frame 5 (new)"
2026-03-09T09:13:52.591131,HEARTBEAT,COM6,0x01011840,0x1,0x01,0x6,0x1,0,22 7c 00 00 00 10 00 00,"Heartbeat"
2026-03-09T09:13:52.592103,RX,COM6,0x0205b987,0x2,0x05,0x2e,0x6,7,00 00 ff ff 01 00 00 00,"Status frame 6 (new)"
2026-03-09T09:13:52.607094,RX,COM6,0x0205b807,0x2,0x05,0x2e,0x0,7,00 00 52 0b 00 00 80 00,"Status frame 0 (new)"
2026-03-09T09:13:52.607094,RX,COM6,0x0205b887,0x2,0x05,0x2e,0x2,7,00 00 00 00 00 00 00 00,"Status frame 2 (new)"
2026-03-09T09:13:52.609094,RX,COM6,0x0205b8c7,0x2,0x05,0x2e,0x3,7,3a 00 00 00 c6 54 92 3e,"Status frame 3 (new)"
2026-03-09T09:13:52.609094,RX,COM6,0x0205b907,0x2,0x05,0x2e,0x4,7,00 00 00 00 00 00 00 00,"Status frame 4 (new)"
2026-03-09T09:13:52.610110,RX,COM6,0x0205b947,0x2,0x05,0x2e,0x5,7,00 00 00 00 00 00 00 00,"Status frame 5 (new)"
2026-03-09T09:13:52.612095,HEARTBEAT,COM6,0x01011840,0x1,0x01,0x6,0x1,0,37 7c 00 00 00 10 00 00,"Heartbeat"
2026-03-09T09:13:52.612601,RX,COM6,0x0205b987,0x2,0x05,0x2e,0x6,7,00 00 ff ff 01 00 00 00,"Status frame 6 (new)"
2026-03-09T09:13:52.616614,RX,COM6,0x0205b847,0x2,0x05,0x2e,0x1,7,00 00 00 24 00 01 00 00,"Status frame 1 (new)"
2026-03-09T09:13:52.625613,RX,COM6,0x0205b807,0x2,0x05,0x2e,0x0,7,00 00 4e 0b 00 00 80 00,"Status frame 0 (new)"
2026-03-09T09:13:52.627209,RX,COM6,0x0205b887,0x2,0x05,0x2e,0x2,7,00 00 00 00 00 00 00 00,"Status frame 2 (new)"
2026-03-09T09:13:52.628124,RX,COM6,0x0205b8c7,0x2,0x05,0x2e,0x3,7,3a 00 00 00 fd 45 92 3e,"Status frame 3 (new)"
2026-03-09T09:13:52.629123,RX,COM6,0x0205b907,0x2,0x05,0x2e,0x4,7,00 00 00 00 00 00 00 00,"Status frame 4 (new)"
2026-03-09T09:13:52.630140,RX,COM6,0x0205b947,0x2,0x05,0x2e,0x5,7,00 00 00 00 00 00 00 00,"Status frame 5 (new)"
2026-03-09T09:13:52.631125,HEARTBEAT,COM6,0x01011840,0x1,0x01,0x6,0x1,0,4a 7c 00 00 00 10 00 00,"Heartbeat"
2026-03-09T09:13:52.632140,RX,COM6,0x0205b987,0x2,0x05,0x2e,0x6,7,00 00 ff ff 01 00 00 00,"Status frame 6 (new)"
2026-03-09T09:13:52.646671,RX,COM6,0x0205b807,0x2,0x05,0x2e,0x0,7,00 00 55 0b 00 00 80 00,"Status frame 0 (new)"
2026-03-09T09:13:52.646671,RX,COM6,0x0205b887,0x2,0x05,0x2e,0x2,7,00 00 00 00 00 00 00 00,"Status frame 2 (new)"
2026-03-09T09:13:52.648361,RX,COM6,0x0205b8c7,0x2,0x05,0x2e,0x3,7,3a 00 00 00 67 ca 91 3e,"Status frame 3 (new)"
2026-03-09T09:13:52.648361,RX,COM6,0x0205b907,0x2,0x05,0x2e,0x4,7,00 00 00 00 00 00 00 00,"Status frame 4 (new)"
2026-03-09T09:13:52.650208,RX,COM6,0x0205b947,0x2,0x05,0x2e,0x5,7,00 00 00 00 00 00 00 00,"Status frame 5 (new)"
2026-03-09T09:13:52.651199,HEARTBEAT,COM6,0x01011840,0x1,0x01,0x6,0x1,0,5e 7c 00 00 00 10 00 00,"Heartbeat"
2026-03-09T09:13:52.652209,RX,COM6,0x0205b987,0x2,0x05,0x2e,0x6,7,00 00 ff ff 01 00 00 00,"Status frame 6 (new)"
2026-03-09T09:13:52.666740,RX,COM6,0x0205b807,0x2,0x05,0x2e,0x0,7,00 00 1c 0b 00 00 80 00,"Status frame 0 (new)"
2026-03-09T09:13:52.666740,RX,COM6,0x0205b887,0x2,0x05,0x2e,0x2,7,00 00 00 00 00 00 00 00,"Status frame 2 (new)"
2026-03-09T09:13:52.667734,RX,COM6,0x0205b8c7,0x2,0x05,0x2e,0x3,7,3a 00 00 00 6e 44 92 3e,"Status frame 3 (new)"
2026-03-09T09:13:52.667734,RX,COM6,0x0205b907,0x2,0x05,0x2e,0x4,7,00 00 00 00 00 00 00 00,"Status frame 4 (new)"
2026-03-09T09:13:52.670255,RX,COM6,0x0205b947,0x2,0x05,0x2e,0x5,7,00 00 00 00 00 00 00 00,"Status frame 5 (new)"
2026-03-09T09:13:52.671251,HEARTBEAT,COM6,0x01011840,0x1,0x01,0x6,0x1,0,72 7c 00 00 00 10 00 00,"Heartbeat"
2026-03-09T09:13:52.672259,RX,COM6,0x0205b987,0x2,0x05,0x2e,0x6,7,00 00 ff ff 01 00 00 00,"Status frame 6 (new)"
2026-03-09T09:13:52.687052,RX,COM6,0x0205b807,0x2,0x05,0x2e,0x0,7,00 00 52 0b 00 00 80 00,"Status frame 0 (new)"
2026-03-09T09:13:52.687052,RX,COM6,0x0205b887,0x2,0x05,0x2e,0x2,7,00 00 00 00 00 00 00 00,"Status frame 2 (new)"
2026-03-09T09:13:52.689053,RX,COM6,0x0205b8c7,0x2,0x05,0x2e,0x3,7,3a 04 00 00 2d f9 91 3e,"Status frame 3 (new)"
2026-03-09T09:13:52.689053,RX,COM6,0x0205b907,0x2,0x05,0x2e,0x4,7,00 00 00 00 00 00 00 00,"Status frame 4 (new)"
2026-03-09T09:13:52.690575,TX,COM6,0x02053c07,0x2,0x05,0xf,0x0,7,17 00 00 00 00 00 00 00,"TX apiClass=0xf apiIndex=0x0"
2026-03-09T09:13:52.690575,HEARTBEAT,COM6,0x01011840,0x1,0x01,0x6,0x1,0,85 7c 00 00 00 10 00 00,"Heartbeat"
2026-03-09T09:13:52.690575,RX,COM6,0x0205b947,0x2,0x05,0x2e,0x5,7,00 00 00 00 00 00 00 00,"Status frame 5 (new)"
2026-03-09T09:13:52.692590,RX,COM6,0x0205b987,0x2,0x05,0x2e,0x6,7,00 00 ff ff 01 00 00 00,"Status frame 6 (new)"
2026-03-09T09:13:52.707141,RX,COM6,0x0205b807,0x2,0x05,0x2e,0x0,7,00 00 4d 0b 00 00 80 00,"Status frame 0 (new)"
2026-03-09T09:13:52.707141,RX,COM6,0x0205b887,0x2,0x05,0x2e,0x2,7,00 00 00 00 00 00 00 00,"Status frame 2 (new)"
2026-03-09T09:13:52.708127,RX,COM6,0x0205b8c7,0x2,0x05,0x2e,0x3,7,3a 04 00 00 7b ea 92 3e,"Status frame 3 (new)"
2026-03-09T09:13:52.709127,RX,COM6,0x0205b907,0x2,0x05,0x2e,0x4,7,00 00 00 00 00 00 00 00,"Status frame 4 (new)"
2026-03-09T09:13:52.710127,RX,COM6,0x0205b947,0x2,0x05,0x2e,0x5,7,00 00 00 00 00 00 00 00,"Status frame 5 (new)"
2026-03-09T09:13:52.711123,HEARTBEAT,COM6,0x01011840,0x1,0x01,0x6,0x1,0,9a 7c 00 00 00 10 00 00,"Heartbeat"
2026-03-09T09:13:52.712133,RX,COM6,0x0205b987,0x2,0x05,0x2e,0x6,7,00 00 ff ff 01 00 00 00,"Status frame 6 (new)"
2026-03-09T09:13:52.727162,RX,COM6,0x0205b807,0x2,0x05,0x2e,0x0,7,00 00 4e 0b 00 00 80 00,"Status frame 0 (new)"
2026-03-09T09:13:52.727162,RX,COM6,0x0205b887,0x2,0x05,0x2e,0x2,7,00 00 00 00 00 00 00 00,"Status frame 2 (new)"
2026-03-09T09:13:52.728323,RX,COM6,0x0205b8c7,0x2,0x05,0x2e,0x3,7,3a 00 00 00 41 58 92 3e,"Status frame 3 (new)"
2026-03-09T09:13:52.729324,RX,COM6,0x0205b907,0x2,0x05,0x2e,0x4,7,00 00 00 00 00 00 00 00,"Status frame 4 (new)"
2026-03-09T09:13:52.730357,RX,COM6,0x0205b947,0x2,0x05,0x2e,0x5,7,00 00 00 00 00 00 00 00,"Status frame 5 (new)"
2026-03-09T09:13:52.731327,HEARTBEAT,COM6,0x01011840,0x1,0x01,0x6,0x1,0,ae 7c 00 00 00 10 00 00,"Heartbeat"
2026-03-09T09:13:52.732326,RX,COM6,0x0205b987,0x2,0x05,0x2e,0x6,7,00 00 ff ff 01 00 00 00,"Status frame 6 (new)"
2026-03-09T09:13:52.746869,RX,COM6,0x0205b807,0x2,0x05,0x2e,0x0,7,00 00 49 0b 00 00 80 00,"Status frame 0 (new)"
2026-03-09T09:13:52.746869,RX,COM6,0x0205b887,0x2,0x05,0x2e,0x2,7,00 00 00 00 00 00 00 00,"Status frame 2 (new)"
2026-03-09T09:13:52.748403,RX,COM6,0x0205b8c7,0x2,0x05,0x2e,0x3,7,3a 00 00 00 14 da 91 3e,"Status frame 3 (new)"
2026-03-09T09:13:52.748403,RX,COM6,0x0205b907,0x2,0x05,0x2e,0x4,7,00 00 00 00 00 00 00 00,"Status frame 4 (new)"
2026-03-09T09:13:52.750422,RX,COM6,0x0205b947,0x2,0x05,0x2e,0x5,7,00 00 00 00 00 00 00 00,"Status frame 5 (new)"
2026-03-09T09:13:52.751416,HEARTBEAT,COM6,0x01011840,0x1,0x01,0x6,0x1,0,c2 7c 00 00 00 10 00 00,"Heartbeat"
2026-03-09T09:13:52.752431,RX,COM6,0x0205b987,0x2,0x05,0x2e,0x6,7,00 00 ff ff 01 00 00 00,"Status frame 6 (new)"
2026-03-09T09:13:52.766483,RX,COM6,0x0205b807,0x2,0x05,0x2e,0x0,7,00 00 04 0b 00 00 80 00,"Status frame 0 (new)"
2026-03-09T09:13:52.766483,RX,COM6,0x0205b887,0x2,0x05,0x2e,0x2,7,00 00 00 00 00 00 00 00,"Status frame 2 (new)"
2026-03-09T09:13:52.768500,RX,COM6,0x0205b8c7,0x2,0x05,0x2e,0x3,7,3a 04 00 00 08 a3 93 3e,"Status frame 3 (new)"
2026-03-09T09:13:52.768500,RX,COM6,0x0205b907,0x2,0x05,0x2e,0x4,7,00 00 00 00 00 00 00 00,"Status frame 4 (new)"
2026-03-09T09:13:52.770496,RX,COM6,0x0205b947,0x2,0x05,0x2e,0x5,7,00 00 00 00 00 00 00 00,"Status frame 5 (new)"
2026-03-09T09:13:52.772496,HEARTBEAT,COM6,0x01011840,0x1,0x01,0x6,0x1,0,d7 7c 00 00 00 10 00 00,"Heartbeat"
2026-03-09T09:13:52.772496,RX,COM6,0x0205b987,0x2,0x05,0x2e,0x6,7,00 00 ff ff 01 00 00 00,"Status frame 6 (new)"
2026-03-09T09:13:52.787063,RX,COM6,0x0205b807,0x2,0x05,0x2e,0x0,7,00 00 41 0b 00 00 80 00,"Status frame 0 (new)"
2026-03-09T09:13:52.787063,RX,COM6,0x0205b887,0x2,0x05,0x2e,0x2,7,00 00 00 00 00 00 00 00,"Status frame 2 (new)"
2026-03-09T09:13:52.789067,RX,COM6,0x0205b8c7,0x2,0x05,0x2e,0x3,7,3a 04 00 00 52 fd 91 3e,"Status frame 3 (new)"
2026-03-09T09:13:52.789067,RX,COM6,0x0205b907,0x2,0x05,0x2e,0x4,7,00 00 00 00 00 00 00 00,"Status frame 4 (new)"
2026-03-09T09:13:52.790069,RX,COM6,0x0205b947,0x2,0x05,0x2e,0x5,7,00 00 00 00 00 00 00 00,"Status frame 5 (new)"
2026-03-09T09:13:52.791575,HEARTBEAT,COM6,0x01011840,0x1,0x01,0x6,0x1,0,ea 7c 00 00 00 10 00 00,"Heartbeat"
2026-03-09T09:13:52.792580,RX,COM6,0x0205b987,0x2,0x05,0x2e,0x6,7,00 00 ff ff 01 00 00 00,"Status frame 6 (new)"
2026-03-09T09:13:52.807155,RX,COM6,0x0205b807,0x2,0x05,0x2e,0x0,7,00 00 46 0b 00 00 80 00,"Status frame 0 (new)"
2026-03-09T09:13:52.807155,RX,COM6,0x0205b887,0x2,0x05,0x2e,0x2,7,00 00 00 00 00 00 00 00,"Status frame 2 (new)"
2026-03-09T09:13:52.808150,RX,COM6,0x0205b8c7,0x2,0x05,0x2e,0x3,7,3a 04 00 00 63 6a 92 3e,"Status frame 3 (new)"
2026-03-09T09:13:52.809129,RX,COM6,0x0205b907,0x2,0x05,0x2e,0x4,7,00 00 00 00 00 00 00 00,"Status frame 4 (new)"
2026-03-09T09:13:52.810142,RX,COM6,0x0205b947,0x2,0x05,0x2e,0x5,7,00 00 00 00 00 00 00 00,"Status frame 5 (new)"
2026-03-09T09:13:52.811129,HEARTBEAT,COM6,0x01011840,0x1,0x01,0x6,0x1,0,fe 7c 00 00 00 10 00 00,"Heartbeat"
2026-03-09T09:13:52.813151,RX,COM6,0x0205b987,0x2,0x05,0x2e,0x6,7,00 00 ff ff 01 00 00 00,"Status frame 6 (new)"
2026-03-09T09:13:52.827186,RX,COM6,0x0205b807,0x2,0x05,0x2e,0x0,7,00 00 45 0b 00 00 80 00,"Status frame 0 (new)"
2026-03-09T09:13:52.827263,RX,COM6,0x0205b887,0x2,0x05,0x2e,0x2,7,00 00 00 00 00 00 00 00,"Status frame 2 (new)"
2026-03-09T09:13:52.828191,RX,COM6,0x0205b8c7,0x2,0x05,0x2e,0x3,7,3a 00 00 00 c4 73 92 3e,"Status frame 3 (new)"
2026-03-09T09:13:52.829190,RX,COM6,0x0205b907,0x2,0x05,0x2e,0x4,7,00 00 00 00 00 00 00 00,"Status frame 4 (new)"
2026-03-09T09:13:52.830215,RX,COM6,0x0205b947,0x2,0x05,0x2e,0x5,7,00 00 00 00 00 00 00 00,"Status frame 5 (new)"
2026-03-09T09:13:52.831192,HEARTBEAT,COM6,0x01011840,0x1,0x01,0x6,0x1,0,12 7d 00 00 00 10 00 00,"Heartbeat"
2026-03-09T09:13:52.832191,RX,COM6,0x0205b987,0x2,0x05,0x2e,0x6,7,00 00 ff ff 01 00 00 00,"Status frame 6 (new)"
2026-03-09T09:13:52.846272,RX,COM6,0x0205b807,0x2,0x05,0x2e,0x0,7,00 00 46 0b 00 00 80 00,"Status frame 0 (new)"
2026-03-09T09:13:52.847271,RX,COM6,0x0205b887,0x2,0x05,0x2e,0x2,7,00 00 00 00 00 00 00 00,"Status frame 2 (new)"
2026-03-09T09:13:52.848804,RX,COM6,0x0205b8c7,0x2,0x05,0x2e,0x3,7,3a 04 00 00 d5 09 93 3e,"Status frame 3 (new)"
2026-03-09T09:13:52.848804,RX,COM6,0x0205b907,0x2,0x05,0x2e,0x4,7,00 00 00 00 00 00 00 00,"Status frame 4 (new)"
2026-03-09T09:13:52.850820,HEARTBEAT,COM6,0x01011840,0x1,0x01,0x6,0x1,0,25 7d 00 00 00 10 00 00,"Heartbeat"
2026-03-09T09:13:52.850820,RX,COM6,0x0205b947,0x2,0x05,0x2e,0x5,7,00 00 00 00 00 00 00 00,"Status frame 5 (new)"
2026-03-09T09:13:52.852956,RX,COM6,0x0205b987,0x2,0x05,0x2e,0x6,7,00 00 ff ff 01 00 00 00,"Status frame 6 (new)"
2026-03-09T09:13:52.866455,RX,COM6,0x0205b807,0x2,0x05,0x2e,0x0,7,00 00 1e 0b 00 00 80 00,"Status frame 0 (new)"
2026-03-09T09:13:52.866455,RX,COM6,0x0205b847,0x2,0x05,0x2e,0x1,7,00 00 00 24 00 01 00 00,"Status frame 1 (new)"
2026-03-09T09:13:52.866455,RX,COM6,0x0205b887,0x2,0x05,0x2e,0x2,7,00 00 00 00 00 00 00 00,"Status frame 2 (new)"
2026-03-09T09:13:52.868457,RX,COM6,0x0205b8c7,0x2,0x05,0x2e,0x3,7,39 00 00 00 02 4e 91 3e,"Status frame 3 (new)"
2026-03-09T09:13:52.869455,RX,COM6,0x0205b907,0x2,0x05,0x2e,0x4,7,00 00 00 00 00 00 00 00,"Status frame 4 (new)"
2026-03-09T09:13:52.869455,RX,COM6,0x0205bc07,0x2,0x05,0x2f,0x0,7,12 e2 2e be 00 00 00 00,"DATA apiClass=0x2f apiIndex=0x0"
2026-03-09T09:13:52.870456,RX,COM6,0x0205b947,0x2,0x05,0x2e,0x5,7,00 00 00 00 00 00 00 00,"Status frame 5 (new)"
2026-03-09T09:13:52.871459,HEARTBEAT,COM6,0x01011840,0x1,0x01,0x6,0x1,0,3a 7d 00 00 00 10 00 00,"Heartbeat"
2026-03-09T09:13:52.872455,RX,COM6,0x0205b987,0x2,0x05,0x2e,0x6,7,00 00 ff ff 01 00 00 00,"Status frame 6 (new)"
2026-03-09T09:13:52.886529,RX,COM6,0x0205b807,0x2,0x05,0x2e,0x0,7,00 00 46 0b 00 00 80 00,"Status frame 0 (new)"
2026-03-09T09:13:52.886529,RX,COM6,0x0205b887,0x2,0x05,0x2e,0x2,7,00 00 00 00 00 00 00 00,"Status frame 2 (new)"
2026-03-09T09:13:52.888529,RX,COM6,0x0205b8c7,0x2,0x05,0x2e,0x3,7,3b 04 00 00 fb 14 94 3e,"Status frame 3 (new)"
2026-03-09T09:13:52.889536,RX,COM6,0x0205b907,0x2,0x05,0x2e,0x4,7,00 00 00 00 00 00 00 00,"Status frame 4 (new)"
2026-03-09T09:13:52.890523,RX,COM6,0x0205b947,0x2,0x05,0x2e,0x5,7,00 00 00 00 00 00 00 00,"Status frame 5 (new)"
2026-03-09T09:13:52.891543,HEARTBEAT,COM6,0x01011840,0x1,0x01,0x6,0x1,0,4e 7d 00 00 00 10 00 00,"Heartbeat"
2026-03-09T09:13:52.892537,RX,COM6,0x0205b987,0x2,0x05,0x2e,0x6,7,00 00 ff ff 01 00 00 00,"Status frame 6 (new)"
2026-03-09T09:13:52.906593,RX,COM6,0x0205b807,0x2,0x05,0x2e,0x0,7,00 00 43 0b 00 00 80 00,"Status frame 0 (new)"
2026-03-09T09:13:52.906593,RX,COM6,0x0205b887,0x2,0x05,0x2e,0x2,7,00 00 00 00 00 00 00 00,"Status frame 2 (new)"
2026-03-09T09:13:52.908594,RX,COM6,0x0205b8c7,0x2,0x05,0x2e,0x3,7,3a 04 00 00 2d 61 92 3e,"Status frame 3 (new)"
2026-03-09T09:13:52.908594,RX,COM6,0x0205b907,0x2,0x05,0x2e,0x4,7,00 00 00 00 00 00 00 00,"Status frame 4 (new)"
2026-03-09T09:13:52.910595,HEARTBEAT,COM6,0x01011840,0x1,0x01,0x6,0x1,0,61 7d 00 00 00 10 00 00,"Heartbeat"
2026-03-09T09:13:52.910595,RX,COM6,0x0205b947,0x2,0x05,0x2e,0x5,7,00 00 00 00 00 00 00 00,"Status frame 5 (new)"
2026-03-09T09:13:52.912599,RX,COM6,0x0205b987,0x2,0x05,0x2e,0x6,7,00 00 ff ff 01 00 00 00,"Status frame 6 (new)"
2026-03-09T09:13:52.926840,RX,COM6,0x0205b807,0x2,0x05,0x2e,0x0,7,00 00 43 0b 00 00 80 00,"Status frame 0 (new)"
2026-03-09T09:13:52.926840,RX,COM6,0x0205b887,0x2,0x05,0x2e,0x2,7,00 00 00 00 00 00 00 00,"Status frame 2 (new)"
2026-03-09T09:13:52.929043,RX,COM6,0x0205b8c7,0x2,0x05,0x2e,0x3,7,3a 04 00 00 10 95 91 3e,"Status frame 3 (new)"
2026-03-09T09:13:52.929043,RX,COM6,0x0205b907,0x2,0x05,0x2e,0x4,7,00 00 00 00 00 00 00 00,"Status frame 4 (new)"
2026-03-09T09:13:52.930050,RX,COM6,0x0205b947,0x2,0x05,0x2e,0x5,7,00 00 00 00 00 00 00 00,"Status frame 5 (new)"
2026-03-09T09:13:52.931035,HEARTBEAT,COM6,0x01011840,0x1,0x01,0x6,0x1,0,76 7d 00 00 00 10 00 00,"Heartbeat"
2026-03-09T09:13:52.932037,RX,COM6,0x0205b987,0x2,0x05,0x2e,0x6,7,00 00 ff ff 01 00 00 00,"Status frame 6 (new)"
2026-03-09T09:13:52.946572,RX,COM6,0x0205b807,0x2,0x05,0x2e,0x0,7,00 00 41 0b 00 00 80 00,"Status frame 0 (new)"
2026-03-09T09:13:52.946572,RX,COM6,0x0205b887,0x2,0x05,0x2e,0x2,7,00 00 00 00 00 00 00 00,"Status frame 2 (new)"
2026-03-09T09:13:52.949078,RX,COM6,0x0205b8c7,0x2,0x05,0x2e,0x3,7,3a 00 00 00 c3 f1 92 3e,"Status frame 3 (new)"
2026-03-09T09:13:52.949274,RX,COM6,0x0205b907,0x2,0x05,0x2e,0x4,7,00 00 00 00 00 00 00 00,"Status frame 4 (new)"
2026-03-09T09:13:52.950294,RX,COM6,0x0205b947,0x2,0x05,0x2e,0x5,7,00 00 00 00 00 00 00 00,"Status frame 5 (new)"
2026-03-09T09:13:52.951312,HEARTBEAT,COM6,0x01011840,0x1,0x01,0x6,0x1,0,8a 7d 00 00 00 10 00 00,"Heartbeat"
2026-03-09T09:13:52.952305,RX,COM6,0x0205b987,0x2,0x05,0x2e,0x6,7,00 00 ff ff 01 00 00 00,"Status frame 6 (new)"
2026-03-09T09:13:52.966821,RX,COM6,0x0205b807,0x2,0x05,0x2e,0x0,7,00 00 36 0b 00 00 80 00,"Status frame 0 (new)"
2026-03-09T09:13:52.966821,RX,COM6,0x0205b887,0x2,0x05,0x2e,0x2,7,00 00 00 00 00 00 00 00,"Status frame 2 (new)"
2026-03-09T09:13:52.968821,RX,COM6,0x0205b8c7,0x2,0x05,0x2e,0x3,7,3a 00 00 00 74 6a 93 3e,"Status frame 3 (new)"
2026-03-09T09:13:52.968821,RX,COM6,0x0205b907,0x2,0x05,0x2e,0x4,7,00 00 00 00 00 00 00 00,"Status frame 4 (new)"
2026-03-09T09:13:52.970821,RX,COM6,0x0205b947,0x2,0x05,0x2e,0x5,7,00 00 00 00 00 00 00 00,"Status frame 5 (new)"
2026-03-09T09:13:52.971827,HEARTBEAT,COM6,0x01011840,0x1,0x01,0x6,0x1,0,9e 7d 00 00 00 10 00 00,"Heartbeat"
2026-03-09T09:13:52.972822,RX,COM6,0x0205b987,0x2,0x05,0x2e,0x6,7,00 00 ff ff 01 00 00 00,"Status frame 6 (new)"
2026-03-09T09:13:52.987057,RX,COM6,0x0205b807,0x2,0x05,0x2e,0x0,7,00 00 3f 0b 00 00 80 00,"Status frame 0 (new)"
2026-03-09T09:13:52.987057,RX,COM6,0x0205b887,0x2,0x05,0x2e,0x2,7,00 00 00 00 00 00 00 00,"Status frame 2 (new)"
2026-03-09T09:13:52.989043,RX,COM6,0x0205b8c7,0x2,0x05,0x2e,0x3,7,39 00 00 00 38 15 91 3e,"Status frame 3 (new)"
2026-03-09T09:13:52.989043,RX,COM6,0x0205b907,0x2,0x05,0x2e,0x4,7,00 00 00 00 00 00 00 00,"Status frame 4 (new)"
2026-03-09T09:13:52.990547,RX,COM6,0x0205b947,0x2,0x05,0x2e,0x5,7,00 00 00 00 00 00 00 00,"Status frame 5 (new)"
2026-03-09T09:13:52.991554,HEARTBEAT,COM6,0x01011840,0x1,0x01,0x6,0x1,0,b2 7d 00 00 00 10 00 00,"Heartbeat"
2026-03-09T09:13:52.992567,RX,COM6,0x0205b987,0x2,0x05,0x2e,0x6,7,00 00 ff ff 01 00 00 00,"Status frame 6 (new)"
2026-03-09T09:13:53.007092,RX,COM6,0x0205b807,0x2,0x05,0x2e,0x0,7,00 00 43 0b 00 00 80 00,"Status frame 0 (new)"
2026-03-09T09:13:53.007092,RX,COM6,0x0205b887,0x2,0x05,0x2e,0x2,7,00 00 00 00 00 00 00 00,"Status frame 2 (new)"
2026-03-09T09:13:53.008092,RX,COM6,0x0205b8c7,0x2,0x05,0x2e,0x3,7,3b 00 00 00 79 e1 94 3e,"Status frame 3 (new)"
2026-03-09T09:13:53.009092,RX,COM6,0x0205b907,0x2,0x05,0x2e,0x4,7,00 00 00 00 00 00 00 00,"Status frame 4 (new)"
2026-03-09T09:13:53.010091,RX,COM6,0x0205b947,0x2,0x05,0x2e,0x5,7,00 00 00 00 00 00 00 00,"Status frame 5 (new)"
2026-03-09T09:13:53.011093,HEARTBEAT,COM6,0x01011840,0x1,0x01,0x6,0x1,0,c6 7d 00 00 00 10 00 00,"Heartbeat"
2026-03-09T09:13:53.013086,RX,COM6,0x0205b987,0x2,0x05,0x2e,0x6,7,00 00 ff ff 01 00 00 00,"Status frame 6 (new)"
2026-03-09T09:13:53.027102,RX,COM6,0x0205b807,0x2,0x05,0x2e,0x0,7,00 00 3d 0b 00 00 80 00,"Status frame 0 (new)"
2026-03-09T09:13:53.027102,RX,COM6,0x0205b887,0x2,0x05,0x2e,0x2,7,00 00 00 00 00 00 00 00,"Status frame 2 (new)"
2026-03-09T09:13:53.029109,RX,COM6,0x0205b8c7,0x2,0x05,0x2e,0x3,7,3a 00 00 00 ac e9 92 3e,"Status frame 3 (new)"
2026-03-09T09:13:53.029109,RX,COM6,0x0205b907,0x2,0x05,0x2e,0x4,7,00 00 00 00 00 00 00 00,"Status frame 4 (new)"
2026-03-09T09:13:53.031108,RX,COM6,0x0205b947,0x2,0x05,0x2e,0x5,7,00 00 00 00 00 00 00 00,"Status frame 5 (new)"
2026-03-09T09:13:53.031108,HEARTBEAT,COM6,0x01011840,0x1,0x01,0x6,0x1,0,da 7d 00 00 00 10 00 00,"Heartbeat"
2026-03-09T09:13:53.033108,RX,COM6,0x0205b987,0x2,0x05,0x2e,0x6,7,00 00 ff ff 01 00 00 00,"Status frame 6 (new)"
2026-03-09T09:13:53.047130,RX,COM6,0x0205b807,0x2,0x05,0x2e,0x0,7,00 00 42 0b 00 00 80 00,"Status frame 0 (new)"
2026-03-09T09:13:53.047130,RX,COM6,0x0205b887,0x2,0x05,0x2e,0x2,7,00 00 00 00 00 00 00 00,"Status frame 2 (new)"
2026-03-09T09:13:53.048695,RX,COM6,0x0205b8c7,0x2,0x05,0x2e,0x3,7,3a 00 00 00 3e d3 92 3e,"Status frame 3 (new)"
2026-03-09T09:13:53.048695,RX,COM6,0x0205b907,0x2,0x05,0x2e,0x4,7,00 00 00 00 00 00 00 00,"Status frame 4 (new)"
2026-03-09T09:13:53.049700,RX,COM6,0x0205b947,0x2,0x05,0x2e,0x5,7,00 00 00 00 00 00 00 00,"Status frame 5 (new)"
2026-03-09T09:13:53.051212,HEARTBEAT,COM6,0x01011840,0x1,0x01,0x6,0x1,0,ee 7d 00 00 00 10 00 00,"Heartbeat"
2026-03-09T09:13:53.052242,RX,COM6,0x0205b987,0x2,0x05,0x2e,0x6,7,00 00 ff ff 01 00 00 00,"Status frame 6 (new)"
2026-03-09T09:13:53.065770,RX,COM6,0x0205b807,0x2,0x05,0x2e,0x0,7,00 00 37 0b 00 00 80 00,"Status frame 0 (new)"
2026-03-09T09:13:53.067284,RX,COM6,0x0205b887,0x2,0x05,0x2e,0x2,7,00 00 00 00 00 00 00 00,"Status frame 2 (new)"
2026-03-09T09:13:53.068301,RX,COM6,0x0205b8c7,0x2,0x05,0x2e,0x3,7,3b 00 00 00 0c a4 94 3e,"Status frame 3 (new)"
2026-03-09T09:13:53.068301,RX,COM6,0x0205b907,0x2,0x05,0x2e,0x4,7,00 00 00 00 00 00 00 00,"Status frame 4 (new)"
2026-03-09T09:13:53.070300,RX,COM6,0x0205b947,0x2,0x05,0x2e,0x5,7,00 00 00 00 00 00 00 00,"Status frame 5 (new)"
2026-03-09T09:13:53.071301,HEARTBEAT,COM6,0x01011840,0x1,0x01,0x6,0x1,0,02 7e 00 00 00 10 00 00,"Heartbeat"
2026-03-09T09:13:53.072307,RX,COM6,0x0205b987,0x2,0x05,0x2e,0x6,7,00 00 ff ff 01 00 00 00,"Status frame 6 (new)"
2026-03-09T09:13:53.086358,RX,COM6,0x0205b807,0x2,0x05,0x2e,0x0,7,00 00 3d 0b 00 00 80 00,"Status frame 0 (new)"
2026-03-09T09:13:53.086358,RX,COM6,0x0205b887,0x2,0x05,0x2e,0x2,7,00 00 00 00 00 00 00 00,"Status frame 2 (new)"
2026-03-09T09:13:53.088880,RX,COM6,0x0205b8c7,0x2,0x05,0x2e,0x3,7,3a 00 00 00 29 e0 92 3e,"Status frame 3 (new)"
2026-03-09T09:13:53.088880,RX,COM6,0x0205b907,0x2,0x05,0x2e,0x4,7,00 00 00 00 00 00 00 00,"Status frame 4 (new)"
2026-03-09T09:13:53.090878,HEARTBEAT,COM6,0x01011840,0x1,0x01,0x6,0x1,0,15 7e 00 00 00 10 00 00,"Heartbeat"
2026-03-09T09:13:53.090878,RX,COM6,0x0205b947,0x2,0x05,0x2e,0x5,7,00 00 00 00 00 00 00 00,"Status frame 5 (new)"
2026-03-09T09:13:53.092878,RX,COM6,0x0205b987,0x2,0x05,0x2e,0x6,7,00 00 ff ff 01 00 00 00,"Status frame 6 (new)"
2026-03-09T09:13:53.106432,RX,COM6,0x0205b807,0x2,0x05,0x2e,0x0,7,00 00 3b 0b 00 00 80 00,"Status frame 0 (new)"
2026-03-09T09:13:53.106432,RX,COM6,0x0205b887,0x2,0x05,0x2e,0x2,7,00 00 00 00 00 00 00 00,"Status frame 2 (new)"
2026-03-09T09:13:53.109127,RX,COM6,0x0205b8c7,0x2,0x05,0x2e,0x3,7,3a 00 00 00 a1 5c 92 3e,"Status frame 3 (new)"
2026-03-09T09:13:53.109127,RX,COM6,0x0205b907,0x2,0x05,0x2e,0x4,7,00 00 00 00 00 00 00 00,"Status frame 4 (new)"
2026-03-09T09:13:53.110961,HEARTBEAT,COM6,0x01011840,0x1,0x01,0x6,0x1,0,2a 7e 00 00 00 10 00 00,"Heartbeat"
2026-03-09T09:13:53.110961,RX,COM6,0x0205b947,0x2,0x05,0x2e,0x5,7,00 00 00 00 00 00 00 00,"Status frame 5 (new)"
2026-03-09T09:13:53.112963,RX,COM6,0x0205b987,0x2,0x05,0x2e,0x6,7,00 00 ff ff 01 00 00 00,"Status frame 6 (new)"
2026-03-09T09:13:53.117136,RX,COM6,0x0205b847,0x2,0x05,0x2e,0x1,7,00 00 00 24 00 01 00 00,"Status frame 1 (new)"
2026-03-09T09:13:53.127444,RX,COM6,0x0205b807,0x2,0x05,0x2e,0x0,7,00 00 3e 0b 00 00 80 00,"Status frame 0 (new)"
2026-03-09T09:13:53.127444,RX,COM6,0x0205b887,0x2,0x05,0x2e,0x2,7,00 00 00 00 00 00 00 00,"Status frame 2 (new)"
2026-03-09T09:13:53.128461,RX,COM6,0x0205b8c7,0x2,0x05,0x2e,0x3,7,3a 00 00 00 73 c8 92 3e,"Status frame 3 (new)"
2026-03-09T09:13:53.128461,RX,COM6,0x0205b907,0x2,0x05,0x2e,0x4,7,00 00 00 00 00 00 00 00,"Status frame 4 (new)"
2026-03-09T09:13:53.131001,RX,COM6,0x0205b947,0x2,0x05,0x2e,0x5,7,00 00 00 00 00 00 00 00,"Status frame 5 (new)"
2026-03-09T09:13:53.131001,HEARTBEAT,COM6,0x01011840,0x1,0x01,0x6,0x1,0,3e 7e 00 00 00 10 00 00,"Heartbeat"
2026-03-09T09:13:53.133014,RX,COM6,0x0205b987,0x2,0x05,0x2e,0x6,7,00 00 ff ff 01 00 00 00,"Status frame 6 (new)"
2026-03-09T09:13:53.146533,RX,COM6,0x0205b807,0x2,0x05,0x2e,0x0,7,00 00 40 0b 00 00 80 00,"Status frame 0 (new)"
2026-03-09T09:13:53.146533,RX,COM6,0x0205b887,0x2,0x05,0x2e,0x2,7,00 00 00 00 00 00 00 00,"Status frame 2 (new)"
2026-03-09T09:13:53.149033,RX,COM6,0x0205b8c7,0x2,0x05,0x2e,0x3,7,3a 00 00 00 53 08 93 3e,"Status frame 3 (new)"
2026-03-09T09:13:53.149033,RX,COM6,0x0205b907,0x2,0x05,0x2e,0x4,7,00 00 00 00 00 00 00 00,"Status frame 4 (new)"
2026-03-09T09:13:53.150059,RX,COM6,0x0205b947,0x2,0x05,0x2e,0x5,7,00 00 00 00 00 00 00 00,"Status frame 5 (new)"
2026-03-09T09:13:53.151043,HEARTBEAT,COM6,0x01011840,0x1,0x01,0x6,0x1,0,52 7e 00 00 00 10 00 00,"Heartbeat"
2026-03-09T09:13:53.152573,RX,COM6,0x0205b987,0x2,0x05,0x2e,0x6,7,00 00 ff ff 01 00 00 00,"Status frame 6 (new)"
2026-03-09T09:13:53.166593,RX,COM6,0x0205b807,0x2,0x05,0x2e,0x0,7,00 00 3b 0b 00 00 80 00,"Status frame 0 (new)"
2026-03-09T09:13:53.166593,RX,COM6,0x0205b887,0x2,0x05,0x2e,0x2,7,00 00 00 00 00 00 00 00,"Status frame 2 (new)"
2026-03-09T09:13:53.168594,RX,COM6,0x0205b8c7,0x2,0x05,0x2e,0x3,7,3a 00 00 00 c3 ae 92 3e,"Status frame 3 (new)"
2026-03-09T09:13:53.168594,RX,COM6,0x0205b907,0x2,0x05,0x2e,0x4,7,00 00 00 00 00 00 00 00,"Status frame 4 (new)"
2026-03-09T09:13:53.170593,RX,COM6,0x0205b947,0x2,0x05,0x2e,0x5,7,00 00 00 00 00 00 00 00,"Status frame 5 (new)"
2026-03-09T09:13:53.171599,HEARTBEAT,COM6,0x01011840,0x1,0x01,0x6,0x1,0,66 7e 00 00 00 10 00 00,"Heartbeat"
2026-03-09T09:13:53.171599,RX,COM6,0x0205b987,0x2,0x05,0x2e,0x6,7,00 00 ff ff 01 00 00 00,"Status frame 6 (new)"
2026-03-09T09:13:53.187124,RX,COM6,0x0205b807,0x2,0x05,0x2e,0x0,7,00 00 43 0b 00 00 80 00,"Status frame 0 (new)"
2026-03-09T09:13:53.187124,RX,COM6,0x0205b887,0x2,0x05,0x2e,0x2,7,00 00 00 00 00 00 00 00,"Status frame 2 (new)"
2026-03-09T09:13:53.188139,RX,COM6,0x0205b8c7,0x2,0x05,0x2e,0x3,7,3b 00 00 00 d2 7a 94 3e,"Status frame 3 (new)"
2026-03-09T09:13:53.189127,RX,COM6,0x0205b907,0x2,0x05,0x2e,0x4,7,00 00 00 00 00 00 00 00,"Status frame 4 (new)"
2026-03-09T09:13:53.190674,HEARTBEAT,COM6,0x01011840,0x1,0x01,0x6,0x1,0,79 7e 00 00 00 10 00 00,"Heartbeat"
2026-03-09T09:13:53.190674,RX,COM6,0x0205b947,0x2,0x05,0x2e,0x5,7,00 00 00 00 00 00 00 00,"Status frame 5 (new)"
2026-03-09T09:13:53.191682,TX,COM6,0x02053c07,0x2,0x05,0xf,0x0,7,18 00 00 00 00 00 00 00,"TX apiClass=0xf apiIndex=0x0"
2026-03-09T09:13:53.192675,RX,COM6,0x0205b987,0x2,0x05,0x2e,0x6,7,00 00 ff ff 01 00 00 00,"Status frame 6 (new)"
2026-03-09T09:13:53.207207,RX,COM6,0x0205b807,0x2,0x05,0x2e,0x0,7,00 00 3d 0b 00 00 80 00,"Status frame 0 (new)"
2026-03-09T09:13:53.207207,RX,COM6,0x0205b887,0x2,0x05,0x2e,0x2,7,00 00 00 00 00 00 00 00,"Status frame 2 (new)"
2026-03-09T09:13:53.208197,RX,COM6,0x0205b8c7,0x2,0x05,0x2e,0x3,7,3a 00 00 00 1b b6 92 3e,"Status frame 3 (new)"
2026-03-09T09:13:53.209195,RX,COM6,0x0205b907,0x2,0x05,0x2e,0x4,7,00 00 00 00 00 00 00 00,"Status frame 4 (new)"
2026-03-09T09:13:53.210195,RX,COM6,0x0205b947,0x2,0x05,0x2e,0x5,7,00 00 00 00 00 00 00 00,"Status frame 5 (new)"
2026-03-09T09:13:53.211194,HEARTBEAT,COM6,0x01011840,0x1,0x01,0x6,0x1,0,8e 7e 00 00 00 10 00 00,"Heartbeat"
2026-03-09T09:13:53.212210,RX,COM6,0x0205b987,0x2,0x05,0x2e,0x6,7,00 00 ff ff 01 00 00 00,"Status frame 6 (new)"
2026-03-09T09:13:53.227250,RX,COM6,0x0205b807,0x2,0x05,0x2e,0x0,7,00 00 3d 0b 00 00 80 00,"Status frame 0 (new)"
2026-03-09T09:13:53.227250,RX,COM6,0x0205b887,0x2,0x05,0x2e,0x2,7,00 00 00 00 00 00 00 00,"Status frame 2 (new)"
2026-03-09T09:13:53.228274,RX,COM6,0x0205b8c7,0x2,0x05,0x2e,0x3,7,3a 00 00 00 e3 52 92 3e,"Status frame 3 (new)"
2026-03-09T09:13:53.229260,RX,COM6,0x0205b907,0x2,0x05,0x2e,0x4,7,00 00 00 00 00 00 00 00,"Status frame 4 (new)"
2026-03-09T09:13:53.230276,RX,COM6,0x0205b947,0x2,0x05,0x2e,0x5,7,00 00 00 00 00 00 00 00,"Status frame 5 (new)"
2026-03-09T09:13:53.232267,HEARTBEAT,COM6,0x01011840,0x1,0x01,0x6,0x1,0,a3 7e 00 00 00 10 00 00,"Heartbeat"
2026-03-09T09:13:53.232267,RX,COM6,0x0205b987,0x2,0x05,0x2e,0x6,7,00 00 ff ff 01 00 00 00,"Status frame 6 (new)"
2026-03-09T09:13:53.246440,RX,COM6,0x0205b807,0x2,0x05,0x2e,0x0,7,00 00 43 0b 00 00 80 00,"Status frame 0 (new)"
2026-03-09T09:13:53.247456,RX,COM6,0x0205b887,0x2,0x05,0x2e,0x2,7,00 00 00 00 00 00 00 00,"Status frame 2 (new)"
2026-03-09T09:13:53.248975,RX,COM6,0x0205b8c7,0x2,0x05,0x2e,0x3,7,3b 04 00 00 aa 06 94 3e,"Status frame 3 (new)"
2026-03-09T09:13:53.248975,RX,COM6,0x0205b907,0x2,0x05,0x2e,0x4,7,00 00 00 00 00 00 00 00,"Status frame 4 (new)"
2026-03-09T09:13:53.251035,RX,COM6,0x0205b947,0x2,0x05,0x2e,0x5,7,00 00 00 00 00 00 00 00,"Status frame 5 (new)"
2026-03-09T09:13:53.252038,HEARTBEAT,COM6,0x01011840,0x1,0x01,0x6,0x1,0,b7 7e 00 00 00 10 00 00,"Heartbeat"
2026-03-09T09:13:53.252038,RX,COM6,0x0205b987,0x2,0x05,0x2e,0x6,7,00 00 ff ff 01 00 00 00,"Status frame 6 (new)"
2026-03-09T09:13:53.266568,RX,COM6,0x0205b807,0x2,0x05,0x2e,0x0,7,00 00 3b 0b 00 00 80 00,"Status frame 0 (new)"
2026-03-09T09:13:53.266568,RX,COM6,0x0205b887,0x2,0x05,0x2e,0x2,7,00 00 00 00 00 00 00 00,"Status frame 2 (new)"
2026-03-09T09:13:53.268568,RX,COM6,0x0205b8c7,0x2,0x05,0x2e,0x3,7,3a 04 00 00 1d b1 92 3e,"Status frame 3 (new)"
2026-03-09T09:13:53.268568,RX,COM6,0x0205b907,0x2,0x05,0x2e,0x4,7,00 00 00 00 00 00 00 00,"Status frame 4 (new)"
2026-03-09T09:13:53.270568,RX,COM6,0x0205b947,0x2,0x05,0x2e,0x5,7,00 00 00 00 00 00 00 00,"Status frame 5 (new)"
2026-03-09T09:13:53.271560,HEARTBEAT,COM6,0x01011840,0x1,0x01,0x6,0x1,0,ca 7e 00 00 00 10 00 00,"Heartbeat"
2026-03-09T09:13:53.272578,RX,COM6,0x0205b987,0x2,0x05,0x2e,0x6,7,00 00 ff ff 01 00 00 00,"Status frame 6 (new)"
2026-03-09T09:13:53.287014,RX,COM6,0x0205b807,0x2,0x05,0x2e,0x0,7,00 00 42 0b 00 00 80 00,"Status frame 0 (new)"
2026-03-09T09:13:53.287014,RX,COM6,0x0205b887,0x2,0x05,0x2e,0x2,7,00 00 00 00 00 00 00 00,"Status frame 2 (new)"
2026-03-09T09:13:53.289012,RX,COM6,0x0205b8c7,0x2,0x05,0x2e,0x3,7,3a 00 00 00 be d7 93 3e,"Status frame 3 (new)"
2026-03-09T09:13:53.289012,RX,COM6,0x0205b907,0x2,0x05,0x2e,0x4,7,00 00 00 00 00 00 00 00,"Status frame 4 (new)"
2026-03-09T09:13:53.291012,RX,COM6,0x0205b947,0x2,0x05,0x2e,0x5,7,00 00 00 00 00 00 00 00,"Status frame 5 (new)"
2026-03-09T09:13:53.291012,HEARTBEAT,COM6,0x01011840,0x1,0x01,0x6,0x1,0,de 7e 00 00 00 10 00 00,"Heartbeat"
2026-03-09T09:13:53.293012,RX,COM6,0x0205b987,0x2,0x05,0x2e,0x6,7,00 00 ff ff 01 00 00 00,"Status frame 6 (new)"
2026-03-09T09:13:53.305691,RX,COM6,0x0205b807,0x2,0x05,0x2e,0x0,7,00 00 2a 0b 00 00 80 00,"Status frame 0 (new)"
2026-03-09T09:13:53.307194,RX,COM6,0x0205b887,0x2,0x05,0x2e,0x2,7,00 00 00 00 00 00 00 00,"Status frame 2 (new)"
2026-03-09T09:13:53.308197,RX,COM6,0x0205b8c7,0x2,0x05,0x2e,0x3,7,3a 00 00 00 fc 5c 92 3e,"Status frame 3 (new)"
2026-03-09T09:13:53.309196,RX,COM6,0x0205b907,0x2,0x05,0x2e,0x4,7,00 00 00 00 00 00 00 00,"Status frame 4 (new)"
2026-03-09T09:13:53.310198,RX,COM6,0x0205b947,0x2,0x05,0x2e,0x5,7,00 00 00 00 00 00 00 00,"Status frame 5 (new)"
2026-03-09T09:13:53.311199,HEARTBEAT,COM6,0x01011840,0x1,0x01,0x6,0x1,0,f2 7e 00 00 00 10 00 00,"Heartbeat"
2026-03-09T09:13:53.312216,RX,COM6,0x0205b987,0x2,0x05,0x2e,0x6,7,00 00 ff ff 01 00 00 00,"Status frame 6 (new)"
2026-03-09T09:13:53.325856,RX,COM6,0x0205b807,0x2,0x05,0x2e,0x0,7,00 00 3f 0b 00 00 80 00,"Status frame 0 (new)"
2026-03-09T09:13:53.325856,RX,COM6,0x0205b887,0x2,0x05,0x2e,0x2,7,00 00 00 00 00 00 00 00,"Status frame 2 (new)"
2026-03-09T09:13:53.328559,RX,COM6,0x0205b8c7,0x2,0x05,0x2e,0x3,7,3a 00 00 00 f9 ad 93 3e,"Status frame 3 (new)"
2026-03-09T09:13:53.328559,RX,COM6,0x0205b907,0x2,0x05,0x2e,0x4,7,00 00 00 00 00 00 00 00,"Status frame 4 (new)"
2026-03-09T09:13:53.330514,RX,COM6,0x0205b947,0x2,0x05,0x2e,0x5,7,00 00 00 00 00 00 00 00,"Status frame 5 (new)"
2026-03-09T09:13:53.332470,HEARTBEAT,COM6,0x01011840,0x1,0x01,0x6,0x1,0,07 7f 00 00 00 10 00 00,"Heartbeat"
2026-03-09T09:13:53.332470,RX,COM6,0x0205b987,0x2,0x05,0x2e,0x6,7,00 00 ff ff 01 00 00 00,"Status frame 6 (new)"
2026-03-09T09:13:53.346090,RX,COM6,0x0205b807,0x2,0x05,0x2e,0x0,7,00 00 3b 0b 00 00 80 00,"Status frame 0 (new)"
2026-03-09T09:13:53.346090,RX,COM6,0x0205b887,0x2,0x05,0x2e,0x2,7,00 00 00 00 00 00 00 00,"Status frame 2 (new)"
2026-03-09T09:13:53.347698,RX,COM6,0x0205b8c7,0x2,0x05,0x2e,0x3,7,3a 00 00 00 43 5b 93 3e,"Status frame 3 (new)"
2026-03-09T09:13:53.349204,RX,COM6,0x0205b907,0x2,0x05,0x2e,0x4,7,00 00 00 00 00 00 00 00,"Status frame 4 (new)"
2026-03-09T09:13:53.350224,RX,COM6,0x0205b947,0x2,0x05,0x2e,0x5,7,00 00 00 00 00 00 00 00,"Status frame 5 (new)"
2026-03-09T09:13:53.351350,HEARTBEAT,COM6,0x01011840,0x1,0x01,0x6,0x1,0,1a 7f 00 00 00 10 00 00,"Heartbeat"
2026-03-09T09:13:53.352364,RX,COM6,0x0205b987,0x2,0x05,0x2e,0x6,7,00 00 ff ff 01 00 00 00,"Status frame 6 (new)"
2026-03-09T09:13:53.367061,RX,COM6,0x0205b807,0x2,0x05,0x2e,0x0,7,00 00 3f 0b 00 00 80 00,"Status frame 0 (new)"
2026-03-09T09:13:53.367061,RX,COM6,0x0205b847,0x2,0x05,0x2e,0x1,7,00 00 00 24 00 01 00 00,"Status frame 1 (new)"
2026-03-09T09:13:53.367061,RX,COM6,0x0205b887,0x2,0x05,0x2e,0x2,7,00 00 00 00 00 00 00 00,"Status frame 2 (new)"
2026-03-09T09:13:53.368566,RX,COM6,0x0205b8c7,0x2,0x05,0x2e,0x3,7,3a 00 00 00 25 c8 93 3e,"Status frame 3 (new)"
2026-03-09T09:13:53.368566,RX,COM6,0x0205b907,0x2,0x05,0x2e,0x4,7,00 00 00 00 00 00 00 00,"Status frame 4 (new)"
2026-03-09T09:13:53.370584,HEARTBEAT,COM6,0x01011840,0x1,0x01,0x6,0x1,0,2d 7f 00 00 00 10 00 00,"Heartbeat"
2026-03-09T09:13:53.370584,RX,COM6,0x0205b947,0x2,0x05,0x2e,0x5,7,00 00 00 00 00 00 00 00,"Status frame 5 (new)"
2026-03-09T09:13:53.372584,RX,COM6,0x0205b987,0x2,0x05,0x2e,0x6,7,00 00 ff ff 01 00 00 00,"Status frame 6 (new)"
2026-03-09T09:13:53.387065,RX,COM6,0x0205b807,0x2,0x05,0x2e,0x0,7,00 00 3e 0b 00 00 80 00,"Status frame 0 (new)"
2026-03-09T09:13:53.387065,RX,COM6,0x0205b887,0x2,0x05,0x2e,0x2,7,00 00 00 00 00 00 00 00,"Status frame 2 (new)"
2026-03-09T09:13:53.388668,RX,COM6,0x0205b8c7,0x2,0x05,0x2e,0x3,7,3a 00 00 00 84 3e 93 3e,"Status frame 3 (new)"
2026-03-09T09:13:53.388668,RX,COM6,0x0205b907,0x2,0x05,0x2e,0x4,7,00 00 00 00 00 00 00 00,"Status frame 4 (new)"
2026-03-09T09:13:53.390604,HEARTBEAT,COM6,0x01011840,0x1,0x01,0x6,0x1,0,41 7f 00 00 00 10 00 00,"Heartbeat"
2026-03-09T09:13:53.390604,RX,COM6,0x0205b947,0x2,0x05,0x2e,0x5,7,00 00 00 00 00 00 00 00,"Status frame 5 (new)"
2026-03-09T09:13:53.392603,RX,COM6,0x0205b987,0x2,0x05,0x2e,0x6,7,00 00 ff ff 01 00 00 00,"Status frame 6 (new)"
2026-03-09T09:13:53.406295,RX,COM6,0x0205b807,0x2,0x05,0x2e,0x0,7,00 00 fd 0a 00 00 80 00,"Status frame 0 (new)"
2026-03-09T09:13:53.407294,RX,COM6,0x0205b887,0x2,0x05,0x2e,0x2,7,00 00 00 00 00 00 00 00,"Status frame 2 (new)"
2026-03-09T09:13:53.409310,RX,COM6,0x0205b8c7,0x2,0x05,0x2e,0x3,7,3a 00 00 00 f6 d4 93 3e,"Status frame 3 (new)"
2026-03-09T09:13:53.409310,RX,COM6,0x0205b907,0x2,0x05,0x2e,0x4,7,00 00 00 00 00 00 00 00,"Status frame 4 (new)"
2026-03-09T09:13:53.410582,RX,COM6,0x0205b947,0x2,0x05,0x2e,0x5,7,00 00 00 00 00 00 00 00,"Status frame 5 (new)"
2026-03-09T09:13:53.411597,HEARTBEAT,COM6,0x01011840,0x1,0x01,0x6,0x1,0,57 7f 00 00 00 10 00 00,"Heartbeat"
2026-03-09T09:13:53.412602,RX,COM6,0x0205b987,0x2,0x05,0x2e,0x6,7,00 00 ff ff 01 00 00 00,"Status frame 6 (new)"
2026-03-09T09:13:53.427094,RX,COM6,0x0205b807,0x2,0x05,0x2e,0x0,7,00 00 3e 0b 00 00 80 00,"Status frame 0 (new)"
2026-03-09T09:13:53.427094,RX,COM6,0x0205b887,0x2,0x05,0x2e,0x2,7,00 00 00 00 00 00 00 00,"Status frame 2 (new)"
2026-03-09T09:13:53.428634,RX,COM6,0x0205b8c7,0x2,0x05,0x2e,0x3,7,3b 00 00 00 33 54 95 3e,"Status frame 3 (new)"
2026-03-09T09:13:53.428634,RX,COM6,0x0205b907,0x2,0x05,0x2e,0x4,7,00 00 00 00 00 00 00 00,"Status frame 4 (new)"
2026-03-09T09:13:53.430249,RX,COM6,0x0205b947,0x2,0x05,0x2e,0x5,7,00 00 00 00 00 00 00 00,"Status frame 5 (new)"
2026-03-09T09:13:53.431157,HEARTBEAT,COM6,0x01011840,0x1,0x01,0x6,0x1,0,6a 7f 00 00 00 10 00 00,"Heartbeat"
2026-03-09T09:13:53.432159,RX,COM6,0x0205b987,0x2,0x05,0x2e,0x6,7,00 00 ff ff 01 00 00 00,"Status frame 6 (new)"
2026-03-09T09:13:53.446755,RX,COM6,0x0205b807,0x2,0x05,0x2e,0x0,7,00 00 41 0b 00 00 80 00,"Status frame 0 (new)"
2026-03-09T09:13:53.447692,RX,COM6,0x0205b887,0x2,0x05,0x2e,0x2,7,00 00 00 00 00 00 00 00,"Status frame 2 (new)"
2026-03-09T09:13:53.447692,RX,COM6,0x0205b8c7,0x2,0x05,0x2e,0x3,7,3a 00 00 00 ca c1 92 3e,"Status frame 3 (new)"
2026-03-09T09:13:53.449220,RX,COM6,0x0205b907,0x2,0x05,0x2e,0x4,7,00 00 00 00 00 00 00 00,"Status frame 4 (new)"
2026-03-09T09:13:53.450845,RX,COM6,0x0205b947,0x2,0x05,0x2e,0x5,7,00 00 00 00 00 00 00 00,"Status frame 5 (new)"
2026-03-09T09:13:53.451844,HEARTBEAT,COM6,0x01011840,0x1,0x01,0x6,0x1,0,7e 7f 00 00 00 10 00 00,"Heartbeat"
2026-03-09T09:13:53.452766,RX,COM6,0x0205b987,0x2,0x05,0x2e,0x6,7,00 00 ff ff 01 00 00 00,"Status frame 6 (new)"
2026-03-09T09:13:53.466275,RX,COM6,0x0205b807,0x2,0x05,0x2e,0x0,7,00 00 40 0b 00 00 80 00,"Status frame 0 (new)"
2026-03-09T09:13:53.467276,RX,COM6,0x0205b887,0x2,0x05,0x2e,0x2,7,00 00 00 00 00 00 00 00,"Status frame 2 (new)"
2026-03-09T09:13:53.468275,RX,COM6,0x0205b8c7,0x2,0x05,0x2e,0x3,7,3a 00 00 00 03 c5 92 3e,"Status frame 3 (new)"
2026-03-09T09:13:53.469276,RX,COM6,0x0205b907,0x2,0x05,0x2e,0x4,7,00 00 00 00 00 00 00 00,"Status frame 4 (new)"
2026-03-09T09:13:53.471320,RX,COM6,0x0205b947,0x2,0x05,0x2e,0x5,7,00 00 00 00 00 00 00 00,"Status frame 5 (new)"
2026-03-09T09:13:53.471320,HEARTBEAT,COM6,0x01011840,0x1,0x01,0x6,0x1,0,92 7f 00 00 00 10 00 00,"Heartbeat"
2026-03-09T09:13:53.472374,RX,COM6,0x0205b987,0x2,0x05,0x2e,0x6,7,00 00 ff ff 01 00 00 00,"Status frame 6 (new)"
2026-03-09T09:13:53.487182,RX,COM6,0x0205b807,0x2,0x05,0x2e,0x0,7,00 00 3e 0b 00 00 80 00,"Status frame 0 (new)"
2026-03-09T09:13:53.487182,RX,COM6,0x0205b887,0x2,0x05,0x2e,0x2,7,00 00 00 00 00 00 00 00,"Status frame 2 (new)"
2026-03-09T09:13:53.488182,RX,COM6,0x0205b8c7,0x2,0x05,0x2e,0x3,7,3b 00 00 00 d9 2e 94 3e,"Status frame 3 (new)"
2026-03-09T09:13:53.489182,RX,COM6,0x0205b907,0x2,0x05,0x2e,0x4,7,00 00 00 00 00 00 00 00,"Status frame 4 (new)"
2026-03-09T09:13:53.490249,RX,COM6,0x0205b947,0x2,0x05,0x2e,0x5,7,00 00 00 00 00 00 00 00,"Status frame 5 (new)"
2026-03-09T09:13:53.491194,HEARTBEAT,COM6,0x01011840,0x1,0x01,0x6,0x1,0,a6 7f 00 00 00 10 00 00,"Heartbeat"
2026-03-09T09:13:53.492180,RX,COM6,0x0205b987,0x2,0x05,0x2e,0x6,7,00 00 ff ff 01 00 00 00,"Status frame 6 (new)"
2026-03-09T09:13:53.506509,RX,COM6,0x0205b807,0x2,0x05,0x2e,0x0,7,00 00 06 0b 00 00 80 00,"Status frame 0 (new)"
2026-03-09T09:13:53.506509,RX,COM6,0x0205b887,0x2,0x05,0x2e,0x2,7,00 00 00 00 00 00 00 00,"Status frame 2 (new)"
2026-03-09T09:13:53.508502,RX,COM6,0x0205b8c7,0x2,0x05,0x2e,0x3,7,3a 00 00 00 34 0e 93 3e,"Status frame 3 (new)"
2026-03-09T09:13:53.508502,RX,COM6,0x0205b907,0x2,0x05,0x2e,0x4,7,00 00 00 00 00 00 00 00,"Status frame 4 (new)"
2026-03-09T09:13:53.510509,RX,COM6,0x0205b947,0x2,0x05,0x2e,0x5,7,00 00 00 00 00 00 00 00,"Status frame 5 (new)"
2026-03-09T09:13:53.511503,HEARTBEAT,COM6,0x01011840,0x1,0x01,0x6,0x1,0,ba 7f 00 00 00 10 00 00,"Heartbeat"
2026-03-09T09:13:53.512532,RX,COM6,0x0205b987,0x2,0x05,0x2e,0x6,7,00 00 ff ff 01 00 00 00,"Status frame 6 (new)"
2026-03-09T09:13:53.527058,RX,COM6,0x0205b807,0x2,0x05,0x2e,0x0,7,00 00 44 0b 00 00 80 00,"Status frame 0 (new)"
2026-03-09T09:13:53.527058,RX,COM6,0x0205b887,0x2,0x05,0x2e,0x2,7,00 00 00 00 00 00 00 00,"Status frame 2 (new)"
2026-03-09T09:13:53.528579,RX,COM6,0x0205b8c7,0x2,0x05,0x2e,0x3,7,3a 00 00 00 4b c6 93 3e,"Status frame 3 (new)"
2026-03-09T09:13:53.528579,RX,COM6,0x0205b907,0x2,0x05,0x2e,0x4,7,00 00 00 00 00 00 00 00,"Status frame 4 (new)"
2026-03-09T09:13:53.530587,HEARTBEAT,COM6,0x01011840,0x1,0x01,0x6,0x1,0,cd 7f 00 00 00 10 00 00,"Heartbeat"
2026-03-09T09:13:53.530587,RX,COM6,0x0205b947,0x2,0x05,0x2e,0x5,7,00 00 00 00 00 00 00 00,"Status frame 5 (new)"
2026-03-09T09:13:53.532581,RX,COM6,0x0205b987,0x2,0x05,0x2e,0x6,7,00 00 ff ff 01 00 00 00,"Status frame 6 (new)"
2026-03-09T09:13:53.547172,RX,COM6,0x0205b807,0x2,0x05,0x2e,0x0,7,00 00 43 0b 00 00 80 00,"Status frame 0 (new)"
2026-03-09T09:13:53.547172,RX,COM6,0x0205b887,0x2,0x05,0x2e,0x2,7,00 00 00 00 00 00 00 00,"Status frame 2 (new)"
2026-03-09T09:13:53.548208,RX,COM6,0x0205b8c7,0x2,0x05,0x2e,0x3,7,3b 00 00 00 52 8f 94 3e,"Status frame 3 (new)"
2026-03-09T09:13:53.548208,RX,COM6,0x0205b907,0x2,0x05,0x2e,0x4,7,00 00 00 00 00 00 00 00,"Status frame 4 (new)"
2026-03-09T09:13:53.550703,HEARTBEAT,COM6,0x01011840,0x1,0x01,0x6,0x1,0,e1 7f 00 00 00 10 00 00,"Heartbeat"
2026-03-09T09:13:53.550703,RX,COM6,0x0205b947,0x2,0x05,0x2e,0x5,7,00 00 00 00 00 00 00 00,"Status frame 5 (new)"
2026-03-09T09:13:53.552704,RX,COM6,0x0205b987,0x2,0x05,0x2e,0x6,7,00 00 ff ff 01 00 00 00,"Status frame 6 (new)"
2026-03-09T09:13:53.566756,RX,COM6,0x0205b807,0x2,0x05,0x2e,0x0,7,00 00 3f 0b 00 00 80 00,"Status frame 0 (new)"
2026-03-09T09:13:53.566756,RX,COM6,0x0205b887,0x2,0x05,0x2e,0x2,7,00 00 00 00 00 00 00 00,"Status frame 2 (new)"
2026-03-09T09:13:53.568774,RX,COM6,0x0205b8c7,0x2,0x05,0x2e,0x3,7,3a 00 00 00 4e 97 93 3e,"Status frame 3 (new)"
2026-03-09T09:13:53.568774,RX,COM6,0x0205b907,0x2,0x05,0x2e,0x4,7,00 00 00 00 00 00 00 00,"Status frame 4 (new)"
2026-03-09T09:13:53.570773,HEARTBEAT,COM6,0x01011840,0x1,0x01,0x6,0x1,0,f5 7f 00 00 00 10 00 00,"Heartbeat"
2026-03-09T09:13:53.570773,RX,COM6,0x0205b947,0x2,0x05,0x2e,0x5,7,00 00 00 00 00 00 00 00,"Status frame 5 (new)"
2026-03-09T09:13:53.572773,RX,COM6,0x0205b987,0x2,0x05,0x2e,0x6,7,00 00 ff ff 01 00 00 00,"Status frame 6 (new)"
2026-03-09T09:13:53.586309,RX,COM6,0x0205b807,0x2,0x05,0x2e,0x0,7,00 00 42 0b 00 00 80 00,"Status frame 0 (new)"
2026-03-09T09:13:53.586309,RX,COM6,0x0205b887,0x2,0x05,0x2e,0x2,7,00 00 00 00 00 00 00 00,"Status frame 2 (new)"
2026-03-09T09:13:53.588850,RX,COM6,0x0205b8c7,0x2,0x05,0x2e,0x3,7,3a 00 00 00 3d 54 93 3e,"Status frame 3 (new)"
2026-03-09T09:13:53.588850,RX,COM6,0x0205b907,0x2,0x05,0x2e,0x4,7,00 00 00 00 00 00 00 00,"Status frame 4 (new)"
2026-03-09T09:13:53.590851,HEARTBEAT,COM6,0x01011840,0x1,0x01,0x6,0x1,0,09 80 00 00 00 10 00 00,"Heartbeat"
2026-03-09T09:13:53.590851,RX,COM6,0x0205b947,0x2,0x05,0x2e,0x5,7,00 00 00 00 00 00 00 00,"Status frame 5 (new)"
2026-03-09T09:13:53.592859,RX,COM6,0x0205b987,0x2,0x05,0x2e,0x6,7,00 00 ff ff 01 00 00 00,"Status frame 6 (new)"
2026-03-09T09:13:53.606383,RX,COM6,0x0205b807,0x2,0x05,0x2e,0x0,7,00 00 21 0b 00 00 80 00,"Status frame 0 (new)"
2026-03-09T09:13:53.606383,RX,COM6,0x0205b887,0x2,0x05,0x2e,0x2,7,00 00 00 00 00 00 00 00,"Status frame 2 (new)"
2026-03-09T09:13:53.609047,RX,COM6,0x0205b8c7,0x2,0x05,0x2e,0x3,7,3a 00 00 00 65 fb 93 3e,"Status frame 3 (new)"
2026-03-09T09:13:53.609047,RX,COM6,0x0205b907,0x2,0x05,0x2e,0x4,7,00 00 00 00 00 00 00 00,"Status frame 4 (new)"
2026-03-09T09:13:53.610909,HEARTBEAT,COM6,0x01011840,0x1,0x01,0x6,0x1,0,1e 80 00 00 00 10 00 00,"Heartbeat"
2026-03-09T09:13:53.610909,RX,COM6,0x0205b947,0x2,0x05,0x2e,0x5,7,00 00 00 00 00 00 00 00,"Status frame 5 (new)"
2026-03-09T09:13:53.612908,RX,COM6,0x0205b987,0x2,0x05,0x2e,0x6,7,00 00 ff ff 01 00 00 00,"Status frame 6 (new)"
2026-03-09T09:13:53.616909,RX,COM6,0x0205b847,0x2,0x05,0x2e,0x1,7,00 00 00 24 00 01 00 00,"Status frame 1 (new)"
2026-03-09T09:13:53.626994,RX,COM6,0x0205b807,0x2,0x05,0x2e,0x0,7,00 00 3f 0b 00 00 80 00,"Status frame 0 (new)"
2026-03-09T09:13:53.626994,RX,COM6,0x0205b887,0x2,0x05,0x2e,0x2,7,00 00 00 00 00 00 00 00,"Status frame 2 (new)"
2026-03-09T09:13:53.628053,RX,COM6,0x0205b8c7,0x2,0x05,0x2e,0x3,7,3a 00 00 00 be 25 93 3e,"Status frame 3 (new)"
2026-03-09T09:13:53.628053,RX,COM6,0x0205b907,0x2,0x05,0x2e,0x4,7,00 00 00 00 00 00 00 00,"Status frame 4 (new)"
2026-03-09T09:13:53.630571,RX,COM6,0x0205b947,0x2,0x05,0x2e,0x5,7,00 00 00 00 00 00 00 00,"Status frame 5 (new)"
2026-03-09T09:13:53.631573,HEARTBEAT,COM6,0x01011840,0x1,0x01,0x6,0x1,0,32 80 00 00 00 10 00 00,"Heartbeat"
2026-03-09T09:13:53.632573,RX,COM6,0x0205b987,0x2,0x05,0x2e,0x6,7,00 00 ff ff 01 00 00 00,"Status frame 6 (new)"
2026-03-09T09:13:53.646816,RX,COM6,0x0205b807,0x2,0x05,0x2e,0x0,7,00 00 40 0b 00 00 80 00,"Status frame 0 (new)"
2026-03-09T09:13:53.646816,RX,COM6,0x0205b887,0x2,0x05,0x2e,0x2,7,00 00 00 00 00 00 00 00,"Status frame 2 (new)"
2026-03-09T09:13:53.647817,RX,COM6,0x0205b8c7,0x2,0x05,0x2e,0x3,7,3a 00 00 00 b7 be 93 3e,"Status frame 3 (new)"
2026-03-09T09:13:53.649322,RX,COM6,0x0205b907,0x2,0x05,0x2e,0x4,7,00 00 00 00 00 00 00 00,"Status frame 4 (new)"
2026-03-09T09:13:53.650861,HEARTBEAT,COM6,0x01011840,0x1,0x01,0x6,0x1,0,46 80 00 00 00 10 00 00,"Heartbeat"
2026-03-09T09:13:53.650861,RX,COM6,0x0205b947,0x2,0x05,0x2e,0x5,7,00 00 00 00 00 00 00 00,"Status frame 5 (new)"
2026-03-09T09:13:53.652879,RX,COM6,0x0205b987,0x2,0x05,0x2e,0x6,7,00 00 ff ff 01 00 00 00,"Status frame 6 (new)"
2026-03-09T09:13:53.666413,RX,COM6,0x0205b807,0x2,0x05,0x2e,0x0,7,00 00 42 0b 00 00 80 00,"Status frame 0 (new)"
2026-03-09T09:13:53.666413,RX,COM6,0x0205b887,0x2,0x05,0x2e,0x2,7,00 00 00 00 00 00 00 00,"Status frame 2 (new)"
2026-03-09T09:13:53.668417,RX,COM6,0x0205b8c7,0x2,0x05,0x2e,0x3,7,3b 00 00 00 e7 fa 94 3e,"Status frame 3 (new)"
2026-03-09T09:13:53.668417,RX,COM6,0x0205b907,0x2,0x05,0x2e,0x4,7,00 00 00 00 00 00 00 00,"Status frame 4 (new)"
2026-03-09T09:13:53.671024,HEARTBEAT,COM6,0x01011840,0x1,0x01,0x6,0x1,0,5a 80 00 00 00 10 00 00,"Heartbeat"
2026-03-09T09:13:53.671024,RX,COM6,0x0205b947,0x2,0x05,0x2e,0x5,7,00 00 00 00 00 00 00 00,"Status frame 5 (new)"
2026-03-09T09:13:53.672943,RX,COM6,0x0205b987,0x2,0x05,0x2e,0x6,7,00 00 ff ff 01 00 00 00,"Status frame 6 (new)"
2026-03-09T09:13:53.687003,RX,COM6,0x0205b807,0x2,0x05,0x2e,0x0,7,00 00 3c 0b 00 00 80 00,"Status frame 0 (new)"
2026-03-09T09:13:53.687003,RX,COM6,0x0205b887,0x2,0x05,0x2e,0x2,7,00 00 00 00 00 00 00 00,"Status frame 2 (new)"
2026-03-09T09:13:53.688990,RX,COM6,0x0205b8c7,0x2,0x05,0x2e,0x3,7,3a 00 00 00 a7 b3 92 3e,"Status frame 3 (new)"
2026-03-09T09:13:53.688990,RX,COM6,0x0205b907,0x2,0x05,0x2e,0x4,7,00 00 00 00 00 00 00 00,"Status frame 4 (new)"
2026-03-09T09:13:53.689994,RX,COM6,0x0205b947,0x2,0x05,0x2e,0x5,7,00 00 00 00 00 00 00 00,"Status frame 5 (new)"
2026-03-09T09:13:53.691506,HEARTBEAT,COM6,0x01011840,0x1,0x01,0x6,0x1,0,6e 80 00 00 00 10 00 00,"Heartbeat"
2026-03-09T09:13:53.692532,TX,COM6,0x02053c07,0x2,0x05,0xf,0x0,7,19 00 00 00 00 00 00 00,"TX apiClass=0xf apiIndex=0x0"
2026-03-09T09:13:53.692532,RX,COM6,0x0205b987,0x2,0x05,0x2e,0x6,7,00 00 ff ff 01 00 00 00,"Status frame 6 (new)"
2026-03-09T09:13:53.706562,RX,COM6,0x0205b807,0x2,0x05,0x2e,0x0,7,00 00 32 0b 00 00 80 00,"Status frame 0 (new)"
2026-03-09T09:13:53.707561,RX,COM6,0x0205b887,0x2,0x05,0x2e,0x2,7,00 00 00 00 00 00 00 00,"Status frame 2 (new)"
2026-03-09T09:13:53.708565,RX,COM6,0x0205b8c7,0x2,0x05,0x2e,0x3,7,3b 00 00 00 2b 3e 94 3e,"Status frame 3 (new)"
2026-03-09T09:13:53.708565,RX,COM6,0x0205b907,0x2,0x05,0x2e,0x4,7,00 00 00 00 00 00 00 00,"Status frame 4 (new)"
2026-03-09T09:13:53.710562,HEARTBEAT,COM6,0x01011840,0x1,0x01,0x6,0x1,0,81 80 00 00 00 10 00 00,"Heartbeat"
2026-03-09T09:13:53.710562,RX,COM6,0x0205b947,0x2,0x05,0x2e,0x5,7,00 00 00 00 00 00 00 00,"Status frame 5 (new)"
2026-03-09T09:13:53.712567,RX,COM6,0x0205b987,0x2,0x05,0x2e,0x6,7,00 00 ff ff 01 00 00 00,"Status frame 6 (new)"
2026-03-09T09:13:53.727148,RX,COM6,0x0205b807,0x2,0x05,0x2e,0x0,7,00 00 40 0b 00 00 80 00,"Status frame 0 (new)"
2026-03-09T09:13:53.727207,RX,COM6,0x0205b887,0x2,0x05,0x2e,0x2,7,00 00 00 00 00 00 00 00,"Status frame 2 (new)"
2026-03-09T09:13:53.729160,RX,COM6,0x0205b8c7,0x2,0x05,0x2e,0x3,7,3b 00 00 00 25 94 94 3e,"Status frame 3 (new)"
2026-03-09T09:13:53.729160,RX,COM6,0x0205b907,0x2,0x05,0x2e,0x4,7,00 00 00 00 00 00 00 00,"Status frame 4 (new)"
2026-03-09T09:13:53.730260,RX,COM6,0x0205b947,0x2,0x05,0x2e,0x5,7,00 00 00 00 00 00 00 00,"Status frame 5 (new)"
2026-03-09T09:13:53.731157,HEARTBEAT,COM6,0x01011840,0x1,0x01,0x6,0x1,0,96 80 00 00 00 10 00 00,"Heartbeat"
2026-03-09T09:13:53.733195,RX,COM6,0x0205b987,0x2,0x05,0x2e,0x6,7,00 00 ff ff 01 00 00 00,"Status frame 6 (new)"
2026-03-09T09:13:53.746240,RX,COM6,0x0205b807,0x2,0x05,0x2e,0x0,7,00 00 3f 0b 00 00 80 00,"Status frame 0 (new)"
2026-03-09T09:13:53.746240,RX,COM6,0x0205b887,0x2,0x05,0x2e,0x2,7,00 00 00 00 00 00 00 00,"Status frame 2 (new)"
2026-03-09T09:13:53.747864,RX,COM6,0x0205b8c7,0x2,0x05,0x2e,0x3,7,3a 00 00 00 ed 5a 92 3e,"Status frame 3 (new)"
2026-03-09T09:13:53.749380,RX,COM6,0x0205b907,0x2,0x05,0x2e,0x4,7,00 00 00 00 00 00 00 00,"Status frame 4 (new)"
2026-03-09T09:13:53.750405,RX,COM6,0x0205b947,0x2,0x05,0x2e,0x5,7,00 00 00 00 00 00 00 00,"Status frame 5 (new)"
2026-03-09T09:13:53.751397,HEARTBEAT,COM6,0x01011840,0x1,0x01,0x6,0x1,0,aa 80 00 00 00 10 00 00,"Heartbeat"
2026-03-09T09:13:53.752409,RX,COM6,0x0205b987,0x2,0x05,0x2e,0x6,7,00 00 ff ff 01 00 00 00,"Status frame 6 (new)"
2026-03-09T09:13:53.766676,RX,COM6,0x0205b807,0x2,0x05,0x2e,0x0,7,00 00 42 0b 00 00 80 00,"Status frame 0 (new)"
2026-03-09T09:13:53.766676,RX,COM6,0x0205b887,0x2,0x05,0x2e,0x2,7,00 00 00 00 00 00 00 00,"Status frame 2 (new)"
2026-03-09T09:13:53.768675,RX,COM6,0x0205b8c7,0x2,0x05,0x2e,0x3,7,3a 00 00 00 66 a3 93 3e,"Status frame 3 (new)"
2026-03-09T09:13:53.768675,RX,COM6,0x0205b907,0x2,0x05,0x2e,0x4,7,00 00 00 00 00 00 00 00,"Status frame 4 (new)"
2026-03-09T09:13:53.770730,RX,COM6,0x0205b947,0x2,0x05,0x2e,0x5,7,00 00 00 00 00 00 00 00,"Status frame 5 (new)"
2026-03-09T09:13:53.771734,HEARTBEAT,COM6,0x01011840,0x1,0x01,0x6,0x1,0,be 80 00 00 00 10 00 00,"Heartbeat"
2026-03-09T09:13:53.772722,RX,COM6,0x0205b987,0x2,0x05,0x2e,0x6,7,00 00 ff ff 01 00 00 00,"Status frame 6 (new)"
2026-03-09T09:13:53.786784,RX,COM6,0x0205b887,0x2,0x05,0x2e,0x2,7,00 00 00 00 00 00 00 00,"Status frame 2 (new)"
2026-03-09T09:13:53.786784,RX,COM6,0x0205b807,0x2,0x05,0x2e,0x0,7,00 00 3f 0b 00 00 80 00,"Status frame 0 (new)"
2026-03-09T09:13:53.788785,RX,COM6,0x0205b8c7,0x2,0x05,0x2e,0x3,7,3b 00 00 00 c1 36 95 3e,"Status frame 3 (new)"
2026-03-09T09:13:53.789294,RX,COM6,0x0205b907,0x2,0x05,0x2e,0x4,7,00 00 00 00 00 00 00 00,"Status frame 4 (new)"
2026-03-09T09:13:53.790301,RX,COM6,0x0205b947,0x2,0x05,0x2e,0x5,7,00 00 00 00 00 00 00 00,"Status frame 5 (new)"
2026-03-09T09:13:53.791304,HEARTBEAT,COM6,0x01011840,0x1,0x01,0x6,0x1,0,d2 80 00 00 00 10 00 00,"Heartbeat"
2026-03-09T09:13:53.792300,RX,COM6,0x0205b987,0x2,0x05,0x2e,0x6,7,00 00 ff ff 01 00 00 00,"Status frame 6 (new)"
2026-03-09T09:13:53.806857,RX,COM6,0x0205b807,0x2,0x05,0x2e,0x0,7,00 00 3c 0b 00 00 80 00,"Status frame 0 (new)"
2026-03-09T09:13:53.806857,RX,COM6,0x0205b887,0x2,0x05,0x2e,0x2,7,00 00 00 00 00 00 00 00,"Status frame 2 (new)"
2026-03-09T09:13:53.808857,RX,COM6,0x0205b8c7,0x2,0x05,0x2e,0x3,7,3b 00 00 00 a0 db 93 3e,"Status frame 3 (new)"
2026-03-09T09:13:53.809863,RX,COM6,0x0205b907,0x2,0x05,0x2e,0x4,7,00 00 00 00 00 00 00 00,"Status frame 4 (new)"
2026-03-09T09:13:53.811851,RX,COM6,0x0205b947,0x2,0x05,0x2e,0x5,7,00 00 00 00 00 00 00 00,"Status frame 5 (new)"
2026-03-09T09:13:53.811851,HEARTBEAT,COM6,0x01011840,0x1,0x01,0x6,0x1,0,e7 80 00 00 00 10 00 00,"Heartbeat"
2026-03-09T09:13:53.812852,RX,COM6,0x0205b987,0x2,0x05,0x2e,0x6,7,00 00 ff ff 01 00 00 00,"Status frame 6 (new)"
2026-03-09T09:13:53.826888,RX,COM6,0x0205b807,0x2,0x05,0x2e,0x0,7,00 00 44 0b 00 00 80 00,"Status frame 0 (new)"
2026-03-09T09:13:53.826888,RX,COM6,0x0205b887,0x2,0x05,0x2e,0x2,7,00 00 00 00 00 00 00 00,"Status frame 2 (new)"
2026-03-09T09:13:53.828898,RX,COM6,0x0205b8c7,0x2,0x05,0x2e,0x3,7,3a 00 00 00 f1 52 93 3e,"Status frame 3 (new)"
2026-03-09T09:13:53.828898,RX,COM6,0x0205b907,0x2,0x05,0x2e,0x4,7,00 00 00 00 00 00 00 00,"Status frame 4 (new)"
2026-03-09T09:13:53.830898,HEARTBEAT,COM6,0x01011840,0x1,0x01,0x6,0x1,0,fa 80 00 00 00 10 00 00,"Heartbeat"
2026-03-09T09:13:53.830898,RX,COM6,0x0205b947,0x2,0x05,0x2e,0x5,7,00 00 00 00 00 00 00 00,"Status frame 5 (new)"
2026-03-09T09:13:53.832897,RX,COM6,0x0205b987,0x2,0x05,0x2e,0x6,7,00 00 ff ff 01 00 00 00,"Status frame 6 (new)"
2026-03-09T09:13:53.846140,RX,COM6,0x0205b807,0x2,0x05,0x2e,0x0,7,00 00 45 0b 00 00 80 00,"Status frame 0 (new)"
2026-03-09T09:13:53.847132,RX,COM6,0x0205b887,0x2,0x05,0x2e,0x2,7,00 00 00 00 00 00 00 00,"Status frame 2 (new)"
2026-03-09T09:13:53.848132,RX,COM6,0x0205b8c7,0x2,0x05,0x2e,0x3,7,3b 04 00 00 33 fc 93 3e,"Status frame 3 (new)"
2026-03-09T09:13:53.848132,RX,COM6,0x0205b907,0x2,0x05,0x2e,0x4,7,00 00 00 00 00 00 00 00,"Status frame 4 (new)"
2026-03-09T09:13:53.850163,RX,COM6,0x0205b947,0x2,0x05,0x2e,0x5,7,00 00 00 00 00 00 00 00,"Status frame 5 (new)"
2026-03-09T09:13:53.851178,HEARTBEAT,COM6,0x01011840,0x1,0x01,0x6,0x1,0,0e 81 00 00 00 10 00 00,"Heartbeat"
2026-03-09T09:13:53.852172,RX,COM6,0x0205b987,0x2,0x05,0x2e,0x6,7,00 00 ff ff 01 00 00 00,"Status frame 6 (new)"
2026-03-09T09:13:53.866366,RX,COM6,0x0205b807,0x2,0x05,0x2e,0x0,7,00 00 3f 0b 00 00 80 00,"Status frame 0 (new)"
2026-03-09T09:13:53.866366,RX,COM6,0x0205b847,0x2,0x05,0x2e,0x1,7,00 00 00 24 00 01 00 00,"Status frame 1 (new)"
2026-03-09T09:13:53.866366,RX,COM6,0x0205b887,0x2,0x05,0x2e,0x2,7,00 00 00 00 00 00 00 00,"Status frame 2 (new)"
2026-03-09T09:13:53.868388,RX,COM6,0x0205bc07,0x2,0x05,0x2f,0x0,7,12 e2 2e be 00 00 00 00,"DATA apiClass=0x2f apiIndex=0x0"
2026-03-09T09:13:53.868388,RX,COM6,0x0205b8c7,0x2,0x05,0x2e,0x3,7,3a 00 00 00 a4 bb 93 3e,"Status frame 3 (new)"
2026-03-09T09:13:53.869377,RX,COM6,0x0205b907,0x2,0x05,0x2e,0x4,7,00 00 00 00 00 00 00 00,"Status frame 4 (new)"
2026-03-09T09:13:53.870392,RX,COM6,0x0205b947,0x2,0x05,0x2e,0x5,7,00 00 00 00 00 00 00 00,"Status frame 5 (new)"
2026-03-09T09:13:53.872392,HEARTBEAT,COM6,0x01011840,0x1,0x01,0x6,0x1,0,23 81 00 00 00 10 00 00,"Heartbeat"
2026-03-09T09:13:53.872392,RX,COM6,0x0205b987,0x2,0x05,0x2e,0x6,7,00 00 ff ff 01 00 00 00,"Status frame 6 (new)"
2026-03-09T09:13:53.886917,RX,COM6,0x0205b807,0x2,0x05,0x2e,0x0,7,00 00 44 0b 00 00 80 00,"Status frame 0 (new)"
2026-03-09T09:13:53.886917,RX,COM6,0x0205b887,0x2,0x05,0x2e,0x2,7,00 00 00 00 00 00 00 00,"Status frame 2 (new)"
2026-03-09T09:13:53.888924,RX,COM6,0x0205b8c7,0x2,0x05,0x2e,0x3,7,3a 00 00 00 e2 3d 93 3e,"Status frame 3 (new)"
2026-03-09T09:13:53.888924,RX,COM6,0x0205b907,0x2,0x05,0x2e,0x4,7,00 00 00 00 00 00 00 00,"Status frame 4 (new)"
2026-03-09T09:13:53.890925,RX,COM6,0x0205b947,0x2,0x05,0x2e,0x5,7,00 00 00 00 00 00 00 00,"Status frame 5 (new)"
2026-03-09T09:13:53.891931,HEARTBEAT,COM6,0x01011840,0x1,0x01,0x6,0x1,0,36 81 00 00 00 10 00 00,"Heartbeat"
2026-03-09T09:13:53.892934,RX,COM6,0x0205b987,0x2,0x05,0x2e,0x6,7,00 00 ff ff 01 00 00 00,"Status frame 6 (new)"
2026-03-09T09:13:53.906972,RX,COM6,0x0205b807,0x2,0x05,0x2e,0x0,7,00 00 44 0b 00 00 80 00,"Status frame 0 (new)"
2026-03-09T09:13:53.906972,RX,COM6,0x0205b887,0x2,0x05,0x2e,0x2,7,00 00 00 00 00 00 00 00,"Status frame 2 (new)"
2026-03-09T09:13:53.908991,RX,COM6,0x0205b8c7,0x2,0x05,0x2e,0x3,7,3b 00 00 00 e5 89 94 3e,"Status frame 3 (new)"
2026-03-09T09:13:53.908991,RX,COM6,0x0205b907,0x2,0x05,0x2e,0x4,7,00 00 00 00 00 00 00 00,"Status frame 4 (new)"
2026-03-09T09:13:53.910990,RX,COM6,0x0205b947,0x2,0x05,0x2e,0x5,7,00 00 00 00 00 00 00 00,"Status frame 5 (new)"
2026-03-09T09:13:53.910990,HEARTBEAT,COM6,0x01011840,0x1,0x01,0x6,0x1,0,49 81 00 00 00 10 00 00,"Heartbeat"
2026-03-09T09:13:53.912993,RX,COM6,0x0205b987,0x2,0x05,0x2e,0x6,7,00 00 ff ff 01 00 00 00,"Status frame 6 (new)"
2026-03-09T09:13:53.927032,RX,COM6,0x0205b807,0x2,0x05,0x2e,0x0,7,00 00 42 0b 00 00 80 00,"Status frame 0 (new)"
2026-03-09T09:13:53.927032,RX,COM6,0x0205b887,0x2,0x05,0x2e,0x2,7,00 00 00 00 00 00 00 00,"Status frame 2 (new)"
2026-03-09T09:13:53.928567,RX,COM6,0x0205b8c7,0x2,0x05,0x2e,0x3,7,3b 00 00 00 60 11 94 3e,"Status frame 3 (new)"
2026-03-09T09:13:53.928567,RX,COM6,0x0205b907,0x2,0x05,0x2e,0x4,7,00 00 00 00 00 00 00 00,"Status frame 4 (new)"
2026-03-09T09:13:53.930584,RX,COM6,0x0205b947,0x2,0x05,0x2e,0x5,7,00 00 00 00 00 00 00 00,"Status frame 5 (new)"
2026-03-09T09:13:53.931584,HEARTBEAT,COM6,0x01011840,0x1,0x01,0x6,0x1,0,5e 81 00 00 00 10 00 00,"Heartbeat"
2026-03-09T09:13:53.932583,RX,COM6,0x0205b987,0x2,0x05,0x2e,0x6,7,00 00 ff ff 01 00 00 00,"Status frame 6 (new)"
2026-03-09T09:13:53.946651,RX,COM6,0x0205b807,0x2,0x05,0x2e,0x0,7,00 00 41 0b 00 00 80 00,"Status frame 0 (new)"
2026-03-09T09:13:53.946651,RX,COM6,0x0205b887,0x2,0x05,0x2e,0x2,7,00 00 00 00 00 00 00 00,"Status frame 2 (new)"
2026-03-09T09:13:53.948222,RX,COM6,0x0205b8c7,0x2,0x05,0x2e,0x3,7,3a 00 00 00 de 25 93 3e,"Status frame 3 (new)"
2026-03-09T09:13:53.948222,RX,COM6,0x0205b907,0x2,0x05,0x2e,0x4,7,00 00 00 00 00 00 00 00,"Status frame 4 (new)"
2026-03-09T09:13:53.950759,HEARTBEAT,COM6,0x01011840,0x1,0x01,0x6,0x1,0,71 81 00 00 00 10 00 00,"Heartbeat"
2026-03-09T09:13:53.950759,RX,COM6,0x0205b947,0x2,0x05,0x2e,0x5,7,00 00 00 00 00 00 00 00,"Status frame 5 (new)"
2026-03-09T09:13:53.952752,RX,COM6,0x0205b987,0x2,0x05,0x2e,0x6,7,00 00 ff ff 01 00 00 00,"Status frame 6 (new)"
2026-03-09T09:13:53.966293,RX,COM6,0x0205b807,0x2,0x05,0x2e,0x0,7,00 00 44 0b 00 00 80 00,"Status frame 0 (new)"
2026-03-09T09:13:53.967291,RX,COM6,0x0205b887,0x2,0x05,0x2e,0x2,7,00 00 00 00 00 00 00 00,"Status frame 2 (new)"
2026-03-09T09:13:53.968286,RX,COM6,0x0205b8c7,0x2,0x05,0x2e,0x3,7,3a 00 00 00 5c f1 92 3e,"Status frame 3 (new)"
2026-03-09T09:13:53.968286,RX,COM6,0x0205b907,0x2,0x05,0x2e,0x4,7,00 00 00 00 00 00 00 00,"Status frame 4 (new)"
2026-03-09T09:13:53.970807,HEARTBEAT,COM6,0x01011840,0x1,0x01,0x6,0x1,0,85 81 00 00 00 10 00 00,"Heartbeat"
2026-03-09T09:13:53.970807,RX,COM6,0x0205b947,0x2,0x05,0x2e,0x5,7,00 00 00 00 00 00 00 00,"Status frame 5 (new)"
2026-03-09T09:13:53.972804,RX,COM6,0x0205b987,0x2,0x05,0x2e,0x6,7,00 00 ff ff 01 00 00 00,"Status frame 6 (new)"
2026-03-09T09:13:53.986862,RX,COM6,0x0205b807,0x2,0x05,0x2e,0x0,7,00 00 46 0b 00 00 80 00,"Status frame 0 (new)"
2026-03-09T09:13:53.986862,RX,COM6,0x0205b887,0x2,0x05,0x2e,0x2,7,00 00 00 00 00 00 00 00,"Status frame 2 (new)"
2026-03-09T09:13:53.988862,RX,COM6,0x0205b8c7,0x2,0x05,0x2e,0x3,7,3a 00 00 00 8c 8b 93 3e,"Status frame 3 (new)"
2026-03-09T09:13:53.988862,RX,COM6,0x0205b907,0x2,0x05,0x2e,0x4,7,00 00 00 00 00 00 00 00,"Status frame 4 (new)"
2026-03-09T09:13:53.990398,RX,COM6,0x0205b947,0x2,0x05,0x2e,0x5,7,00 00 00 00 00 00 00 00,"Status frame 5 (new)"
2026-03-09T09:13:53.991398,HEARTBEAT,COM6,0x01011840,0x1,0x01,0x6,0x1,0,9a 81 00 00 00 10 00 00,"Heartbeat"
2026-03-09T09:13:53.992398,RX,COM6,0x0205b987,0x2,0x05,0x2e,0x6,7,00 00 ff ff 01 00 00 00,"Status frame 6 (new)"
2026-03-09T09:13:54.006928,RX,COM6,0x0205b807,0x2,0x05,0x2e,0x0,7,00 00 47 0b 00 00 80 00,"Status frame 0 (new)"
2026-03-09T09:13:54.006928,RX,COM6,0x0205b887,0x2,0x05,0x2e,0x2,7,00 00 00 00 00 00 00 00,"Status frame 2 (new)"
2026-03-09T09:13:54.008928,RX,COM6,0x0205b8c7,0x2,0x05,0x2e,0x3,7,3a 00 00 00 ce e9 93 3e,"Status frame 3 (new)"
2026-03-09T09:13:54.008928,RX,COM6,0x0205b907,0x2,0x05,0x2e,0x4,7,00 00 00 00 00 00 00 00,"Status frame 4 (new)"
2026-03-09T09:13:54.010928,HEARTBEAT,COM6,0x01011840,0x1,0x01,0x6,0x1,0,ae 81 00 00 00 10 00 00,"Heartbeat"
2026-03-09T09:13:54.010928,RX,COM6,0x0205b947,0x2,0x05,0x2e,0x5,7,00 00 00 00 00 00 00 00,"Status frame 5 (new)"
2026-03-09T09:13:54.012928,RX,COM6,0x0205b987,0x2,0x05,0x2e,0x6,7,00 00 ff ff 01 00 00 00,"Status frame 6 (new)"
2026-03-09T09:13:54.026986,RX,COM6,0x0205b807,0x2,0x05,0x2e,0x0,7,00 00 44 0b 00 00 80 00,"Status frame 0 (new)"
2026-03-09T09:13:54.026986,RX,COM6,0x0205b887,0x2,0x05,0x2e,0x2,7,00 00 00 00 00 00 00 00,"Status frame 2 (new)"
2026-03-09T09:13:54.028994,RX,COM6,0x0205b8c7,0x2,0x05,0x2e,0x3,7,3b 00 00 00 7c 05 95 3e,"Status frame 3 (new)"
2026-03-09T09:13:54.028994,RX,COM6,0x0205b907,0x2,0x05,0x2e,0x4,7,00 00 00 00 00 00 00 00,"Status frame 4 (new)"
2026-03-09T09:13:54.031003,RX,COM6,0x0205b947,0x2,0x05,0x2e,0x5,7,00 00 00 00 00 00 00 00,"Status frame 5 (new)"
2026-03-09T09:13:54.031003,HEARTBEAT,COM6,0x01011840,0x1,0x01,0x6,0x1,0,c2 81 00 00 00 10 00 00,"Heartbeat"
2026-03-09T09:13:54.033003,RX,COM6,0x0205b987,0x2,0x05,0x2e,0x6,7,00 00 ff ff 01 00 00 00,"Status frame 6 (new)"
2026-03-09T09:13:54.047062,RX,COM6,0x0205b807,0x2,0x05,0x2e,0x0,7,00 00 25 0b 00 00 80 00,"Status frame 0 (new)"
2026-03-09T09:13:54.047062,RX,COM6,0x0205b887,0x2,0x05,0x2e,0x2,7,00 00 00 00 00 00 00 00,"Status frame 2 (new)"
2026-03-09T09:13:54.049062,RX,COM6,0x0205b8c7,0x2,0x05,0x2e,0x3,7,3b 00 00 00 7b 32 94 3e,"Status frame 3 (new)"
2026-03-09T09:13:54.049062,RX,COM6,0x0205b907,0x2,0x05,0x2e,0x4,7,00 00 00 00 00 00 00 00,"Status frame 4 (new)"
2026-03-09T09:13:54.050587,RX,COM6,0x0205b947,0x2,0x05,0x2e,0x5,7,00 00 00 00 00 00 00 00,"Status frame 5 (new)"
2026-03-09T09:13:54.051610,HEARTBEAT,COM6,0x01011840,0x1,0x01,0x6,0x1,0,d6 81 00 00 00 10 00 00,"Heartbeat"
2026-03-09T09:13:54.052612,RX,COM6,0x0205b987,0x2,0x05,0x2e,0x6,7,00 00 ff ff 01 00 00 00,"Status frame 6 (new)"
2026-03-09T09:13:54.067137,RX,COM6,0x0205b807,0x2,0x05,0x2e,0x0,7,00 00 4b 0b 00 00 80 00,"Status frame 0 (new)"
2026-03-09T09:13:54.067137,RX,COM6,0x0205b887,0x2,0x05,0x2e,0x2,7,00 00 00 00 00 00 00 00,"Status frame 2 (new)"
2026-03-09T09:13:54.068153,RX,COM6,0x0205b8c7,0x2,0x05,0x2e,0x3,7,3a 00 00 00 63 16 94 3e,"Status frame 3 (new)"
2026-03-09T09:13:54.069138,RX,COM6,0x0205b907,0x2,0x05,0x2e,0x4,7,00 00 00 00 00 00 00 00,"Status frame 4 (new)"
2026-03-09T09:13:54.071137,RX,COM6,0x0205b947,0x2,0x05,0x2e,0x5,7,00 00 00 00 00 00 00 00,"Status frame 5 (new)"
2026-03-09T09:13:54.071137,HEARTBEAT,COM6,0x01011840,0x1,0x01,0x6,0x1,0,ea 81 00 00 00 10 00 00,"Heartbeat"
2026-03-09T09:13:54.072140,RX,COM6,0x0205b987,0x2,0x05,0x2e,0x6,7,00 00 ff ff 01 00 00 00,"Status frame 6 (new)"
2026-03-09T09:13:54.086209,RX,COM6,0x0205b807,0x2,0x05,0x2e,0x0,7,00 00 4a 0b 00 00 80 00,"Status frame 0 (new)"
2026-03-09T09:13:54.086209,RX,COM6,0x0205b887,0x2,0x05,0x2e,0x2,7,00 00 00 00 00 00 00 00,"Status frame 2 (new)"
2026-03-09T09:13:54.088223,RX,COM6,0x0205b8c7,0x2,0x05,0x2e,0x3,7,3b 00 00 00 a9 7e 94 3e,"Status frame 3 (new)"
2026-03-09T09:13:54.088223,RX,COM6,0x0205b907,0x2,0x05,0x2e,0x4,7,00 00 00 00 00 00 00 00,"Status frame 4 (new)"
2026-03-09T09:13:54.090209,RX,COM6,0x0205b947,0x2,0x05,0x2e,0x5,7,00 00 00 00 00 00 00 00,"Status frame 5 (new)"
2026-03-09T09:13:54.091210,HEARTBEAT,COM6,0x01011840,0x1,0x01,0x6,0x1,0,fe 81 00 00 00 10 00 00,"Heartbeat"
2026-03-09T09:13:54.092220,RX,COM6,0x0205b987,0x2,0x05,0x2e,0x6,7,00 00 ff ff 01 00 00 00,"Status frame 6 (new)"
2026-03-09T09:13:54.106591,RX,COM6,0x0205b807,0x2,0x05,0x2e,0x0,7,00 00 44 0b 00 00 80 00,"Status frame 0 (new)"
2026-03-09T09:13:54.106591,RX,COM6,0x0205b887,0x2,0x05,0x2e,0x2,7,00 00 00 00 00 00 00 00,"Status frame 2 (new)"
2026-03-09T09:13:54.108607,RX,COM6,0x0205b8c7,0x2,0x05,0x2e,0x3,7,3a 00 00 00 89 63 93 3e,"Status frame 3 (new)"
2026-03-09T09:13:54.108607,RX,COM6,0x0205b907,0x2,0x05,0x2e,0x4,7,00 00 00 00 00 00 00 00,"Status frame 4 (new)"
2026-03-09T09:13:54.110608,RX,COM6,0x0205b947,0x2,0x05,0x2e,0x5,7,00 00 00 00 00 00 00 00,"Status frame 5 (new)"
2026-03-09T09:13:54.111599,HEARTBEAT,COM6,0x01011840,0x1,0x01,0x6,0x1,0,12 82 00 00 00 10 00 00,"Heartbeat"
2026-03-09T09:13:54.112605,RX,COM6,0x0205b987,0x2,0x05,0x2e,0x6,7,00 00 ff ff 01 00 00 00,"Status frame 6 (new)"
2026-03-09T09:13:54.116625,RX,COM6,0x0205b847,0x2,0x05,0x2e,0x1,7,00 00 00 24 00 01 00 00,"Status frame 1 (new)"
2026-03-09T09:13:54.126129,RX,COM6,0x0205b807,0x2,0x05,0x2e,0x0,7,00 00 46 0b 00 00 80 00,"Status frame 0 (new)"
2026-03-09T09:13:54.127136,RX,COM6,0x0205b887,0x2,0x05,0x2e,0x2,7,00 00 00 00 00 00 00 00,"Status frame 2 (new)"
2026-03-09T09:13:54.128573,RX,COM6,0x0205b8c7,0x2,0x05,0x2e,0x3,7,3a 00 00 00 83 8a 93 3e,"Status frame 3 (new)"
2026-03-09T09:13:54.128573,RX,COM6,0x0205b907,0x2,0x05,0x2e,0x4,7,00 00 00 00 00 00 00 00,"Status frame 4 (new)"
2026-03-09T09:13:54.130582,RX,COM6,0x0205b947,0x2,0x05,0x2e,0x5,7,00 00 00 00 00 00 00 00,"Status frame 5 (new)"
2026-03-09T09:13:54.131576,HEARTBEAT,COM6,0x01011840,0x1,0x01,0x6,0x1,0,26 82 00 00 00 10 00 00,"Heartbeat"
2026-03-09T09:13:54.133110,RX,COM6,0x0205b987,0x2,0x05,0x2e,0x6,7,00 00 ff ff 01 00 00 00,"Status frame 6 (new)"
2026-03-09T09:13:54.146828,RX,COM6,0x0205b807,0x2,0x05,0x2e,0x0,7,00 00 03 0b 00 00 80 00,"Status frame 0 (new)"
2026-03-09T09:13:54.146828,RX,COM6,0x0205b887,0x2,0x05,0x2e,0x2,7,00 00 00 00 00 00 00 00,"Status frame 2 (new)"
2026-03-09T09:13:54.148848,RX,COM6,0x0205b8c7,0x2,0x05,0x2e,0x3,7,3b 00 00 00 d1 23 94 3e,"Status frame 3 (new)"
2026-03-09T09:13:54.148848,RX,COM6,0x0205b907,0x2,0x05,0x2e,0x4,7,00 00 00 00 00 00 00 00,"Status frame 4 (new)"
2026-03-09T09:13:54.150373,RX,COM6,0x0205b947,0x2,0x05,0x2e,0x5,7,00 00 00 00 00 00 00 00,"Status frame 5 (new)"
2026-03-09T09:13:54.151386,HEARTBEAT,COM6,0x01011840,0x1,0x01,0x6,0x1,0,3a 82 00 00 00 10 00 00,"Heartbeat"
2026-03-09T09:13:54.152395,RX,COM6,0x0205b987,0x2,0x05,0x2e,0x6,7,00 00 ff ff 01 00 00 00,"Status frame 6 (new)"
2026-03-09T09:13:54.165924,RX,COM6,0x0205b807,0x2,0x05,0x2e,0x0,7,00 00 4b 0b 00 00 80 00,"Status frame 0 (new)"
2026-03-09T09:13:54.165924,RX,COM6,0x0205b887,0x2,0x05,0x2e,0x2,7,00 00 00 00 00 00 00 00,"Status frame 2 (new)"
2026-03-09T09:13:54.168458,RX,COM6,0x0205b8c7,0x2,0x05,0x2e,0x3,7,3a 00 00 00 92 9a 93 3e,"Status frame 3 (new)"
2026-03-09T09:13:54.168458,RX,COM6,0x0205b907,0x2,0x05,0x2e,0x4,7,00 00 00 00 00 00 00 00,"Status frame 4 (new)"
2026-03-09T09:13:54.170454,HEARTBEAT,COM6,0x01011840,0x1,0x01,0x6,0x1,0,4d 82 00 00 00 10 00 00,"Heartbeat"
2026-03-09T09:13:54.170454,RX,COM6,0x0205b947,0x2,0x05,0x2e,0x5,7,00 00 00 00 00 00 00 00,"Status frame 5 (new)"
2026-03-09T09:13:54.172454,RX,COM6,0x0205b987,0x2,0x05,0x2e,0x6,7,00 00 ff ff 01 00 00 00,"Status frame 6 (new)"
2026-03-09T09:13:54.186591,RX,COM6,0x0205b807,0x2,0x05,0x2e,0x0,7,00 00 49 0b 00 00 80 00,"Status frame 0 (new)"
2026-03-09T09:13:54.186591,RX,COM6,0x0205b887,0x2,0x05,0x2e,0x2,7,00 00 00 00 00 00 00 00,"Status frame 2 (new)"
2026-03-09T09:13:54.188101,RX,COM6,0x0205b8c7,0x2,0x05,0x2e,0x3,7,3a 00 00 00 ed ae 93 3e,"Status frame 3 (new)"
2026-03-09T09:13:54.189110,RX,COM6,0x0205b907,0x2,0x05,0x2e,0x4,7,00 00 00 00 00 00 00 00,"Status frame 4 (new)"
2026-03-09T09:13:54.190124,RX,COM6,0x0205b947,0x2,0x05,0x2e,0x5,7,00 00 00 00 00 00 00 00,"Status frame 5 (new)"
2026-03-09T09:13:54.191111,HEARTBEAT,COM6,0x01011840,0x1,0x01,0x6,0x1,0,62 82 00 00 00 10 00 00,"Heartbeat"
2026-03-09T09:13:54.193122,RX,COM6,0x0205b987,0x2,0x05,0x2e,0x6,7,00 00 ff ff 01 00 00 00,"Status frame 6 (new)"
2026-03-09T09:13:54.194119,TX,COM6,0x02053c07,0x2,0x05,0xf,0x0,7,1a 00 00 00 00 00 00 00,"TX apiClass=0xf apiIndex=0x0"
2026-03-09T09:13:54.206648,RX,COM6,0x0205b807,0x2,0x05,0x2e,0x0,7,00 00 48 0b 00 00 80 00,"Status frame 0 (new)"
2026-03-09T09:13:54.206648,RX,COM6,0x0205b887,0x2,0x05,0x2e,0x2,7,00 00 00 00 00 00 00 00,"Status frame 2 (new)"
2026-03-09T09:13:54.208654,RX,COM6,0x0205b8c7,0x2,0x05,0x2e,0x3,7,3b 00 00 00 11 7f 94 3e,"Status frame 3 (new)"
2026-03-09T09:13:54.208654,RX,COM6,0x0205b907,0x2,0x05,0x2e,0x4,7,00 00 00 00 00 00 00 00,"Status frame 4 (new)"
2026-03-09T09:13:54.210647,RX,COM6,0x0205b947,0x2,0x05,0x2e,0x5,7,00 00 00 00 00 00 00 00,"Status frame 5 (new)"
2026-03-09T09:13:54.211649,HEARTBEAT,COM6,0x01011840,0x1,0x01,0x6,0x1,0,76 82 00 00 00 10 00 00,"Heartbeat"
2026-03-09T09:13:54.211649,RX,COM6,0x0205b987,0x2,0x05,0x2e,0x6,7,00 00 ff ff 01 00 00 00,"Status frame 6 (new)"
2026-03-09T09:13:54.226167,RX,COM6,0x0205b807,0x2,0x05,0x2e,0x0,7,00 00 48 0b 00 00 80 00,"Status frame 0 (new)"
2026-03-09T09:13:54.227159,RX,COM6,0x0205b887,0x2,0x05,0x2e,0x2,7,00 00 00 00 00 00 00 00,"Status frame 2 (new)"
2026-03-09T09:13:54.228680,RX,COM6,0x0205b8c7,0x2,0x05,0x2e,0x3,7,3a 00 00 00 01 97 93 3e,"Status frame 3 (new)"
2026-03-09T09:13:54.228680,RX,COM6,0x0205b907,0x2,0x05,0x2e,0x4,7,00 00 00 00 00 00 00 00,"Status frame 4 (new)"
2026-03-09T09:13:54.230677,HEARTBEAT,COM6,0x01011840,0x1,0x01,0x6,0x1,0,89 82 00 00 00 10 00 00,"Heartbeat"
2026-03-09T09:13:54.230677,RX,COM6,0x0205b947,0x2,0x05,0x2e,0x5,7,00 00 00 00 00 00 00 00,"Status frame 5 (new)"
2026-03-09T09:13:54.232677,RX,COM6,0x0205b987,0x2,0x05,0x2e,0x6,7,00 00 ff ff 01 00 00 00,"Status frame 6 (new)"
2026-03-09T09:13:54.246749,RX,COM6,0x0205b807,0x2,0x05,0x2e,0x0,7,00 00 13 0b 00 00 80 00,"Status frame 0 (new)"
2026-03-09T09:13:54.246749,RX,COM6,0x0205b887,0x2,0x05,0x2e,0x2,7,00 00 00 00 00 00 00 00,"Status frame 2 (new)"
2026-03-09T09:13:54.248748,RX,COM6,0x0205b8c7,0x2,0x05,0x2e,0x3,7,3a 00 00 00 b4 15 94 3e,"Status frame 3 (new)"
2026-03-09T09:13:54.248748,RX,COM6,0x0205b907,0x2,0x05,0x2e,0x4,7,00 00 00 00 00 00 00 00,"Status frame 4 (new)"
2026-03-09T09:13:54.250273,RX,COM6,0x0205b947,0x2,0x05,0x2e,0x5,7,00 00 00 00 00 00 00 00,"Status frame 5 (new)"
2026-03-09T09:13:54.251283,HEARTBEAT,COM6,0x01011840,0x1,0x01,0x6,0x1,0,9e 82 00 00 00 10 00 00,"Heartbeat"
2026-03-09T09:13:54.252288,RX,COM6,0x0205b987,0x2,0x05,0x2e,0x6,7,00 00 ff ff 01 00 00 00,"Status frame 6 (new)"
2026-03-09T09:13:54.266825,RX,COM6,0x0205b807,0x2,0x05,0x2e,0x0,7,00 00 4c 0b 00 00 80 00,"Status frame 0 (new)"
2026-03-09T09:13:54.266825,RX,COM6,0x0205b887,0x2,0x05,0x2e,0x2,7,00 00 00 00 00 00 00 00,"Status frame 2 (new)"
2026-03-09T09:13:54.268828,RX,COM6,0x0205b8c7,0x2,0x05,0x2e,0x3,7,3a 00 00 00 cc d6 93 3e,"Status frame 3 (new)"
2026-03-09T09:13:54.268828,RX,COM6,0x0205b907,0x2,0x05,0x2e,0x4,7,00 00 00 00 00 00 00 00,"Status frame 4 (new)"
2026-03-09T09:13:54.270825,HEARTBEAT,COM6,0x01011840,0x1,0x01,0x6,0x1,0,b1 82 00 00 00 10 00 00,"Heartbeat"
2026-03-09T09:13:54.270825,RX,COM6,0x0205b947,0x2,0x05,0x2e,0x5,7,00 00 00 00 00 00 00 00,"Status frame 5 (new)"
2026-03-09T09:13:54.272826,RX,COM6,0x0205b987,0x2,0x05,0x2e,0x6,7,00 00 ff ff 01 00 00 00,"Status frame 6 (new)"
2026-03-09T09:13:54.286879,RX,COM6,0x0205b807,0x2,0x05,0x2e,0x0,7,00 00 46 0b 00 00 80 00,"Status frame 0 (new)"
2026-03-09T09:13:54.286879,RX,COM6,0x0205b887,0x2,0x05,0x2e,0x2,7,00 00 00 00 00 00 00 00,"Status frame 2 (new)"
2026-03-09T09:13:54.288879,RX,COM6,0x0205b8c7,0x2,0x05,0x2e,0x3,7,3a 00 00 00 d4 8d 92 3e,"Status frame 3 (new)"
2026-03-09T09:13:54.288879,RX,COM6,0x0205b907,0x2,0x05,0x2e,0x4,7,00 00 00 00 00 00 00 00,"Status frame 4 (new)"
2026-03-09T09:13:54.290878,HEARTBEAT,COM6,0x01011840,0x1,0x01,0x6,0x1,0,c5 82 00 00 00 10 00 00,"Heartbeat"
2026-03-09T09:13:54.290878,RX,COM6,0x0205b947,0x2,0x05,0x2e,0x5,7,00 00 00 00 00 00 00 00,"Status frame 5 (new)"
2026-03-09T09:13:54.292879,RX,COM6,0x0205b987,0x2,0x05,0x2e,0x6,7,00 00 ff ff 01 00 00 00,"Status frame 6 (new)"
2026-03-09T09:13:54.306922,RX,COM6,0x0205b807,0x2,0x05,0x2e,0x0,7,00 00 4a 0b 00 00 80 00,"Status frame 0 (new)"
2026-03-09T09:13:54.306922,RX,COM6,0x0205b887,0x2,0x05,0x2e,0x2,7,00 00 00 00 00 00 00 00,"Status frame 2 (new)"
2026-03-09T09:13:54.308922,RX,COM6,0x0205b8c7,0x2,0x05,0x2e,0x3,7,3a 00 00 00 b6 dc 93 3e,"Status frame 3 (new)"
2026-03-09T09:13:54.308922,RX,COM6,0x0205b907,0x2,0x05,0x2e,0x4,7,00 00 00 00 00 00 00 00,"Status frame 4 (new)"
2026-03-09T09:13:54.310916,HEARTBEAT,COM6,0x01011840,0x1,0x01,0x6,0x1,0,da 82 00 00 00 10 00 00,"Heartbeat"
2026-03-09T09:13:54.310916,RX,COM6,0x0205b947,0x2,0x05,0x2e,0x5,7,00 00 00 00 00 00 00 00,"Status frame 5 (new)"
2026-03-09T09:13:54.312945,RX,COM6,0x0205b987,0x2,0x05,0x2e,0x6,7,00 00 ff ff 01 00 00 00,"Status frame 6 (new)"
2026-03-09T09:13:54.326989,RX,COM6,0x0205b807,0x2,0x05,0x2e,0x0,7,00 00 48 0b 00 00 80 00,"Status frame 0 (new)"
2026-03-09T09:13:54.326989,RX,COM6,0x0205b887,0x2,0x05,0x2e,0x2,7,00 00 00 00 00 00 00 00,"Status frame 2 (new)"
2026-03-09T09:13:54.328998,RX,COM6,0x0205b8c7,0x2,0x05,0x2e,0x3,7,3b 00 00 00 18 44 94 3e,"Status frame 3 (new)"
2026-03-09T09:13:54.328998,RX,COM6,0x0205b907,0x2,0x05,0x2e,0x4,7,00 00 00 00 00 00 00 00,"Status frame 4 (new)"
2026-03-09T09:13:54.331009,RX,COM6,0x0205b947,0x2,0x05,0x2e,0x5,7,00 00 00 00 00 00 00 00,"Status frame 5 (new)"
2026-03-09T09:13:54.331009,HEARTBEAT,COM6,0x01011840,0x1,0x01,0x6,0x1,0,ee 82 00 00 00 10 00 00,"Heartbeat"
2026-03-09T09:13:54.333006,RX,COM6,0x0205b987,0x2,0x05,0x2e,0x6,7,00 00 ff ff 01 00 00 00,"Status frame 6 (new)"
2026-03-09T09:13:54.347068,RX,COM6,0x0205b807,0x2,0x05,0x2e,0x0,7,00 00 36 0b 00 00 80 00,"Status frame 0 (new)"
2026-03-09T09:13:54.347068,RX,COM6,0x0205b887,0x2,0x05,0x2e,0x2,7,00 00 00 00 00 00 00 00,"Status frame 2 (new)"
2026-03-09T09:13:54.348083,RX,COM6,0x0205b8c7,0x2,0x05,0x2e,0x3,7,3a 00 00 00 d7 ba 93 3e,"Status frame 3 (new)"
2026-03-09T09:13:54.349070,RX,COM6,0x0205b907,0x2,0x05,0x2e,0x4,7,00 00 00 00 00 00 00 00,"Status frame 4 (new)"
2026-03-09T09:13:54.350592,RX,COM6,0x0205b947,0x2,0x05,0x2e,0x5,7,00 00 00 00 00 00 00 00,"Status frame 5 (new)"
2026-03-09T09:13:54.351613,HEARTBEAT,COM6,0x01011840,0x1,0x01,0x6,0x1,0,02 83 00 00 00 10 00 00,"Heartbeat"
2026-03-09T09:13:54.352609,RX,COM6,0x0205b987,0x2,0x05,0x2e,0x6,7,00 00 ff ff 01 00 00 00,"Status frame 6 (new)"
2026-03-09T09:13:54.366679,RX,COM6,0x0205b807,0x2,0x05,0x2e,0x0,7,00 00 50 0b 00 00 80 00,"Status frame 0 (new)"
2026-03-09T09:13:54.366679,RX,COM6,0x0205b847,0x2,0x05,0x2e,0x1,7,00 00 00 24 00 01 00 00,"Status frame 1 (new)"
2026-03-09T09:13:54.366679,RX,COM6,0x0205b887,0x2,0x05,0x2e,0x2,7,00 00 00 00 00 00 00 00,"Status frame 2 (new)"
2026-03-09T09:13:54.368679,RX,COM6,0x0205b8c7,0x2,0x05,0x2e,0x3,7,3a 00 00 00 98 49 93 3e,"Status frame 3 (new)"
2026-03-09T09:13:54.368679,RX,COM6,0x0205b907,0x2,0x05,0x2e,0x4,7,00 00 00 00 00 00 00 00,"Status frame 4 (new)"
2026-03-09T09:13:54.370678,HEARTBEAT,COM6,0x01011840,0x1,0x01,0x6,0x1,0,15 83 00 00 00 10 00 00,"Heartbeat"
2026-03-09T09:13:54.370678,RX,COM6,0x0205b947,0x2,0x05,0x2e,0x5,7,00 00 00 00 00 00 00 00,"Status frame 5 (new)"
2026-03-09T09:13:54.372669,RX,COM6,0x0205b987,0x2,0x05,0x2e,0x6,7,00 00 ff ff 01 00 00 00,"Status frame 6 (new)"
2026-03-09T09:13:54.386735,RX,COM6,0x0205b807,0x2,0x05,0x2e,0x0,7,00 00 52 0b 00 00 80 00,"Status frame 0 (new)"
2026-03-09T09:13:54.386735,RX,COM6,0x0205b887,0x2,0x05,0x2e,0x2,7,00 00 00 00 00 00 00 00,"Status frame 2 (new)"
2026-03-09T09:13:54.388752,RX,COM6,0x0205b8c7,0x2,0x05,0x2e,0x3,7,3a 00 00 00 e4 b0 92 3e,"Status frame 3 (new)"
2026-03-09T09:13:54.388752,RX,COM6,0x0205b907,0x2,0x05,0x2e,0x4,7,00 00 00 00 00 00 00 00,"Status frame 4 (new)"
2026-03-09T09:13:54.390752,HEARTBEAT,COM6,0x01011840,0x1,0x01,0x6,0x1,0,29 83 00 00 00 10 00 00,"Heartbeat"
2026-03-09T09:13:54.390752,RX,COM6,0x0205b947,0x2,0x05,0x2e,0x5,7,00 00 00 00 00 00 00 00,"Status frame 5 (new)"
2026-03-09T09:13:54.392756,RX,COM6,0x0205b987,0x2,0x05,0x2e,0x6,7,00 00 ff ff 01 00 00 00,"Status frame 6 (new)"
2026-03-09T09:13:54.406837,RX,COM6,0x0205b807,0x2,0x05,0x2e,0x0,7,00 00 4d 0b 00 00 80 00,"Status frame 0 (new)"
2026-03-09T09:13:54.406837,RX,COM6,0x0205b887,0x2,0x05,0x2e,0x2,7,00 00 00 00 00 00 00 00,"Status frame 2 (new)"
2026-03-09T09:13:54.408829,RX,COM6,0x0205b8c7,0x2,0x05,0x2e,0x3,7,3a 00 00 00 96 40 93 3e,"Status frame 3 (new)"
2026-03-09T09:13:54.408829,RX,COM6,0x0205b907,0x2,0x05,0x2e,0x4,7,00 00 00 00 00 00 00 00,"Status frame 4 (new)"
2026-03-09T09:13:54.410831,HEARTBEAT,COM6,0x01011840,0x1,0x01,0x6,0x1,0,3e 83 00 00 00 10 00 00,"Heartbeat"
2026-03-09T09:13:54.410831,RX,COM6,0x0205b947,0x2,0x05,0x2e,0x5,7,00 00 00 00 00 00 00 00,"Status frame 5 (new)"
2026-03-09T09:13:54.412822,RX,COM6,0x0205b987,0x2,0x05,0x2e,0x6,7,00 00 ff ff 01 00 00 00,"Status frame 6 (new)"
2026-03-09T09:13:54.426999,RX,COM6,0x0205b807,0x2,0x05,0x2e,0x0,7,00 00 52 0b 00 00 80 00,"Status frame 0 (new)"
2026-03-09T09:13:54.426999,RX,COM6,0x0205b887,0x2,0x05,0x2e,0x2,7,00 00 00 00 00 00 00 00,"Status frame 2 (new)"
2026-03-09T09:13:54.428894,RX,COM6,0x0205b8c7,0x2,0x05,0x2e,0x3,7,3a 00 00 00 a3 56 93 3e,"Status frame 3 (new)"
2026-03-09T09:13:54.428894,RX,COM6,0x0205b907,0x2,0x05,0x2e,0x4,7,00 00 00 00 00 00 00 00,"Status frame 4 (new)"
2026-03-09T09:13:54.430897,HEARTBEAT,COM6,0x01011840,0x1,0x01,0x6,0x1,0,51 83 00 00 00 10 00 00,"Heartbeat"
2026-03-09T09:13:54.430897,RX,COM6,0x0205b947,0x2,0x05,0x2e,0x5,7,00 00 00 00 00 00 00 00,"Status frame 5 (new)"
2026-03-09T09:13:54.432897,RX,COM6,0x0205b987,0x2,0x05,0x2e,0x6,7,00 00 ff ff 01 00 00 00,"Status frame 6 (new)"
2026-03-09T09:13:54.446426,RX,COM6,0x0205b807,0x2,0x05,0x2e,0x0,7,00 00 43 0b 00 00 80 00,"Status frame 0 (new)"
2026-03-09T09:13:54.446426,RX,COM6,0x0205b887,0x2,0x05,0x2e,0x2,7,00 00 00 00 00 00 00 00,"Status frame 2 (new)"
2026-03-09T09:13:54.448954,RX,COM6,0x0205b8c7,0x2,0x05,0x2e,0x3,7,3b 00 00 00 92 1d 95 3e,"Status frame 3 (new)"
2026-03-09T09:13:54.448954,RX,COM6,0x0205b907,0x2,0x05,0x2e,0x4,7,00 00 00 00 00 00 00 00,"Status frame 4 (new)"
2026-03-09T09:13:54.450475,RX,COM6,0x0205b947,0x2,0x05,0x2e,0x5,7,00 00 00 00 00 00 00 00,"Status frame 5 (new)"
2026-03-09T09:13:54.451483,HEARTBEAT,COM6,0x01011840,0x1,0x01,0x6,0x1,0,66 83 00 00 00 10 00 00,"Heartbeat"
2026-03-09T09:13:54.452499,RX,COM6,0x0205b987,0x2,0x05,0x2e,0x6,7,00 00 ff ff 01 00 00 00,"Status frame 6 (new)"
2026-03-09T09:13:54.467022,RX,COM6,0x0205b807,0x2,0x05,0x2e,0x0,7,00 00 54 0b 00 00 80 00,"Status frame 0 (new)"
2026-03-09T09:13:54.467022,RX,COM6,0x0205b887,0x2,0x05,0x2e,0x2,7,00 00 00 00 00 00 00 00,"Status frame 2 (new)"
2026-03-09T09:13:54.468595,RX,COM6,0x0205b8c7,0x2,0x05,0x2e,0x3,7,3a 00 00 00 41 95 92 3e,"Status frame 3 (new)"
2026-03-09T09:13:54.468595,RX,COM6,0x0205b907,0x2,0x05,0x2e,0x4,7,00 00 00 00 00 00 00 00,"Status frame 4 (new)"
2026-03-09T09:13:54.470564,HEARTBEAT,COM6,0x01011840,0x1,0x01,0x6,0x1,0,79 83 00 00 00 10 00 00,"Heartbeat"
2026-03-09T09:13:54.470564,RX,COM6,0x0205b947,0x2,0x05,0x2e,0x5,7,00 00 00 00 00 00 00 00,"Status frame 5 (new)"
2026-03-09T09:13:54.472557,RX,COM6,0x0205b987,0x2,0x05,0x2e,0x6,7,00 00 ff ff 01 00 00 00,"Status frame 6 (new)"
2026-03-09T09:13:54.486128,RX,COM6,0x0205b807,0x2,0x05,0x2e,0x0,7,00 00 4d 0b 00 00 80 00,"Status frame 0 (new)"
2026-03-09T09:13:54.487124,RX,COM6,0x0205b887,0x2,0x05,0x2e,0x2,7,00 00 00 00 00 00 00 00,"Status frame 2 (new)"
2026-03-09T09:13:54.488136,RX,COM6,0x0205b8c7,0x2,0x05,0x2e,0x3,7,3b 00 00 00 56 2e 94 3e,"Status frame 3 (new)"
2026-03-09T09:13:54.488136,RX,COM6,0x0205b907,0x2,0x05,0x2e,0x4,7,00 00 00 00 00 00 00 00,"Status frame 4 (new)"
2026-03-09T09:13:54.490671,HEARTBEAT,COM6,0x01011840,0x1,0x01,0x6,0x1,0,8d 83 00 00 00 10 00 00,"Heartbeat"
2026-03-09T09:13:54.490671,RX,COM6,0x0205b947,0x2,0x05,0x2e,0x5,7,00 00 00 00 00 00 00 00,"Status frame 5 (new)"
2026-03-09T09:13:54.492663,RX,COM6,0x0205b987,0x2,0x05,0x2e,0x6,7,00 00 ff ff 01 00 00 00,"Status frame 6 (new)"
2026-03-09T09:13:54.506713,RX,COM6,0x0205b807,0x2,0x05,0x2e,0x0,7,00 00 52 0b 00 00 80 00,"Status frame 0 (new)"
2026-03-09T09:13:54.506713,RX,COM6,0x0205b887,0x2,0x05,0x2e,0x2,7,00 00 00 00 00 00 00 00,"Status frame 2 (new)"
2026-03-09T09:13:54.508716,RX,COM6,0x0205b8c7,0x2,0x05,0x2e,0x3,7,3b 00 00 00 7c 68 95 3e,"Status frame 3 (new)"
2026-03-09T09:13:54.508716,RX,COM6,0x0205b907,0x2,0x05,0x2e,0x4,7,00 00 00 00 00 00 00 00,"Status frame 4 (new)"
2026-03-09T09:13:54.510287,RX,COM6,0x0205b947,0x2,0x05,0x2e,0x5,7,00 00 00 00 00 00 00 00,"Status frame 5 (new)"
2026-03-09T09:13:54.511263,HEARTBEAT,COM6,0x01011840,0x1,0x01,0x6,0x1,0,a2 83 00 00 00 10 00 00,"Heartbeat"
2026-03-09T09:13:54.512247,RX,COM6,0x0205b987,0x2,0x05,0x2e,0x6,7,00 00 ff ff 01 00 00 00,"Status frame 6 (new)"
2026-03-09T09:13:54.525789,RX,COM6,0x0205b807,0x2,0x05,0x2e,0x0,7,00 00 4e 0b 00 00 80 00,"Status frame 0 (new)"
2026-03-09T09:13:54.525789,RX,COM6,0x0205b887,0x2,0x05,0x2e,0x2,7,00 00 00 00 00 00 00 00,"Status frame 2 (new)"
2026-03-09T09:13:54.528306,RX,COM6,0x0205b8c7,0x2,0x05,0x2e,0x3,7,3a 00 00 00 74 4f 93 3e,"Status frame 3 (new)"
2026-03-09T09:13:54.529301,RX,COM6,0x0205b907,0x2,0x05,0x2e,0x4,7,00 00 00 00 00 00 00 00,"Status frame 4 (new)"
2026-03-09T09:13:54.530301,RX,COM6,0x0205b947,0x2,0x05,0x2e,0x5,7,00 00 00 00 00 00 00 00,"Status frame 5 (new)"
2026-03-09T09:13:54.531302,HEARTBEAT,COM6,0x01011840,0x1,0x01,0x6,0x1,0,b6 83 00 00 00 10 00 00,"Heartbeat"
2026-03-09T09:13:54.532848,RX,COM6,0x0205b987,0x2,0x05,0x2e,0x6,7,00 00 ff ff 01 00 00 00,"Status frame 6 (new)"
2026-03-09T09:13:54.546371,RX,COM6,0x0205b807,0x2,0x05,0x2e,0x0,7,00 00 4f 0b 00 00 80 00,"Status frame 0 (new)"
2026-03-09T09:13:54.546371,RX,COM6,0x0205b887,0x2,0x05,0x2e,0x2,7,00 00 00 00 00 00 00 00,"Status frame 2 (new)"
2026-03-09T09:13:54.548379,RX,COM6,0x0205b8c7,0x2,0x05,0x2e,0x3,7,3a 00 00 00 9d b2 93 3e,"Status frame 3 (new)"
2026-03-09T09:13:54.548379,RX,COM6,0x0205b907,0x2,0x05,0x2e,0x4,7,00 00 00 00 00 00 00 00,"Status frame 4 (new)"
2026-03-09T09:13:54.550887,HEARTBEAT,COM6,0x01011840,0x1,0x01,0x6,0x1,0,c9 83 00 00 00 10 00 00,"Heartbeat"
2026-03-09T09:13:54.550887,RX,COM6,0x0205b947,0x2,0x05,0x2e,0x5,7,00 00 00 00 00 00 00 00,"Status frame 5 (new)"
2026-03-09T09:13:54.552907,RX,COM6,0x0205b987,0x2,0x05,0x2e,0x6,7,00 00 ff ff 01 00 00 00,"Status frame 6 (new)"
2026-03-09T09:13:54.566964,RX,COM6,0x0205b807,0x2,0x05,0x2e,0x0,7,00 00 55 0b 00 00 80 00,"Status frame 0 (new)"
2026-03-09T09:13:54.566964,RX,COM6,0x0205b887,0x2,0x05,0x2e,0x2,7,00 00 00 00 00 00 00 00,"Status frame 2 (new)"
2026-03-09T09:13:54.568982,RX,COM6,0x0205b8c7,0x2,0x05,0x2e,0x3,7,3a 00 00 00 04 21 93 3e,"Status frame 3 (new)"
2026-03-09T09:13:54.568982,RX,COM6,0x0205b907,0x2,0x05,0x2e,0x4,7,00 00 00 00 00 00 00 00,"Status frame 4 (new)"
2026-03-09T09:13:54.570980,RX,COM6,0x0205b947,0x2,0x05,0x2e,0x5,7,00 00 00 00 00 00 00 00,"Status frame 5 (new)"
2026-03-09T09:13:54.570980,HEARTBEAT,COM6,0x01011840,0x1,0x01,0x6,0x1,0,de 83 00 00 00 10 00 00,"Heartbeat"
2026-03-09T09:13:54.572980,RX,COM6,0x0205b987,0x2,0x05,0x2e,0x6,7,00 00 ff ff 01 00 00 00,"Status frame 6 (new)"
2026-03-09T09:13:54.586706,RX,COM6,0x0205b807,0x2,0x05,0x2e,0x0,7,00 00 50 0b 00 00 80 00,"Status frame 0 (new)"
2026-03-09T09:13:54.586706,RX,COM6,0x0205b887,0x2,0x05,0x2e,0x2,7,00 00 00 00 00 00 00 00,"Status frame 2 (new)"
2026-03-09T09:13:54.588623,RX,COM6,0x0205b8c7,0x2,0x05,0x2e,0x3,7,3b 00 00 00 89 ed 93 3e,"Status frame 3 (new)"
2026-03-09T09:13:54.588623,RX,COM6,0x0205b907,0x2,0x05,0x2e,0x4,7,00 00 00 00 00 00 00 00,"Status frame 4 (new)"
2026-03-09T09:13:54.590623,HEARTBEAT,COM6,0x01011840,0x1,0x01,0x6,0x1,0,f1 83 00 00 00 10 00 00,"Heartbeat"
2026-03-09T09:13:54.590623,RX,COM6,0x0205b947,0x2,0x05,0x2e,0x5,7,00 00 00 00 00 00 00 00,"Status frame 5 (new)"
2026-03-09T09:13:54.593229,RX,COM6,0x0205b987,0x2,0x05,0x2e,0x6,7,00 00 ff ff 01 00 00 00,"Status frame 6 (new)"
2026-03-09T09:13:54.607062,RX,COM6,0x0205b807,0x2,0x05,0x2e,0x0,7,00 00 4f 0b 00 00 80 00,"Status frame 0 (new)"
2026-03-09T09:13:54.607062,RX,COM6,0x0205b887,0x2,0x05,0x2e,0x2,7,00 00 00 00 00 00 00 00,"Status frame 2 (new)"
2026-03-09T09:13:54.609084,RX,COM6,0x0205b8c7,0x2,0x05,0x2e,0x3,7,3a 00 00 00 ba ae 93 3e,"Status frame 3 (new)"
2026-03-09T09:13:54.609084,RX,COM6,0x0205b907,0x2,0x05,0x2e,0x4,7,00 00 00 00 00 00 00 00,"Status frame 4 (new)"
2026-03-09T09:13:54.610088,RX,COM6,0x0205b947,0x2,0x05,0x2e,0x5,7,00 00 00 00 00 00 00 00,"Status frame 5 (new)"
2026-03-09T09:13:54.611083,HEARTBEAT,COM6,0x01011840,0x1,0x01,0x6,0x1,0,06 84 00 00 00 10 00 00,"Heartbeat"
2026-03-09T09:13:54.613075,RX,COM6,0x0205b987,0x2,0x05,0x2e,0x6,7,00 00 ff ff 01 00 00 00,"Status frame 6 (new)"
2026-03-09T09:13:54.616084,RX,COM6,0x0205b847,0x2,0x05,0x2e,0x1,7,00 00 00 24 00 01 00 00,"Status frame 1 (new)"
2026-03-09T09:13:54.627085,RX,COM6,0x0205b807,0x2,0x05,0x2e,0x0,7,00 00 51 0b 00 00 80 00,"Status frame 0 (new)"
2026-03-09T09:13:54.627085,RX,COM6,0x0205b887,0x2,0x05,0x2e,0x2,7,00 00 00 00 00 00 00 00,"Status frame 2 (new)"
2026-03-09T09:13:54.628370,RX,COM6,0x0205b8c7,0x2,0x05,0x2e,0x3,7,3b 00 00 00 c9 bd 94 3e,"Status frame 3 (new)"
2026-03-09T09:13:54.628370,RX,COM6,0x0205b907,0x2,0x05,0x2e,0x4,7,00 00 00 00 00 00 00 00,"Status frame 4 (new)"
2026-03-09T09:13:54.630383,RX,COM6,0x0205b947,0x2,0x05,0x2e,0x5,7,00 00 00 00 00 00 00 00,"Status frame 5 (new)"
2026-03-09T09:13:54.631383,HEARTBEAT,COM6,0x01011840,0x1,0x01,0x6,0x1,0,1a 84 00 00 00 10 00 00,"Heartbeat"
2026-03-09T09:13:54.632907,RX,COM6,0x0205b987,0x2,0x05,0x2e,0x6,7,00 00 ff ff 01 00 00 00,"Status frame 6 (new)"
2026-03-09T09:13:54.646428,RX,COM6,0x0205b807,0x2,0x05,0x2e,0x0,7,00 00 56 0b 00 00 80 00,"Status frame 0 (new)"
2026-03-09T09:13:54.646428,RX,COM6,0x0205b887,0x2,0x05,0x2e,0x2,7,00 00 00 00 00 00 00 00,"Status frame 2 (new)"
2026-03-09T09:13:54.648427,RX,COM6,0x0205b8c7,0x2,0x05,0x2e,0x3,7,3a 00 00 00 52 ce 92 3e,"Status frame 3 (new)"
2026-03-09T09:13:54.649428,RX,COM6,0x0205b907,0x2,0x05,0x2e,0x4,7,00 00 00 00 00 00 00 00,"Status frame 4 (new)"
2026-03-09T09:13:54.650936,HEARTBEAT,COM6,0x01011840,0x1,0x01,0x6,0x1,0,2e 84 00 00 00 10 00 00,"Heartbeat"
2026-03-09T09:13:54.650936,RX,COM6,0x0205b947,0x2,0x05,0x2e,0x5,7,00 00 00 00 00 00 00 00,"Status frame 5 (new)"
2026-03-09T09:13:54.652942,RX,COM6,0x0205b987,0x2,0x05,0x2e,0x6,7,00 00 ff ff 01 00 00 00,"Status frame 6 (new)"
2026-03-09T09:13:54.666454,RX,COM6,0x0205b807,0x2,0x05,0x2e,0x0,7,00 00 51 0b 00 00 80 00,"Status frame 0 (new)"
2026-03-09T09:13:54.666454,RX,COM6,0x0205b887,0x2,0x05,0x2e,0x2,7,00 00 00 00 00 00 00 00,"Status frame 2 (new)"
2026-03-09T09:13:54.668455,RX,COM6,0x0205b8c7,0x2,0x05,0x2e,0x3,7,3b 00 00 00 da 80 94 3e,"Status frame 3 (new)"
2026-03-09T09:13:54.668455,RX,COM6,0x0205b907,0x2,0x05,0x2e,0x4,7,00 00 00 00 00 00 00 00,"Status frame 4 (new)"
2026-03-09T09:13:54.670521,RX,COM6,0x0205b947,0x2,0x05,0x2e,0x5,7,00 00 00 00 00 00 00 00,"Status frame 5 (new)"
2026-03-09T09:13:54.671571,HEARTBEAT,COM6,0x01011840,0x1,0x01,0x6,0x1,0,42 84 00 00 00 10 00 00,"Heartbeat"
2026-03-09T09:13:54.673130,RX,COM6,0x0205b987,0x2,0x05,0x2e,0x6,7,00 00 ff ff 01 00 00 00,"Status frame 6 (new)"
2026-03-09T09:13:54.685935,RX,COM6,0x0205b807,0x2,0x05,0x2e,0x0,7,00 00 4f 0b 00 00 80 00,"Status frame 0 (new)"
2026-03-09T09:13:54.685935,RX,COM6,0x0205b887,0x2,0x05,0x2e,0x2,7,00 00 00 00 00 00 00 00,"Status frame 2 (new)"
2026-03-09T09:13:54.688458,RX,COM6,0x0205b8c7,0x2,0x05,0x2e,0x3,7,3b 00 00 00 92 f6 93 3e,"Status frame 3 (new)"
2026-03-09T09:13:54.688458,RX,COM6,0x0205b907,0x2,0x05,0x2e,0x4,7,00 00 00 00 00 00 00 00,"Status frame 4 (new)"
2026-03-09T09:13:54.690466,RX,COM6,0x0205b947,0x2,0x05,0x2e,0x5,7,00 00 00 00 00 00 00 00,"Status frame 5 (new)"
2026-03-09T09:13:54.691457,HEARTBEAT,COM6,0x01011840,0x1,0x01,0x6,0x1,0,56 84 00 00 00 10 00 00,"Heartbeat"
2026-03-09T09:13:54.692978,RX,COM6,0x0205b987,0x2,0x05,0x2e,0x6,7,00 00 ff ff 01 00 00 00,"Status frame 6 (new)"
2026-03-09T09:13:54.696,TX,COM6,0x02053c07,0x2,0x05,0xf,0x0,7,1b 00 00 00 00 00 00 00,"TX apiClass=0xf apiIndex=0x0"
2026-03-09T09:13:54.707110,RX,COM6,0x0205b807,0x2,0x05,0x2e,0x0,7,00 00 57 0b 00 00 80 00,"Status frame 0 (new)"
2026-03-09T09:13:54.707110,RX,COM6,0x0205b887,0x2,0x05,0x2e,0x2,7,00 00 00 00 00 00 00 00,"Status frame 2 (new)"
2026-03-09T09:13:54.709110,RX,COM6,0x0205b8c7,0x2,0x05,0x2e,0x3,7,3b 00 00 00 5d 18 94 3e,"Status frame 3 (new)"
2026-03-09T09:13:54.709110,RX,COM6,0x0205b907,0x2,0x05,0x2e,0x4,7,00 00 00 00 00 00 00 00,"Status frame 4 (new)"
2026-03-09T09:13:54.711115,RX,COM6,0x0205b947,0x2,0x05,0x2e,0x5,7,00 00 00 00 00 00 00 00,"Status frame 5 (new)"
2026-03-09T09:13:54.711115,HEARTBEAT,COM6,0x01011840,0x1,0x01,0x6,0x1,0,6a 84 00 00 00 10 00 00,"Heartbeat"
2026-03-09T09:13:54.712131,RX,COM6,0x0205b987,0x2,0x05,0x2e,0x6,7,00 00 ff ff 01 00 00 00,"Status frame 6 (new)"
2026-03-09T09:13:54.725663,RX,COM6,0x0205b807,0x2,0x05,0x2e,0x0,7,00 00 53 0b 00 00 80 00,"Status frame 0 (new)"
2026-03-09T09:13:54.727176,RX,COM6,0x0205b887,0x2,0x05,0x2e,0x2,7,00 00 00 00 00 00 00 00,"Status frame 2 (new)"
2026-03-09T09:13:54.729917,RX,COM6,0x0205b8c7,0x2,0x05,0x2e,0x3,7,3a 00 00 00 11 d7 92 3e,"Status frame 3 (new)"
2026-03-09T09:13:54.729917,RX,COM6,0x0205b907,0x2,0x05,0x2e,0x4,7,00 00 00 00 00 00 00 00,"Status frame 4 (new)"
2026-03-09T09:13:54.730927,HEARTBEAT,COM6,0x01011840,0x1,0x01,0x6,0x1,0,7d 84 00 00 00 10 00 00,"Heartbeat"
2026-03-09T09:13:54.730927,RX,COM6,0x0205b947,0x2,0x05,0x2e,0x5,7,00 00 00 00 00 00 00 00,"Status frame 5 (new)"
2026-03-09T09:13:54.732925,RX,COM6,0x0205b987,0x2,0x05,0x2e,0x6,7,00 00 ff ff 01 00 00 00,"Status frame 6 (new)"
2026-03-09T09:13:54.746466,RX,COM6,0x0205b807,0x2,0x05,0x2e,0x0,7,00 00 55 0b 00 00 80 00,"Status frame 0 (new)"
2026-03-09T09:13:54.746466,RX,COM6,0x0205b887,0x2,0x05,0x2e,0x2,7,00 00 00 00 00 00 00 00,"Status frame 2 (new)"
2026-03-09T09:13:54.748470,RX,COM6,0x0205b8c7,0x2,0x05,0x2e,0x3,7,3b 00 00 00 d0 28 95 3e,"Status frame 3 (new)"
2026-03-09T09:13:54.748470,RX,COM6,0x0205b907,0x2,0x05,0x2e,0x4,7,00 00 00 00 00 00 00 00,"Status frame 4 (new)"
2026-03-09T09:13:54.750981,RX,COM6,0x0205b947,0x2,0x05,0x2e,0x5,7,00 00 00 00 00 00 00 00,"Status frame 5 (new)"
2026-03-09T09:13:54.750981,HEARTBEAT,COM6,0x01011840,0x1,0x01,0x6,0x1,0,92 84 00 00 00 10 00 00,"Heartbeat"
2026-03-09T09:13:54.752999,RX,COM6,0x0205b987,0x2,0x05,0x2e,0x6,7,00 00 ff ff 01 00 00 00,"Status frame 6 (new)"
2026-03-09T09:13:54.767085,RX,COM6,0x0205b807,0x2,0x05,0x2e,0x0,7,00 00 51 0b 00 00 80 00,"Status frame 0 (new)"
2026-03-09T09:13:54.767085,RX,COM6,0x0205b887,0x2,0x05,0x2e,0x2,7,00 00 00 00 00 00 00 00,"Status frame 2 (new)"
2026-03-09T09:13:54.769077,RX,COM6,0x0205b8c7,0x2,0x05,0x2e,0x3,7,3a 00 00 00 2f 26 92 3e,"Status frame 3 (new)"
2026-03-09T09:13:54.769077,RX,COM6,0x0205b907,0x2,0x05,0x2e,0x4,7,00 00 00 00 00 00 00 00,"Status frame 4 (new)"
2026-03-09T09:13:54.770087,RX,COM6,0x0205b947,0x2,0x05,0x2e,0x5,7,00 00 00 00 00 00 00 00,"Status frame 5 (new)"
2026-03-09T09:13:54.771073,HEARTBEAT,COM6,0x01011840,0x1,0x01,0x6,0x1,0,a6 84 00 00 00 10 00 00,"Heartbeat"
2026-03-09T09:13:54.772088,RX,COM6,0x0205b987,0x2,0x05,0x2e,0x6,7,00 00 ff ff 01 00 00 00,"Status frame 6 (new)"
2026-03-09T09:13:54.786153,RX,COM6,0x0205b807,0x2,0x05,0x2e,0x0,7,00 00 22 0b 00 00 80 00,"Status frame 0 (new)"
2026-03-09T09:13:54.787146,RX,COM6,0x0205b887,0x2,0x05,0x2e,0x2,7,00 00 00 00 00 00 00 00,"Status frame 2 (new)"
2026-03-09T09:13:54.788160,RX,COM6,0x0205b8c7,0x2,0x05,0x2e,0x3,7,3b 00 00 00 a7 7a 94 3e,"Status frame 3 (new)"
2026-03-09T09:13:54.788160,RX,COM6,0x0205b907,0x2,0x05,0x2e,0x4,7,00 00 00 00 00 00 00 00,"Status frame 4 (new)"
2026-03-09T09:13:54.790719,RX,COM6,0x0205b947,0x2,0x05,0x2e,0x5,7,00 00 00 00 00 00 00 00,"Status frame 5 (new)"
2026-03-09T09:13:54.791719,HEARTBEAT,COM6,0x01011840,0x1,0x01,0x6,0x1,0,ba 84 00 00 00 10 00 00,"Heartbeat"
2026-03-09T09:13:54.792719,RX,COM6,0x0205b987,0x2,0x05,0x2e,0x6,7,00 00 ff ff 01 00 00 00,"Status frame 6 (new)"
2026-03-09T09:13:54.806320,RX,COM6,0x0205b807,0x2,0x05,0x2e,0x0,7,00 00 54 0b 00 00 80 00,"Status frame 0 (new)"
2026-03-09T09:13:54.807241,RX,COM6,0x0205b887,0x2,0x05,0x2e,0x2,7,00 00 00 00 00 00 00 00,"Status frame 2 (new)"
2026-03-09T09:13:54.808252,RX,COM6,0x0205b8c7,0x2,0x05,0x2e,0x3,7,3b 00 00 00 e9 9c 94 3e,"Status frame 3 (new)"
2026-03-09T09:13:54.808252,RX,COM6,0x0205b907,0x2,0x05,0x2e,0x4,7,00 00 00 00 00 00 00 00,"Status frame 4 (new)"
2026-03-09T09:13:54.810249,RX,COM6,0x0205b947,0x2,0x05,0x2e,0x5,7,00 00 00 00 00 00 00 00,"Status frame 5 (new)"
2026-03-09T09:13:54.811237,HEARTBEAT,COM6,0x01011840,0x1,0x01,0x6,0x1,0,ce 84 00 00 00 10 00 00,"Heartbeat"
2026-03-09T09:13:54.812237,RX,COM6,0x0205b987,0x2,0x05,0x2e,0x6,7,00 00 ff ff 01 00 00 00,"Status frame 6 (new)"
2026-03-09T09:13:54.826819,RX,COM6,0x0205b807,0x2,0x05,0x2e,0x0,7,00 00 52 0b 00 00 80 00,"Status frame 0 (new)"
2026-03-09T09:13:54.826819,RX,COM6,0x0205b887,0x2,0x05,0x2e,0x2,7,00 00 00 00 00 00 00 00,"Status frame 2 (new)"
2026-03-09T09:13:54.828838,RX,COM6,0x0205b8c7,0x2,0x05,0x2e,0x3,7,3a 00 00 00 7c e4 92 3e,"Status frame 3 (new)"
2026-03-09T09:13:54.828838,RX,COM6,0x0205b907,0x2,0x05,0x2e,0x4,7,00 00 00 00 00 00 00 00,"Status frame 4 (new)"
2026-03-09T09:13:54.830835,HEARTBEAT,COM6,0x01011840,0x1,0x01,0x6,0x1,0,e1 84 00 00 00 10 00 00,"Heartbeat"
2026-03-09T09:13:54.830835,RX,COM6,0x0205b947,0x2,0x05,0x2e,0x5,7,00 00 00 00 00 00 00 00,"Status frame 5 (new)"
2026-03-09T09:13:54.832835,RX,COM6,0x0205b987,0x2,0x05,0x2e,0x6,7,00 00 ff ff 01 00 00 00,"Status frame 6 (new)"
2026-03-09T09:13:54.847015,RX,COM6,0x0205b807,0x2,0x05,0x2e,0x0,7,00 00 4d 0b 00 00 80 00,"Status frame 0 (new)"
2026-03-09T09:13:54.847015,RX,COM6,0x0205b887,0x2,0x05,0x2e,0x2,7,00 00 00 00 00 00 00 00,"Status frame 2 (new)"
2026-03-09T09:13:54.849014,RX,COM6,0x0205b8c7,0x2,0x05,0x2e,0x3,7,3a 00 00 00 dc d3 93 3e,"Status frame 3 (new)"
2026-03-09T09:13:54.849014,RX,COM6,0x0205b907,0x2,0x05,0x2e,0x4,7,00 00 00 00 00 00 00 00,"Status frame 4 (new)"
2026-03-09T09:13:54.851022,HEARTBEAT,COM6,0x01011840,0x1,0x01,0x6,0x1,0,f6 84 00 00 00 10 00 00,"Heartbeat"
2026-03-09T09:13:54.851545,RX,COM6,0x0205b947,0x2,0x05,0x2e,0x5,7,00 00 00 00 00 00 00 00,"Status frame 5 (new)"
2026-03-09T09:13:54.852567,RX,COM6,0x0205b987,0x2,0x05,0x2e,0x6,7,00 00 ff ff 01 00 00 00,"Status frame 6 (new)"
2026-03-09T09:13:54.867092,RX,COM6,0x0205b807,0x2,0x05,0x2e,0x0,7,00 00 49 0b 00 00 80 00,"Status frame 0 (new)"
2026-03-09T09:13:54.867092,RX,COM6,0x0205b847,0x2,0x05,0x2e,0x1,7,00 00 00 24 00 01 00 00,"Status frame 1 (new)"
2026-03-09T09:13:54.867092,RX,COM6,0x0205b887,0x2,0x05,0x2e,0x2,7,00 00 00 00 00 00 00 00,"Status frame 2 (new)"
2026-03-09T09:13:54.869092,RX,COM6,0x0205b8c7,0x2,0x05,0x2e,0x3,7,3b 00 00 00 ad e1 94 3e,"Status frame 3 (new)"
2026-03-09T09:13:54.869092,RX,COM6,0x0205b907,0x2,0x05,0x2e,0x4,7,00 00 00 00 00 00 00 00,"Status frame 4 (new)"
2026-03-09T09:13:54.869092,RX,COM6,0x0205bc07,0x2,0x05,0x2f,0x0,7,12 e2 2e be 00 00 00 00,"DATA apiClass=0x2f apiIndex=0x0"
2026-03-09T09:13:54.871091,RX,COM6,0x0205b947,0x2,0x05,0x2e,0x5,7,00 00 00 00 00 00 00 00,"Status frame 5 (new)"
2026-03-09T09:13:54.872091,HEARTBEAT,COM6,0x01011840,0x1,0x01,0x6,0x1,0,0b 85 00 00 00 10 00 00,"Heartbeat"
2026-03-09T09:13:54.873091,RX,COM6,0x0205b987,0x2,0x05,0x2e,0x6,7,00 00 ff ff 01 00 00 00,"Status frame 6 (new)"
2026-03-09T09:13:54.886690,RX,COM6,0x0205b807,0x2,0x05,0x2e,0x0,7,00 00 fd 0a 00 00 80 00,"Status frame 0 (new)"
2026-03-09T09:13:54.886690,RX,COM6,0x0205b887,0x2,0x05,0x2e,0x2,7,00 00 00 00 00 00 00 00,"Status frame 2 (new)"
2026-03-09T09:13:54.888690,RX,COM6,0x0205b8c7,0x2,0x05,0x2e,0x3,7,3a 00 00 00 0a f8 92 3e,"Status frame 3 (new)"
2026-03-09T09:13:54.888690,RX,COM6,0x0205b907,0x2,0x05,0x2e,0x4,7,00 00 00 00 00 00 00 00,"Status frame 4 (new)"
2026-03-09T09:13:54.890690,RX,COM6,0x0205b947,0x2,0x05,0x2e,0x5,7,00 00 00 00 00 00 00 00,"Status frame 5 (new)"
2026-03-09T09:13:54.891689,HEARTBEAT,COM6,0x01011840,0x1,0x01,0x6,0x1,0,1e 85 00 00 00 10 00 00,"Heartbeat"
2026-03-09T09:13:54.892690,RX,COM6,0x0205b987,0x2,0x05,0x2e,0x6,7,00 00 ff ff 01 00 00 00,"Status frame 6 (new)"
2026-03-09T09:13:54.906461,RX,COM6,0x0205b807,0x2,0x05,0x2e,0x0,7,00 00 48 0b 00 00 80 00,"Status frame 0 (new)"
2026-03-09T09:13:54.907378,RX,COM6,0x0205b887,0x2,0x05,0x2e,0x2,7,00 00 00 00 00 00 00 00,"Status frame 2 (new)"
2026-03-09T09:13:54.908444,RX,COM6,0x0205b8c7,0x2,0x05,0x2e,0x3,7,3a 00 00 00 71 8f 92 3e,"Status frame 3 (new)"
2026-03-09T09:13:54.908444,RX,COM6,0x0205b907,0x2,0x05,0x2e,0x4,7,00 00 00 00 00 00 00 00,"Status frame 4 (new)"
2026-03-09T09:13:54.911374,RX,COM6,0x0205b947,0x2,0x05,0x2e,0x5,7,00 00 00 00 00 00 00 00,"Status frame 5 (new)"
2026-03-09T09:13:54.911374,HEARTBEAT,COM6,0x01011840,0x1,0x01,0x6,0x1,0,32 85 00 00 00 10 00 00,"Heartbeat"
2026-03-09T09:13:54.912376,RX,COM6,0x0205b987,0x2,0x05,0x2e,0x6,7,00 00 ff ff 01 00 00 00,"Status frame 6 (new)"
2026-03-09T09:13:54.926916,RX,COM6,0x0205b807,0x2,0x05,0x2e,0x0,7,00 00 46 0b 00 00 80 00,"Status frame 0 (new)"
2026-03-09T09:13:54.926916,RX,COM6,0x0205b887,0x2,0x05,0x2e,0x2,7,00 00 00 00 00 00 00 00,"Status frame 2 (new)"
2026-03-09T09:13:54.928435,RX,COM6,0x0205b8c7,0x2,0x05,0x2e,0x3,7,3b 00 00 00 4d de 94 3e,"Status frame 3 (new)"
2026-03-09T09:13:54.928435,RX,COM6,0x0205b907,0x2,0x05,0x2e,0x4,7,00 00 00 00 00 00 00 00,"Status frame 4 (new)"
2026-03-09T09:13:54.930428,RX,COM6,0x0205b947,0x2,0x05,0x2e,0x5,7,00 00 00 00 00 00 00 00,"Status frame 5 (new)"
2026-03-09T09:13:54.932434,HEARTBEAT,COM6,0x01011840,0x1,0x01,0x6,0x1,0,47 85 00 00 00 10 00 00,"Heartbeat"
2026-03-09T09:13:54.932434,RX,COM6,0x0205b987,0x2,0x05,0x2e,0x6,7,00 00 ff ff 01 00 00 00,"Status frame 6 (new)"
2026-03-09T09:13:54.946601,RX,COM6,0x0205b807,0x2,0x05,0x2e,0x0,7,00 00 46 0b 00 00 80 00,"Status frame 0 (new)"
2026-03-09T09:13:54.946601,RX,COM6,0x0205b887,0x2,0x05,0x2e,0x2,7,00 00 00 00 00 00 00 00,"Status frame 2 (new)"
2026-03-09T09:13:54.948123,RX,COM6,0x0205b8c7,0x2,0x05,0x2e,0x3,7,3a 00 00 00 0d 68 93 3e,"Status frame 3 (new)"
2026-03-09T09:13:54.949144,RX,COM6,0x0205b907,0x2,0x05,0x2e,0x4,7,00 00 00 00 00 00 00 00,"Status frame 4 (new)"
2026-03-09T09:13:54.950147,RX,COM6,0x0205b947,0x2,0x05,0x2e,0x5,7,00 00 00 00 00 00 00 00,"Status frame 5 (new)"
2026-03-09T09:13:54.951131,HEARTBEAT,COM6,0x01011840,0x1,0x01,0x6,0x1,0,5a 85 00 00 00 10 00 00,"Heartbeat"
2026-03-09T09:13:54.952650,RX,COM6,0x0205b987,0x2,0x05,0x2e,0x6,7,00 00 ff ff 01 00 00 00,"Status frame 6 (new)"
2026-03-09T09:13:54.966199,RX,COM6,0x0205b807,0x2,0x05,0x2e,0x0,7,00 00 42 0b 00 00 80 00,"Status frame 0 (new)"
2026-03-09T09:13:54.967192,RX,COM6,0x0205b887,0x2,0x05,0x2e,0x2,7,00 00 00 00 00 00 00 00,"Status frame 2 (new)"
2026-03-09T09:13:54.968205,RX,COM6,0x0205b8c7,0x2,0x05,0x2e,0x3,7,3a 00 00 00 1b 78 93 3e,"Status frame 3 (new)"
2026-03-09T09:13:54.969192,RX,COM6,0x0205b907,0x2,0x05,0x2e,0x4,7,00 00 00 00 00 00 00 00,"Status frame 4 (new)"
2026-03-09T09:13:54.970205,RX,COM6,0x0205b947,0x2,0x05,0x2e,0x5,7,00 00 00 00 00 00 00 00,"Status frame 5 (new)"
2026-03-09T09:13:54.971192,HEARTBEAT,COM6,0x01011840,0x1,0x01,0x6,0x1,0,6e 85 00 00 00 10 00 00,"Heartbeat"
2026-03-09T09:13:54.972208,RX,COM6,0x0205b987,0x2,0x05,0x2e,0x6,7,00 00 ff ff 01 00 00 00,"Status frame 6 (new)"
2026-03-09T09:13:54.987269,RX,COM6,0x0205b807,0x2,0x05,0x2e,0x0,7,00 00 17 0b 00 00 80 00,"Status frame 0 (new)"
2026-03-09T09:13:54.987393,RX,COM6,0x0205b887,0x2,0x05,0x2e,0x2,7,00 00 00 00 00 00 00 00,"Status frame 2 (new)"
2026-03-09T09:13:54.988903,RX,COM6,0x0205b8c7,0x2,0x05,0x2e,0x3,7,3a 00 00 00 cc 49 93 3e,"Status frame 3 (new)"
2026-03-09T09:13:54.988903,RX,COM6,0x0205b907,0x2,0x05,0x2e,0x4,7,00 00 00 00 00 00 00 00,"Status frame 4 (new)"
2026-03-09T09:13:54.990902,RX,COM6,0x0205b947,0x2,0x05,0x2e,0x5,7,00 00 00 00 00 00 00 00,"Status frame 5 (new)"
2026-03-09T09:13:54.991905,HEARTBEAT,COM6,0x01011840,0x1,0x01,0x6,0x1,0,83 85 00 00 00 10 00 00,"Heartbeat"
2026-03-09T09:13:54.992902,RX,COM6,0x0205b987,0x2,0x05,0x2e,0x6,7,00 00 ff ff 01 00 00 00,"Status frame 6 (new)"
2026-03-09T09:13:55.006413,RX,COM6,0x0205b807,0x2,0x05,0x2e,0x0,7,00 00 41 0b 00 00 80 00,"Status frame 0 (new)"
2026-03-09T09:13:55.006413,RX,COM6,0x0205b887,0x2,0x05,0x2e,0x2,7,00 00 00 00 00 00 00 00,"Status frame 2 (new)"
2026-03-09T09:13:55.008415,RX,COM6,0x0205b8c7,0x2,0x05,0x2e,0x3,7,3a 00 00 00 72 fa 93 3e,"Status frame 3 (new)"
2026-03-09T09:13:55.009414,RX,COM6,0x0205b907,0x2,0x05,0x2e,0x4,7,00 00 00 00 00 00 00 00,"Status frame 4 (new)"
2026-03-09T09:13:55.010420,RX,COM6,0x0205b947,0x2,0x05,0x2e,0x5,7,00 00 00 00 00 00 00 00,"Status frame 5 (new)"
2026-03-09T09:13:55.011414,HEARTBEAT,COM6,0x01011840,0x1,0x01,0x6,0x1,0,96 85 00 00 00 10 00 00,"Heartbeat"
2026-03-09T09:13:55.012919,RX,COM6,0x0205b987,0x2,0x05,0x2e,0x6,7,00 00 ff ff 01 00 00 00,"Status frame 6 (new)"
2026-03-09T09:13:55.027138,RX,COM6,0x0205b807,0x2,0x05,0x2e,0x0,7,00 00 3e 0b 00 00 80 00,"Status frame 0 (new)"
2026-03-09T09:13:55.027138,RX,COM6,0x0205b887,0x2,0x05,0x2e,0x2,7,00 00 00 00 00 00 00 00,"Status frame 2 (new)"
2026-03-09T09:13:55.028228,RX,COM6,0x0205b8c7,0x2,0x05,0x2e,0x3,7,3b 00 00 00 3b e6 93 3e,"Status frame 3 (new)"
2026-03-09T09:13:55.029151,RX,COM6,0x0205b907,0x2,0x05,0x2e,0x4,7,00 00 00 00 00 00 00 00,"Status frame 4 (new)"
2026-03-09T09:13:55.030216,RX,COM6,0x0205b947,0x2,0x05,0x2e,0x5,7,00 00 00 00 00 00 00 00,"Status frame 5 (new)"
2026-03-09T09:13:55.031151,HEARTBEAT,COM6,0x01011840,0x1,0x01,0x6,0x1,0,aa 85 00 00 00 10 00 00,"Heartbeat"
2026-03-09T09:13:55.032148,RX,COM6,0x0205b987,0x2,0x05,0x2e,0x6,7,00 00 ff ff 01 00 00 00,"Status frame 6 (new)"
2026-03-09T09:13:55.046243,RX,COM6,0x0205b807,0x2,0x05,0x2e,0x0,7,00 00 46 0b 00 00 80 00,"Status frame 0 (new)"
2026-03-09T09:13:55.047334,RX,COM6,0x0205b887,0x2,0x05,0x2e,0x2,7,00 00 00 00 00 00 00 00,"Status frame 2 (new)"
2026-03-09T09:13:55.049251,RX,COM6,0x0205b8c7,0x2,0x05,0x2e,0x3,7,3a 00 00 00 29 84 93 3e,"Status frame 3 (new)"
2026-03-09T09:13:55.049915,RX,COM6,0x0205b907,0x2,0x05,0x2e,0x4,7,00 00 00 00 00 00 00 00,"Status frame 4 (new)"
2026-03-09T09:13:55.050559,RX,COM6,0x0205b947,0x2,0x05,0x2e,0x5,7,00 00 00 00 00 00 00 00,"Status frame 5 (new)"
2026-03-09T09:13:55.051178,HEARTBEAT,COM6,0x01011840,0x1,0x01,0x6,0x1,0,be 85 00 00 00 10 00 00,"Heartbeat"
2026-03-09T09:13:55.052957,RX,COM6,0x0205b987,0x2,0x05,0x2e,0x6,7,00 00 ff ff 01 00 00 00,"Status frame 6 (new)"
2026-03-09T09:13:55.066514,RX,COM6,0x0205b807,0x2,0x05,0x2e,0x0,7,00 00 44 0b 00 00 80 00,"Status frame 0 (new)"
2026-03-09T09:13:55.066514,RX,COM6,0x0205b887,0x2,0x05,0x2e,0x2,7,00 00 00 00 00 00 00 00,"Status frame 2 (new)"
2026-03-09T09:13:55.068514,RX,COM6,0x0205b8c7,0x2,0x05,0x2e,0x3,7,3a 00 00 00 35 b8 93 3e,"Status frame 3 (new)"
2026-03-09T09:13:55.068514,RX,COM6,0x0205b907,0x2,0x05,0x2e,0x4,7,00 00 00 00 00 00 00 00,"Status frame 4 (new)"
2026-03-09T09:13:55.070514,RX,COM6,0x0205b947,0x2,0x05,0x2e,0x5,7,00 00 00 00 00 00 00 00,"Status frame 5 (new)"
2026-03-09T09:13:55.071514,HEARTBEAT,COM6,0x01011840,0x1,0x01,0x6,0x1,0,d2 85 00 00 00 10 00 00,"Heartbeat"
2026-03-09T09:13:55.072514,RX,COM6,0x0205b987,0x2,0x05,0x2e,0x6,7,00 00 ff ff 01 00 00 00,"Status frame 6 (new)"
2026-03-09T09:13:55.086254,RX,COM6,0x0205b807,0x2,0x05,0x2e,0x0,7,00 00 2d 0b 00 00 80 00,"Status frame 0 (new)"
2026-03-09T09:13:55.087254,RX,COM6,0x0205b887,0x2,0x05,0x2e,0x2,7,00 00 00 00 00 00 00 00,"Status frame 2 (new)"
2026-03-09T09:13:55.088254,RX,COM6,0x0205b8c7,0x2,0x05,0x2e,0x3,7,3b 04 00 00 47 e8 94 3e,"Status frame 3 (new)"
2026-03-09T09:13:55.088254,RX,COM6,0x0205b907,0x2,0x05,0x2e,0x4,7,00 00 00 00 00 00 00 00,"Status frame 4 (new)"
2026-03-09T09:13:55.090254,RX,COM6,0x0205b947,0x2,0x05,0x2e,0x5,7,00 00 00 00 00 00 00 00,"Status frame 5 (new)"
2026-03-09T09:13:55.091254,HEARTBEAT,COM6,0x01011840,0x1,0x01,0x6,0x1,0,e6 85 00 00 00 10 00 00,"Heartbeat"
2026-03-09T09:13:55.092246,RX,COM6,0x0205b987,0x2,0x05,0x2e,0x6,7,00 00 ff ff 01 00 00 00,"Status frame 6 (new)"
2026-03-09T09:13:55.106777,RX,COM6,0x0205b807,0x2,0x05,0x2e,0x0,7,00 00 40 0b 00 00 80 00,"Status frame 0 (new)"
2026-03-09T09:13:55.106777,RX,COM6,0x0205b887,0x2,0x05,0x2e,0x2,7,00 00 00 00 00 00 00 00,"Status frame 2 (new)"
2026-03-09T09:13:55.108779,RX,COM6,0x0205b8c7,0x2,0x05,0x2e,0x3,7,3b 00 00 00 8c 4f 94 3e,"Status frame 3 (new)"
2026-03-09T09:13:55.108779,RX,COM6,0x0205b907,0x2,0x05,0x2e,0x4,7,00 00 00 00 00 00 00 00,"Status frame 4 (new)"
2026-03-09T09:13:55.110882,RX,COM6,0x0205b947,0x2,0x05,0x2e,0x5,7,00 00 00 00 00 00 00 00,"Status frame 5 (new)"
2026-03-09T09:13:55.111889,HEARTBEAT,COM6,0x01011840,0x1,0x01,0x6,0x1,0,fa 85 00 00 00 10 00 00,"Heartbeat"
2026-03-09T09:13:55.112890,RX,COM6,0x0205b987,0x2,0x05,0x2e,0x6,7,00 00 ff ff 01 00 00 00,"Status frame 6 (new)"
2026-03-09T09:13:55.116407,RX,COM6,0x0205b847,0x2,0x05,0x2e,0x1,7,00 00 00 24 00 01 00 00,"Status frame 1 (new)"
2026-03-09T09:13:55.127079,RX,COM6,0x0205b807,0x2,0x05,0x2e,0x0,7,00 00 42 0b 00 00 80 00,"Status frame 0 (new)"
2026-03-09T09:13:55.127615,RX,COM6,0x0205b887,0x2,0x05,0x2e,0x2,7,00 00 00 00 00 00 00 00,"Status frame 2 (new)"
2026-03-09T09:13:55.128676,RX,COM6,0x0205b8c7,0x2,0x05,0x2e,0x3,7,3b 00 00 00 5f 6a 94 3e,"Status frame 3 (new)"
2026-03-09T09:13:55.129204,RX,COM6,0x0205b907,0x2,0x05,0x2e,0x4,7,00 00 00 00 00 00 00 00,"Status frame 4 (new)"
2026-03-09T09:13:55.130230,RX,COM6,0x0205b947,0x2,0x05,0x2e,0x5,7,00 00 00 00 00 00 00 00,"Status frame 5 (new)"
2026-03-09T09:13:55.131213,HEARTBEAT,COM6,0x01011840,0x1,0x01,0x6,0x1,0,0e 86 00 00 00 10 00 00,"Heartbeat"
2026-03-09T09:13:55.132213,RX,COM6,0x0205b987,0x2,0x05,0x2e,0x6,7,00 00 ff ff 01 00 00 00,"Status frame 6 (new)"
2026-03-09T09:13:55.146976,RX,COM6,0x0205b807,0x2,0x05,0x2e,0x0,7,00 00 42 0b 00 00 80 00,"Status frame 0 (new)"
2026-03-09T09:13:55.146976,RX,COM6,0x0205b887,0x2,0x05,0x2e,0x2,7,00 00 00 00 00 00 00 00,"Status frame 2 (new)"
2026-03-09T09:13:55.148974,RX,COM6,0x0205b8c7,0x2,0x05,0x2e,0x3,7,3b 00 00 00 63 14 94 3e,"Status frame 3 (new)"
2026-03-09T09:13:55.148974,RX,COM6,0x0205b907,0x2,0x05,0x2e,0x4,7,00 00 00 00 00 00 00 00,"Status frame 4 (new)"
2026-03-09T09:13:55.149974,RX,COM6,0x0205b947,0x2,0x05,0x2e,0x5,7,00 00 00 00 00 00 00 00,"Status frame 5 (new)"
2026-03-09T09:13:55.151490,HEARTBEAT,COM6,0x01011840,0x1,0x01,0x6,0x1,0,22 86 00 00 00 10 00 00,"Heartbeat"
2026-03-09T09:13:55.152500,RX,COM6,0x0205b987,0x2,0x05,0x2e,0x6,7,00 00 ff ff 01 00 00 00,"Status frame 6 (new)"
2026-03-09T09:13:55.167014,RX,COM6,0x0205b807,0x2,0x05,0x2e,0x0,7,00 00 3d 0b 00 00 80 00,"Status frame 0 (new)"
2026-03-09T09:13:55.167014,RX,COM6,0x0205b887,0x2,0x05,0x2e,0x2,7,00 00 00 00 00 00 00 00,"Status frame 2 (new)"
2026-03-09T09:13:55.169008,RX,COM6,0x0205b8c7,0x2,0x05,0x2e,0x3,7,3b 00 00 00 65 bf 94 3e,"Status frame 3 (new)"
2026-03-09T09:13:55.169008,RX,COM6,0x0205b907,0x2,0x05,0x2e,0x4,7,00 00 00 00 00 00 00 00,"Status frame 4 (new)"
2026-03-09T09:13:55.170012,RX,COM6,0x0205b947,0x2,0x05,0x2e,0x5,7,00 00 00 00 00 00 00 00,"Status frame 5 (new)"
2026-03-09T09:13:55.171124,HEARTBEAT,COM6,0x01011840,0x1,0x01,0x6,0x1,0,36 86 00 00 00 10 00 00,"Heartbeat"
2026-03-09T09:13:55.173010,RX,COM6,0x0205b987,0x2,0x05,0x2e,0x6,7,00 00 ff ff 01 00 00 00,"Status frame 6 (new)"
2026-03-09T09:13:55.186761,RX,COM6,0x0205b807,0x2,0x05,0x2e,0x0,7,00 00 37 0b 00 00 80 00,"Status frame 0 (new)"
2026-03-09T09:13:55.187267,RX,COM6,0x0205b887,0x2,0x05,0x2e,0x2,7,00 00 00 00 00 00 00 00,"Status frame 2 (new)"
2026-03-09T09:13:55.188274,RX,COM6,0x0205b8c7,0x2,0x05,0x2e,0x3,7,3a 00 00 00 57 bb 93 3e,"Status frame 3 (new)"
2026-03-09T09:13:55.189273,RX,COM6,0x0205b907,0x2,0x05,0x2e,0x4,7,00 00 00 00 00 00 00 00,"Status frame 4 (new)"
2026-03-09T09:13:55.190273,RX,COM6,0x0205b947,0x2,0x05,0x2e,0x5,7,00 00 00 00 00 00 00 00,"Status frame 5 (new)"
2026-03-09T09:13:55.192272,HEARTBEAT,COM6,0x01011840,0x1,0x01,0x6,0x1,0,4b 86 00 00 00 10 00 00,"Heartbeat"
2026-03-09T09:13:55.192272,RX,COM6,0x0205b987,0x2,0x05,0x2e,0x6,7,00 00 ff ff 01 00 00 00,"Status frame 6 (new)"
2026-03-09T09:13:55.197774,TX,COM6,0x02053c07,0x2,0x05,0xf,0x0,7,1c 00 00 00 00 00 00 00,"TX apiClass=0xf apiIndex=0x0"
2026-03-09T09:13:55.206778,RX,COM6,0x0205b807,0x2,0x05,0x2e,0x0,7,00 00 3e 0b 00 00 80 00,"Status frame 0 (new)"
2026-03-09T09:13:55.206778,RX,COM6,0x0205b887,0x2,0x05,0x2e,0x2,7,00 00 00 00 00 00 00 00,"Status frame 2 (new)"
2026-03-09T09:13:55.208282,RX,COM6,0x0205b8c7,0x2,0x05,0x2e,0x3,7,3b 00 00 00 b6 41 94 3e,"Status frame 3 (new)"
2026-03-09T09:13:55.209287,RX,COM6,0x0205b907,0x2,0x05,0x2e,0x4,7,00 00 00 00 00 00 00 00,"Status frame 4 (new)"
2026-03-09T09:13:55.210286,RX,COM6,0x0205b947,0x2,0x05,0x2e,0x5,7,00 00 00 00 00 00 00 00,"Status frame 5 (new)"
2026-03-09T09:13:55.211287,HEARTBEAT,COM6,0x01011840,0x1,0x01,0x6,0x1,0,5e 86 00 00 00 10 00 00,"Heartbeat"
2026-03-09T09:13:55.213287,RX,COM6,0x0205b987,0x2,0x05,0x2e,0x6,7,00 00 ff ff 01 00 00 00,"Status frame 6 (new)"
2026-03-09T09:13:55.226825,RX,COM6,0x0205b807,0x2,0x05,0x2e,0x0,7,00 00 3d 0b 00 00 80 00,"Status frame 0 (new)"
2026-03-09T09:13:55.227328,RX,COM6,0x0205b887,0x2,0x05,0x2e,0x2,7,00 00 00 00 00 00 00 00,"Status frame 2 (new)"
2026-03-09T09:13:55.229332,RX,COM6,0x0205b8c7,0x2,0x05,0x2e,0x3,7,3b 00 00 00 69 87 95 3e,"Status frame 3 (new)"
2026-03-09T09:13:55.229332,RX,COM6,0x0205b907,0x2,0x05,0x2e,0x4,7,00 00 00 00 00 00 00 00,"Status frame 4 (new)"
2026-03-09T09:13:55.230332,RX,COM6,0x0205b947,0x2,0x05,0x2e,0x5,7,00 00 00 00 00 00 00 00,"Status frame 5 (new)"
2026-03-09T09:13:55.231332,HEARTBEAT,COM6,0x01011840,0x1,0x01,0x6,0x1,0,72 86 00 00 00 10 00 00,"Heartbeat"
2026-03-09T09:13:55.233043,RX,COM6,0x0205b987,0x2,0x05,0x2e,0x6,7,00 00 ff ff 01 00 00 00,"Status frame 6 (new)"
2026-03-09T09:13:55.246604,RX,COM6,0x0205b807,0x2,0x05,0x2e,0x0,7,00 00 3c 0b 00 00 80 00,"Status frame 0 (new)"
2026-03-09T09:13:55.246604,RX,COM6,0x0205b887,0x2,0x05,0x2e,0x2,7,00 00 00 00 00 00 00 00,"Status frame 2 (new)"
2026-03-09T09:13:55.248562,RX,COM6,0x0205b8c7,0x2,0x05,0x2e,0x3,7,3a 00 00 00 42 d6 92 3e,"Status frame 3 (new)"
2026-03-09T09:13:55.248562,RX,COM6,0x0205b907,0x2,0x05,0x2e,0x4,7,00 00 00 00 00 00 00 00,"Status frame 4 (new)"
2026-03-09T09:13:55.250561,RX,COM6,0x0205b947,0x2,0x05,0x2e,0x5,7,00 00 00 00 00 00 00 00,"Status frame 5 (new)"
2026-03-09T09:13:55.251580,HEARTBEAT,COM6,0x01011840,0x1,0x01,0x6,0x1,0,86 86 00 00 00 10 00 00,"Heartbeat"
2026-03-09T09:13:55.252612,RX,COM6,0x0205b987,0x2,0x05,0x2e,0x6,7,00 00 ff ff 01 00 00 00,"Status frame 6 (new)"
2026-03-09T09:13:55.266630,RX,COM6,0x0205b807,0x2,0x05,0x2e,0x0,7,00 00 41 0b 00 00 80 00,"Status frame 0 (new)"
2026-03-09T09:13:55.266630,RX,COM6,0x0205b887,0x2,0x05,0x2e,0x2,7,00 00 00 00 00 00 00 00,"Status frame 2 (new)"
2026-03-09T09:13:55.268631,RX,COM6,0x0205b8c7,0x2,0x05,0x2e,0x3,7,3a 00 00 00 35 c9 92 3e,"Status frame 3 (new)"
2026-03-09T09:13:55.268631,RX,COM6,0x0205b907,0x2,0x05,0x2e,0x4,7,00 00 00 00 00 00 00 00,"Status frame 4 (new)"
2026-03-09T09:13:55.270647,HEARTBEAT,COM6,0x01011840,0x1,0x01,0x6,0x1,0,99 86 00 00 00 10 00 00,"Heartbeat"
2026-03-09T09:13:55.270647,RX,COM6,0x0205b947,0x2,0x05,0x2e,0x5,7,00 00 00 00 00 00 00 00,"Status frame 5 (new)"
2026-03-09T09:13:55.271646,RX,COM6,0x0205b987,0x2,0x05,0x2e,0x6,7,00 00 ff ff 01 00 00 00,"Status frame 6 (new)"
2026-03-09T09:13:55.286989,RX,COM6,0x0205b807,0x2,0x05,0x2e,0x0,7,00 00 3c 0b 00 00 80 00,"Status frame 0 (new)"
2026-03-09T09:13:55.286989,RX,COM6,0x0205b887,0x2,0x05,0x2e,0x2,7,00 00 00 00 00 00 00 00,"Status frame 2 (new)"
2026-03-09T09:13:55.288989,RX,COM6,0x0205b8c7,0x2,0x05,0x2e,0x3,7,3b 00 00 00 36 fd 94 3e,"Status frame 3 (new)"
2026-03-09T09:13:55.288989,RX,COM6,0x0205b907,0x2,0x05,0x2e,0x4,7,00 00 00 00 00 00 00 00,"Status frame 4 (new)"
2026-03-09T09:13:55.290980,RX,COM6,0x0205b947,0x2,0x05,0x2e,0x5,7,00 00 00 00 00 00 00 00,"Status frame 5 (new)"
2026-03-09T09:13:55.290980,HEARTBEAT,COM6,0x01011840,0x1,0x01,0x6,0x1,0,ae 86 00 00 00 10 00 00,"Heartbeat"
2026-03-09T09:13:55.292992,RX,COM6,0x0205b987,0x2,0x05,0x2e,0x6,7,00 00 ff ff 01 00 00 00,"Status frame 6 (new)"
2026-03-09T09:13:55.306519,RX,COM6,0x0205b807,0x2,0x05,0x2e,0x0,7,00 00 3f 0b 00 00 80 00,"Status frame 0 (new)"
2026-03-09T09:13:55.307519,RX,COM6,0x0205b887,0x2,0x05,0x2e,0x2,7,00 00 00 00 00 00 00 00,"Status frame 2 (new)"
2026-03-09T09:13:55.308519,RX,COM6,0x0205b8c7,0x2,0x05,0x2e,0x3,7,3b 00 00 00 d9 ce 94 3e,"Status frame 3 (new)"
2026-03-09T09:13:55.308519,RX,COM6,0x0205b907,0x2,0x05,0x2e,0x4,7,00 00 00 00 00 00 00 00,"Status frame 4 (new)"
2026-03-09T09:13:55.310520,RX,COM6,0x0205b947,0x2,0x05,0x2e,0x5,7,00 00 00 00 00 00 00 00,"Status frame 5 (new)"
2026-03-09T09:13:55.311512,HEARTBEAT,COM6,0x01011840,0x1,0x01,0x6,0x1,0,c2 86 00 00 00 10 00 00,"Heartbeat"
2026-03-09T09:13:55.312510,RX,COM6,0x0205b987,0x2,0x05,0x2e,0x6,7,00 00 ff ff 01 00 00 00,"Status frame 6 (new)"
2026-03-09T09:13:55.327046,RX,COM6,0x0205b807,0x2,0x05,0x2e,0x0,7,00 00 3c 0b 00 00 80 00,"Status frame 0 (new)"
2026-03-09T09:13:55.327046,RX,COM6,0x0205b887,0x2,0x05,0x2e,0x2,7,00 00 00 00 00 00 00 00,"Status frame 2 (new)"
2026-03-09T09:13:55.328573,RX,COM6,0x0205b8c7,0x2,0x05,0x2e,0x3,7,3b 00 00 00 21 05 94 3e,"Status frame 3 (new)"
2026-03-09T09:13:55.328573,RX,COM6,0x0205b907,0x2,0x05,0x2e,0x4,7,00 00 00 00 00 00 00 00,"Status frame 4 (new)"
2026-03-09T09:13:55.330567,RX,COM6,0x0205b947,0x2,0x05,0x2e,0x5,7,00 00 00 00 00 00 00 00,"Status frame 5 (new)"
2026-03-09T09:13:55.331574,HEARTBEAT,COM6,0x01011840,0x1,0x01,0x6,0x1,0,d6 86 00 00 00 10 00 00,"Heartbeat"
2026-03-09T09:13:55.332575,RX,COM6,0x0205b987,0x2,0x05,0x2e,0x6,7,00 00 ff ff 01 00 00 00,"Status frame 6 (new)"
2026-03-09T09:13:55.346215,RX,COM6,0x0205b807,0x2,0x05,0x2e,0x0,7,00 00 3f 0b 00 00 80 00,"Status frame 0 (new)"
2026-03-09T09:13:55.347209,RX,COM6,0x0205b887,0x2,0x05,0x2e,0x2,7,00 00 00 00 00 00 00 00,"Status frame 2 (new)"
2026-03-09T09:13:55.348221,RX,COM6,0x0205b8c7,0x2,0x05,0x2e,0x3,7,3b 00 00 00 aa 89 94 3e,"Status frame 3 (new)"
2026-03-09T09:13:55.348221,RX,COM6,0x0205b907,0x2,0x05,0x2e,0x4,7,00 00 00 00 00 00 00 00,"Status frame 4 (new)"
2026-03-09T09:13:55.350220,RX,COM6,0x0205b947,0x2,0x05,0x2e,0x5,7,00 00 00 00 00 00 00 00,"Status frame 5 (new)"
2026-03-09T09:13:55.351739,HEARTBEAT,COM6,0x01011840,0x1,0x01,0x6,0x1,0,ea 86 00 00 00 10 00 00,"Heartbeat"
2026-03-09T09:13:55.352764,RX,COM6,0x0205b987,0x2,0x05,0x2e,0x6,7,00 00 ff ff 01 00 00 00,"Status frame 6 (new)"
2026-03-09T09:13:55.366289,RX,COM6,0x0205b807,0x2,0x05,0x2e,0x0,7,00 00 3e 0b 00 00 80 00,"Status frame 0 (new)"
2026-03-09T09:13:55.366289,RX,COM6,0x0205b847,0x2,0x05,0x2e,0x1,7,00 00 00 24 00 01 00 00,"Status frame 1 (new)"
2026-03-09T09:13:55.367280,RX,COM6,0x0205b887,0x2,0x05,0x2e,0x2,7,00 00 00 00 00 00 00 00,"Status frame 2 (new)"
2026-03-09T09:13:55.368294,RX,COM6,0x0205b8c7,0x2,0x05,0x2e,0x3,7,3b 00 00 00 95 f1 93 3e,"Status frame 3 (new)"
2026-03-09T09:13:55.368294,RX,COM6,0x0205b907,0x2,0x05,0x2e,0x4,7,00 00 00 00 00 00 00 00,"Status frame 4 (new)"
2026-03-09T09:13:55.370291,RX,COM6,0x0205b947,0x2,0x05,0x2e,0x5,7,00 00 00 00 00 00 00 00,"Status frame 5 (new)"
2026-03-09T09:13:55.371280,HEARTBEAT,COM6,0x01011840,0x1,0x01,0x6,0x1,0,fe 86 00 00 00 10 00 00,"Heartbeat"
2026-03-09T09:13:55.372291,RX,COM6,0x0205b987,0x2,0x05,0x2e,0x6,7,00 00 ff ff 01 00 00 00,"Status frame 6 (new)"
2026-03-09T09:13:55.387028,RX,COM6,0x0205b807,0x2,0x05,0x2e,0x0,7,00 00 41 0b 00 00 80 00,"Status frame 0 (new)"
2026-03-09T09:13:55.387028,RX,COM6,0x0205b887,0x2,0x05,0x2e,0x2,7,00 00 00 00 00 00 00 00,"Status frame 2 (new)"
2026-03-09T09:13:55.389027,RX,COM6,0x0205b8c7,0x2,0x05,0x2e,0x3,7,3b 00 00 00 0e 0a 94 3e,"Status frame 3 (new)"
2026-03-09T09:13:55.389027,RX,COM6,0x0205b907,0x2,0x05,0x2e,0x4,7,00 00 00 00 00 00 00 00,"Status frame 4 (new)"
2026-03-09T09:13:55.391027,RX,COM6,0x0205b947,0x2,0x05,0x2e,0x5,7,00 00 00 00 00 00 00 00,"Status frame 5 (new)"
2026-03-09T09:13:55.392029,HEARTBEAT,COM6,0x01011840,0x1,0x01,0x6,0x1,0,13 87 00 00 00 10 00 00,"Heartbeat"
2026-03-09T09:13:55.393032,RX,COM6,0x0205b987,0x2,0x05,0x2e,0x6,7,00 00 ff ff 01 00 00 00,"Status frame 6 (new)"
2026-03-09T09:13:55.407082,RX,COM6,0x0205b807,0x2,0x05,0x2e,0x0,7,00 00 3f 0b 00 00 80 00,"Status frame 0 (new)"
2026-03-09T09:13:55.407082,RX,COM6,0x0205b887,0x2,0x05,0x2e,0x2,7,00 00 00 00 00 00 00 00,"Status frame 2 (new)"
2026-03-09T09:13:55.409093,RX,COM6,0x0205b8c7,0x2,0x05,0x2e,0x3,7,3b 00 00 00 4c 11 95 3e,"Status frame 3 (new)"
2026-03-09T09:13:55.409093,RX,COM6,0x0205b907,0x2,0x05,0x2e,0x4,7,00 00 00 00 00 00 00 00,"Status frame 4 (new)"
2026-03-09T09:13:55.410098,RX,COM6,0x0205b947,0x2,0x05,0x2e,0x5,7,00 00 00 00 00 00 00 00,"Status frame 5 (new)"
2026-03-09T09:13:55.411083,HEARTBEAT,COM6,0x01011840,0x1,0x01,0x6,0x1,0,26 87 00 00 00 10 00 00,"Heartbeat"
2026-03-09T09:13:55.412094,RX,COM6,0x0205b987,0x2,0x05,0x2e,0x6,7,00 00 ff ff 01 00 00 00,"Status frame 6 (new)"
2026-03-09T09:13:55.426619,RX,COM6,0x0205b807,0x2,0x05,0x2e,0x0,7,00 00 34 0b 00 00 80 00,"Status frame 0 (new)"
2026-03-09T09:13:55.427143,RX,COM6,0x0205b887,0x2,0x05,0x2e,0x2,7,00 00 00 00 00 00 00 00,"Status frame 2 (new)"
2026-03-09T09:13:55.429159,RX,COM6,0x0205b8c7,0x2,0x05,0x2e,0x3,7,3b 00 00 00 45 a2 94 3e,"Status frame 3 (new)"
2026-03-09T09:13:55.429159,RX,COM6,0x0205b907,0x2,0x05,0x2e,0x4,7,00 00 00 00 00 00 00 00,"Status frame 4 (new)"
2026-03-09T09:13:55.430154,RX,COM6,0x0205b947,0x2,0x05,0x2e,0x5,7,00 00 00 00 00 00 00 00,"Status frame 5 (new)"
2026-03-09T09:13:55.431296,HEARTBEAT,COM6,0x01011840,0x1,0x01,0x6,0x1,0,3a 87 00 00 00 10 00 00,"Heartbeat"
2026-03-09T09:13:55.432818,RX,COM6,0x0205b987,0x2,0x05,0x2e,0x6,7,00 00 ff ff 01 00 00 00,"Status frame 6 (new)"
2026-03-09T09:13:55.446328,RX,COM6,0x0205b807,0x2,0x05,0x2e,0x0,7,00 00 41 0b 00 00 80 00,"Status frame 0 (new)"
2026-03-09T09:13:55.446328,RX,COM6,0x0205b887,0x2,0x05,0x2e,0x2,7,00 00 00 00 00 00 00 00,"Status frame 2 (new)"
2026-03-09T09:13:55.448845,RX,COM6,0x0205b8c7,0x2,0x05,0x2e,0x3,7,3b 00 00 00 4d 0c 96 3e,"Status frame 3 (new)"
2026-03-09T09:13:55.448845,RX,COM6,0x0205b907,0x2,0x05,0x2e,0x4,7,00 00 00 00 00 00 00 00,"Status frame 4 (new)"
2026-03-09T09:13:55.450855,RX,COM6,0x0205b947,0x2,0x05,0x2e,0x5,7,00 00 00 00 00 00 00 00,"Status frame 5 (new)"
2026-03-09T09:13:55.450855,HEARTBEAT,COM6,0x01011840,0x1,0x01,0x6,0x1,0,4e 87 00 00 00 10 00 00,"Heartbeat"
2026-03-09T09:13:55.452358,RX,COM6,0x0205b987,0x2,0x05,0x2e,0x6,7,00 00 ff ff 01 00 00 00,"Status frame 6 (new)"
2026-03-09T09:13:55.467244,RX,COM6,0x0205b807,0x2,0x05,0x2e,0x0,7,00 00 41 0b 00 00 80 00,"Status frame 0 (new)"
2026-03-09T09:13:55.467244,RX,COM6,0x0205b887,0x2,0x05,0x2e,0x2,7,00 00 00 00 00 00 00 00,"Status frame 2 (new)"
2026-03-09T09:13:55.468758,RX,COM6,0x0205b8c7,0x2,0x05,0x2e,0x3,7,3b 00 00 00 67 47 95 3e,"Status frame 3 (new)"
2026-03-09T09:13:55.468758,RX,COM6,0x0205b907,0x2,0x05,0x2e,0x4,7,00 00 00 00 00 00 00 00,"Status frame 4 (new)"
2026-03-09T09:13:55.470761,RX,COM6,0x0205b947,0x2,0x05,0x2e,0x5,7,00 00 00 00 00 00 00 00,"Status frame 5 (new)"
2026-03-09T09:13:55.471761,HEARTBEAT,COM6,0x01011840,0x1,0x01,0x6,0x1,0,62 87 00 00 00 10 00 00,"Heartbeat"
2026-03-09T09:13:55.472761,RX,COM6,0x0205b987,0x2,0x05,0x2e,0x6,7,00 00 ff ff 01 00 00 00,"Status frame 6 (new)"
2026-03-09T09:13:55.486546,RX,COM6,0x0205b807,0x2,0x05,0x2e,0x0,7,00 00 3d 0b 00 00 80 00,"Status frame 0 (new)"
2026-03-09T09:13:55.486546,RX,COM6,0x0205b887,0x2,0x05,0x2e,0x2,7,00 00 00 00 00 00 00 00,"Status frame 2 (new)"
2026-03-09T09:13:55.488550,RX,COM6,0x0205b8c7,0x2,0x05,0x2e,0x3,7,3a 00 00 00 45 3a 93 3e,"Status frame 3 (new)"
2026-03-09T09:13:55.488550,RX,COM6,0x0205b907,0x2,0x05,0x2e,0x4,7,00 00 00 00 00 00 00 00,"Status frame 4 (new)"
2026-03-09T09:13:55.490547,RX,COM6,0x0205b947,0x2,0x05,0x2e,0x5,7,00 00 00 00 00 00 00 00,"Status frame 5 (new)"
2026-03-09T09:13:55.491546,HEARTBEAT,COM6,0x01011840,0x1,0x01,0x6,0x1,0,76 87 00 00 00 10 00 00,"Heartbeat"
2026-03-09T09:13:55.493561,RX,COM6,0x0205b987,0x2,0x05,0x2e,0x6,7,00 00 ff ff 01 00 00 00,"Status frame 6 (new)"
2026-03-09T09:13:55.507059,RX,COM6,0x0205b807,0x2,0x05,0x2e,0x0,7,00 00 40 0b 00 00 80 00,"Status frame 0 (new)"
2026-03-09T09:13:55.507059,RX,COM6,0x0205b887,0x2,0x05,0x2e,0x2,7,00 00 00 00 00 00 00 00,"Status frame 2 (new)"
2026-03-09T09:13:55.509068,RX,COM6,0x0205b8c7,0x2,0x05,0x2e,0x3,7,3b 00 00 00 15 2e 94 3e,"Status frame 3 (new)"
2026-03-09T09:13:55.509068,RX,COM6,0x0205b907,0x2,0x05,0x2e,0x4,7,00 00 00 00 00 00 00 00,"Status frame 4 (new)"
2026-03-09T09:13:55.510061,RX,COM6,0x0205b947,0x2,0x05,0x2e,0x5,7,00 00 00 00 00 00 00 00,"Status frame 5 (new)"
2026-03-09T09:13:55.511059,HEARTBEAT,COM6,0x01011840,0x1,0x01,0x6,0x1,0,8a 87 00 00 00 10 00 00,"Heartbeat"
2026-03-09T09:13:55.512059,RX,COM6,0x0205b987,0x2,0x05,0x2e,0x6,7,00 00 ff ff 01 00 00 00,"Status frame 6 (new)"
2026-03-09T09:13:55.527074,RX,COM6,0x0205b807,0x2,0x05,0x2e,0x0,7,00 00 0c 0b 00 00 80 00,"Status frame 0 (new)"
2026-03-09T09:13:55.527074,RX,COM6,0x0205b887,0x2,0x05,0x2e,0x2,7,00 00 00 00 00 00 00 00,"Status frame 2 (new)"
2026-03-09T09:13:55.529103,RX,COM6,0x0205b8c7,0x2,0x05,0x2e,0x3,7,3b 00 00 00 5b 8d 95 3e,"Status frame 3 (new)"
2026-03-09T09:13:55.529103,RX,COM6,0x0205b907,0x2,0x05,0x2e,0x4,7,00 00 00 00 00 00 00 00,"Status frame 4 (new)"
2026-03-09T09:13:55.531081,RX,COM6,0x0205b947,0x2,0x05,0x2e,0x5,7,00 00 00 00 00 00 00 00,"Status frame 5 (new)"
2026-03-09T09:13:55.531081,HEARTBEAT,COM6,0x01011840,0x1,0x01,0x6,0x1,0,9e 87 00 00 00 10 00 00,"Heartbeat"
2026-03-09T09:13:55.532081,RX,COM6,0x0205b987,0x2,0x05,0x2e,0x6,7,00 00 ff ff 01 00 00 00,"Status frame 6 (new)"
2026-03-09T09:13:55.546321,RX,COM6,0x0205b807,0x2,0x05,0x2e,0x0,7,00 00 43 0b 00 00 80 00,"Status frame 0 (new)"
2026-03-09T09:13:55.547322,RX,COM6,0x0205b887,0x2,0x05,0x2e,0x2,7,00 00 00 00 00 00 00 00,"Status frame 2 (new)"
2026-03-09T09:13:55.548719,RX,COM6,0x0205b8c7,0x2,0x05,0x2e,0x3,7,3b 00 00 00 07 35 94 3e,"Status frame 3 (new)"
2026-03-09T09:13:55.548719,RX,COM6,0x0205b907,0x2,0x05,0x2e,0x4,7,00 00 00 00 00 00 00 00,"Status frame 4 (new)"
2026-03-09T09:13:55.550728,RX,COM6,0x0205b947,0x2,0x05,0x2e,0x5,7,00 00 00 00 00 00 00 00,"Status frame 5 (new)"
2026-03-09T09:13:55.551729,HEARTBEAT,COM6,0x01011840,0x1,0x01,0x6,0x1,0,b2 87 00 00 00 10 00 00,"Heartbeat"
2026-03-09T09:13:55.552236,RX,COM6,0x0205b987,0x2,0x05,0x2e,0x6,7,00 00 ff ff 01 00 00 00,"Status frame 6 (new)"
2026-03-09T09:13:55.566767,RX,COM6,0x0205b807,0x2,0x05,0x2e,0x0,7,00 00 3f 0b 00 00 80 00,"Status frame 0 (new)"
2026-03-09T09:13:55.566767,RX,COM6,0x0205b887,0x2,0x05,0x2e,0x2,7,00 00 00 00 00 00 00 00,"Status frame 2 (new)"
2026-03-09T09:13:55.568777,RX,COM6,0x0205b8c7,0x2,0x05,0x2e,0x3,7,3b 00 00 00 01 3e 95 3e,"Status frame 3 (new)"
2026-03-09T09:13:55.568777,RX,COM6,0x0205b907,0x2,0x05,0x2e,0x4,7,00 00 00 00 00 00 00 00,"Status frame 4 (new)"
2026-03-09T09:13:55.570768,HEARTBEAT,COM6,0x01011840,0x1,0x01,0x6,0x1,0,c5 87 00 00 00 10 00 00,"Heartbeat"
2026-03-09T09:13:55.570768,RX,COM6,0x0205b947,0x2,0x05,0x2e,0x5,7,00 00 00 00 00 00 00 00,"Status frame 5 (new)"
2026-03-09T09:13:55.572767,RX,COM6,0x0205b987,0x2,0x05,0x2e,0x6,7,00 00 ff ff 01 00 00 00,"Status frame 6 (new)"
2026-03-09T09:13:55.586449,RX,COM6,0x0205b807,0x2,0x05,0x2e,0x0,7,00 00 43 0b 00 00 80 00,"Status frame 0 (new)"
2026-03-09T09:13:55.586449,RX,COM6,0x0205b887,0x2,0x05,0x2e,0x2,7,00 00 00 00 00 00 00 00,"Status frame 2 (new)"
2026-03-09T09:13:55.588450,RX,COM6,0x0205b8c7,0x2,0x05,0x2e,0x3,7,3b 00 00 00 15 ed 94 3e,"Status frame 3 (new)"
2026-03-09T09:13:55.588450,RX,COM6,0x0205b907,0x2,0x05,0x2e,0x4,7,00 00 00 00 00 00 00 00,"Status frame 4 (new)"
2026-03-09T09:13:55.590450,RX,COM6,0x0205b947,0x2,0x05,0x2e,0x5,7,00 00 00 00 00 00 00 00,"Status frame 5 (new)"
2026-03-09T09:13:55.591450,HEARTBEAT,COM6,0x01011840,0x1,0x01,0x6,0x1,0,da 87 00 00 00 10 00 00,"Heartbeat"
2026-03-09T09:13:55.592450,RX,COM6,0x0205b987,0x2,0x05,0x2e,0x6,7,00 00 ff ff 01 00 00 00,"Status frame 6 (new)"
2026-03-09T09:13:55.607011,RX,COM6,0x0205b807,0x2,0x05,0x2e,0x0,7,00 00 3e 0b 00 00 80 00,"Status frame 0 (new)"
2026-03-09T09:13:55.607011,RX,COM6,0x0205b887,0x2,0x05,0x2e,0x2,7,00 00 00 00 00 00 00 00,"Status frame 2 (new)"
2026-03-09T09:13:55.609006,RX,COM6,0x0205b8c7,0x2,0x05,0x2e,0x3,7,3b 00 00 00 13 fa 94 3e,"Status frame 3 (new)"
2026-03-09T09:13:55.609006,RX,COM6,0x0205b907,0x2,0x05,0x2e,0x4,7,00 00 00 00 00 00 00 00,"Status frame 4 (new)"
2026-03-09T09:13:55.611010,RX,COM6,0x0205b947,0x2,0x05,0x2e,0x5,7,00 00 00 00 00 00 00 00,"Status frame 5 (new)"
2026-03-09T09:13:55.611010,HEARTBEAT,COM6,0x01011840,0x1,0x01,0x6,0x1,0,ee 87 00 00 00 10 00 00,"Heartbeat"
2026-03-09T09:13:55.613028,RX,COM6,0x0205b987,0x2,0x05,0x2e,0x6,7,00 00 ff ff 01 00 00 00,"Status frame 6 (new)"
2026-03-09T09:13:55.616776,RX,COM6,0x0205b847,0x2,0x05,0x2e,0x1,7,00 00 00 24 00 01 00 00,"Status frame 1 (new)"
2026-03-09T09:13:55.626292,RX,COM6,0x0205b807,0x2,0x05,0x2e,0x0,7,00 00 01 0b 00 00 80 00,"Status frame 0 (new)"
2026-03-09T09:13:55.626292,RX,COM6,0x0205b887,0x2,0x05,0x2e,0x2,7,00 00 00 00 00 00 00 00,"Status frame 2 (new)"
2026-03-09T09:13:55.628830,RX,COM6,0x0205b8c7,0x2,0x05,0x2e,0x3,7,3b 00 00 00 b8 d8 94 3e,"Status frame 3 (new)"
2026-03-09T09:13:55.628830,RX,COM6,0x0205b907,0x2,0x05,0x2e,0x4,7,00 00 00 00 00 00 00 00,"Status frame 4 (new)"
2026-03-09T09:13:55.630383,RX,COM6,0x0205b947,0x2,0x05,0x2e,0x5,7,00 00 00 00 00 00 00 00,"Status frame 5 (new)"
2026-03-09T09:13:55.631390,HEARTBEAT,COM6,0x01011840,0x1,0x01,0x6,0x1,0,02 88 00 00 00 10 00 00,"Heartbeat"
2026-03-09T09:13:55.632391,RX,COM6,0x0205b987,0x2,0x05,0x2e,0x6,7,00 00 ff ff 01 00 00 00,"Status frame 6 (new)"
2026-03-09T09:13:55.646932,RX,COM6,0x0205b807,0x2,0x05,0x2e,0x0,7,00 00 44 0b 00 00 80 00,"Status frame 0 (new)"
2026-03-09T09:13:55.646932,RX,COM6,0x0205b887,0x2,0x05,0x2e,0x2,7,00 00 00 00 00 00 00 00,"Status frame 2 (new)"
2026-03-09T09:13:55.648930,RX,COM6,0x0205b8c7,0x2,0x05,0x2e,0x3,7,3b 00 00 00 af a3 94 3e,"Status frame 3 (new)"
2026-03-09T09:13:55.648930,RX,COM6,0x0205b907,0x2,0x05,0x2e,0x4,7,00 00 00 00 00 00 00 00,"Status frame 4 (new)"
2026-03-09T09:13:55.650930,RX,COM6,0x0205b947,0x2,0x05,0x2e,0x5,7,00 00 00 00 00 00 00 00,"Status frame 5 (new)"
2026-03-09T09:13:55.651937,HEARTBEAT,COM6,0x01011840,0x1,0x01,0x6,0x1,0,16 88 00 00 00 10 00 00,"Heartbeat"
2026-03-09T09:13:55.652444,RX,COM6,0x0205b987,0x2,0x05,0x2e,0x6,7,00 00 ff ff 01 00 00 00,"Status frame 6 (new)"
2026-03-09T09:13:55.666525,RX,COM6,0x0205b807,0x2,0x05,0x2e,0x0,7,00 00 3d 0b 00 00 80 00,"Status frame 0 (new)"
2026-03-09T09:13:55.666525,RX,COM6,0x0205b887,0x2,0x05,0x2e,0x2,7,00 00 00 00 00 00 00 00,"Status frame 2 (new)"
2026-03-09T09:13:55.668524,RX,COM6,0x0205b8c7,0x2,0x05,0x2e,0x3,7,3b 00 00 00 60 a2 94 3e,"Status frame 3 (new)"
2026-03-09T09:13:55.668524,RX,COM6,0x0205b907,0x2,0x05,0x2e,0x4,7,00 00 00 00 00 00 00 00,"Status frame 4 (new)"
2026-03-09T09:13:55.670525,RX,COM6,0x0205b947,0x2,0x05,0x2e,0x5,7,00 00 00 00 00 00 00 00,"Status frame 5 (new)"
2026-03-09T09:13:55.671530,HEARTBEAT,COM6,0x01011840,0x1,0x01,0x6,0x1,0,2a 88 00 00 00 10 00 00,"Heartbeat"
2026-03-09T09:13:55.672533,RX,COM6,0x0205b987,0x2,0x05,0x2e,0x6,7,00 00 ff ff 01 00 00 00,"Status frame 6 (new)"
2026-03-09T09:13:55.686584,RX,COM6,0x0205b807,0x2,0x05,0x2e,0x0,7,00 00 3f 0b 00 00 80 00,"Status frame 0 (new)"
2026-03-09T09:13:55.686584,RX,COM6,0x0205b887,0x2,0x05,0x2e,0x2,7,00 00 00 00 00 00 00 00,"Status frame 2 (new)"
2026-03-09T09:13:55.688603,RX,COM6,0x0205b8c7,0x2,0x05,0x2e,0x3,7,3b 00 00 00 cf ef 93 3e,"Status frame 3 (new)"
2026-03-09T09:13:55.688603,RX,COM6,0x0205b907,0x2,0x05,0x2e,0x4,7,00 00 00 00 00 00 00 00,"Status frame 4 (new)"
2026-03-09T09:13:55.690743,HEARTBEAT,COM6,0x01011840,0x1,0x01,0x6,0x1,0,3d 88 00 00 00 10 00 00,"Heartbeat"
2026-03-09T09:13:55.690743,RX,COM6,0x0205b947,0x2,0x05,0x2e,0x5,7,00 00 00 00 00 00 00 00,"Status frame 5 (new)"
2026-03-09T09:13:55.692274,RX,COM6,0x0205b987,0x2,0x05,0x2e,0x6,7,00 00 ff ff 01 00 00 00,"Status frame 6 (new)"
2026-03-09T09:13:55.698807,TX,COM6,0x02053c07,0x2,0x05,0xf,0x0,7,2d 00 00 00 00 00 00 00,"TX apiClass=0xf apiIndex=0x0"
2026-03-09T09:13:55.706799,RX,COM6,0x0205b807,0x2,0x05,0x2e,0x0,7,00 00 3e 0b 00 00 80 00,"Status frame 0 (new)"
2026-03-09T09:13:55.706799,RX,COM6,0x0205b887,0x2,0x05,0x2e,0x2,7,00 00 00 00 00 00 00 00,"Status frame 2 (new)"
2026-03-09T09:13:55.708807,RX,COM6,0x0205b8c7,0x2,0x05,0x2e,0x3,7,3b 00 00 00 6d 49 95 3e,"Status frame 3 (new)"
2026-03-09T09:13:55.708807,RX,COM6,0x0205b907,0x2,0x05,0x2e,0x4,7,00 00 00 00 00 00 00 00,"Status frame 4 (new)"
2026-03-09T09:13:55.710807,HEARTBEAT,COM6,0x01011840,0x1,0x01,0x6,0x1,0,51 88 00 00 00 10 00 00,"Heartbeat"
2026-03-09T09:13:55.710807,RX,COM6,0x0205b947,0x2,0x05,0x2e,0x5,7,00 00 00 00 00 00 00 00,"Status frame 5 (new)"
2026-03-09T09:13:55.712798,RX,COM6,0x0205b987,0x2,0x05,0x2e,0x6,7,00 00 ff ff 01 00 00 00,"Status frame 6 (new)"
2026-03-09T09:13:55.727353,RX,COM6,0x0205b807,0x2,0x05,0x2e,0x0,7,00 00 20 0b 00 00 80 00,"Status frame 0 (new)"
2026-03-09T09:13:55.727353,RX,COM6,0x0205b887,0x2,0x05,0x2e,0x2,7,00 00 00 00 00 00 00 00,"Status frame 2 (new)"
2026-03-09T09:13:55.728358,RX,COM6,0x0205b8c7,0x2,0x05,0x2e,0x3,7,3b 00 00 00 64 52 96 3e,"Status frame 3 (new)"
2026-03-09T09:13:55.728358,RX,COM6,0x0205b907,0x2,0x05,0x2e,0x4,7,00 00 00 00 00 00 00 00,"Status frame 4 (new)"
2026-03-09T09:13:55.730359,RX,COM6,0x0205b947,0x2,0x05,0x2e,0x5,7,00 00 00 00 00 00 00 00,"Status frame 5 (new)"
2026-03-09T09:13:55.731358,HEARTBEAT,COM6,0x01011840,0x1,0x01,0x6,0x1,0,66 88 00 00 00 10 00 00,"Heartbeat"
2026-03-09T09:13:55.732359,RX,COM6,0x0205b987,0x2,0x05,0x2e,0x6,7,00 00 ff ff 01 00 00 00,"Status frame 6 (new)"
2026-03-09T09:13:55.746864,RX,COM6,0x0205b807,0x2,0x05,0x2e,0x0,7,00 00 44 0b 00 00 80 00,"Status frame 0 (new)"
2026-03-09T09:13:55.746864,RX,COM6,0x0205b887,0x2,0x05,0x2e,0x2,7,00 00 00 00 00 00 00 00,"Status frame 2 (new)"
2026-03-09T09:13:55.748365,RX,COM6,0x0205b8c7,0x2,0x05,0x2e,0x3,7,3b 00 00 00 76 1a 94 3e,"Status frame 3 (new)"
2026-03-09T09:13:55.749367,RX,COM6,0x0205b907,0x2,0x05,0x2e,0x4,7,00 00 00 00 00 00 00 00,"Status frame 4 (new)"
2026-03-09T09:13:55.750367,RX,COM6,0x0205b947,0x2,0x05,0x2e,0x5,7,00 00 00 00 00 00 00 00,"Status frame 5 (new)"
2026-03-09T09:13:55.752009,HEARTBEAT,COM6,0x01011840,0x1,0x01,0x6,0x1,0,7a 88 00 00 00 10 00 00,"Heartbeat"
2026-03-09T09:13:55.752874,RX,COM6,0x0205b987,0x2,0x05,0x2e,0x6,7,00 00 ff ff 01 00 00 00,"Status frame 6 (new)"
2026-03-09T09:13:55.766483,RX,COM6,0x0205b807,0x2,0x05,0x2e,0x0,7,00 00 46 0b 00 00 80 00,"Status frame 0 (new)"
2026-03-09T09:13:55.766483,RX,COM6,0x0205b887,0x2,0x05,0x2e,0x2,7,00 00 00 00 00 00 00 00,"Status frame 2 (new)"
2026-03-09T09:13:55.769019,RX,COM6,0x0205b8c7,0x2,0x05,0x2e,0x3,7,3b 00 00 00 9f f1 95 3e,"Status frame 3 (new)"
2026-03-09T09:13:55.769019,RX,COM6,0x0205b907,0x2,0x05,0x2e,0x4,7,00 00 00 00 00 00 00 00,"Status frame 4 (new)"
2026-03-09T09:13:55.771066,RX,COM6,0x0205b947,0x2,0x05,0x2e,0x5,7,00 00 00 00 00 00 00 00,"Status frame 5 (new)"
2026-03-09T09:13:55.771066,HEARTBEAT,COM6,0x01011840,0x1,0x01,0x6,0x1,0,8e 88 00 00 00 10 00 00,"Heartbeat"
2026-03-09T09:13:55.773095,RX,COM6,0x0205b987,0x2,0x05,0x2e,0x6,7,00 00 ff ff 01 00 00 00,"Status frame 6 (new)"
2026-03-09T09:13:55.786965,RX,COM6,0x0205b807,0x2,0x05,0x2e,0x0,7,00 00 3c 0b 00 00 80 00,"Status frame 0 (new)"
2026-03-09T09:13:55.786965,RX,COM6,0x0205b887,0x2,0x05,0x2e,0x2,7,00 00 00 00 00 00 00 00,"Status frame 2 (new)"
2026-03-09T09:13:55.788966,RX,COM6,0x0205b8c7,0x2,0x05,0x2e,0x3,7,3b 00 00 00 50 8c 94 3e,"Status frame 3 (new)"
2026-03-09T09:13:55.788966,RX,COM6,0x0205b907,0x2,0x05,0x2e,0x4,7,00 00 00 00 00 00 00 00,"Status frame 4 (new)"
2026-03-09T09:13:55.790977,RX,COM6,0x0205b947,0x2,0x05,0x2e,0x5,7,00 00 00 00 00 00 00 00,"Status frame 5 (new)"
2026-03-09T09:13:55.791977,HEARTBEAT,COM6,0x01011840,0x1,0x01,0x6,0x1,0,a3 88 00 00 00 10 00 00,"Heartbeat"
2026-03-09T09:13:55.792570,RX,COM6,0x0205b987,0x2,0x05,0x2e,0x6,7,00 00 ff ff 01 00 00 00,"Status frame 6 (new)"
2026-03-09T09:13:55.806042,RX,COM6,0x0205b807,0x2,0x05,0x2e,0x0,7,00 00 42 0b 00 00 80 00,"Status frame 0 (new)"
2026-03-09T09:13:55.807036,RX,COM6,0x0205b887,0x2,0x05,0x2e,0x2,7,00 00 00 00 00 00 00 00,"Status frame 2 (new)"
2026-03-09T09:13:55.809046,RX,COM6,0x0205b8c7,0x2,0x05,0x2e,0x3,7,3b 00 00 00 f9 76 94 3e,"Status frame 3 (new)"
2026-03-09T09:13:55.809046,RX,COM6,0x0205b907,0x2,0x05,0x2e,0x4,7,00 00 00 00 00 00 00 00,"Status frame 4 (new)"
2026-03-09T09:13:55.810049,RX,COM6,0x0205b947,0x2,0x05,0x2e,0x5,7,00 00 00 00 00 00 00 00,"Status frame 5 (new)"
2026-03-09T09:13:55.811036,HEARTBEAT,COM6,0x01011840,0x1,0x01,0x6,0x1,0,b6 88 00 00 00 10 00 00,"Heartbeat"
2026-03-09T09:13:55.813270,TX,COM6,0x02051dc7,0x2,0x05,0x7,0x7,7,,"Set frame rate (index=7)"
2026-03-09T09:13:55.813270,TX,COM6,0x02050807,0x2,0x05,0x2,0x0,7,,"System: Identify"
2026-03-09T09:13:55.814054,RX,COM6,0x0205b987,0x2,0x05,0x2e,0x6,7,00 00 ff ff 01 00 00 00,"Status frame 6 (new)"
2026-03-09T09:13:55.827091,RX,COM6,0x0205b807,0x2,0x05,0x2e,0x0,7,00 00 33 0b 00 00 80 00,"Status frame 0 (new)"
2026-03-09T09:13:55.827091,RX,COM6,0x0205b887,0x2,0x05,0x2e,0x2,7,00 00 00 00 00 00 00 00,"Status frame 2 (new)"
2026-03-09T09:13:55.828959,RX,COM6,0x0205b8c7,0x2,0x05,0x2e,0x3,7,3b 00 00 00 c5 24 96 3e,"Status frame 3 (new)"
2026-03-09T09:13:55.828959,RX,COM6,0x0205b907,0x2,0x05,0x2e,0x4,7,00 00 00 00 00 00 00 00,"Status frame 4 (new)"
2026-03-09T09:13:55.830978,RX,COM6,0x0205b947,0x2,0x05,0x2e,0x5,7,00 00 00 00 00 00 00 00,"Status frame 5 (new)"
2026-03-09T09:13:55.830978,HEARTBEAT,COM6,0x01011840,0x1,0x01,0x6,0x1,0,ca 88 00 00 00 10 00 00,"Heartbeat"
2026-03-09T09:13:55.832977,RX,COM6,0x0205b987,0x2,0x05,0x2e,0x6,7,00 00 ff ff 01 00 00 00,"Status frame 6 (new)"
2026-03-09T09:13:55.846797,RX,COM6,0x0205b807,0x2,0x05,0x2e,0x0,7,00 00 44 0b 00 00 80 00,"Status frame 0 (new)"
2026-03-09T09:13:55.846797,RX,COM6,0x0205b887,0x2,0x05,0x2e,0x2,7,00 00 00 00 00 00 00 00,"Status frame 2 (new)"
2026-03-09T09:13:55.848848,RX,COM6,0x0205b8c7,0x2,0x05,0x2e,0x3,7,3b 00 00 00 5c 83 94 3e,"Status frame 3 (new)"
2026-03-09T09:13:55.848848,RX,COM6,0x0205b907,0x2,0x05,0x2e,0x4,7,00 00 00 00 00 00 00 00,"Status frame 4 (new)"
2026-03-09T09:13:55.850836,RX,COM6,0x0205b947,0x2,0x05,0x2e,0x5,7,00 00 00 00 00 00 00 00,"Status frame 5 (new)"
2026-03-09T09:13:55.852357,HEARTBEAT,COM6,0x01011840,0x1,0x01,0x6,0x1,0,df 88 00 00 00 10 00 00,"Heartbeat"
2026-03-09T09:13:55.852357,RX,COM6,0x0205b987,0x2,0x05,0x2e,0x6,7,00 00 ff ff 01 00 00 00,"Status frame 6 (new)"
2026-03-09T09:13:55.866436,RX,COM6,0x0205b807,0x2,0x05,0x2e,0x0,7,00 00 40 0b 00 00 80 00,"Status frame 0 (new)"
2026-03-09T09:13:55.866436,RX,COM6,0x0205b847,0x2,0x05,0x2e,0x1,7,00 00 00 24 00 01 00 00,"Status frame 1 (new)"
2026-03-09T09:13:55.866436,RX,COM6,0x0205b887,0x2,0x05,0x2e,0x2,7,00 00 00 00 00 00 00 00,"Status frame 2 (new)"
2026-03-09T09:13:55.868436,RX,COM6,0x0205b8c7,0x2,0x05,0x2e,0x3,7,3b 00 00 00 a0 0f 95 3e,"Status frame 3 (new)"
2026-03-09T09:13:55.868436,RX,COM6,0x0205b907,0x2,0x05,0x2e,0x4,7,00 00 00 00 00 00 00 00,"Status frame 4 (new)"
2026-03-09T09:13:55.868436,RX,COM6,0x0205bc07,0x2,0x05,0x2f,0x0,7,12 e2 2e be 00 00 00 00,"DATA apiClass=0x2f apiIndex=0x0"
2026-03-09T09:13:55.870426,RX,COM6,0x0205b947,0x2,0x05,0x2e,0x5,7,00 00 00 00 00 00 00 00,"Status frame 5 (new)"
2026-03-09T09:13:55.871428,HEARTBEAT,COM6,0x01011840,0x1,0x01,0x6,0x1,0,f2 88 00 00 00 10 00 00,"Heartbeat"
2026-03-09T09:13:55.872428,RX,COM6,0x0205b987,0x2,0x05,0x2e,0x6,7,00 00 ff ff 01 00 00 00,"Status frame 6 (new)"
2026-03-09T09:13:55.886509,RX,COM6,0x0205b807,0x2,0x05,0x2e,0x0,7,00 00 42 0b 00 00 80 00,"Status frame 0 (new)"
2026-03-09T09:13:55.886509,RX,COM6,0x0205b887,0x2,0x05,0x2e,0x2,7,00 00 00 00 00 00 00 00,"Status frame 2 (new)"
2026-03-09T09:13:55.888508,RX,COM6,0x0205b8c7,0x2,0x05,0x2e,0x3,7,3b 00 00 00 e9 ea 94 3e,"Status frame 3 (new)"
2026-03-09T09:13:55.888508,RX,COM6,0x0205b907,0x2,0x05,0x2e,0x4,7,00 00 00 00 00 00 00 00,"Status frame 4 (new)"
2026-03-09T09:13:55.891095,RX,COM6,0x0205b947,0x2,0x05,0x2e,0x5,7,00 00 00 00 00 00 00 00,"Status frame 5 (new)"
2026-03-09T09:13:55.891095,HEARTBEAT,COM6,0x01011840,0x1,0x01,0x6,0x1,0,06 89 00 00 00 10 00 00,"Heartbeat"
2026-03-09T09:13:55.893094,RX,COM6,0x0205b987,0x2,0x05,0x2e,0x6,7,00 00 ff ff 01 00 00 00,"Status frame 6 (new)"
2026-03-09T09:13:55.907228,RX,COM6,0x0205b807,0x2,0x05,0x2e,0x0,7,00 00 42 0b 00 00 80 00,"Status frame 0 (new)"
2026-03-09T09:13:55.907228,RX,COM6,0x0205b887,0x2,0x05,0x2e,0x2,7,00 00 00 00 00 00 00 00,"Status frame 2 (new)"
2026-03-09T09:13:55.908219,RX,COM6,0x0205b8c7,0x2,0x05,0x2e,0x3,7,3b 00 00 00 84 ff 94 3e,"Status frame 3 (new)"
2026-03-09T09:13:55.909224,RX,COM6,0x0205b907,0x2,0x05,0x2e,0x4,7,00 00 00 00 00 00 00 00,"Status frame 4 (new)"
2026-03-09T09:13:55.910302,RX,COM6,0x0205b947,0x2,0x05,0x2e,0x5,7,00 00 00 00 00 00 00 00,"Status frame 5 (new)"
2026-03-09T09:13:55.911224,HEARTBEAT,COM6,0x01011840,0x1,0x01,0x6,0x1,0,1a 89 00 00 00 10 00 00,"Heartbeat"
2026-03-09T09:13:55.912220,RX,COM6,0x0205b987,0x2,0x05,0x2e,0x6,7,00 00 ff ff 01 00 00 00,"Status frame 6 (new)"
2026-03-09T09:13:55.926352,RX,COM6,0x0205b807,0x2,0x05,0x2e,0x0,7,00 00 3b 0b 00 00 80 00,"Status frame 0 (new)"
2026-03-09T09:13:55.927355,RX,COM6,0x0205b887,0x2,0x05,0x2e,0x2,7,00 00 00 00 00 00 00 00,"Status frame 2 (new)"
2026-03-09T09:13:55.928864,RX,COM6,0x0205b8c7,0x2,0x05,0x2e,0x3,7,3b 00 00 00 77 07 94 3e,"Status frame 3 (new)"
2026-03-09T09:13:55.928864,RX,COM6,0x0205b907,0x2,0x05,0x2e,0x4,7,00 00 00 00 00 00 00 00,"Status frame 4 (new)"
2026-03-09T09:13:55.930862,RX,COM6,0x0205b947,0x2,0x05,0x2e,0x5,7,00 00 00 00 00 00 00 00,"Status frame 5 (new)"
2026-03-09T09:13:55.931862,HEARTBEAT,COM6,0x01011840,0x1,0x01,0x6,0x1,0,2e 89 00 00 00 10 00 00,"Heartbeat"
2026-03-09T09:13:55.932601,RX,COM6,0x0205b987,0x2,0x05,0x2e,0x6,7,00 00 ff ff 01 00 00 00,"Status frame 6 (new)"
2026-03-09T09:13:55.947078,RX,COM6,0x0205b807,0x2,0x05,0x2e,0x0,7,00 00 42 0b 00 00 80 00,"Status frame 0 (new)"
2026-03-09T09:13:55.947078,RX,COM6,0x0205b887,0x2,0x05,0x2e,0x2,7,00 00 00 00 00 00 00 00,"Status frame 2 (new)"
2026-03-09T09:13:55.949051,RX,COM6,0x0205b8c7,0x2,0x05,0x2e,0x3,7,3b 00 00 00 7f 8c 95 3e,"Status frame 3 (new)"
2026-03-09T09:13:55.949051,RX,COM6,0x0205b907,0x2,0x05,0x2e,0x4,7,00 00 00 00 00 00 00 00,"Status frame 4 (new)"
2026-03-09T09:13:55.951042,RX,COM6,0x0205b947,0x2,0x05,0x2e,0x5,7,00 00 00 00 00 00 00 00,"Status frame 5 (new)"
2026-03-09T09:13:55.951042,HEARTBEAT,COM6,0x01011840,0x1,0x01,0x6,0x1,0,42 89 00 00 00 10 00 00,"Heartbeat"
2026-03-09T09:13:55.952546,RX,COM6,0x0205b987,0x2,0x05,0x2e,0x6,7,00 00 ff ff 01 00 00 00,"Status frame 6 (new)"
2026-03-09T09:13:55.967083,RX,COM6,0x0205b807,0x2,0x05,0x2e,0x0,7,00 00 3e 0b 00 00 80 00,"Status frame 0 (new)"
2026-03-09T09:13:55.967083,RX,COM6,0x0205b887,0x2,0x05,0x2e,0x2,7,00 00 00 00 00 00 00 00,"Status frame 2 (new)"
2026-03-09T09:13:55.968457,RX,COM6,0x0205b8c7,0x2,0x05,0x2e,0x3,7,3a 00 00 00 96 8d 93 3e,"Status frame 3 (new)"
2026-03-09T09:13:55.968457,RX,COM6,0x0205b907,0x2,0x05,0x2e,0x4,7,00 00 00 00 00 00 00 00,"Status frame 4 (new)"
2026-03-09T09:13:55.970467,RX,COM6,0x0205b947,0x2,0x05,0x2e,0x5,7,00 00 00 00 00 00 00 00,"Status frame 5 (new)"
2026-03-09T09:13:55.971467,HEARTBEAT,COM6,0x01011840,0x1,0x01,0x6,0x1,0,56 89 00 00 00 10 00 00,"Heartbeat"
2026-03-09T09:13:55.972467,RX,COM6,0x0205b987,0x2,0x05,0x2e,0x6,7,00 00 ff ff 01 00 00 00,"Status frame 6 (new)"
2026-03-09T09:13:55.987203,RX,COM6,0x0205b807,0x2,0x05,0x2e,0x0,7,00 00 44 0b 00 00 80 00,"Status frame 0 (new)"
2026-03-09T09:13:55.987203,RX,COM6,0x0205b887,0x2,0x05,0x2e,0x2,7,00 00 00 00 00 00 00 00,"Status frame 2 (new)"
2026-03-09T09:13:55.989170,RX,COM6,0x0205b8c7,0x2,0x05,0x2e,0x3,7,3b 00 00 00 39 0c 95 3e,"Status frame 3 (new)"
2026-03-09T09:13:55.989170,RX,COM6,0x0205b907,0x2,0x05,0x2e,0x4,7,00 00 00 00 00 00 00 00,"Status frame 4 (new)"
2026-03-09T09:13:55.991076,RX,COM6,0x0205b947,0x2,0x05,0x2e,0x5,7,00 00 00 00 00 00 00 00,"Status frame 5 (new)"
2026-03-09T09:13:55.991076,HEARTBEAT,COM6,0x01011840,0x1,0x01,0x6,0x1,0,6a 89 00 00 00 10 00 00,"Heartbeat"
2026-03-09T09:13:55.992156,RX,COM6,0x0205b987,0x2,0x05,0x2e,0x6,7,00 00 ff ff 01 00 00 00,"Status frame 6 (new)"
2026-03-09T09:13:56.006843,RX,COM6,0x0205b807,0x2,0x05,0x2e,0x0,7,00 00 43 0b 00 00 80 00,"Status frame 0 (new)"
2026-03-09T09:13:56.006843,RX,COM6,0x0205b887,0x2,0x05,0x2e,0x2,7,00 00 00 00 00 00 00 00,"Status frame 2 (new)"
2026-03-09T09:13:56.008355,RX,COM6,0x0205b8c7,0x2,0x05,0x2e,0x3,7,3b 00 00 00 c8 f3 95 3e,"Status frame 3 (new)"
2026-03-09T09:13:56.008355,RX,COM6,0x0205b907,0x2,0x05,0x2e,0x4,7,00 00 00 00 00 00 00 00,"Status frame 4 (new)"
2026-03-09T09:13:56.010371,RX,COM6,0x0205b947,0x2,0x05,0x2e,0x5,7,00 00 00 00 00 00 00 00,"Status frame 5 (new)"
2026-03-09T09:13:56.011365,HEARTBEAT,COM6,0x01011840,0x1,0x01,0x6,0x1,0,7e 89 00 00 00 10 00 00,"Heartbeat"
2026-03-09T09:13:56.012395,RX,COM6,0x0205b987,0x2,0x05,0x2e,0x6,7,00 00 ff ff 01 00 00 00,"Status frame 6 (new)"
2026-03-09T09:13:56.026932,RX,COM6,0x0205b807,0x2,0x05,0x2e,0x0,7,00 00 3e 0b 00 00 80 00,"Status frame 0 (new)"
2026-03-09T09:13:56.026932,RX,COM6,0x0205b887,0x2,0x05,0x2e,0x2,7,00 00 00 00 00 00 00 00,"Status frame 2 (new)"
2026-03-09T09:13:56.028980,RX,COM6,0x0205b8c7,0x2,0x05,0x2e,0x3,7,3b 04 00 00 7d 6b 94 3e,"Status frame 3 (new)"
2026-03-09T09:13:56.028980,RX,COM6,0x0205b907,0x2,0x05,0x2e,0x4,7,00 00 00 00 00 00 00 00,"Status frame 4 (new)"
2026-03-09T09:13:56.030412,RX,COM6,0x0205b947,0x2,0x05,0x2e,0x5,7,00 00 00 00 00 00 00 00,"Status frame 5 (new)"
2026-03-09T09:13:56.031417,HEARTBEAT,COM6,0x01011840,0x1,0x01,0x6,0x1,0,92 89 00 00 00 10 00 00,"Heartbeat"
2026-03-09T09:13:56.032433,RX,COM6,0x0205b987,0x2,0x05,0x2e,0x6,7,00 00 ff ff 01 00 00 00,"Status frame 6 (new)"
2026-03-09T09:13:56.046983,RX,COM6,0x0205b807,0x2,0x05,0x2e,0x0,7,00 00 43 0b 00 00 80 00,"Status frame 0 (new)"
2026-03-09T09:13:56.046983,RX,COM6,0x0205b887,0x2,0x05,0x2e,0x2,7,00 00 00 00 00 00 00 00,"Status frame 2 (new)"
2026-03-09T09:13:56.048,RX,COM6,0x0205b8c7,0x2,0x05,0x2e,0x3,7,3a 00 00 00 99 aa 93 3e,"Status frame 3 (new)"
2026-03-09T09:13:56.049009,RX,COM6,0x0205b907,0x2,0x05,0x2e,0x4,7,00 00 00 00 00 00 00 00,"Status frame 4 (new)"
2026-03-09T09:13:56.051009,RX,COM6,0x0205b947,0x2,0x05,0x2e,0x5,7,00 00 00 00 00 00 00 00,"Status frame 5 (new)"
2026-03-09T09:13:56.051009,HEARTBEAT,COM6,0x01011840,0x1,0x01,0x6,0x1,0,a6 89 00 00 00 10 00 00,"Heartbeat"
2026-03-09T09:13:56.052524,RX,COM6,0x0205b987,0x2,0x05,0x2e,0x6,7,00 00 ff ff 01 00 00 00,"Status frame 6 (new)"
2026-03-09T09:13:56.066565,RX,COM6,0x0205b807,0x2,0x05,0x2e,0x0,7,00 00 42 0b 00 00 80 00,"Status frame 0 (new)"
2026-03-09T09:13:56.066565,RX,COM6,0x0205b887,0x2,0x05,0x2e,0x2,7,00 00 00 00 00 00 00 00,"Status frame 2 (new)"
2026-03-09T09:13:56.068570,RX,COM6,0x0205b8c7,0x2,0x05,0x2e,0x3,7,3a 00 00 00 05 01 94 3e,"Status frame 3 (new)"
2026-03-09T09:13:56.068570,RX,COM6,0x0205b907,0x2,0x05,0x2e,0x4,7,00 00 00 00 00 00 00 00,"Status frame 4 (new)"
2026-03-09T09:13:56.070564,RX,COM6,0x0205b947,0x2,0x05,0x2e,0x5,7,00 00 00 00 00 00 00 00,"Status frame 5 (new)"
2026-03-09T09:13:56.071568,HEARTBEAT,COM6,0x01011840,0x1,0x01,0x6,0x1,0,ba 89 00 00 00 10 00 00,"Heartbeat"
2026-03-09T09:13:56.072569,RX,COM6,0x0205b987,0x2,0x05,0x2e,0x6,7,00 00 ff ff 01 00 00 00,"Status frame 6 (new)"
2026-03-09T09:13:56.086351,RX,COM6,0x0205b807,0x2,0x05,0x2e,0x0,7,00 00 41 0b 00 00 80 00,"Status frame 0 (new)"
2026-03-09T09:13:56.086351,RX,COM6,0x0205b887,0x2,0x05,0x2e,0x2,7,00 00 00 00 00 00 00 00,"Status frame 2 (new)"
2026-03-09T09:13:56.088973,RX,COM6,0x0205b8c7,0x2,0x05,0x2e,0x3,7,3b 00 00 00 1d fc 94 3e,"Status frame 3 (new)"
2026-03-09T09:13:56.088973,RX,COM6,0x0205b907,0x2,0x05,0x2e,0x4,7,00 00 00 00 00 00 00 00,"Status frame 4 (new)"
2026-03-09T09:13:56.090979,HEARTBEAT,COM6,0x01011840,0x1,0x01,0x6,0x1,0,cd 89 00 00 00 10 00 00,"Heartbeat"
2026-03-09T09:13:56.090979,RX,COM6,0x0205b947,0x2,0x05,0x2e,0x5,7,00 00 00 00 00 00 00 00,"Status frame 5 (new)"
2026-03-09T09:13:56.092985,RX,COM6,0x0205b987,0x2,0x05,0x2e,0x6,7,00 00 ff ff 01 00 00 00,"Status frame 6 (new)"
2026-03-09T09:13:56.106508,RX,COM6,0x0205b807,0x2,0x05,0x2e,0x0,7,00 00 43 0b 00 00 80 00,"Status frame 0 (new)"
2026-03-09T09:13:56.106508,RX,COM6,0x0205b887,0x2,0x05,0x2e,0x2,7,00 00 00 00 00 00 00 00,"Status frame 2 (new)"
2026-03-09T09:13:56.108507,RX,COM6,0x0205b8c7,0x2,0x05,0x2e,0x3,7,3b 00 00 00 0d fa 94 3e,"Status frame 3 (new)"
2026-03-09T09:13:56.108507,RX,COM6,0x0205b907,0x2,0x05,0x2e,0x4,7,00 00 00 00 00 00 00 00,"Status frame 4 (new)"
2026-03-09T09:13:56.110507,RX,COM6,0x0205b947,0x2,0x05,0x2e,0x5,7,00 00 00 00 00 00 00 00,"Status frame 5 (new)"
2026-03-09T09:13:56.111500,HEARTBEAT,COM6,0x01011840,0x1,0x01,0x6,0x1,0,e2 89 00 00 00 10 00 00,"Heartbeat"
2026-03-09T09:13:56.112498,RX,COM6,0x0205b987,0x2,0x05,0x2e,0x6,7,00 00 ff ff 01 00 00 00,"Status frame 6 (new)"
2026-03-09T09:13:56.116119,RX,COM6,0x0205b847,0x2,0x05,0x2e,0x1,7,00 00 00 24 00 01 00 00,"Status frame 1 (new)"
2026-03-09T09:13:56.125672,RX,COM6,0x0205b807,0x2,0x05,0x2e,0x0,7,00 00 44 0b 00 00 80 00,"Status frame 0 (new)"
2026-03-09T09:13:56.127190,RX,COM6,0x0205b887,0x2,0x05,0x2e,0x2,7,00 00 00 00 00 00 00 00,"Status frame 2 (new)"
2026-03-09T09:13:56.128195,RX,COM6,0x0205b8c7,0x2,0x05,0x2e,0x3,7,3b 00 00 00 1d 4e 94 3e,"Status frame 3 (new)"
2026-03-09T09:13:56.129196,RX,COM6,0x0205b907,0x2,0x05,0x2e,0x4,7,00 00 00 00 00 00 00 00,"Status frame 4 (new)"
2026-03-09T09:13:56.130211,RX,COM6,0x0205b947,0x2,0x05,0x2e,0x5,7,00 00 00 00 00 00 00 00,"Status frame 5 (new)"
2026-03-09T09:13:56.131195,HEARTBEAT,COM6,0x01011840,0x1,0x01,0x6,0x1,0,f6 89 00 00 00 10 00 00,"Heartbeat"
2026-03-09T09:13:56.132210,RX,COM6,0x0205b987,0x2,0x05,0x2e,0x6,7,00 00 ff ff 01 00 00 00,"Status frame 6 (new)"
2026-03-09T09:13:56.146239,RX,COM6,0x0205b807,0x2,0x05,0x2e,0x0,7,00 00 41 0b 00 00 80 00,"Status frame 0 (new)"
2026-03-09T09:13:56.147239,RX,COM6,0x0205b887,0x2,0x05,0x2e,0x2,7,00 00 00 00 00 00 00 00,"Status frame 2 (new)"
2026-03-09T09:13:56.148239,RX,COM6,0x0205b8c7,0x2,0x05,0x2e,0x3,7,3b 00 00 00 6c ea 94 3e,"Status frame 3 (new)"
2026-03-09T09:13:56.149238,RX,COM6,0x0205b907,0x2,0x05,0x2e,0x4,7,00 00 00 00 00 00 00 00,"Status frame 4 (new)"
2026-03-09T09:13:56.150745,RX,COM6,0x0205b947,0x2,0x05,0x2e,0x5,7,00 00 00 00 00 00 00 00,"Status frame 5 (new)"
2026-03-09T09:13:56.151751,HEARTBEAT,COM6,0x01011840,0x1,0x01,0x6,0x1,0,0a 8a 00 00 00 10 00 00,"Heartbeat"
2026-03-09T09:13:56.152751,RX,COM6,0x0205b987,0x2,0x05,0x2e,0x6,7,00 00 ff ff 01 00 00 00,"Status frame 6 (new)"
2026-03-09T09:13:56.166282,RX,COM6,0x0205b807,0x2,0x05,0x2e,0x0,7,00 00 2e 0b 00 00 80 00,"Status frame 0 (new)"
2026-03-09T09:13:56.167286,RX,COM6,0x0205b887,0x2,0x05,0x2e,0x2,7,00 00 00 00 00 00 00 00,"Status frame 2 (new)"
2026-03-09T09:13:56.168285,RX,COM6,0x0205b8c7,0x2,0x05,0x2e,0x3,7,3b 00 00 00 0f 85 95 3e,"Status frame 3 (new)"
2026-03-09T09:13:56.168285,RX,COM6,0x0205b907,0x2,0x05,0x2e,0x4,7,00 00 00 00 00 00 00 00,"Status frame 4 (new)"
2026-03-09T09:13:56.170285,RX,COM6,0x0205b947,0x2,0x05,0x2e,0x5,7,00 00 00 00 00 00 00 00,"Status frame 5 (new)"
2026-03-09T09:13:56.171285,HEARTBEAT,COM6,0x01011840,0x1,0x01,0x6,0x1,0,1e 8a 00 00 00 10 00 00,"Heartbeat"
2026-03-09T09:13:56.173389,RX,COM6,0x0205b987,0x2,0x05,0x2e,0x6,7,00 00 ff ff 01 00 00 00,"Status frame 6 (new)"
2026-03-09T09:13:56.186260,RX,COM6,0x0205b807,0x2,0x05,0x2e,0x0,7,00 00 45 0b 00 00 80 00,"Status frame 0 (new)"
2026-03-09T09:13:56.187273,RX,COM6,0x0205b887,0x2,0x05,0x2e,0x2,7,00 00 00 00 00 00 00 00,"Status frame 2 (new)"
2026-03-09T09:13:56.188286,RX,COM6,0x0205b8c7,0x2,0x05,0x2e,0x3,7,3b 00 00 00 e8 7b 95 3e,"Status frame 3 (new)"
2026-03-09T09:13:56.188286,RX,COM6,0x0205b907,0x2,0x05,0x2e,0x4,7,00 00 00 00 00 00 00 00,"Status frame 4 (new)"
2026-03-09T09:13:56.190281,RX,COM6,0x0205b947,0x2,0x05,0x2e,0x5,7,00 00 00 00 00 00 00 00,"Status frame 5 (new)"
2026-03-09T09:13:56.191271,HEARTBEAT,COM6,0x01011840,0x1,0x01,0x6,0x1,0,32 8a 00 00 00 10 00 00,"Heartbeat"
2026-03-09T09:13:56.192286,RX,COM6,0x0205b987,0x2,0x05,0x2e,0x6,7,00 00 ff ff 01 00 00 00,"Status frame 6 (new)"
2026-03-09T09:13:56.200279,TX,COM6,0x02053c07,0x2,0x05,0xf,0x0,7,36 00 00 00 00 00 00 00,"TX apiClass=0xf apiIndex=0x0"
2026-03-09T09:13:56.206812,RX,COM6,0x0205b807,0x2,0x05,0x2e,0x0,7,00 00 45 0b 00 00 80 00,"Status frame 0 (new)"
2026-03-09T09:13:56.206812,RX,COM6,0x0205b887,0x2,0x05,0x2e,0x2,7,00 00 00 00 00 00 00 00,"Status frame 2 (new)"
2026-03-09T09:13:56.208811,RX,COM6,0x0205b8c7,0x2,0x05,0x2e,0x3,7,3b 00 00 00 58 23 94 3e,"Status frame 3 (new)"
2026-03-09T09:13:56.208811,RX,COM6,0x0205b907,0x2,0x05,0x2e,0x4,7,00 00 00 00 00 00 00 00,"Status frame 4 (new)"
2026-03-09T09:13:56.210827,RX,COM6,0x0205b947,0x2,0x05,0x2e,0x5,7,00 00 00 00 00 00 00 00,"Status frame 5 (new)"
2026-03-09T09:13:56.211831,HEARTBEAT,COM6,0x01011840,0x1,0x01,0x6,0x1,0,46 8a 00 00 00 10 00 00,"Heartbeat"
2026-03-09T09:13:56.212812,RX,COM6,0x0205b987,0x2,0x05,0x2e,0x6,7,00 00 ff ff 01 00 00 00,"Status frame 6 (new)"
2026-03-09T09:13:56.226940,RX,COM6,0x0205b807,0x2,0x05,0x2e,0x0,7,00 00 47 0b 00 00 80 00,"Status frame 0 (new)"
2026-03-09T09:13:56.226940,RX,COM6,0x0205b887,0x2,0x05,0x2e,0x2,7,00 00 00 00 00 00 00 00,"Status frame 2 (new)"
2026-03-09T09:13:56.228511,RX,COM6,0x0205b8c7,0x2,0x05,0x2e,0x3,7,3b 00 00 00 89 99 94 3e,"Status frame 3 (new)"
2026-03-09T09:13:56.228511,RX,COM6,0x0205b907,0x2,0x05,0x2e,0x4,7,00 00 00 00 00 00 00 00,"Status frame 4 (new)"
2026-03-09T09:13:56.230503,RX,COM6,0x0205b947,0x2,0x05,0x2e,0x5,7,00 00 00 00 00 00 00 00,"Status frame 5 (new)"
2026-03-09T09:13:56.231503,HEARTBEAT,COM6,0x01011840,0x1,0x01,0x6,0x1,0,5a 8a 00 00 00 10 00 00,"Heartbeat"
2026-03-09T09:13:56.232504,RX,COM6,0x0205b987,0x2,0x05,0x2e,0x6,7,00 00 ff ff 01 00 00 00,"Status frame 6 (new)"
2026-03-09T09:13:56.246032,RX,COM6,0x0205b807,0x2,0x05,0x2e,0x0,7,00 00 4b 0b 00 00 80 00,"Status frame 0 (new)"
2026-03-09T09:13:56.246032,RX,COM6,0x0205b887,0x2,0x05,0x2e,0x2,7,00 00 00 00 00 00 00 00,"Status frame 2 (new)"
2026-03-09T09:13:56.248566,RX,COM6,0x0205b8c7,0x2,0x05,0x2e,0x3,7,3b 00 00 00 9a 77 95 3e,"Status frame 3 (new)"
2026-03-09T09:13:56.248566,RX,COM6,0x0205b907,0x2,0x05,0x2e,0x4,7,00 00 00 00 00 00 00 00,"Status frame 4 (new)"
2026-03-09T09:13:56.250566,HEARTBEAT,COM6,0x01011840,0x1,0x01,0x6,0x1,0,6d 8a 00 00 00 10 00 00,"Heartbeat"
2026-03-09T09:13:56.250566,RX,COM6,0x0205b947,0x2,0x05,0x2e,0x5,7,00 00 00 00 00 00 00 00,"Status frame 5 (new)"
2026-03-09T09:13:56.253079,RX,COM6,0x0205b987,0x2,0x05,0x2e,0x6,7,00 00 ff ff 01 00 00 00,"Status frame 6 (new)"
2026-03-09T09:13:56.266636,RX,COM6,0x0205b807,0x2,0x05,0x2e,0x0,7,00 00 08 0b 00 00 80 00,"Status frame 0 (new)"
2026-03-09T09:13:56.266636,RX,COM6,0x0205b887,0x2,0x05,0x2e,0x2,7,00 00 00 00 00 00 00 00,"Status frame 2 (new)"
2026-03-09T09:13:56.268158,RX,COM6,0x0205b8c7,0x2,0x05,0x2e,0x3,7,3b 00 00 00 32 28 94 3e,"Status frame 3 (new)"
2026-03-09T09:13:56.268158,RX,COM6,0x0205b907,0x2,0x05,0x2e,0x4,7,00 00 00 00 00 00 00 00,"Status frame 4 (new)"
2026-03-09T09:13:56.270179,RX,COM6,0x0205b947,0x2,0x05,0x2e,0x5,7,00 00 00 00 00 00 00 00,"Status frame 5 (new)"
2026-03-09T09:13:56.271168,HEARTBEAT,COM6,0x01011840,0x1,0x01,0x6,0x1,0,82 8a 00 00 00 10 00 00,"Heartbeat"
2026-03-09T09:13:56.272179,RX,COM6,0x0205b987,0x2,0x05,0x2e,0x6,7,00 00 ff ff 01 00 00 00,"Status frame 6 (new)"
2026-03-09T09:13:56.286228,RX,COM6,0x0205b807,0x2,0x05,0x2e,0x0,7,00 00 4a 0b 00 00 80 00,"Status frame 0 (new)"
2026-03-09T09:13:56.286228,RX,COM6,0x0205b887,0x2,0x05,0x2e,0x2,7,00 00 00 00 00 00 00 00,"Status frame 2 (new)"
2026-03-09T09:13:56.288889,RX,COM6,0x0205b8c7,0x2,0x05,0x2e,0x3,7,3b 00 00 00 e4 b8 94 3e,"Status frame 3 (new)"
2026-03-09T09:13:56.288889,RX,COM6,0x0205b907,0x2,0x05,0x2e,0x4,7,00 00 00 00 00 00 00 00,"Status frame 4 (new)"
2026-03-09T09:13:56.290407,RX,COM6,0x0205b947,0x2,0x05,0x2e,0x5,7,00 00 00 00 00 00 00 00,"Status frame 5 (new)"
2026-03-09T09:13:56.291400,HEARTBEAT,COM6,0x01011840,0x1,0x01,0x6,0x1,0,96 8a 00 00 00 10 00 00,"Heartbeat"
2026-03-09T09:13:56.293399,RX,COM6,0x0205b987,0x2,0x05,0x2e,0x6,7,00 00 ff ff 01 00 00 00,"Status frame 6 (new)"
2026-03-09T09:13:56.306930,RX,COM6,0x0205b807,0x2,0x05,0x2e,0x0,7,00 00 49 0b 00 00 80 00,"Status frame 0 (new)"
2026-03-09T09:13:56.306930,RX,COM6,0x0205b887,0x2,0x05,0x2e,0x2,7,00 00 00 00 00 00 00 00,"Status frame 2 (new)"
2026-03-09T09:13:56.307930,RX,COM6,0x0205b8c7,0x2,0x05,0x2e,0x3,7,3b 00 00 00 20 30 96 3e,"Status frame 3 (new)"
2026-03-09T09:13:56.307930,RX,COM6,0x0205b907,0x2,0x05,0x2e,0x4,7,00 00 00 00 00 00 00 00,"Status frame 4 (new)"
2026-03-09T09:13:56.310451,RX,COM6,0x0205b947,0x2,0x05,0x2e,0x5,7,00 00 00 00 00 00 00 00,"Status frame 5 (new)"
2026-03-09T09:13:56.311441,HEARTBEAT,COM6,0x01011840,0x1,0x01,0x6,0x1,0,aa 8a 00 00 00 10 00 00,"Heartbeat"
2026-03-09T09:13:56.312457,RX,COM6,0x0205b987,0x2,0x05,0x2e,0x6,7,00 00 ff ff 01 00 00 00,"Status frame 6 (new)"
2026-03-09T09:13:56.326977,RX,COM6,0x0205b807,0x2,0x05,0x2e,0x0,7,00 00 48 0b 00 00 80 00,"Status frame 0 (new)"
2026-03-09T09:13:56.326977,RX,COM6,0x0205b887,0x2,0x05,0x2e,0x2,7,00 00 00 00 00 00 00 00,"Status frame 2 (new)"
2026-03-09T09:13:56.329024,RX,COM6,0x0205b8c7,0x2,0x05,0x2e,0x3,7,3b 00 00 00 94 79 95 3e,"Status frame 3 (new)"
2026-03-09T09:13:56.329024,RX,COM6,0x0205b907,0x2,0x05,0x2e,0x4,7,00 00 00 00 00 00 00 00,"Status frame 4 (new)"
2026-03-09T09:13:56.330605,HEARTBEAT,COM6,0x01011840,0x1,0x01,0x6,0x1,0,be 8a 00 00 00 10 00 00,"Heartbeat"
2026-03-09T09:13:56.330605,RX,COM6,0x0205b947,0x2,0x05,0x2e,0x5,7,00 00 00 00 00 00 00 00,"Status frame 5 (new)"
2026-03-09T09:13:56.332558,RX,COM6,0x0205b987,0x2,0x05,0x2e,0x6,7,00 00 ff ff 01 00 00 00,"Status frame 6 (new)"
2026-03-09T09:13:56.346668,RX,COM6,0x0205b807,0x2,0x05,0x2e,0x0,7,00 00 49 0b 00 00 80 00,"Status frame 0 (new)"
2026-03-09T09:13:56.346668,RX,COM6,0x0205b887,0x2,0x05,0x2e,0x2,7,00 00 00 00 00 00 00 00,"Status frame 2 (new)"
2026-03-09T09:13:56.348668,RX,COM6,0x0205b8c7,0x2,0x05,0x2e,0x3,7,3b 00 00 00 07 ac 94 3e,"Status frame 3 (new)"
2026-03-09T09:13:56.348668,RX,COM6,0x0205b907,0x2,0x05,0x2e,0x4,7,00 00 00 00 00 00 00 00,"Status frame 4 (new)"
2026-03-09T09:13:56.349668,RX,COM6,0x0205b947,0x2,0x05,0x2e,0x5,7,00 00 00 00 00 00 00 00,"Status frame 5 (new)"
2026-03-09T09:13:56.351181,HEARTBEAT,COM6,0x01011840,0x1,0x01,0x6,0x1,0,d2 8a 00 00 00 10 00 00,"Heartbeat"
2026-03-09T09:13:56.352200,RX,COM6,0x0205b987,0x2,0x05,0x2e,0x6,7,00 00 ff ff 01 00 00 00,"Status frame 6 (new)"
2026-03-09T09:13:56.367261,RX,COM6,0x0205b807,0x2,0x05,0x2e,0x0,7,00 00 0f 0b 00 00 80 00,"Status frame 0 (new)"
2026-03-09T09:13:56.367261,RX,COM6,0x0205b847,0x2,0x05,0x2e,0x1,7,00 00 00 24 00 01 00 00,"Status frame 1 (new)"
2026-03-09T09:13:56.367261,RX,COM6,0x0205b887,0x2,0x05,0x2e,0x2,7,00 00 00 00 00 00 00 00,"Status frame 2 (new)"
2026-03-09T09:13:56.368261,RX,COM6,0x0205b8c7,0x2,0x05,0x2e,0x3,7,3b 00 00 00 d1 5a 95 3e,"Status frame 3 (new)"
2026-03-09T09:13:56.369261,RX,COM6,0x0205b907,0x2,0x05,0x2e,0x4,7,00 00 00 00 00 00 00 00,"Status frame 4 (new)"
2026-03-09T09:13:56.370262,RX,COM6,0x0205b947,0x2,0x05,0x2e,0x5,7,00 00 00 00 00 00 00 00,"Status frame 5 (new)"
2026-03-09T09:13:56.372261,HEARTBEAT,COM6,0x01011840,0x1,0x01,0x6,0x1,0,e7 8a 00 00 00 10 00 00,"Heartbeat"
2026-03-09T09:13:56.372767,RX,COM6,0x0205b987,0x2,0x05,0x2e,0x6,7,00 00 ff ff 01 00 00 00,"Status frame 6 (new)"
2026-03-09T09:13:56.387073,RX,COM6,0x0205b807,0x2,0x05,0x2e,0x0,7,00 00 4a 0b 00 00 80 00,"Status frame 0 (new)"
2026-03-09T09:13:56.387073,RX,COM6,0x0205b887,0x2,0x05,0x2e,0x2,7,00 00 00 00 00 00 00 00,"Status frame 2 (new)"
2026-03-09T09:13:56.389062,RX,COM6,0x0205b8c7,0x2,0x05,0x2e,0x3,7,3b 00 00 00 0d 07 94 3e,"Status frame 3 (new)"
2026-03-09T09:13:56.389062,RX,COM6,0x0205b907,0x2,0x05,0x2e,0x4,7,00 00 00 00 00 00 00 00,"Status frame 4 (new)"
2026-03-09T09:13:56.391041,RX,COM6,0x0205b947,0x2,0x05,0x2e,0x5,7,00 00 00 00 00 00 00 00,"Status frame 5 (new)"
2026-03-09T09:13:56.392614,HEARTBEAT,COM6,0x01011840,0x1,0x01,0x6,0x1,0,fb 8a 00 00 00 10 00 00,"Heartbeat"
2026-03-09T09:13:56.392614,RX,COM6,0x0205b987,0x2,0x05,0x2e,0x6,7,00 00 ff ff 01 00 00 00,"Status frame 6 (new)"
2026-03-09T09:13:56.406167,RX,COM6,0x0205b807,0x2,0x05,0x2e,0x0,7,00 00 4a 0b 00 00 80 00,"Status frame 0 (new)"
2026-03-09T09:13:56.406167,RX,COM6,0x0205b887,0x2,0x05,0x2e,0x2,7,00 00 00 00 00 00 00 00,"Status frame 2 (new)"
2026-03-09T09:13:56.408225,RX,COM6,0x0205b8c7,0x2,0x05,0x2e,0x3,7,3b 00 00 00 35 56 95 3e,"Status frame 3 (new)"
2026-03-09T09:13:56.409160,RX,COM6,0x0205b907,0x2,0x05,0x2e,0x4,7,00 00 00 00 00 00 00 00,"Status frame 4 (new)"
2026-03-09T09:13:56.410223,RX,COM6,0x0205b947,0x2,0x05,0x2e,0x5,7,00 00 00 00 00 00 00 00,"Status frame 5 (new)"
2026-03-09T09:13:56.411159,HEARTBEAT,COM6,0x01011840,0x1,0x01,0x6,0x1,0,0e 8b 00 00 00 10 00 00,"Heartbeat"
2026-03-09T09:13:56.413388,RX,COM6,0x0205b987,0x2,0x05,0x2e,0x6,7,00 00 ff ff 01 00 00 00,"Status frame 6 (new)"
2026-03-09T09:13:56.427214,RX,COM6,0x0205b807,0x2,0x05,0x2e,0x0,7,00 00 4c 0b 00 00 80 00,"Status frame 0 (new)"
2026-03-09T09:13:56.427214,RX,COM6,0x0205b887,0x2,0x05,0x2e,0x2,7,00 00 00 00 00 00 00 00,"Status frame 2 (new)"
2026-03-09T09:13:56.428848,RX,COM6,0x0205b8c7,0x2,0x05,0x2e,0x3,7,3b 00 00 00 98 80 95 3e,"Status frame 3 (new)"
2026-03-09T09:13:56.428848,RX,COM6,0x0205b907,0x2,0x05,0x2e,0x4,7,00 00 00 00 00 00 00 00,"Status frame 4 (new)"
2026-03-09T09:13:56.430853,HEARTBEAT,COM6,0x01011840,0x1,0x01,0x6,0x1,0,22 8b 00 00 00 10 00 00,"Heartbeat"
2026-03-09T09:13:56.430853,RX,COM6,0x0205b947,0x2,0x05,0x2e,0x5,7,00 00 00 00 00 00 00 00,"Status frame 5 (new)"
2026-03-09T09:13:56.432853,RX,COM6,0x0205b987,0x2,0x05,0x2e,0x6,7,00 00 ff ff 01 00 00 00,"Status frame 6 (new)"
2026-03-09T09:13:56.446369,RX,COM6,0x0205b807,0x2,0x05,0x2e,0x0,7,00 00 4a 0b 00 00 80 00,"Status frame 0 (new)"
2026-03-09T09:13:56.446369,RX,COM6,0x0205b887,0x2,0x05,0x2e,0x2,7,00 00 00 00 00 00 00 00,"Status frame 2 (new)"
2026-03-09T09:13:56.448368,RX,COM6,0x0205b8c7,0x2,0x05,0x2e,0x3,7,3b 00 00 00 8b b5 94 3e,"Status frame 3 (new)"
2026-03-09T09:13:56.448368,RX,COM6,0x0205b907,0x2,0x05,0x2e,0x4,7,00 00 00 00 00 00 00 00,"Status frame 4 (new)"
2026-03-09T09:13:56.450368,RX,COM6,0x0205b947,0x2,0x05,0x2e,0x5,7,00 00 00 00 00 00 00 00,"Status frame 5 (new)"
2026-03-09T09:13:56.451368,HEARTBEAT,COM6,0x01011840,0x1,0x01,0x6,0x1,0,36 8b 00 00 00 10 00 00,"Heartbeat"
2026-03-09T09:13:56.452368,RX,COM6,0x0205b987,0x2,0x05,0x2e,0x6,7,00 00 ff ff 01 00 00 00,"Status frame 6 (new)"
2026-03-09T09:13:56.466376,RX,COM6,0x0205b807,0x2,0x05,0x2e,0x0,7,00 00 32 0b 00 00 80 00,"Status frame 0 (new)"
2026-03-09T09:13:56.466376,RX,COM6,0x0205b887,0x2,0x05,0x2e,0x2,7,00 00 00 00 00 00 00 00,"Status frame 2 (new)"
2026-03-09T09:13:56.468376,RX,COM6,0x0205b8c7,0x2,0x05,0x2e,0x3,7,3b 00 00 00 e3 79 95 3e,"Status frame 3 (new)"
2026-03-09T09:13:56.468376,RX,COM6,0x0205b907,0x2,0x05,0x2e,0x4,7,00 00 00 00 00 00 00 00,"Status frame 4 (new)"
2026-03-09T09:13:56.470376,RX,COM6,0x0205b947,0x2,0x05,0x2e,0x5,7,00 00 00 00 00 00 00 00,"Status frame 5 (new)"
2026-03-09T09:13:56.471376,HEARTBEAT,COM6,0x01011840,0x1,0x01,0x6,0x1,0,4a 8b 00 00 00 10 00 00,"Heartbeat"
2026-03-09T09:13:56.472382,RX,COM6,0x0205b987,0x2,0x05,0x2e,0x6,7,00 00 ff ff 01 00 00 00,"Status frame 6 (new)"
2026-03-09T09:13:56.486403,RX,COM6,0x0205b807,0x2,0x05,0x2e,0x0,7,00 00 4c 0b 00 00 80 00,"Status frame 0 (new)"
2026-03-09T09:13:56.487407,RX,COM6,0x0205b887,0x2,0x05,0x2e,0x2,7,00 00 00 00 00 00 00 00,"Status frame 2 (new)"
2026-03-09T09:13:56.488403,RX,COM6,0x0205b8c7,0x2,0x05,0x2e,0x3,7,3b 00 00 00 79 f0 94 3e,"Status frame 3 (new)"
2026-03-09T09:13:56.488403,RX,COM6,0x0205b907,0x2,0x05,0x2e,0x4,7,00 00 00 00 00 00 00 00,"Status frame 4 (new)"
2026-03-09T09:13:56.491033,RX,COM6,0x0205b947,0x2,0x05,0x2e,0x5,7,00 00 00 00 00 00 00 00,"Status frame 5 (new)"
2026-03-09T09:13:56.492033,HEARTBEAT,COM6,0x01011840,0x1,0x01,0x6,0x1,0,5f 8b 00 00 00 10 00 00,"Heartbeat"
2026-03-09T09:13:56.493033,RX,COM6,0x0205b987,0x2,0x05,0x2e,0x6,7,00 00 ff ff 01 00 00 00,"Status frame 6 (new)"
2026-03-09T09:13:56.506545,RX,COM6,0x0205b807,0x2,0x05,0x2e,0x0,7,00 00 4d 0b 00 00 80 00,"Status frame 0 (new)"
2026-03-09T09:13:56.507545,RX,COM6,0x0205b887,0x2,0x05,0x2e,0x2,7,00 00 00 00 00 00 00 00,"Status frame 2 (new)"
2026-03-09T09:13:56.508545,RX,COM6,0x0205b8c7,0x2,0x05,0x2e,0x3,7,3a 00 00 00 99 a6 93 3e,"Status frame 3 (new)"
2026-03-09T09:13:56.508545,RX,COM6,0x0205b907,0x2,0x05,0x2e,0x4,7,00 00 00 00 00 00 00 00,"Status frame 4 (new)"
2026-03-09T09:13:56.511546,RX,COM6,0x0205b947,0x2,0x05,0x2e,0x5,7,00 00 00 00 00 00 00 00,"Status frame 5 (new)"
2026-03-09T09:13:56.511546,HEARTBEAT,COM6,0x01011840,0x1,0x01,0x6,0x1,0,72 8b 00 00 00 10 00 00,"Heartbeat"
2026-03-09T09:13:56.512545,RX,COM6,0x0205b987,0x2,0x05,0x2e,0x6,7,00 00 ff ff 01 00 00 00,"Status frame 6 (new)"
2026-03-09T09:13:56.527073,RX,COM6,0x0205b807,0x2,0x05,0x2e,0x0,7,00 00 4d 0b 00 00 80 00,"Status frame 0 (new)"
2026-03-09T09:13:56.527073,RX,COM6,0x0205b887,0x2,0x05,0x2e,0x2,7,00 00 00 00 00 00 00 00,"Status frame 2 (new)"
2026-03-09T09:13:56.528079,RX,COM6,0x0205b8c7,0x2,0x05,0x2e,0x3,7,3b 00 00 00 5b 88 94 3e,"Status frame 3 (new)"
2026-03-09T09:13:56.529078,RX,COM6,0x0205b907,0x2,0x05,0x2e,0x4,7,00 00 00 00 00 00 00 00,"Status frame 4 (new)"
2026-03-09T09:13:56.530078,RX,COM6,0x0205b947,0x2,0x05,0x2e,0x5,7,00 00 00 00 00 00 00 00,"Status frame 5 (new)"
2026-03-09T09:13:56.531078,HEARTBEAT,COM6,0x01011840,0x1,0x01,0x6,0x1,0,86 8b 00 00 00 10 00 00,"Heartbeat"
2026-03-09T09:13:56.533078,RX,COM6,0x0205b987,0x2,0x05,0x2e,0x6,7,00 00 ff ff 01 00 00 00,"Status frame 6 (new)"
2026-03-09T09:13:56.547191,RX,COM6,0x0205b807,0x2,0x05,0x2e,0x0,7,00 00 4e 0b 00 00 80 00,"Status frame 0 (new)"
2026-03-09T09:13:56.547191,RX,COM6,0x0205b887,0x2,0x05,0x2e,0x2,7,00 00 00 00 00 00 00 00,"Status frame 2 (new)"
2026-03-09T09:13:56.548193,RX,COM6,0x0205b8c7,0x2,0x05,0x2e,0x3,7,3c 00 00 00 e9 7d 96 3e,"Status frame 3 (new)"
2026-03-09T09:13:56.549193,RX,COM6,0x0205b907,0x2,0x05,0x2e,0x4,7,00 00 00 00 00 00 00 00,"Status frame 4 (new)"
2026-03-09T09:13:56.551192,RX,COM6,0x0205b947,0x2,0x05,0x2e,0x5,7,00 00 00 00 00 00 00 00,"Status frame 5 (new)"
2026-03-09T09:13:56.551192,HEARTBEAT,COM6,0x01011840,0x1,0x01,0x6,0x1,0,9a 8b 00 00 00 10 00 00,"Heartbeat"
2026-03-09T09:13:56.552214,RX,COM6,0x0205b987,0x2,0x05,0x2e,0x6,7,00 00 ff ff 01 00 00 00,"Status frame 6 (new)"
2026-03-09T09:13:56.567277,RX,COM6,0x0205b807,0x2,0x05,0x2e,0x0,7,00 00 41 0b 00 00 80 00,"Status frame 0 (new)"
2026-03-09T09:13:56.567277,RX,COM6,0x0205b887,0x2,0x05,0x2e,0x2,7,00 00 00 00 00 00 00 00,"Status frame 2 (new)"
2026-03-09T09:13:56.568277,RX,COM6,0x0205b8c7,0x2,0x05,0x2e,0x3,7,3b 00 00 00 4a b2 94 3e,"Status frame 3 (new)"
2026-03-09T09:13:56.568277,RX,COM6,0x0205b907,0x2,0x05,0x2e,0x4,7,00 00 00 00 00 00 00 00,"Status frame 4 (new)"
2026-03-09T09:13:56.570292,RX,COM6,0x0205b947,0x2,0x05,0x2e,0x5,7,00 00 00 00 00 00 00 00,"Status frame 5 (new)"
2026-03-09T09:13:56.571279,HEARTBEAT,COM6,0x01011840,0x1,0x01,0x6,0x1,0,ae 8b 00 00 00 10 00 00,"Heartbeat"
2026-03-09T09:13:56.572294,RX,COM6,0x0205b987,0x2,0x05,0x2e,0x6,7,00 00 ff ff 01 00 00 00,"Status frame 6 (new)"
2026-03-09T09:13:56.586663,RX,COM6,0x0205b807,0x2,0x05,0x2e,0x0,7,00 00 4d 0b 00 00 80 00,"Status frame 0 (new)"
2026-03-09T09:13:56.586663,RX,COM6,0x0205b887,0x2,0x05,0x2e,0x2,7,00 00 00 00 00 00 00 00,"Status frame 2 (new)"
2026-03-09T09:13:56.588756,RX,COM6,0x0205b8c7,0x2,0x05,0x2e,0x3,7,3b 00 00 00 9b 4b 95 3e,"Status frame 3 (new)"
2026-03-09T09:13:56.588756,RX,COM6,0x0205b907,0x2,0x05,0x2e,0x4,7,00 00 00 00 00 00 00 00,"Status frame 4 (new)"
2026-03-09T09:13:56.590753,RX,COM6,0x0205b947,0x2,0x05,0x2e,0x5,7,00 00 00 00 00 00 00 00,"Status frame 5 (new)"
2026-03-09T09:13:56.591758,HEARTBEAT,COM6,0x01011840,0x1,0x01,0x6,0x1,0,c2 8b 00 00 00 10 00 00,"Heartbeat"
2026-03-09T09:13:56.592768,RX,COM6,0x0205b987,0x2,0x05,0x2e,0x6,7,00 00 ff ff 01 00 00 00,"Status frame 6 (new)"
2026-03-09T09:13:56.606271,RX,COM6,0x0205b807,0x2,0x05,0x2e,0x0,7,00 00 4f 0b 00 00 80 00,"Status frame 0 (new)"
2026-03-09T09:13:56.606271,RX,COM6,0x0205b887,0x2,0x05,0x2e,0x2,7,00 00 00 00 00 00 00 00,"Status frame 2 (new)"
2026-03-09T09:13:56.608291,RX,COM6,0x0205b8c7,0x2,0x05,0x2e,0x3,7,3b 00 00 00 c1 0a 95 3e,"Status frame 3 (new)"
2026-03-09T09:13:56.608291,RX,COM6,0x0205b907,0x2,0x05,0x2e,0x4,7,00 00 00 00 00 00 00 00,"Status frame 4 (new)"
2026-03-09T09:13:56.610291,RX,COM6,0x0205b947,0x2,0x05,0x2e,0x5,7,00 00 00 00 00 00 00 00,"Status frame 5 (new)"
2026-03-09T09:13:56.611294,HEARTBEAT,COM6,0x01011840,0x1,0x01,0x6,0x1,0,d6 8b 00 00 00 10 00 00,"Heartbeat"
2026-03-09T09:13:56.612280,RX,COM6,0x0205b987,0x2,0x05,0x2e,0x6,7,00 00 ff ff 01 00 00 00,"Status frame 6 (new)"
2026-03-09T09:13:56.616786,RX,COM6,0x0205b847,0x2,0x05,0x2e,0x1,7,00 00 00 24 00 01 00 00,"Status frame 1 (new)"
2026-03-09T09:13:56.625790,RX,COM6,0x0205b807,0x2,0x05,0x2e,0x0,7,00 00 4c 0b 00 00 80 00,"Status frame 0 (new)"
2026-03-09T09:13:56.625790,RX,COM6,0x0205b887,0x2,0x05,0x2e,0x2,7,00 00 00 00 00 00 00 00,"Status frame 2 (new)"
2026-03-09T09:13:56.628980,RX,COM6,0x0205b8c7,0x2,0x05,0x2e,0x3,7,3a 00 00 00 a4 5d 93 3e,"Status frame 3 (new)"
2026-03-09T09:13:56.628980,RX,COM6,0x0205b907,0x2,0x05,0x2e,0x4,7,00 00 00 00 00 00 00 00,"Status frame 4 (new)"
2026-03-09T09:13:56.630979,RX,COM6,0x0205b947,0x2,0x05,0x2e,0x5,7,00 00 00 00 00 00 00 00,"Status frame 5 (new)"
2026-03-09T09:13:56.630979,HEARTBEAT,COM6,0x01011840,0x1,0x01,0x6,0x1,0,ea 8b 00 00 00 10 00 00,"Heartbeat"
2026-03-09T09:13:56.632981,RX,COM6,0x0205b987,0x2,0x05,0x2e,0x6,7,00 00 ff ff 01 00 00 00,"Status frame 6 (new)"
2026-03-09T09:13:56.646570,RX,COM6,0x0205b807,0x2,0x05,0x2e,0x0,7,00 00 4e 0b 00 00 80 00,"Status frame 0 (new)"
2026-03-09T09:13:56.646570,RX,COM6,0x0205b887,0x2,0x05,0x2e,0x2,7,00 00 00 00 00 00 00 00,"Status frame 2 (new)"
2026-03-09T09:13:56.649082,RX,COM6,0x0205b8c7,0x2,0x05,0x2e,0x3,7,3b 00 00 00 ab ed 95 3e,"Status frame 3 (new)"
2026-03-09T09:13:56.649082,RX,COM6,0x0205b907,0x2,0x05,0x2e,0x4,7,00 00 00 00 00 00 00 00,"Status frame 4 (new)"
2026-03-09T09:13:56.651081,RX,COM6,0x0205b947,0x2,0x05,0x2e,0x5,7,00 00 00 00 00 00 00 00,"Status frame 5 (new)"
2026-03-09T09:13:56.651081,HEARTBEAT,COM6,0x01011840,0x1,0x01,0x6,0x1,0,fe 8b 00 00 00 10 00 00,"Heartbeat"
2026-03-09T09:13:56.653081,RX,COM6,0x0205b987,0x2,0x05,0x2e,0x6,7,00 00 ff ff 01 00 00 00,"Status frame 6 (new)"
2026-03-09T09:13:56.667161,RX,COM6,0x0205b807,0x2,0x05,0x2e,0x0,7,00 00 4b 0b 00 00 80 00,"Status frame 0 (new)"
2026-03-09T09:13:56.667161,RX,COM6,0x0205b887,0x2,0x05,0x2e,0x2,7,00 00 00 00 00 00 00 00,"Status frame 2 (new)"
2026-03-09T09:13:56.668669,RX,COM6,0x0205b8c7,0x2,0x05,0x2e,0x3,7,3b 00 00 00 a2 58 96 3e,"Status frame 3 (new)"
2026-03-09T09:13:56.668669,RX,COM6,0x0205b907,0x2,0x05,0x2e,0x4,7,00 00 00 00 00 00 00 00,"Status frame 4 (new)"
2026-03-09T09:13:56.670682,RX,COM6,0x0205b947,0x2,0x05,0x2e,0x5,7,00 00 00 00 00 00 00 00,"Status frame 5 (new)"
2026-03-09T09:13:56.671687,HEARTBEAT,COM6,0x01011840,0x1,0x01,0x6,0x1,0,12 8c 00 00 00 10 00 00,"Heartbeat"
2026-03-09T09:13:56.672689,RX,COM6,0x0205b987,0x2,0x05,0x2e,0x6,7,00 00 ff ff 01 00 00 00,"Status frame 6 (new)"
2026-03-09T09:13:56.686767,RX,COM6,0x0205b807,0x2,0x05,0x2e,0x0,7,00 00 51 0b 00 00 80 00,"Status frame 0 (new)"
2026-03-09T09:13:56.686767,RX,COM6,0x0205b887,0x2,0x05,0x2e,0x2,7,00 00 00 00 00 00 00 00,"Status frame 2 (new)"
2026-03-09T09:13:56.687768,RX,COM6,0x0205b8c7,0x2,0x05,0x2e,0x3,7,3b 00 00 00 fa 92 94 3e,"Status frame 3 (new)"
2026-03-09T09:13:56.687768,RX,COM6,0x0205b907,0x2,0x05,0x2e,0x4,7,00 00 00 00 00 00 00 00,"Status frame 4 (new)"
2026-03-09T09:13:56.690294,RX,COM6,0x0205b947,0x2,0x05,0x2e,0x5,7,00 00 00 00 00 00 00 00,"Status frame 5 (new)"
2026-03-09T09:13:56.691293,HEARTBEAT,COM6,0x01011840,0x1,0x01,0x6,0x1,0,26 8c 00 00 00 10 00 00,"Heartbeat"
2026-03-09T09:13:56.692290,RX,COM6,0x0205b987,0x2,0x05,0x2e,0x6,7,00 00 ff ff 01 00 00 00,"Status frame 6 (new)"
2026-03-09T09:13:56.701803,TX,COM6,0x02053c07,0x2,0x05,0xf,0x0,7,37 00 00 00 00 00 00 00,"TX apiClass=0xf apiIndex=0x0"
2026-03-09T09:13:56.706903,RX,COM6,0x0205b807,0x2,0x05,0x2e,0x0,7,00 00 4e 0b 00 00 80 00,"Status frame 0 (new)"
2026-03-09T09:13:56.706903,RX,COM6,0x0205b887,0x2,0x05,0x2e,0x2,7,00 00 00 00 00 00 00 00,"Status frame 2 (new)"
2026-03-09T09:13:56.708883,RX,COM6,0x0205b8c7,0x2,0x05,0x2e,0x3,7,3b 00 00 00 84 6f 96 3e,"Status frame 3 (new)"
2026-03-09T09:13:56.708883,RX,COM6,0x0205b907,0x2,0x05,0x2e,0x4,7,00 00 00 00 00 00 00 00,"Status frame 4 (new)"
2026-03-09T09:13:56.710457,RX,COM6,0x0205b947,0x2,0x05,0x2e,0x5,7,00 00 00 00 00 00 00 00,"Status frame 5 (new)"
2026-03-09T09:13:56.711474,HEARTBEAT,COM6,0x01011840,0x1,0x01,0x6,0x1,0,3a 8c 00 00 00 10 00 00,"Heartbeat"
2026-03-09T09:13:56.713495,RX,COM6,0x0205b987,0x2,0x05,0x2e,0x6,7,00 00 ff ff 01 00 00 00,"Status frame 6 (new)"
2026-03-09T09:13:56.727142,RX,COM6,0x0205b807,0x2,0x05,0x2e,0x0,7,00 00 55 0b 00 00 80 00,"Status frame 0 (new)"
2026-03-09T09:13:56.727142,RX,COM6,0x0205b887,0x2,0x05,0x2e,0x2,7,00 00 00 00 00 00 00 00,"Status frame 2 (new)"
2026-03-09T09:13:56.728715,RX,COM6,0x0205b8c7,0x2,0x05,0x2e,0x3,7,3b 00 00 00 3b 1d 96 3e,"Status frame 3 (new)"
2026-03-09T09:13:56.729663,RX,COM6,0x0205b907,0x2,0x05,0x2e,0x4,7,00 00 00 00 00 00 00 00,"Status frame 4 (new)"
2026-03-09T09:13:56.730670,HEARTBEAT,COM6,0x01011840,0x1,0x01,0x6,0x1,0,4d 8c 00 00 00 10 00 00,"Heartbeat"
2026-03-09T09:13:56.730670,RX,COM6,0x0205b947,0x2,0x05,0x2e,0x5,7,00 00 00 00 00 00 00 00,"Status frame 5 (new)"
2026-03-09T09:13:56.732195,RX,COM6,0x0205b987,0x2,0x05,0x2e,0x6,7,00 00 ff ff 01 00 00 00,"Status frame 6 (new)"
2026-03-09T09:13:56.746382,RX,COM6,0x0205b807,0x2,0x05,0x2e,0x0,7,00 00 55 0b 00 00 80 00,"Status frame 0 (new)"
2026-03-09T09:13:56.746382,RX,COM6,0x0205b887,0x2,0x05,0x2e,0x2,7,00 00 00 00 00 00 00 00,"Status frame 2 (new)"
2026-03-09T09:13:56.748380,RX,COM6,0x0205b8c7,0x2,0x05,0x2e,0x3,7,3b 00 00 00 b2 fc 94 3e,"Status frame 3 (new)"
2026-03-09T09:13:56.748380,RX,COM6,0x0205b907,0x2,0x05,0x2e,0x4,7,00 00 00 00 00 00 00 00,"Status frame 4 (new)"
2026-03-09T09:13:56.750380,RX,COM6,0x0205b947,0x2,0x05,0x2e,0x5,7,00 00 00 00 00 00 00 00,"Status frame 5 (new)"
2026-03-09T09:13:56.751382,HEARTBEAT,COM6,0x01011840,0x1,0x01,0x6,0x1,0,62 8c 00 00 00 10 00 00,"Heartbeat"
2026-03-09T09:13:56.752900,RX,COM6,0x0205b987,0x2,0x05,0x2e,0x6,7,00 00 ff ff 01 00 00 00,"Status frame 6 (new)"
2026-03-09T09:13:56.766445,RX,COM6,0x0205b807,0x2,0x05,0x2e,0x0,7,00 00 4f 0b 00 00 80 00,"Status frame 0 (new)"
2026-03-09T09:13:56.766445,RX,COM6,0x0205b887,0x2,0x05,0x2e,0x2,7,00 00 00 00 00 00 00 00,"Status frame 2 (new)"
2026-03-09T09:13:56.768444,RX,COM6,0x0205b8c7,0x2,0x05,0x2e,0x3,7,3b 00 00 00 4b 32 94 3e,"Status frame 3 (new)"
2026-03-09T09:13:56.768444,RX,COM6,0x0205b907,0x2,0x05,0x2e,0x4,7,00 00 00 00 00 00 00 00,"Status frame 4 (new)"
2026-03-09T09:13:56.770444,RX,COM6,0x0205b947,0x2,0x05,0x2e,0x5,7,00 00 00 00 00 00 00 00,"Status frame 5 (new)"
2026-03-09T09:13:56.771446,HEARTBEAT,COM6,0x01011840,0x1,0x01,0x6,0x1,0,76 8c 00 00 00 10 00 00,"Heartbeat"
2026-03-09T09:13:56.772447,RX,COM6,0x0205b987,0x2,0x05,0x2e,0x6,7,00 00 ff ff 01 00 00 00,"Status frame 6 (new)"
2026-03-09T09:13:56.786205,RX,COM6,0x0205b807,0x2,0x05,0x2e,0x0,7,00 00 53 0b 00 00 80 00,"Status frame 0 (new)"
2026-03-09T09:13:56.787209,RX,COM6,0x0205b887,0x2,0x05,0x2e,0x2,7,00 00 00 00 00 00 00 00,"Status frame 2 (new)"
2026-03-09T09:13:56.788209,RX,COM6,0x0205b8c7,0x2,0x05,0x2e,0x3,7,3b 00 00 00 dd 84 95 3e,"Status frame 3 (new)"
2026-03-09T09:13:56.789208,RX,COM6,0x0205b907,0x2,0x05,0x2e,0x4,7,00 00 00 00 00 00 00 00,"Status frame 4 (new)"
2026-03-09T09:13:56.790208,RX,COM6,0x0205b947,0x2,0x05,0x2e,0x5,7,00 00 00 00 00 00 00 00,"Status frame 5 (new)"
2026-03-09T09:13:56.791208,HEARTBEAT,COM6,0x01011840,0x1,0x01,0x6,0x1,0,8a 8c 00 00 00 10 00 00,"Heartbeat"
2026-03-09T09:13:56.792208,RX,COM6,0x0205b987,0x2,0x05,0x2e,0x6,7,00 00 ff ff 01 00 00 00,"Status frame 6 (new)"
2026-03-09T09:13:56.806847,RX,COM6,0x0205b807,0x2,0x05,0x2e,0x0,7,00 00 54 0b 00 00 80 00,"Status frame 0 (new)"
2026-03-09T09:13:56.806847,RX,COM6,0x0205b887,0x2,0x05,0x2e,0x2,7,00 00 00 00 00 00 00 00,"Status frame 2 (new)"
2026-03-09T09:13:56.808860,RX,COM6,0x0205b8c7,0x2,0x05,0x2e,0x3,7,3b 00 00 00 0b 93 95 3e,"Status frame 3 (new)"
2026-03-09T09:13:56.808860,RX,COM6,0x0205b907,0x2,0x05,0x2e,0x4,7,00 00 00 00 00 00 00 00,"Status frame 4 (new)"
2026-03-09T09:13:56.810864,RX,COM6,0x0205b947,0x2,0x05,0x2e,0x5,7,00 00 00 00 00 00 00 00,"Status frame 5 (new)"
2026-03-09T09:13:56.811853,HEARTBEAT,COM6,0x01011840,0x1,0x01,0x6,0x1,0,9e 8c 00 00 00 10 00 00,"Heartbeat"
2026-03-09T09:13:56.812862,RX,COM6,0x0205b987,0x2,0x05,0x2e,0x6,7,00 00 ff ff 01 00 00 00,"Status frame 6 (new)"
2026-03-09T09:13:56.827561,RX,COM6,0x0205b807,0x2,0x05,0x2e,0x0,7,00 00 55 0b 00 00 80 00,"Status frame 0 (new)"
2026-03-09T09:13:56.827561,RX,COM6,0x0205b887,0x2,0x05,0x2e,0x2,7,00 00 00 00 00 00 00 00,"Status frame 2 (new)"
2026-03-09T09:13:56.828582,RX,COM6,0x0205b8c7,0x2,0x05,0x2e,0x3,7,3b 00 00 00 c9 45 95 3e,"Status frame 3 (new)"
2026-03-09T09:13:56.828582,RX,COM6,0x0205b907,0x2,0x05,0x2e,0x4,7,00 00 00 00 00 00 00 00,"Status frame 4 (new)"
2026-03-09T09:13:56.830720,RX,COM6,0x0205b947,0x2,0x05,0x2e,0x5,7,00 00 00 00 00 00 00 00,"Status frame 5 (new)"
2026-03-09T09:13:56.831720,HEARTBEAT,COM6,0x01011840,0x1,0x01,0x6,0x1,0,b2 8c 00 00 00 10 00 00,"Heartbeat"
2026-03-09T09:13:56.832718,RX,COM6,0x0205b987,0x2,0x05,0x2e,0x6,7,00 00 ff ff 01 00 00 00,"Status frame 6 (new)"
2026-03-09T09:13:56.847231,RX,COM6,0x0205b807,0x2,0x05,0x2e,0x0,7,00 00 58 0b 00 00 80 00,"Status frame 0 (new)"
2026-03-09T09:13:56.847231,RX,COM6,0x0205b887,0x2,0x05,0x2e,0x2,7,00 00 00 00 00 00 00 00,"Status frame 2 (new)"
2026-03-09T09:13:56.848803,RX,COM6,0x0205b8c7,0x2,0x05,0x2e,0x3,7,3c 00 00 00 57 9e 96 3e,"Status frame 3 (new)"
2026-03-09T09:13:56.848803,RX,COM6,0x0205b907,0x2,0x05,0x2e,0x4,7,00 00 00 00 00 00 00 00,"Status frame 4 (new)"
2026-03-09T09:13:56.850803,HEARTBEAT,COM6,0x01011840,0x1,0x01,0x6,0x1,0,c5 8c 00 00 00 10 00 00,"Heartbeat"
2026-03-09T09:13:56.850803,RX,COM6,0x0205b947,0x2,0x05,0x2e,0x5,7,00 00 00 00 00 00 00 00,"Status frame 5 (new)"
2026-03-09T09:13:56.852811,RX,COM6,0x0205b987,0x2,0x05,0x2e,0x6,7,00 00 ff ff 01 00 00 00,"Status frame 6 (new)"
2026-03-09T09:13:56.866896,RX,COM6,0x0205b807,0x2,0x05,0x2e,0x0,7,00 00 53 0b 00 00 80 00,"Status frame 0 (new)"
2026-03-09T09:13:56.866896,RX,COM6,0x0205b847,0x2,0x05,0x2e,0x1,7,00 00 00 24 00 01 00 00,"Status frame 1 (new)"
2026-03-09T09:13:56.866896,RX,COM6,0x0205b887,0x2,0x05,0x2e,0x2,7,00 00 00 00 00 00 00 00,"Status frame 2 (new)"
2026-03-09T09:13:56.868897,RX,COM6,0x0205b8c7,0x2,0x05,0x2e,0x3,7,3b 00 00 00 91 07 95 3e,"Status frame 3 (new)"
2026-03-09T09:13:56.868897,RX,COM6,0x0205b907,0x2,0x05,0x2e,0x4,7,00 00 00 00 00 00 00 00,"Status frame 4 (new)"
2026-03-09T09:13:56.868897,RX,COM6,0x0205bc07,0x2,0x05,0x2f,0x0,7,12 e2 2e be 00 00 00 00,"DATA apiClass=0x2f apiIndex=0x0"
2026-03-09T09:13:56.870897,HEARTBEAT,COM6,0x01011840,0x1,0x01,0x6,0x1,0,d9 8c 00 00 00 10 00 00,"Heartbeat"
2026-03-09T09:13:56.870897,RX,COM6,0x0205b947,0x2,0x05,0x2e,0x5,7,00 00 00 00 00 00 00 00,"Status frame 5 (new)"
2026-03-09T09:13:56.872897,RX,COM6,0x0205b987,0x2,0x05,0x2e,0x6,7,00 00 ff ff 01 00 00 00,"Status frame 6 (new)"
2026-03-09T09:13:56.886496,RX,COM6,0x0205b807,0x2,0x05,0x2e,0x0,7,00 00 57 0b 00 00 80 00,"Status frame 0 (new)"
2026-03-09T09:13:56.886496,RX,COM6,0x0205b887,0x2,0x05,0x2e,0x2,7,00 00 00 00 00 00 00 00,"Status frame 2 (new)"
2026-03-09T09:13:56.888605,RX,COM6,0x0205b8c7,0x2,0x05,0x2e,0x3,7,3b 00 00 00 7a 4b 94 3e,"Status frame 3 (new)"
2026-03-09T09:13:56.889120,RX,COM6,0x0205b907,0x2,0x05,0x2e,0x4,7,00 00 00 00 00 00 00 00,"Status frame 4 (new)"
2026-03-09T09:13:56.890125,RX,COM6,0x0205b947,0x2,0x05,0x2e,0x5,7,00 00 00 00 00 00 00 00,"Status frame 5 (new)"
2026-03-09T09:13:56.891127,HEARTBEAT,COM6,0x01011840,0x1,0x01,0x6,0x1,0,ee 8c 00 00 00 10 00 00,"Heartbeat"
2026-03-09T09:13:56.892141,RX,COM6,0x0205b987,0x2,0x05,0x2e,0x6,7,00 00 ff ff 01 00 00 00,"Status frame 6 (new)"
2026-03-09T09:13:56.906679,RX,COM6,0x0205b807,0x2,0x05,0x2e,0x0,7,00 00 34 0b 00 00 80 00,"Status frame 0 (new)"
2026-03-09T09:13:56.906679,RX,COM6,0x0205b887,0x2,0x05,0x2e,0x2,7,00 00 00 00 00 00 00 00,"Status frame 2 (new)"
2026-03-09T09:13:56.908679,RX,COM6,0x0205b8c7,0x2,0x05,0x2e,0x3,7,3b 00 00 00 7f 28 95 3e,"Status frame 3 (new)"
2026-03-09T09:13:56.908679,RX,COM6,0x0205b907,0x2,0x05,0x2e,0x4,7,00 00 00 00 00 00 00 00,"Status frame 4 (new)"
2026-03-09T09:13:56.910679,RX,COM6,0x0205b947,0x2,0x05,0x2e,0x5,7,00 00 00 00 00 00 00 00,"Status frame 5 (new)"
2026-03-09T09:13:56.911675,HEARTBEAT,COM6,0x01011840,0x1,0x01,0x6,0x1,0,02 8d 00 00 00 10 00 00,"Heartbeat"
2026-03-09T09:13:56.912671,RX,COM6,0x0205b987,0x2,0x05,0x2e,0x6,7,00 00 ff ff 01 00 00 00,"Status frame 6 (new)"
2026-03-09T09:13:56.926746,RX,COM6,0x0205b807,0x2,0x05,0x2e,0x0,7,00 00 51 0b 00 00 80 00,"Status frame 0 (new)"
2026-03-09T09:13:56.926746,RX,COM6,0x0205b887,0x2,0x05,0x2e,0x2,7,00 00 00 00 00 00 00 00,"Status frame 2 (new)"
2026-03-09T09:13:56.928273,RX,COM6,0x0205b8c7,0x2,0x05,0x2e,0x3,7,3b 00 00 00 01 df 93 3e,"Status frame 3 (new)"
2026-03-09T09:13:56.928273,RX,COM6,0x0205b907,0x2,0x05,0x2e,0x4,7,00 00 00 00 00 00 00 00,"Status frame 4 (new)"
2026-03-09T09:13:56.930259,RX,COM6,0x0205b947,0x2,0x05,0x2e,0x5,7,00 00 00 00 00 00 00 00,"Status frame 5 (new)"
2026-03-09T09:13:56.931260,HEARTBEAT,COM6,0x01011840,0x1,0x01,0x6,0x1,0,16 8d 00 00 00 10 00 00,"Heartbeat"
2026-03-09T09:13:56.932276,RX,COM6,0x0205b987,0x2,0x05,0x2e,0x6,7,00 00 ff ff 01 00 00 00,"Status frame 6 (new)"
2026-03-09T09:13:56.946407,RX,COM6,0x0205b807,0x2,0x05,0x2e,0x0,7,00 00 51 0b 00 00 80 00,"Status frame 0 (new)"
2026-03-09T09:13:56.946407,RX,COM6,0x0205b887,0x2,0x05,0x2e,0x2,7,00 00 00 00 00 00 00 00,"Status frame 2 (new)"
2026-03-09T09:13:56.948418,RX,COM6,0x0205b8c7,0x2,0x05,0x2e,0x3,7,3b 00 00 00 c6 3d 95 3e,"Status frame 3 (new)"
2026-03-09T09:13:56.948418,RX,COM6,0x0205b907,0x2,0x05,0x2e,0x4,7,00 00 00 00 00 00 00 00,"Status frame 4 (new)"
2026-03-09T09:13:56.950421,RX,COM6,0x0205b947,0x2,0x05,0x2e,0x5,7,00 00 00 00 00 00 00 00,"Status frame 5 (new)"
2026-03-09T09:13:56.951407,HEARTBEAT,COM6,0x01011840,0x1,0x01,0x6,0x1,0,2a 8d 00 00 00 10 00 00,"Heartbeat"
2026-03-09T09:13:56.953406,RX,COM6,0x0205b987,0x2,0x05,0x2e,0x6,7,00 00 ff ff 01 00 00 00,"Status frame 6 (new)"
2026-03-09T09:13:56.966947,RX,COM6,0x0205b807,0x2,0x05,0x2e,0x0,7,00 00 4e 0b 00 00 80 00,"Status frame 0 (new)"
2026-03-09T09:13:56.966947,RX,COM6,0x0205b887,0x2,0x05,0x2e,0x2,7,00 00 00 00 00 00 00 00,"Status frame 2 (new)"
2026-03-09T09:13:56.968947,RX,COM6,0x0205b8c7,0x2,0x05,0x2e,0x3,7,3b 00 00 00 26 b1 94 3e,"Status frame 3 (new)"
2026-03-09T09:13:56.968947,RX,COM6,0x0205b907,0x2,0x05,0x2e,0x4,7,00 00 00 00 00 00 00 00,"Status frame 4 (new)"
2026-03-09T09:13:56.970947,RX,COM6,0x0205b947,0x2,0x05,0x2e,0x5,7,00 00 00 00 00 00 00 00,"Status frame 5 (new)"
2026-03-09T09:13:56.971952,HEARTBEAT,COM6,0x01011840,0x1,0x01,0x6,0x1,0,3f 8d 00 00 00 10 00 00,"Heartbeat"
2026-03-09T09:13:56.972950,RX,COM6,0x0205b987,0x2,0x05,0x2e,0x6,7,00 00 ff ff 01 00 00 00,"Status frame 6 (new)"
2026-03-09T09:13:56.986213,RX,COM6,0x0205b807,0x2,0x05,0x2e,0x0,7,00 00 4d 0b 00 00 80 00,"Status frame 0 (new)"
2026-03-09T09:13:56.986213,RX,COM6,0x0205b887,0x2,0x05,0x2e,0x2,7,00 00 00 00 00 00 00 00,"Status frame 2 (new)"
2026-03-09T09:13:56.988234,RX,COM6,0x0205b8c7,0x2,0x05,0x2e,0x3,7,3b 00 00 00 12 81 94 3e,"Status frame 3 (new)"
2026-03-09T09:13:56.988234,RX,COM6,0x0205b907,0x2,0x05,0x2e,0x4,7,00 00 00 00 00 00 00 00,"Status frame 4 (new)"
2026-03-09T09:13:56.990231,RX,COM6,0x0205b947,0x2,0x05,0x2e,0x5,7,00 00 00 00 00 00 00 00,"Status frame 5 (new)"
2026-03-09T09:13:56.991223,HEARTBEAT,COM6,0x01011840,0x1,0x01,0x6,0x1,0,52 8d 00 00 00 10 00 00,"Heartbeat"
2026-03-09T09:13:56.992238,RX,COM6,0x0205b987,0x2,0x05,0x2e,0x6,7,00 00 ff ff 01 00 00 00,"Status frame 6 (new)"
2026-03-09T09:13:57.006748,RX,COM6,0x0205b807,0x2,0x05,0x2e,0x0,7,00 00 03 0b 00 00 80 00,"Status frame 0 (new)"
2026-03-09T09:13:57.006748,RX,COM6,0x0205b887,0x2,0x05,0x2e,0x2,7,00 00 00 00 00 00 00 00,"Status frame 2 (new)"
2026-03-09T09:13:57.008748,RX,COM6,0x0205b8c7,0x2,0x05,0x2e,0x3,7,3b 00 00 00 57 e1 94 3e,"Status frame 3 (new)"
2026-03-09T09:13:57.008748,RX,COM6,0x0205b907,0x2,0x05,0x2e,0x4,7,00 00 00 00 00 00 00 00,"Status frame 4 (new)"
2026-03-09T09:13:57.011746,RX,COM6,0x0205b947,0x2,0x05,0x2e,0x5,7,00 00 00 00 00 00 00 00,"Status frame 5 (new)"
2026-03-09T09:13:57.011746,HEARTBEAT,COM6,0x01011840,0x1,0x01,0x6,0x1,0,67 8d 00 00 00 10 00 00,"Heartbeat"
2026-03-09T09:13:57.012741,RX,COM6,0x0205b987,0x2,0x05,0x2e,0x6,7,00 00 ff ff 01 00 00 00,"Status frame 6 (new)"
2026-03-09T09:13:57.027274,RX,COM6,0x0205b807,0x2,0x05,0x2e,0x0,7,00 00 48 0b 00 00 80 00,"Status frame 0 (new)"
2026-03-09T09:13:57.027274,RX,COM6,0x0205b887,0x2,0x05,0x2e,0x2,7,00 00 00 00 00 00 00 00,"Status frame 2 (new)"
2026-03-09T09:13:57.028317,RX,COM6,0x0205b8c7,0x2,0x05,0x2e,0x3,7,3b 00 00 00 51 40 94 3e,"Status frame 3 (new)"
2026-03-09T09:13:57.029327,RX,COM6,0x0205b907,0x2,0x05,0x2e,0x4,7,00 00 00 00 00 00 00 00,"Status frame 4 (new)"
2026-03-09T09:13:57.030330,RX,COM6,0x0205b947,0x2,0x05,0x2e,0x5,7,00 00 00 00 00 00 00 00,"Status frame 5 (new)"
2026-03-09T09:13:57.031313,HEARTBEAT,COM6,0x01011840,0x1,0x01,0x6,0x1,0,7a 8d 00 00 00 10 00 00,"Heartbeat"
2026-03-09T09:13:57.032322,RX,COM6,0x0205b987,0x2,0x05,0x2e,0x6,7,00 00 ff ff 01 00 00 00,"Status frame 6 (new)"
2026-03-09T09:13:57.047143,RX,COM6,0x0205b807,0x2,0x05,0x2e,0x0,7,00 00 48 0b 00 00 80 00,"Status frame 0 (new)"
2026-03-09T09:13:57.047143,RX,COM6,0x0205b887,0x2,0x05,0x2e,0x2,7,00 00 00 00 00 00 00 00,"Status frame 2 (new)"
2026-03-09T09:13:57.048169,RX,COM6,0x0205b8c7,0x2,0x05,0x2e,0x3,7,3b 00 00 00 06 9a 95 3e,"Status frame 3 (new)"
2026-03-09T09:13:57.049153,RX,COM6,0x0205b907,0x2,0x05,0x2e,0x4,7,00 00 00 00 00 00 00 00,"Status frame 4 (new)"
2026-03-09T09:13:57.050166,RX,COM6,0x0205b947,0x2,0x05,0x2e,0x5,7,00 00 00 00 00 00 00 00,"Status frame 5 (new)"
2026-03-09T09:13:57.052165,HEARTBEAT,COM6,0x01011840,0x1,0x01,0x6,0x1,0,8f 8d 00 00 00 10 00 00,"Heartbeat"
2026-03-09T09:13:57.052165,RX,COM6,0x0205b987,0x2,0x05,0x2e,0x6,7,00 00 ff ff 01 00 00 00,"Status frame 6 (new)"
2026-03-09T09:13:57.066244,RX,COM6,0x0205b807,0x2,0x05,0x2e,0x0,7,00 00 46 0b 00 00 80 00,"Status frame 0 (new)"
2026-03-09T09:13:57.066244,RX,COM6,0x0205b887,0x2,0x05,0x2e,0x2,7,00 00 00 00 00 00 00 00,"Status frame 2 (new)"
2026-03-09T09:13:57.068248,RX,COM6,0x0205b8c7,0x2,0x05,0x2e,0x3,7,3b 00 00 00 f7 21 94 3e,"Status frame 3 (new)"
2026-03-09T09:13:57.068248,RX,COM6,0x0205b907,0x2,0x05,0x2e,0x4,7,00 00 00 00 00 00 00 00,"Status frame 4 (new)"
2026-03-09T09:13:57.070248,RX,COM6,0x0205b947,0x2,0x05,0x2e,0x5,7,00 00 00 00 00 00 00 00,"Status frame 5 (new)"
2026-03-09T09:13:57.071237,HEARTBEAT,COM6,0x01011840,0x1,0x01,0x6,0x1,0,a2 8d 00 00 00 10 00 00,"Heartbeat"
2026-03-09T09:13:57.073248,RX,COM6,0x0205b987,0x2,0x05,0x2e,0x6,7,00 00 ff ff 01 00 00 00,"Status frame 6 (new)"
2026-03-09T09:13:57.086309,RX,COM6,0x0205b807,0x2,0x05,0x2e,0x0,7,00 00 43 0b 00 00 80 00,"Status frame 0 (new)"
2026-03-09T09:13:57.087301,RX,COM6,0x0205b887,0x2,0x05,0x2e,0x2,7,00 00 00 00 00 00 00 00,"Status frame 2 (new)"
2026-03-09T09:13:57.088918,RX,COM6,0x0205b8c7,0x2,0x05,0x2e,0x3,7,3b 00 00 00 c1 3b 96 3e,"Status frame 3 (new)"
2026-03-09T09:13:57.088918,RX,COM6,0x0205b907,0x2,0x05,0x2e,0x4,7,00 00 00 00 00 00 00 00,"Status frame 4 (new)"
2026-03-09T09:13:57.090918,RX,COM6,0x0205b947,0x2,0x05,0x2e,0x5,7,00 00 00 00 00 00 00 00,"Status frame 5 (new)"
2026-03-09T09:13:57.091918,HEARTBEAT,COM6,0x01011840,0x1,0x01,0x6,0x1,0,b7 8d 00 00 00 10 00 00,"Heartbeat"
2026-03-09T09:13:57.092918,RX,COM6,0x0205b987,0x2,0x05,0x2e,0x6,7,00 00 ff ff 01 00 00 00,"Status frame 6 (new)"
2026-03-09T09:13:57.106455,RX,COM6,0x0205b807,0x2,0x05,0x2e,0x0,7,00 00 14 0b 00 00 80 00,"Status frame 0 (new)"
2026-03-09T09:13:57.106455,RX,COM6,0x0205b887,0x2,0x05,0x2e,0x2,7,00 00 00 00 00 00 00 00,"Status frame 2 (new)"
2026-03-09T09:13:57.108456,RX,COM6,0x0205b8c7,0x2,0x05,0x2e,0x3,7,3b 00 00 00 ca 35 96 3e,"Status frame 3 (new)"
2026-03-09T09:13:57.108456,RX,COM6,0x0205b907,0x2,0x05,0x2e,0x4,7,00 00 00 00 00 00 00 00,"Status frame 4 (new)"
2026-03-09T09:13:57.110455,RX,COM6,0x0205b947,0x2,0x05,0x2e,0x5,7,00 00 00 00 00 00 00 00,"Status frame 5 (new)"
2026-03-09T09:13:57.111447,HEARTBEAT,COM6,0x01011840,0x1,0x01,0x6,0x1,0,ca 8d 00 00 00 10 00 00,"Heartbeat"
2026-03-09T09:13:57.112963,RX,COM6,0x0205b987,0x2,0x05,0x2e,0x6,7,00 00 ff ff 01 00 00 00,"Status frame 6 (new)"
2026-03-09T09:13:57.116982,RX,COM6,0x0205b847,0x2,0x05,0x2e,0x1,7,00 00 00 24 00 01 00 00,"Status frame 1 (new)"
2026-03-09T09:13:57.127023,RX,COM6,0x0205b807,0x2,0x05,0x2e,0x0,7,00 00 43 0b 00 00 80 00,"Status frame 0 (new)"
2026-03-09T09:13:57.127023,RX,COM6,0x0205b887,0x2,0x05,0x2e,0x2,7,00 00 00 00 00 00 00 00,"Status frame 2 (new)"
2026-03-09T09:13:57.129048,RX,COM6,0x0205b8c7,0x2,0x05,0x2e,0x3,7,3a 00 00 00 98 81 93 3e,"Status frame 3 (new)"
2026-03-09T09:13:57.129048,RX,COM6,0x0205b907,0x2,0x05,0x2e,0x4,7,00 00 00 00 00 00 00 00,"Status frame 4 (new)"
2026-03-09T09:13:57.131046,RX,COM6,0x0205b947,0x2,0x05,0x2e,0x5,7,00 00 00 00 00 00 00 00,"Status frame 5 (new)"
2026-03-09T09:13:57.131046,HEARTBEAT,COM6,0x01011840,0x1,0x01,0x6,0x1,0,de 8d 00 00 00 10 00 00,"Heartbeat"
2026-03-09T09:13:57.132044,RX,COM6,0x0205b987,0x2,0x05,0x2e,0x6,7,00 00 ff ff 01 00 00 00,"Status frame 6 (new)"
2026-03-09T09:13:57.147236,RX,COM6,0x0205b807,0x2,0x05,0x2e,0x0,7,00 00 44 0b 00 00 80 00,"Status frame 0 (new)"
2026-03-09T09:13:57.147236,RX,COM6,0x0205b887,0x2,0x05,0x2e,0x2,7,00 00 00 00 00 00 00 00,"Status frame 2 (new)"
2026-03-09T09:13:57.148236,RX,COM6,0x0205b8c7,0x2,0x05,0x2e,0x3,7,3b 04 00 00 c2 ad 95 3e,"Status frame 3 (new)"
2026-03-09T09:13:57.149378,RX,COM6,0x0205b907,0x2,0x05,0x2e,0x4,7,00 00 00 00 00 00 00 00,"Status frame 4 (new)"
2026-03-09T09:13:57.150239,RX,COM6,0x0205b947,0x2,0x05,0x2e,0x5,7,00 00 00 00 00 00 00 00,"Status frame 5 (new)"
2026-03-09T09:13:57.151237,HEARTBEAT,COM6,0x01011840,0x1,0x01,0x6,0x1,0,f2 8d 00 00 00 10 00 00,"Heartbeat"
2026-03-09T09:13:57.152320,RX,COM6,0x0205b987,0x2,0x05,0x2e,0x6,7,00 00 ff ff 01 00 00 00,"Status frame 6 (new)"
2026-03-09T09:13:57.166412,RX,COM6,0x0205b807,0x2,0x05,0x2e,0x0,7,00 00 42 0b 00 00 80 00,"Status frame 0 (new)"
2026-03-09T09:13:57.166412,RX,COM6,0x0205b887,0x2,0x05,0x2e,0x2,7,00 00 00 00 00 00 00 00,"Status frame 2 (new)"
2026-03-09T09:13:57.168414,RX,COM6,0x0205b8c7,0x2,0x05,0x2e,0x3,7,3b 04 00 00 83 ab 95 3e,"Status frame 3 (new)"
2026-03-09T09:13:57.168414,RX,COM6,0x0205b907,0x2,0x05,0x2e,0x4,7,00 00 00 00 00 00 00 00,"Status frame 4 (new)"
2026-03-09T09:13:57.170414,RX,COM6,0x0205b947,0x2,0x05,0x2e,0x5,7,00 00 00 00 00 00 00 00,"Status frame 5 (new)"
2026-03-09T09:13:57.171404,HEARTBEAT,COM6,0x01011840,0x1,0x01,0x6,0x1,0,06 8e 00 00 00 10 00 00,"Heartbeat"
2026-03-09T09:13:57.172424,RX,COM6,0x0205b987,0x2,0x05,0x2e,0x6,7,00 00 ff ff 01 00 00 00,"Status frame 6 (new)"
2026-03-09T09:13:57.186615,RX,COM6,0x0205b807,0x2,0x05,0x2e,0x0,7,00 00 45 0b 00 00 80 00,"Status frame 0 (new)"
2026-03-09T09:13:57.186615,RX,COM6,0x0205b887,0x2,0x05,0x2e,0x2,7,00 00 00 00 00 00 00 00,"Status frame 2 (new)"
2026-03-09T09:13:57.188615,RX,COM6,0x0205b8c7,0x2,0x05,0x2e,0x3,7,3b 00 00 00 86 29 94 3e,"Status frame 3 (new)"
2026-03-09T09:13:57.188615,RX,COM6,0x0205b907,0x2,0x05,0x2e,0x4,7,00 00 00 00 00 00 00 00,"Status frame 4 (new)"
2026-03-09T09:13:57.190615,RX,COM6,0x0205b947,0x2,0x05,0x2e,0x5,7,00 00 00 00 00 00 00 00,"Status frame 5 (new)"
2026-03-09T09:13:57.191621,HEARTBEAT,COM6,0x01011840,0x1,0x01,0x6,0x1,0,1a 8e 00 00 00 10 00 00,"Heartbeat"
2026-03-09T09:13:57.192618,RX,COM6,0x0205b987,0x2,0x05,0x2e,0x6,7,00 00 ff ff 01 00 00 00,"Status frame 6 (new)"
2026-03-09T09:13:57.204128,TX,COM6,0x02053c07,0x2,0x05,0xf,0x0,7,38 00 00 00 00 00 00 00,"TX apiClass=0xf apiIndex=0x0"
2026-03-09T09:13:57.206145,RX,COM6,0x0205b807,0x2,0x05,0x2e,0x0,7,00 00 2d 0b 00 00 80 00,"Status frame 0 (new)"
2026-03-09T09:13:57.206145,RX,COM6,0x0205b887,0x2,0x05,0x2e,0x2,7,00 00 00 00 00 00 00 00,"Status frame 2 (new)"
2026-03-09T09:13:57.208148,RX,COM6,0x0205b907,0x2,0x05,0x2e,0x4,7,00 00 00 00 00 00 00 00,"Status frame 4 (new)"
2026-03-09T09:13:57.208148,RX,COM6,0x0205b8c7,0x2,0x05,0x2e,0x3,7,3c 04 00 00 9e a3 96 3e,"Status frame 3 (new)"
2026-03-09T09:13:57.211135,RX,COM6,0x0205b947,0x2,0x05,0x2e,0x5,7,00 00 00 00 00 00 00 00,"Status frame 5 (new)"
2026-03-09T09:13:57.211135,HEARTBEAT,COM6,0x01011840,0x1,0x01,0x6,0x1,0,2e 8e 00 00 00 10 00 00,"Heartbeat"
2026-03-09T09:13:57.212136,RX,COM6,0x0205b987,0x2,0x05,0x2e,0x6,7,00 00 ff ff 01 00 00 00,"Status frame 6 (new)"
2026-03-09T09:13:57.227142,RX,COM6,0x0205b807,0x2,0x05,0x2e,0x0,7,00 00 40 0b 00 00 80 00,"Status frame 0 (new)"
2026-03-09T09:13:57.227142,RX,COM6,0x0205b887,0x2,0x05,0x2e,0x2,7,00 00 00 00 00 00 00 00,"Status frame 2 (new)"
2026-03-09T09:13:57.229144,RX,COM6,0x0205b8c7,0x2,0x05,0x2e,0x3,7,3b 04 00 00 f0 27 96 3e,"Status frame 3 (new)"
2026-03-09T09:13:57.229144,RX,COM6,0x0205b907,0x2,0x05,0x2e,0x4,7,00 00 00 00 00 00 00 00,"Status frame 4 (new)"
2026-03-09T09:13:57.230144,RX,COM6,0x0205b947,0x2,0x05,0x2e,0x5,7,00 00 00 00 00 00 00 00,"Status frame 5 (new)"
2026-03-09T09:13:57.231144,HEARTBEAT,COM6,0x01011840,0x1,0x01,0x6,0x1,0,42 8e 00 00 00 10 00 00,"Heartbeat"
2026-03-09T09:13:57.232144,RX,COM6,0x0205b987,0x2,0x05,0x2e,0x6,7,00 00 ff ff 01 00 00 00,"Status frame 6 (new)"
2026-03-09T09:13:57.246657,RX,COM6,0x0205b807,0x2,0x05,0x2e,0x0,7,00 00 43 0b 00 00 80 00,"Status frame 0 (new)"
2026-03-09T09:13:57.246657,RX,COM6,0x0205b887,0x2,0x05,0x2e,0x2,7,00 00 00 00 00 00 00 00,"Status frame 2 (new)"
2026-03-09T09:13:57.248656,RX,COM6,0x0205b8c7,0x2,0x05,0x2e,0x3,7,3b 00 00 00 af c9 94 3e,"Status frame 3 (new)"
2026-03-09T09:13:57.248656,RX,COM6,0x0205b907,0x2,0x05,0x2e,0x4,7,00 00 00 00 00 00 00 00,"Status frame 4 (new)"
2026-03-09T09:13:57.250656,RX,COM6,0x0205b947,0x2,0x05,0x2e,0x5,7,00 00 00 00 00 00 00 00,"Status frame 5 (new)"
2026-03-09T09:13:57.251656,HEARTBEAT,COM6,0x01011840,0x1,0x01,0x6,0x1,0,56 8e 00 00 00 10 00 00,"Heartbeat"
2026-03-09T09:13:57.252656,RX,COM6,0x0205b987,0x2,0x05,0x2e,0x6,7,00 00 ff ff 01 00 00 00,"Status frame 6 (new)"
2026-03-09T09:13:57.266665,RX,COM6,0x0205b807,0x2,0x05,0x2e,0x0,7,00 00 44 0b 00 00 80 00,"Status frame 0 (new)"
2026-03-09T09:13:57.266665,RX,COM6,0x0205b887,0x2,0x05,0x2e,0x2,7,00 00 00 00 00 00 00 00,"Status frame 2 (new)"
2026-03-09T09:13:57.268665,RX,COM6,0x0205b8c7,0x2,0x05,0x2e,0x3,7,3b 00 00 00 59 10 95 3e,"Status frame 3 (new)"
2026-03-09T09:13:57.268665,RX,COM6,0x0205b907,0x2,0x05,0x2e,0x4,7,00 00 00 00 00 00 00 00,"Status frame 4 (new)"
2026-03-09T09:13:57.270669,HEARTBEAT,COM6,0x01011840,0x1,0x01,0x6,0x1,0,69 8e 00 00 00 10 00 00,"Heartbeat"
2026-03-09T09:13:57.270669,RX,COM6,0x0205b947,0x2,0x05,0x2e,0x5,7,00 00 00 00 00 00 00 00,"Status frame 5 (new)"
2026-03-09T09:13:57.272667,RX,COM6,0x0205b987,0x2,0x05,0x2e,0x6,7,00 00 ff ff 01 00 00 00,"Status frame 6 (new)"
2026-03-09T09:13:57.286860,RX,COM6,0x0205b807,0x2,0x05,0x2e,0x0,7,00 00 3e 0b 00 00 80 00,"Status frame 0 (new)"
2026-03-09T09:13:57.286860,RX,COM6,0x0205b887,0x2,0x05,0x2e,0x2,7,00 00 00 00 00 00 00 00,"Status frame 2 (new)"
2026-03-09T09:13:57.288864,RX,COM6,0x0205b8c7,0x2,0x05,0x2e,0x3,7,3b 00 00 00 52 92 95 3e,"Status frame 3 (new)"
2026-03-09T09:13:57.288864,RX,COM6,0x0205b907,0x2,0x05,0x2e,0x4,7,00 00 00 00 00 00 00 00,"Status frame 4 (new)"
2026-03-09T09:13:57.290864,HEARTBEAT,COM6,0x01011840,0x1,0x01,0x6,0x1,0,7e 8e 00 00 00 10 00 00,"Heartbeat"
2026-03-09T09:13:57.290864,RX,COM6,0x0205b947,0x2,0x05,0x2e,0x5,7,00 00 00 00 00 00 00 00,"Status frame 5 (new)"
2026-03-09T09:13:57.292864,RX,COM6,0x0205b987,0x2,0x05,0x2e,0x6,7,00 00 ff ff 01 00 00 00,"Status frame 6 (new)"
2026-03-09T09:13:57.307086,RX,COM6,0x0205b807,0x2,0x05,0x2e,0x0,7,00 00 32 0b 00 00 80 00,"Status frame 0 (new)"
2026-03-09T09:13:57.307086,RX,COM6,0x0205b887,0x2,0x05,0x2e,0x2,7,00 00 00 00 00 00 00 00,"Status frame 2 (new)"
2026-03-09T09:13:57.309065,RX,COM6,0x0205b8c7,0x2,0x05,0x2e,0x3,7,3b 00 00 00 0b 55 95 3e,"Status frame 3 (new)"
2026-03-09T09:13:57.309065,RX,COM6,0x0205b907,0x2,0x05,0x2e,0x4,7,00 00 00 00 00 00 00 00,"Status frame 4 (new)"
2026-03-09T09:13:57.311024,RX,COM6,0x0205b947,0x2,0x05,0x2e,0x5,7,00 00 00 00 00 00 00 00,"Status frame 5 (new)"
2026-03-09T09:13:57.311024,HEARTBEAT,COM6,0x01011840,0x1,0x01,0x6,0x1,0,92 8e 00 00 00 10 00 00,"Heartbeat"
2026-03-09T09:13:57.313013,RX,COM6,0x0205b987,0x2,0x05,0x2e,0x6,7,00 00 ff ff 01 00 00 00,"Status frame 6 (new)"
2026-03-09T09:13:57.326535,RX,COM6,0x0205b887,0x2,0x05,0x2e,0x2,7,00 00 00 00 00 00 00 00,"Status frame 2 (new)"
2026-03-09T09:13:57.326535,RX,COM6,0x0205b807,0x2,0x05,0x2e,0x0,7,00 00 45 0b 00 00 80 00,"Status frame 0 (new)"
2026-03-09T09:13:57.328080,RX,COM6,0x0205b8c7,0x2,0x05,0x2e,0x3,7,3b 00 00 00 1e 7c 95 3e,"Status frame 3 (new)"
2026-03-09T09:13:57.329070,RX,COM6,0x0205b907,0x2,0x05,0x2e,0x4,7,00 00 00 00 00 00 00 00,"Status frame 4 (new)"
2026-03-09T09:13:57.330086,RX,COM6,0x0205b947,0x2,0x05,0x2e,0x5,7,00 00 00 00 00 00 00 00,"Status frame 5 (new)"
2026-03-09T09:13:57.331237,HEARTBEAT,COM6,0x01011840,0x1,0x01,0x6,0x1,0,a6 8e 00 00 00 10 00 00,"Heartbeat"
2026-03-09T09:13:57.332071,RX,COM6,0x0205b987,0x2,0x05,0x2e,0x6,7,00 00 ff ff 01 00 00 00,"Status frame 6 (new)"
2026-03-09T09:13:57.347141,RX,COM6,0x0205b807,0x2,0x05,0x2e,0x0,7,00 00 3a 0b 00 00 80 00,"Status frame 0 (new)"
2026-03-09T09:13:57.347141,RX,COM6,0x0205b887,0x2,0x05,0x2e,0x2,7,00 00 00 00 00 00 00 00,"Status frame 2 (new)"
2026-03-09T09:13:57.348155,RX,COM6,0x0205b8c7,0x2,0x05,0x2e,0x3,7,3c 00 00 00 3d 28 97 3e,"Status frame 3 (new)"
2026-03-09T09:13:57.349154,RX,COM6,0x0205b907,0x2,0x05,0x2e,0x4,7,00 00 00 00 00 00 00 00,"Status frame 4 (new)"
2026-03-09T09:13:57.350166,RX,COM6,0x0205b947,0x2,0x05,0x2e,0x5,7,00 00 00 00 00 00 00 00,"Status frame 5 (new)"
2026-03-09T09:13:57.351155,HEARTBEAT,COM6,0x01011840,0x1,0x01,0x6,0x1,0,ba 8e 00 00 00 10 00 00,"Heartbeat"
2026-03-09T09:13:57.352167,RX,COM6,0x0205b987,0x2,0x05,0x2e,0x6,7,00 00 ff ff 01 00 00 00,"Status frame 6 (new)"
2026-03-09T09:13:57.366225,RX,COM6,0x0205b807,0x2,0x05,0x2e,0x0,7,00 00 44 0b 00 00 80 00,"Status frame 0 (new)"
2026-03-09T09:13:57.366225,RX,COM6,0x0205b847,0x2,0x05,0x2e,0x1,7,00 00 00 24 00 01 00 00,"Status frame 1 (new)"
2026-03-09T09:13:57.366225,RX,COM6,0x0205b887,0x2,0x05,0x2e,0x2,7,00 00 00 00 00 00 00 00,"Status frame 2 (new)"
2026-03-09T09:13:57.368746,RX,COM6,0x0205b8c7,0x2,0x05,0x2e,0x3,7,3b 00 00 00 fc 01 96 3e,"Status frame 3 (new)"
2026-03-09T09:13:57.368746,RX,COM6,0x0205b907,0x2,0x05,0x2e,0x4,7,00 00 00 00 00 00 00 00,"Status frame 4 (new)"
2026-03-09T09:13:57.370744,RX,COM6,0x0205b947,0x2,0x05,0x2e,0x5,7,00 00 00 00 00 00 00 00,"Status frame 5 (new)"
2026-03-09T09:13:57.371750,HEARTBEAT,COM6,0x01011840,0x1,0x01,0x6,0x1,0,ce 8e 00 00 00 10 00 00,"Heartbeat"
2026-03-09T09:13:57.372753,RX,COM6,0x0205b987,0x2,0x05,0x2e,0x6,7,00 00 ff ff 01 00 00 00,"Status frame 6 (new)"
2026-03-09T09:13:57.386406,RX,COM6,0x0205b807,0x2,0x05,0x2e,0x0,7,00 00 43 0b 00 00 80 00,"Status frame 0 (new)"
2026-03-09T09:13:57.386406,RX,COM6,0x0205b887,0x2,0x05,0x2e,0x2,7,00 00 00 00 00 00 00 00,"Status frame 2 (new)"
2026-03-09T09:13:57.388409,RX,COM6,0x0205b8c7,0x2,0x05,0x2e,0x3,7,3b 00 00 00 55 29 95 3e,"Status frame 3 (new)"
2026-03-09T09:13:57.388409,RX,COM6,0x0205b907,0x2,0x05,0x2e,0x4,7,00 00 00 00 00 00 00 00,"Status frame 4 (new)"
2026-03-09T09:13:57.390407,RX,COM6,0x0205b947,0x2,0x05,0x2e,0x5,7,00 00 00 00 00 00 00 00,"Status frame 5 (new)"
2026-03-09T09:13:57.391398,HEARTBEAT,COM6,0x01011840,0x1,0x01,0x6,0x1,0,e2 8e 00 00 00 10 00 00,"Heartbeat"
2026-03-09T09:13:57.392504,RX,COM6,0x0205b987,0x2,0x05,0x2e,0x6,7,00 00 ff ff 01 00 00 00,"Status frame 6 (new)"
2026-03-09T09:13:57.406935,RX,COM6,0x0205b807,0x2,0x05,0x2e,0x0,7,00 00 39 0b 00 00 80 00,"Status frame 0 (new)"
2026-03-09T09:13:57.406935,RX,COM6,0x0205b887,0x2,0x05,0x2e,0x2,7,00 00 00 00 00 00 00 00,"Status frame 2 (new)"
2026-03-09T09:13:57.408928,RX,COM6,0x0205b8c7,0x2,0x05,0x2e,0x3,7,3b 00 00 00 5c 98 95 3e,"Status frame 3 (new)"
2026-03-09T09:13:57.408928,RX,COM6,0x0205b907,0x2,0x05,0x2e,0x4,7,00 00 00 00 00 00 00 00,"Status frame 4 (new)"
2026-03-09T09:13:57.410927,RX,COM6,0x0205b947,0x2,0x05,0x2e,0x5,7,00 00 00 00 00 00 00 00,"Status frame 5 (new)"
2026-03-09T09:13:57.411929,HEARTBEAT,COM6,0x01011840,0x1,0x01,0x6,0x1,0,f6 8e 00 00 00 10 00 00,"Heartbeat"
2026-03-09T09:13:57.411929,RX,COM6,0x0205b987,0x2,0x05,0x2e,0x6,7,00 00 ff ff 01 00 00 00,"Status frame 6 (new)"
2026-03-09T09:13:57.426948,RX,COM6,0x0205b807,0x2,0x05,0x2e,0x0,7,00 00 3f 0b 00 00 80 00,"Status frame 0 (new)"
2026-03-09T09:13:57.426948,RX,COM6,0x0205b887,0x2,0x05,0x2e,0x2,7,00 00 00 00 00 00 00 00,"Status frame 2 (new)"
2026-03-09T09:13:57.428952,RX,COM6,0x0205b8c7,0x2,0x05,0x2e,0x3,7,3b 00 00 00 e5 ec 94 3e,"Status frame 3 (new)"
2026-03-09T09:13:57.428952,RX,COM6,0x0205b907,0x2,0x05,0x2e,0x4,7,00 00 00 00 00 00 00 00,"Status frame 4 (new)"
2026-03-09T09:13:57.430951,RX,COM6,0x0205b947,0x2,0x05,0x2e,0x5,7,00 00 00 00 00 00 00 00,"Status frame 5 (new)"
2026-03-09T09:13:57.430951,HEARTBEAT,COM6,0x01011840,0x1,0x01,0x6,0x1,0,0a 8f 00 00 00 10 00 00,"Heartbeat"
2026-03-09T09:13:57.432953,RX,COM6,0x0205b987,0x2,0x05,0x2e,0x6,7,00 00 ff ff 01 00 00 00,"Status frame 6 (new)"
2026-03-09T09:13:57.447160,RX,COM6,0x0205b807,0x2,0x05,0x2e,0x0,7,00 00 41 0b 00 00 80 00,"Status frame 0 (new)"
2026-03-09T09:13:57.447160,RX,COM6,0x0205b887,0x2,0x05,0x2e,0x2,7,00 00 00 00 00 00 00 00,"Status frame 2 (new)"
2026-03-09T09:13:57.448736,RX,COM6,0x0205b8c7,0x2,0x05,0x2e,0x3,7,3b 00 00 00 14 e0 94 3e,"Status frame 3 (new)"
2026-03-09T09:13:57.448736,RX,COM6,0x0205b907,0x2,0x05,0x2e,0x4,7,00 00 00 00 00 00 00 00,"Status frame 4 (new)"
2026-03-09T09:13:57.450805,RX,COM6,0x0205b947,0x2,0x05,0x2e,0x5,7,00 00 00 00 00 00 00 00,"Status frame 5 (new)"
2026-03-09T09:13:57.451762,HEARTBEAT,COM6,0x01011840,0x1,0x01,0x6,0x1,0,1e 8f 00 00 00 10 00 00,"Heartbeat"
2026-03-09T09:13:57.452757,RX,COM6,0x0205b987,0x2,0x05,0x2e,0x6,7,00 00 ff ff 01 00 00 00,"Status frame 6 (new)"
2026-03-09T09:13:57.466816,RX,COM6,0x0205b807,0x2,0x05,0x2e,0x0,7,00 00 44 0b 00 00 80 00,"Status frame 0 (new)"
2026-03-09T09:13:57.466816,RX,COM6,0x0205b887,0x2,0x05,0x2e,0x2,7,00 00 00 00 00 00 00 00,"Status frame 2 (new)"
2026-03-09T09:13:57.468816,RX,COM6,0x0205b8c7,0x2,0x05,0x2e,0x3,7,3b 00 00 00 c1 9e 95 3e,"Status frame 3 (new)"
2026-03-09T09:13:57.468816,RX,COM6,0x0205b907,0x2,0x05,0x2e,0x4,7,00 00 00 00 00 00 00 00,"Status frame 4 (new)"
2026-03-09T09:13:57.470820,HEARTBEAT,COM6,0x01011840,0x1,0x01,0x6,0x1,0,31 8f 00 00 00 10 00 00,"Heartbeat"
2026-03-09T09:13:57.470820,RX,COM6,0x0205b947,0x2,0x05,0x2e,0x5,7,00 00 00 00 00 00 00 00,"Status frame 5 (new)"
2026-03-09T09:13:57.472815,RX,COM6,0x0205b987,0x2,0x05,0x2e,0x6,7,00 00 ff ff 01 00 00 00,"Status frame 6 (new)"
2026-03-09T09:13:57.486829,RX,COM6,0x0205b807,0x2,0x05,0x2e,0x0,7,00 00 40 0b 00 00 80 00,"Status frame 0 (new)"
2026-03-09T09:13:57.486829,RX,COM6,0x0205b887,0x2,0x05,0x2e,0x2,7,00 00 00 00 00 00 00 00,"Status frame 2 (new)"
2026-03-09T09:13:57.488828,RX,COM6,0x0205b8c7,0x2,0x05,0x2e,0x3,7,3c 00 00 00 3f 8b 96 3e,"Status frame 3 (new)"
2026-03-09T09:13:57.488828,RX,COM6,0x0205b907,0x2,0x05,0x2e,0x4,7,00 00 00 00 00 00 00 00,"Status frame 4 (new)"
2026-03-09T09:13:57.490828,HEARTBEAT,COM6,0x01011840,0x1,0x01,0x6,0x1,0,45 8f 00 00 00 10 00 00,"Heartbeat"
2026-03-09T09:13:57.490828,RX,COM6,0x0205b947,0x2,0x05,0x2e,0x5,7,00 00 00 00 00 00 00 00,"Status frame 5 (new)"
2026-03-09T09:13:57.492828,RX,COM6,0x0205b987,0x2,0x05,0x2e,0x6,7,00 00 ff ff 01 00 00 00,"Status frame 6 (new)"
2026-03-09T09:13:57.506858,RX,COM6,0x0205b807,0x2,0x05,0x2e,0x0,7,00 00 3e 0b 00 00 80 00,"Status frame 0 (new)"
2026-03-09T09:13:57.506858,RX,COM6,0x0205b887,0x2,0x05,0x2e,0x2,7,00 00 00 00 00 00 00 00,"Status frame 2 (new)"
2026-03-09T09:13:57.508859,RX,COM6,0x0205b8c7,0x2,0x05,0x2e,0x3,7,3b 00 00 00 bd 11 96 3e,"Status frame 3 (new)"
2026-03-09T09:13:57.508859,RX,COM6,0x0205b907,0x2,0x05,0x2e,0x4,7,00 00 00 00 00 00 00 00,"Status frame 4 (new)"
2026-03-09T09:13:57.510860,RX,COM6,0x0205b947,0x2,0x05,0x2e,0x5,7,00 00 00 00 00 00 00 00,"Status frame 5 (new)"
2026-03-09T09:13:57.510860,HEARTBEAT,COM6,0x01011840,0x1,0x01,0x6,0x1,0,5a 8f 00 00 00 10 00 00,"Heartbeat"
2026-03-09T09:13:57.512866,RX,COM6,0x0205b987,0x2,0x05,0x2e,0x6,7,00 00 ff ff 01 00 00 00,"Status frame 6 (new)"
2026-03-09T09:13:57.527085,RX,COM6,0x0205b807,0x2,0x05,0x2e,0x0,7,00 00 40 0b 00 00 80 00,"Status frame 0 (new)"
2026-03-09T09:13:57.527085,RX,COM6,0x0205b887,0x2,0x05,0x2e,0x2,7,00 00 00 00 00 00 00 00,"Status frame 2 (new)"
2026-03-09T09:13:57.529103,RX,COM6,0x0205b8c7,0x2,0x05,0x2e,0x3,7,3b 00 00 00 97 fc 95 3e,"Status frame 3 (new)"
2026-03-09T09:13:57.529103,RX,COM6,0x0205b907,0x2,0x05,0x2e,0x4,7,00 00 00 00 00 00 00 00,"Status frame 4 (new)"
2026-03-09T09:13:57.531124,RX,COM6,0x0205b947,0x2,0x05,0x2e,0x5,7,00 00 00 00 00 00 00 00,"Status frame 5 (new)"
2026-03-09T09:13:57.531124,HEARTBEAT,COM6,0x01011840,0x1,0x01,0x6,0x1,0,6e 8f 00 00 00 10 00 00,"Heartbeat"
2026-03-09T09:13:57.532164,RX,COM6,0x0205b987,0x2,0x05,0x2e,0x6,7,00 00 ff ff 01 00 00 00,"Status frame 6 (new)"
2026-03-09T09:13:57.546195,RX,COM6,0x0205b807,0x2,0x05,0x2e,0x0,7,00 00 3a 0b 00 00 80 00,"Status frame 0 (new)"
2026-03-09T09:13:57.546195,RX,COM6,0x0205b887,0x2,0x05,0x2e,0x2,7,00 00 00 00 00 00 00 00,"Status frame 2 (new)"
2026-03-09T09:13:57.548193,RX,COM6,0x0205b8c7,0x2,0x05,0x2e,0x3,7,3b 00 00 00 63 3d 94 3e,"Status frame 3 (new)"
2026-03-09T09:13:57.548193,RX,COM6,0x0205b907,0x2,0x05,0x2e,0x4,7,00 00 00 00 00 00 00 00,"Status frame 4 (new)"
2026-03-09T09:13:57.550192,RX,COM6,0x0205b947,0x2,0x05,0x2e,0x5,7,00 00 00 00 00 00 00 00,"Status frame 5 (new)"
2026-03-09T09:13:57.551180,HEARTBEAT,COM6,0x01011840,0x1,0x01,0x6,0x1,0,82 8f 00 00 00 10 00 00,"Heartbeat"
2026-03-09T09:13:57.552194,RX,COM6,0x0205b987,0x2,0x05,0x2e,0x6,7,00 00 ff ff 01 00 00 00,"Status frame 6 (new)"
2026-03-09T09:13:57.566231,RX,COM6,0x0205b807,0x2,0x05,0x2e,0x0,7,00 00 40 0b 00 00 80 00,"Status frame 0 (new)"
2026-03-09T09:13:57.566231,RX,COM6,0x0205b887,0x2,0x05,0x2e,0x2,7,00 00 00 00 00 00 00 00,"Status frame 2 (new)"
2026-03-09T09:13:57.568252,RX,COM6,0x0205b8c7,0x2,0x05,0x2e,0x3,7,3b 00 00 00 bc dd 95 3e,"Status frame 3 (new)"
2026-03-09T09:13:57.568252,RX,COM6,0x0205b907,0x2,0x05,0x2e,0x4,7,00 00 00 00 00 00 00 00,"Status frame 4 (new)"
2026-03-09T09:13:57.570251,RX,COM6,0x0205b947,0x2,0x05,0x2e,0x5,7,00 00 00 00 00 00 00 00,"Status frame 5 (new)"
2026-03-09T09:13:57.571240,HEARTBEAT,COM6,0x01011840,0x1,0x01,0x6,0x1,0,96 8f 00 00 00 10 00 00,"Heartbeat"
2026-03-09T09:13:57.572255,RX,COM6,0x0205b987,0x2,0x05,0x2e,0x6,7,00 00 ff ff 01 00 00 00,"Status frame 6 (new)"
2026-03-09T09:13:57.586794,RX,COM6,0x0205b807,0x2,0x05,0x2e,0x0,7,00 00 41 0b 00 00 80 00,"Status frame 0 (new)"
2026-03-09T09:13:57.586794,RX,COM6,0x0205b887,0x2,0x05,0x2e,0x2,7,00 00 00 00 00 00 00 00,"Status frame 2 (new)"
2026-03-09T09:13:57.588320,RX,COM6,0x0205b8c7,0x2,0x05,0x2e,0x3,7,3b 00 00 00 db 13 96 3e,"Status frame 3 (new)"
2026-03-09T09:13:57.588320,RX,COM6,0x0205b907,0x2,0x05,0x2e,0x4,7,00 00 00 00 00 00 00 00,"Status frame 4 (new)"
2026-03-09T09:13:57.590314,RX,COM6,0x0205b947,0x2,0x05,0x2e,0x5,7,00 00 00 00 00 00 00 00,"Status frame 5 (new)"
2026-03-09T09:13:57.591308,HEARTBEAT,COM6,0x01011840,0x1,0x01,0x6,0x1,0,aa 8f 00 00 00 10 00 00,"Heartbeat"
2026-03-09T09:13:57.592322,RX,COM6,0x0205b987,0x2,0x05,0x2e,0x6,7,00 00 ff ff 01 00 00 00,"Status frame 6 (new)"
