       0.0ms  RX  ◄──  [1.3]  54 30 32 30 35 62 38 32 39 38 30 30 30 30 39 65 30 36 30 30 31 63 38 30 30 30 0d 0a
              0x0205B829  Status idx=0 dev=41

       0.2ms  RX  ◄──  [1.3]  54 30 32 30 35 62 38 61 39 38 30 30 63 30 38 39 33 61 61 35 66 66 33 62 63 32 0d 0a
              0x0205B8A9  Status idx=2 dev=41

       0.2ms  RX  ◄──  [1.3]  54 30 32 30 35 62 38 65 39 38 31 38 30 30 30 30 30 30 65 61 38 31 66 33 33 64 0d 0a
              0x0205B8E9  Status idx=3 dev=41

       0.3ms  RX  ◄──  [1.3]  54 30 32 30 35 62 39 32 39 38 30 30 30 30 30 30 30 30 30 30 30 30 30 30 30 30 0d 0a
              0x0205B929  Status idx=4 dev=41

       1.8ms  RX  ◄──  [1.3]  54 30 32 30 35 62 39 36 39 38 30 30 30 30 30 30 30 30 30 30 30 30 30 30 30 30 0d 0a
              0x0205B969  Status idx=5 dev=41

       1.9ms  RX  ◄──  [1.3]  54 30 32 30 35 62 39 61 39 38 30 30 30 30 66 66 66 66 30 31 30 30 30 30 30 30 0d 0a
              0x0205B9A9  Status idx=6 dev=41

       8.2ms  TX  ──►  [1.3]  54 30 32 30 35 32 63 38 30 38 30 30 30 30 30 30 30 30 30 30 30 30 30 30 30 30 0d
              0x02052C80  cls=0x0b idx=2 dev=0

       8.4ms  TX  ──►  [1.3]  54 30 30 30 35 30 32 63 30 31 30 31 0d
              0x000502C0  cls=0x00 idx=11 dev=0

       8.5ms  TX  ──►  [1.3]  54 30 32 30 35 30 31 32 39 38 32 64 62 32 33 62 34 31 30 30 30 30 30 30 62 63 0d
              0x02050129  cls=0x00 idx=4 dev=41

      20.0ms  RX  ◄──  [1.3]  54 30 32 30 35 62 38 32 39 38 30 30 30 30 39 65 30 36 30 30 31 63 38 30 30 30 0d 0a
              0x0205B829  Status idx=0 dev=41

      20.1ms  RX  ◄──  [1.3]  54 30 32 30 35 62 38 61 39 38 30 30 63 30 38 39 33 61 61 35 66 66 33 62 63 32 0d 0a
              0x0205B8A9  Status idx=2 dev=41

      20.2ms  RX  ◄──  [1.3]  54 30 32 30 35 62 38 65 39 38 31 38 30 30 30 30 30 30 35 36 33 36 66 34 33 64 0d 0a
              0x0205B8E9  Status idx=3 dev=41

      20.3ms  RX  ◄──  [1.3]  54 30 32 30 35 62 39 32 39 38 30 30 30 30 30 30 30 30 30 30 30 30 30 30 30 30 0d 0a
              0x0205B929  Status idx=4 dev=41

      21.8ms  RX  ◄──  [1.3]  54 30 32 30 35 62 39 36 39 38 30 30 30 30 30 30 30 30 30 30 30 30 30 30 30 30 0d 0a
              0x0205B969  Status idx=5 dev=41

      22.0ms  RX  ◄──  [1.3]  54 30 32 30 35 62 39 61 39 38 30 30 30 30 66 66 66 66 30 31 30 30 30 30 30 30 0d 0a
              0x0205B9A9  Status idx=6 dev=41

      40.0ms  RX  ◄──  [1.3]  54 30 32 30 35 62 38 32 39 38 30 30 30 30 61 32 30 36 30 30 31 63 38 30 30 30 0d 0a
              0x0205B829  Status idx=0 dev=41

      40.1ms  RX  ◄──  [1.3]  54 30 32 30 35 62 38 61 39 38 30 30 63 30 38 39 33 61 61 35 66 66 33 62 63 32 0d 0a
              0x0205B8A9  Status idx=2 dev=41

      40.2ms  RX  ◄──  [1.3]  54 30 32 30 35 62 38 65 39 38 31 38 30 30 30 30 30 30 33 30 63 39 66 35 33 64 0d 0a
              0x0205B8E9  Status idx=3 dev=41

      40.3ms  RX  ◄──  [1.3]  54 30 32 30 35 62 39 32 39 38 30 30 30 30 30 30 30 30 30 30 30 30 30 30 30 30 0d 0a
              0x0205B929  Status idx=4 dev=41

      41.3ms  TX  ──►  [1.3]  54 30 32 30 35 32 63 38 30 38 30 30 30 30 30 30 30 30 30 30 30 30 30 30 30 30 0d
              0x02052C80  cls=0x0b idx=2 dev=0

      41.6ms  TX  ──►  [1.3]  54 30 30 30 35 30 32 63 30 31 30 31 0d
              0x000502C0  cls=0x00 idx=11 dev=0

      41.7ms  TX  ──►  [1.3]  54 30 32 30 35 30 31 32 39 38 32 64 62 32 33 62 34 31 30 30 30 30 30 30 62 63 0d
              0x02050129  cls=0x00 idx=4 dev=41

      42.0ms  RX  ◄──  [1.3]  54 30 32 30 35 62 39 36 39 38 30 30 30 30 30 30 30 30 30 30 30 30 30 30 30 30 0d 0a
              0x0205B969  Status idx=5 dev=41

      42.1ms  RX  ◄──  [1.3]  54 30 32 30 35 62 39 61 39 38 30 30 30 30 66 66 66 66 30 31 30 30 30 30 30 30 0d 0a
              0x0205B9A9  Status idx=6 dev=41

      60.0ms  RX  ◄──  [1.3]  54 30 32 30 35 62 38 32 39 38 30 30 30 30 61 31 30 36 30 30 31 63 38 30 30 30 0d 0a
              0x0205B829  Status idx=0 dev=41

      60.1ms  RX  ◄──  [1.3]  54 30 32 30 35 62 38 61 39 38 30 30 63 30 38 39 33 61 61 35 66 66 33 62 63 32 0d 0a
              0x0205B8A9  Status idx=2 dev=41

      60.2ms  RX  ◄──  [1.3]  54 30 32 30 35 62 38 65 39 38 31 38 30 30 30 30 30 30 38 65 35 66 66 33 33 64 0d 0a
              0x0205B8E9  Status idx=3 dev=41

      60.3ms  RX  ◄──  [1.3]  54 30 32 30 35 62 39 32 39 38 30 30 30 30 30 30 30 30 30 30 30 30 30 30 30 30 0d 0a
              0x0205B929  Status idx=4 dev=41

      61.8ms  RX  ◄──  [1.3]  54 30 32 30 35 62 39 36 39 38 30 30 30 30 30 30 30 30 30 30 30 30 30 30 30 30 0d 0a
              0x0205B969  Status idx=5 dev=41

      61.9ms  RX  ◄──  [1.3]  54 30 32 30 35 62 39 61 39 38 30 30 30 30 66 66 66 66 30 31 30 30 30 30 30 30 0d 0a
              0x0205B9A9  Status idx=6 dev=41

      66.4ms  TX  ──►  [1.3]  54 30 32 30 35 32 63 38 30 38 30 30 30 30 30 30 30 30 30 30 30 30 30 30 30 30 0d
              0x02052C80  cls=0x0b idx=2 dev=0

      66.6ms  TX  ──►  [1.3]  54 30 30 30 35 30 32 63 30 31 30 31 0d
              0x000502C0  cls=0x00 idx=11 dev=0

      66.8ms  TX  ──►  [1.3]  54 30 32 30 35 30 31 32 39 38 32 64 62 32 33 62 34 31 30 30 30 30 30 30 62 63 0d
              0x02050129  cls=0x00 idx=4 dev=41

      80.0ms  RX  ◄──  [1.3]  54 30 32 30 35 62 38 32 39 38 30 30 30 30 61 32 30 36 30 30 31 63 38 30 30 30 0d 0a
              0x0205B829  Status idx=0 dev=41

      80.1ms  RX  ◄──  [1.3]  54 30 32 30 35 62 38 61 39 38 30 30 63 30 38 39 33 61 61 35 66 66 33 62 63 32 0d 0a
              0x0205B8A9  Status idx=2 dev=41

      80.2ms  RX  ◄──  [1.3]  54 30 32 30 35 62 38 65 39 38 31 38 30 30 30 30 30 30 30 38 62 30 66 33 33 64 0d 0a
              0x0205B8E9  Status idx=3 dev=41

      80.2ms  RX  ◄──  [1.3]  54 30 32 30 35 62 39 32 39 38 30 30 30 30 30 30 30 30 30 30 30 30 30 30 30 30 0d 0a
              0x0205B929  Status idx=4 dev=41

      81.8ms  RX  ◄──  [1.3]  54 30 32 30 35 62 39 36 39 38 30 30 30 30 30 30 30 30 30 30 30 30 30 30 30 30 0d 0a
              0x0205B969  Status idx=5 dev=41

      81.9ms  RX  ◄──  [1.3]  54 30 32 30 35 62 39 61 39 38 30 30 30 30 66 66 66 66 30 31 30 30 30 30 30 30 0d 0a
              0x0205B9A9  Status idx=6 dev=41

      92.7ms  TX  ──►  [1.3]  54 30 32 30 35 32 63 38 30 38 30 30 30 30 30 30 30 30 30 30 30 30 30 30 30 30 0d
              0x02052C80  cls=0x0b idx=2 dev=0

      92.9ms  TX  ──►  [1.3]  54 30 30 30 35 30 32 63 30 31 30 31 0d
              0x000502C0  cls=0x00 idx=11 dev=0

      93.2ms  TX  ──►  [1.3]  54 30 32 30 35 30 31 32 39 38 32 64 62 32 33 62 34 31 30 30 30 30 30 30 62 63 0d
              0x02050129  cls=0x00 idx=4 dev=41

     100.0ms  RX  ◄──  [1.3]  54 30 32 30 35 62 38 32 39 38 30 30 30 30 61 31 30 36 30 30 31 63 38 30 30 30 0d 0a
              0x0205B829  Status idx=0 dev=41

     100.2ms  RX  ◄──  [1.3]  54 30 32 30 35 62 38 61 39 38 30 30 63 30 38 39 33 61 61 35 66 66 33 62 63 32 0d 0a
              0x0205B8A9  Status idx=2 dev=41

     100.2ms  RX  ◄──  [1.3]  54 30 32 30 35 62 38 65 39 38 31 38 30 30 30 30 30 30 66 65 38 39 66 35 33 64 0d 0a
              0x0205B8E9  Status idx=3 dev=41

     100.3ms  RX  ◄──  [1.3]  54 30 32 30 35 62 39 32 39 38 30 30 30 30 30 30 30 30 30 30 30 30 30 30 30 30 0d 0a
              0x0205B929  Status idx=4 dev=41

     101.8ms  RX  ◄──  [1.3]  54 30 32 30 35 62 39 36 39 38 30 30 30 30 30 30 30 30 30 30 30 30 30 30 30 30 0d 0a
              0x0205B969  Status idx=5 dev=41

     102.0ms  RX  ◄──  [1.3]  54 30 32 30 35 62 39 61 39 38 30 30 30 30 66 66 66 66 30 31 30 30 30 30 30 30 0d 0a
              0x0205B9A9  Status idx=6 dev=41

     109.8ms  RX  ◄──  [1.3]  54 30 32 30 35 62 38 36 39 38 30 30 30 30 30 30 30 30 30 30 30 30 30 30 30 30 0d 0a
              0x0205B869  Status idx=1 dev=41

     120.0ms  RX  ◄──  [1.3]  54 30 32 30 35 62 38 32 39 38 30 30 30 30 61 30 30 36 30 30 31 63 38 30 30 30 0d 0a
              0x0205B829  Status idx=0 dev=41

     120.2ms  RX  ◄──  [1.3]  54 30 32 30 35 62 38 61 39 38 30 30 63 30 38 39 33 61 61 35 66 66 33 62 63 32 0d 0a
              0x0205B8A9  Status idx=2 dev=41

     120.3ms  RX  ◄──  [1.3]  54 30 32 30 35 62 38 65 39 38 31 38 30 30 30 30 30 30 38 34 32 65 66 33 33 64 0d 0a
              0x0205B8E9  Status idx=3 dev=41

     120.4ms  RX  ◄──  [1.3]  54 30 32 30 35 62 39 32 39 38 30 30 30 30 30 30 30 30 30 30 30 30 30 30 30 30 0d 0a
              0x0205B929  Status idx=4 dev=41

     120.5ms  TX  ──►  [1.3]  54 30 32 30 35 32 63 38 30 38 30 30 30 30 30 30 30 30 30 30 30 30 30 30 30 30 0d
              0x02052C80  cls=0x0b idx=2 dev=0

     120.7ms  TX  ──►  [1.3]  54 30 30 30 35 30 32 63 30 31 30 31 0d
              0x000502C0  cls=0x00 idx=11 dev=0

     120.9ms  TX  ──►  [1.3]  54 30 32 30 35 30 31 32 39 38 32 64 62 32 33 62 34 31 30 30 30 30 30 30 62 63 0d
              0x02050129  cls=0x00 idx=4 dev=41

     121.8ms  RX  ◄──  [1.3]  54 30 32 30 35 62 39 36 39 38 30 30 30 30 30 30 30 30 30 30 30 30 30 30 30 30 0d 0a
              0x0205B969  Status idx=5 dev=41

     121.9ms  RX  ◄──  [1.3]  54 30 32 30 35 62 39 61 39 38 30 30 30 30 66 66 66 66 30 31 30 30 30 30 30 30 0d 0a
              0x0205B9A9  Status idx=6 dev=41

     140.0ms  RX  ◄──  [1.3]  54 30 32 30 35 62 38 32 39 38 30 30 30 30 39 66 30 36 30 30 31 63 38 30 30 30 0d 0a
              0x0205B829  Status idx=0 dev=41

     140.1ms  RX  ◄──  [1.3]  54 30 32 30 35 62 38 61 39 38 30 30 63 30 38 39 33 61 61 35 66 66 33 62 63 32 0d 0a
              0x0205B8A9  Status idx=2 dev=41

     140.2ms  RX  ◄──  [1.3]  54 30 32 30 35 62 38 65 39 38 31 38 30 30 30 30 30 30 31 63 62 62 66 32 33 64 0d 0a
              0x0205B8E9  Status idx=3 dev=41

     140.3ms  RX  ◄──  [1.3]  54 30 32 30 35 62 39 32 39 38 30 30 30 30 30 30 30 30 30 30 30 30 30 30 30 30 0d 0a
              0x0205B929  Status idx=4 dev=41

     140.7ms  TX  ──►  [1.3]  54 30 32 30 35 30 31 32 39 38 32 64 62 32 33 62 34 31 30 30 30 30 30 30 62 63 0d
              0x02050129  cls=0x00 idx=4 dev=41

     141.8ms  RX  ◄──  [1.3]  54 30 32 30 35 62 39 36 39 38 30 30 30 30 30 30 30 30 30 30 30 30 30 30 30 30 0d 0a
              0x0205B969  Status idx=5 dev=41

     141.9ms  RX  ◄──  [1.3]  54 30 32 30 35 62 39 61 39 38 30 30 30 30 66 66 66 66 30 31 30 30 30 30 30 30 0d 0a
              0x0205B9A9  Status idx=6 dev=41

     151.3ms  TX  ──►  [1.3]  54 30 32 30 35 32 63 38 30 38 30 30 30 30 30 30 30 30 30 30 30 30 30 30 30 30 0d
              0x02052C80  cls=0x0b idx=2 dev=0

     151.4ms  TX  ──►  [1.3]  54 30 30 30 35 30 32 63 30 31 30 31 0d
              0x000502C0  cls=0x00 idx=11 dev=0

     160.0ms  RX  ◄──  [1.3]  54 30 32 30 35 62 38 32 39 38 30 30 30 30 39 65 30 36 30 30 31 63 38 30 30 30 0d 0a
              0x0205B829  Status idx=0 dev=41

     160.1ms  RX  ◄──  [1.3]  54 30 32 30 35 62 38 61 39 38 30 30 63 30 38 39 33 61 61 35 66 66 33 62 63 32 0d 0a
              0x0205B8A9  Status idx=2 dev=41

     160.2ms  RX  ◄──  [1.3]  54 30 32 30 35 62 38 65 39 38 31 38 30 30 30 30 30 30 39 38 61 63 66 35 33 64 0d 0a
              0x0205B8E9  Status idx=3 dev=41

     160.2ms  RX  ◄──  [1.3]  54 30 32 30 35 62 39 32 39 38 30 30 30 30 30 30 30 30 30 30 30 30 30 30 30 30 0d 0a
              0x0205B929  Status idx=4 dev=41

     161.5ms  TX  ──►  [1.3]  54 30 32 30 35 30 31 32 39 38 32 64 62 32 33 62 34 31 30 30 30 30 30 30 62 63 0d
              0x02050129  cls=0x00 idx=4 dev=41

     161.9ms  RX  ◄──  [1.3]  54 30 32 30 35 62 39 36 39 38 30 30 30 30 30 30 30 30 30 30 30 30 30 30 30 30 0d 0a
              0x0205B969  Status idx=5 dev=41

     162.0ms  RX  ◄──  [1.3]  54 30 32 30 35 62 39 61 39 38 30 30 30 30 66 66 66 66 30 31 30 30 30 30 30 30 0d 0a
              0x0205B9A9  Status idx=6 dev=41

     179.9ms  RX  ◄──  [1.3]  54 30 32 30 35 62 38 32 39 38 30 30 30 30 39 62 30 36 30 30 31 63 38 30 30 30 0d 0a
              0x0205B829  Status idx=0 dev=41

     180.0ms  RX  ◄──  [1.3]  54 30 32 30 35 62 38 61 39 38 30 30 63 30 38 39 33 61 61 35 66 66 33 62 63 32 0d 0a
              0x0205B8A9  Status idx=2 dev=41

     180.1ms  RX  ◄──  [1.3]  54 30 32 30 35 62 38 65 39 38 31 38 30 30 30 30 30 30 61 36 31 65 66 34 33 64 0d 0a
              0x0205B8E9  Status idx=3 dev=41

     180.2ms  RX  ◄──  [1.3]  54 30 32 30 35 62 39 32 39 38 30 30 30 30 30 30 30 30 30 30 30 30 30 30 30 30 0d 0a
              0x0205B929  Status idx=4 dev=41

     181.8ms  RX  ◄──  [1.3]  54 30 32 30 35 62 39 36 39 38 30 30 30 30 30 30 30 30 30 30 30 30 30 30 30 30 0d 0a
              0x0205B969  Status idx=5 dev=41

     181.9ms  RX  ◄──  [1.3]  54 30 32 30 35 62 39 61 39 38 30 30 30 30 66 66 66 66 30 31 30 30 30 30 30 30 0d 0a
              0x0205B9A9  Status idx=6 dev=41

     182.0ms  TX  ──►  [1.3]  54 30 32 30 35 32 63 38 30 38 30 30 30 30 30 30 30 30 30 30 30 30 30 30 30 30 0d
              0x02052C80  cls=0x0b idx=2 dev=0

     182.1ms  TX  ──►  [1.3]  54 30 30 30 35 30 32 63 30 31 30 31 0d
              0x000502C0  cls=0x00 idx=11 dev=0

     182.3ms  TX  ──►  [1.3]  54 30 32 30 35 30 31 32 39 38 32 64 62 32 33 62 34 31 30 30 30 30 30 30 62 63 0d
              0x02050129  cls=0x00 idx=4 dev=41

     200.0ms  RX  ◄──  [1.3]  54 30 32 30 35 62 38 32 39 38 30 30 30 30 39 62 30 36 30 30 31 63 38 30 30 30 0d 0a
              0x0205B829  Status idx=0 dev=41

     200.1ms  RX  ◄──  [1.3]  54 30 32 30 35 62 38 61 39 38 30 30 63 30 38 39 33 61 61 35 66 66 33 62 63 32 0d 0a
              0x0205B8A9  Status idx=2 dev=41

     200.2ms  RX  ◄──  [1.3]  54 30 32 30 35 62 38 65 39 38 31 38 30 30 30 30 30 30 34 32 64 66 66 33 33 64 0d 0a
              0x0205B8E9  Status idx=3 dev=41

     200.2ms  RX  ◄──  [1.3]  54 30 32 30 35 62 39 32 39 38 30 30 30 30 30 30 30 30 30 30 30 30 30 30 30 30 0d 0a
              0x0205B929  Status idx=4 dev=41

     201.7ms  TX  ──►  [1.3]  54 30 32 30 35 30 31 32 39 38 32 64 62 32 33 62 34 31 30 30 30 30 30 30 62 63 0d
              0x02050129  cls=0x00 idx=4 dev=41

     201.8ms  RX  ◄──  [1.3]  54 30 32 30 35 62 39 36 39 38 30 30 30 30 30 30 30 30 30 30 30 30 30 30 30 30 0d 0a
              0x0205B969  Status idx=5 dev=41

     202.0ms  RX  ◄──  [1.3]  54 30 32 30 35 62 39 61 39 38 30 30 30 30 66 66 66 66 30 31 30 30 30 30 30 30 0d 0a
              0x0205B9A9  Status idx=6 dev=41

     211.8ms  TX  ──►  [1.3]  54 30 32 30 35 32 63 38 30 38 30 30 30 30 30 30 30 30 30 30 30 30 30 30 30 30 0d
              0x02052C80  cls=0x0b idx=2 dev=0

     211.9ms  TX  ──►  [1.3]  54 30 30 30 35 30 32 63 30 31 30 31 0d
              0x000502C0  cls=0x00 idx=11 dev=0

     219.9ms  RX  ◄──  [1.3]  54 30 32 30 35 62 38 32 39 38 30 30 30 30 39 64 30 36 30 30 31 63 38 30 30 30 0d 0a
              0x0205B829  Status idx=0 dev=41

     220.1ms  RX  ◄──  [1.3]  54 30 32 30 35 62 38 61 39 38 30 30 63 30 38 39 33 61 61 35 66 66 33 62 63 32 0d 0a
              0x0205B8A9  Status idx=2 dev=41

     220.2ms  RX  ◄──  [1.3]  54 30 32 30 35 62 38 65 39 38 31 38 30 30 30 30 30 30 38 32 37 35 66 36 33 64 0d 0a
              0x0205B8E9  Status idx=3 dev=41

     220.2ms  RX  ◄──  [1.3]  54 30 32 30 35 62 39 32 39 38 30 30 30 30 30 30 30 30 30 30 30 30 30 30 30 30 0d 0a
              0x0205B929  Status idx=4 dev=41

     221.8ms  RX  ◄──  [1.3]  54 30 32 30 35 62 39 36 39 38 30 30 30 30 30 30 30 30 30 30 30 30 30 30 30 30 0d 0a
              0x0205B969  Status idx=5 dev=41

     221.9ms  RX  ◄──  [1.3]  54 30 32 30 35 62 39 61 39 38 30 30 30 30 66 66 66 66 30 31 30 30 30 30 30 30 0d 0a
              0x0205B9A9  Status idx=6 dev=41

     222.0ms  TX  ──►  [1.3]  54 30 32 30 35 30 31 32 39 38 32 64 62 32 33 62 34 31 30 30 30 30 30 30 62 63 0d
              0x02050129  cls=0x00 idx=4 dev=41

     240.0ms  RX  ◄──  [1.3]  54 30 32 30 35 62 38 32 39 38 30 30 30 30 39 64 30 36 30 30 31 63 38 30 30 30 0d 0a
              0x0205B829  Status idx=0 dev=41

     240.2ms  RX  ◄──  [1.3]  54 30 32 30 35 62 38 61 39 38 30 30 63 30 38 39 33 61 61 35 66 66 33 62 63 32 0d 0a
              0x0205B8A9  Status idx=2 dev=41

     240.3ms  RX  ◄──  [1.3]  54 30 32 30 35 62 38 65 39 38 31 38 30 30 30 30 30 30 37 61 35 32 66 34 33 64 0d 0a
              0x0205B8E9  Status idx=3 dev=41

     240.5ms  RX  ◄──  [1.3]  54 30 32 30 35 62 39 32 39 38 30 30 30 30 30 30 30 30 30 30 30 30 30 30 30 30 0d 0a
              0x0205B929  Status idx=4 dev=41

     241.9ms  RX  ◄──  [1.3]  54 30 32 30 35 62 39 36 39 38 30 30 30 30 30 30 30 30 30 30 30 30 30 30 30 30 0d 0a
              0x0205B969  Status idx=5 dev=41

     242.0ms  RX  ◄──  [1.3]  54 30 32 30 35 62 39 61 39 38 30 30 30 30 66 66 66 66 30 31 30 30 30 30 30 30 0d 0a
              0x0205B9A9  Status idx=6 dev=41

     243.3ms  TX  ──►  [1.3]  54 30 32 30 35 32 63 38 30 38 30 30 30 30 30 30 30 30 30 30 30 30 30 30 30 30 0d
              0x02052C80  cls=0x0b idx=2 dev=0

     243.8ms  TX  ──►  [1.3]  54 30 30 30 35 30 32 63 30 31 30 31 0d
              0x000502C0  cls=0x00 idx=11 dev=0

     244.1ms  TX  ──►  [1.3]  54 30 32 30 35 30 31 32 39 38 32 64 62 32 33 62 34 31 30 30 30 30 30 30 62 63 0d
              0x02050129  cls=0x00 idx=4 dev=41

     260.0ms  RX  ◄──  [1.3]  54 30 32 30 35 62 38 32 39 38 30 30 30 30 39 64 30 36 30 30 31 63 38 30 30 30 0d 0a
              0x0205B829  Status idx=0 dev=41

     260.2ms  RX  ◄──  [1.3]  54 30 32 30 35 62 38 61 39 38 30 30 63 30 38 39 33 61 61 35 66 66 33 62 63 32 0d 0a
              0x0205B8A9  Status idx=2 dev=41

     260.3ms  RX  ◄──  [1.3]  54 30 32 30 35 62 38 65 39 38 31 38 30 30 30 30 30 30 39 65 38 66 66 34 33 64 0d 0a
              0x0205B8E9  Status idx=3 dev=41

     260.4ms  RX  ◄──  [1.3]  54 30 32 30 35 62 39 32 39 38 30 30 30 30 30 30 30 30 30 30 30 30 30 30 30 30 0d 0a
              0x0205B929  Status idx=4 dev=41

     261.9ms  RX  ◄──  [1.3]  54 30 32 30 35 62 39 36 39 38 30 30 30 30 30 30 30 30 30 30 30 30 30 30 30 30 0d 0a
              0x0205B969  Status idx=5 dev=41

     262.0ms  RX  ◄──  [1.3]  54 30 32 30 35 62 39 61 39 38 30 30 30 30 66 66 66 66 30 31 30 30 30 30 30 30 0d 0a
              0x0205B9A9  Status idx=6 dev=41

     263.3ms  TX  ──►  [1.3]  54 30 32 30 35 30 31 32 39 38 32 64 62 32 33 62 34 31 30 30 30 30 30 30 62 63 0d
              0x02050129  cls=0x00 idx=4 dev=41

     273.7ms  TX  ──►  [1.3]  54 30 32 30 35 32 63 38 30 38 30 30 30 30 30 30 30 30 30 30 30 30 30 30 30 30 0d
              0x02052C80  cls=0x0b idx=2 dev=0

     273.9ms  TX  ──►  [1.3]  54 30 30 30 35 30 32 63 30 31 30 31 0d
              0x000502C0  cls=0x00 idx=11 dev=0

     280.0ms  RX  ◄──  [1.3]  54 30 32 30 35 62 38 32 39 38 30 30 30 30 39 66 30 36 30 30 31 63 38 30 30 30 0d 0a
              0x0205B829  Status idx=0 dev=41

     280.1ms  RX  ◄──  [1.3]  54 30 32 30 35 62 38 61 39 38 30 30 63 30 38 39 33 61 61 35 66 66 33 62 63 32 0d 0a
              0x0205B8A9  Status idx=2 dev=41

     280.2ms  RX  ◄──  [1.3]  54 30 32 30 35 62 38 65 39 38 31 38 30 30 30 30 30 30 30 63 34 35 66 37 33 64 0d 0a
              0x0205B8E9  Status idx=3 dev=41

     280.3ms  RX  ◄──  [1.3]  54 30 32 30 35 62 39 32 39 38 30 30 30 30 30 30 30 30 30 30 30 30 30 30 30 30 0d 0a
              0x0205B929  Status idx=4 dev=41

     281.9ms  RX  ◄──  [1.3]  54 30 32 30 35 62 39 36 39 38 30 30 30 30 30 30 30 30 30 30 30 30 30 30 30 30 0d 0a
              0x0205B969  Status idx=5 dev=41

     282.0ms  RX  ◄──  [1.3]  54 30 32 30 35 62 39 61 39 38 30 30 30 30 66 66 66 66 30 31 30 30 30 30 30 30 0d 0a
              0x0205B9A9  Status idx=6 dev=41

     283.4ms  TX  ──►  [1.3]  54 30 32 30 35 30 31 32 39 38 32 64 62 32 33 62 34 31 30 30 30 30 30 30 62 63 0d
              0x02050129  cls=0x00 idx=4 dev=41

     300.0ms  RX  ◄──  [1.3]  54 30 32 30 35 62 38 32 39 38 30 30 30 30 39 65 30 36 30 30 31 63 38 30 30 30 0d 0a
              0x0205B829  Status idx=0 dev=41

     300.1ms  RX  ◄──  [1.3]  54 30 32 30 35 62 38 61 39 38 30 30 63 30 38 39 33 61 61 35 66 66 33 62 63 32 0d 0a
              0x0205B8A9  Status idx=2 dev=41

     300.2ms  RX  ◄──  [1.3]  54 30 32 30 35 62 38 65 39 38 31 38 30 30 30 30 30 30 65 61 32 65 66 34 33 64 0d 0a
              0x0205B8E9  Status idx=3 dev=41

     300.3ms  RX  ◄──  [1.3]  54 30 32 30 35 62 39 32 39 38 30 30 30 30 30 30 30 30 30 30 30 30 30 30 30 30 0d 0a
              0x0205B929  Status idx=4 dev=41

     300.7ms  TX  ──►  [1.3]  54 30 32 30 35 32 63 38 30 38 30 30 30 30 30 30 30 30 30 30 30 30 30 30 30 30 0d
              0x02052C80  cls=0x0b idx=2 dev=0

     300.8ms  TX  ──►  [1.3]  54 30 30 30 35 30 32 63 30 31 30 31 0d
              0x000502C0  cls=0x00 idx=11 dev=0

     301.9ms  RX  ◄──  [1.3]  54 30 32 30 35 62 39 36 39 38 30 30 30 30 30 30 30 30 30 30 30 30 30 30 30 30 0d 0a
              0x0205B969  Status idx=5 dev=41

     301.9ms  RX  ◄──  [1.3]  54 30 32 30 35 62 39 61 39 38 30 30 30 30 66 66 66 66 30 31 30 30 30 30 30 30 0d 0a
              0x0205B9A9  Status idx=6 dev=41

     316.8ms  TX  ──►  [1.3]  54 30 32 30 35 30 31 32 39 38 32 64 62 32 33 62 34 31 30 30 30 30 30 30 62 63 0d
              0x02050129  cls=0x00 idx=4 dev=41

     320.0ms  RX  ◄──  [1.3]  54 30 32 30 35 62 38 32 39 38 30 30 30 30 39 66 30 36 30 30 31 63 38 30 30 30 0d 0a
              0x0205B829  Status idx=0 dev=41

     320.1ms  RX  ◄──  [1.3]  54 30 32 30 35 62 38 61 39 38 30 30 63 30 38 39 33 61 61 35 66 66 33 62 63 32 0d 0a
              0x0205B8A9  Status idx=2 dev=41

     320.2ms  RX  ◄──  [1.3]  54 30 32 30 35 62 38 65 39 38 31 38 30 30 30 30 30 30 62 63 34 36 66 35 33 64 0d 0a
              0x0205B8E9  Status idx=3 dev=41

     320.3ms  RX  ◄──  [1.3]  54 30 32 30 35 62 39 32 39 38 30 30 30 30 30 30 30 30 30 30 30 30 30 30 30 30 0d 0a
              0x0205B929  Status idx=4 dev=41

     321.8ms  RX  ◄──  [1.3]  54 30 32 30 35 62 39 36 39 38 30 30 30 30 30 30 30 30 30 30 30 30 30 30 30 30 0d 0a
              0x0205B969  Status idx=5 dev=41

     321.9ms  RX  ◄──  [1.3]  54 30 32 30 35 62 39 61 39 38 30 30 30 30 66 66 66 66 30 31 30 30 30 30 30 30 0d 0a
              0x0205B9A9  Status idx=6 dev=41

     332.2ms  TX  ──►  [1.3]  54 30 32 30 35 32 63 38 30 38 30 30 30 30 30 30 30 30 30 30 30 30 30 30 30 30 0d
              0x02052C80  cls=0x0b idx=2 dev=0

     332.4ms  TX  ──►  [1.3]  54 30 30 30 35 30 32 63 30 31 30 31 0d
              0x000502C0  cls=0x00 idx=11 dev=0

     340.0ms  RX  ◄──  [1.3]  54 30 32 30 35 62 38 32 39 38 30 30 30 30 39 64 30 36 30 30 31 63 38 30 30 30 0d 0a
              0x0205B829  Status idx=0 dev=41

     340.1ms  RX  ◄──  [1.3]  54 30 32 30 35 62 38 61 39 38 30 30 63 30 38 39 33 61 61 35 66 66 33 62 63 32 0d 0a
              0x0205B8A9  Status idx=2 dev=41

     340.2ms  RX  ◄──  [1.3]  54 30 32 30 35 62 38 65 39 38 31 38 30 30 30 30 30 30 38 30 35 36 66 37 33 64 0d 0a
              0x0205B8E9  Status idx=3 dev=41

     340.3ms  RX  ◄──  [1.3]  54 30 32 30 35 62 39 32 39 38 30 30 30 30 30 30 30 30 30 30 30 30 30 30 30 30 0d 0a
              0x0205B929  Status idx=4 dev=41

     341.4ms  TX  ──►  [1.3]  54 30 32 30 35 30 31 32 39 38 32 64 62 32 33 62 34 31 30 30 30 30 30 30 62 63 0d
              0x02050129  cls=0x00 idx=4 dev=41

     341.9ms  RX  ◄──  [1.3]  54 30 32 30 35 62 39 36 39 38 30 30 30 30 30 30 30 30 30 30 30 30 30 30 30 30 0d 0a
              0x0205B969  Status idx=5 dev=41

     342.0ms  RX  ◄──  [1.3]  54 30 32 30 35 62 39 61 39 38 30 30 30 30 66 66 66 66 30 31 30 30 30 30 30 30 0d 0a
              0x0205B9A9  Status idx=6 dev=41

     360.0ms  RX  ◄──  [1.3]  54 30 32 30 35 62 38 32 39 38 30 30 30 30 39 39 30 36 30 30 31 63 38 30 30 30 0d 0a
              0x0205B829  Status idx=0 dev=41

     360.2ms  RX  ◄──  [1.3]  54 30 32 30 35 62 38 36 39 38 30 30 30 30 30 30 30 30 30 30 30 30 30 30 30 30 0d 0a
              0x0205B869  Status idx=1 dev=41

     360.3ms  RX  ◄──  [1.3]  54 30 32 30 35 62 38 61 39 38 30 30 63 30 38 39 33 61 61 35 66 66 33 62 63 32 0d 0a
              0x0205B8A9  Status idx=2 dev=41

     360.4ms  RX  ◄──  [1.3]  54 30 32 30 35 62 38 65 39 38 31 38 30 30 30 30 30 30 32 32 66 37 66 34 33 64 0d 0a
              0x0205B8E9  Status idx=3 dev=41

     360.5ms  RX  ◄──  [1.3]  54 30 32 30 35 62 39 32 39 38 30 30 30 30 30 30 30 30 30 30 30 30 30 30 30 30 0d 0a
              0x0205B929  Status idx=4 dev=41

     361.8ms  RX  ◄──  [1.3]  54 30 32 30 35 62 39 36 39 38 30 30 30 30 30 30 30 30 30 30 30 30 30 30 30 30 0d 0a
              0x0205B969  Status idx=5 dev=41

     361.9ms  RX  ◄──  [1.3]  54 30 32 30 35 62 39 61 39 38 30 30 30 30 66 66 66 66 30 31 30 30 30 30 30 30 0d 0a
              0x0205B9A9  Status idx=6 dev=41

     365.0ms  TX  ──►  [1.3]  54 30 32 30 35 32 63 38 30 38 30 30 30 30 30 30 30 30 30 30 30 30 30 30 30 30 0d
              0x02052C80  cls=0x0b idx=2 dev=0

     365.2ms  TX  ──►  [1.3]  54 30 30 30 35 30 32 63 30 31 30 31 0d
              0x000502C0  cls=0x00 idx=11 dev=0

     365.4ms  TX  ──►  [1.3]  54 30 32 30 35 30 31 32 39 38 32 64 62 32 33 62 34 31 30 30 30 30 30 30 62 63 0d
              0x02050129  cls=0x00 idx=4 dev=41

     380.0ms  RX  ◄──  [1.3]  54 30 32 30 35 62 38 32 39 38 30 30 30 30 39 63 30 36 30 30 31 63 38 30 30 30 0d 0a
              0x0205B829  Status idx=0 dev=41

     380.1ms  RX  ◄──  [1.3]  54 30 32 30 35 62 38 61 39 38 30 30 63 30 38 39 33 61 61 35 66 66 33 62 63 32 0d 0a
              0x0205B8A9  Status idx=2 dev=41

     380.2ms  RX  ◄──  [1.3]  54 30 32 30 35 62 38 65 39 38 31 38 30 30 30 30 30 30 35 32 62 62 66 33 33 64 0d 0a
              0x0205B8E9  Status idx=3 dev=41

     380.3ms  RX  ◄──  [1.3]  54 30 32 30 35 62 39 32 39 38 30 30 30 30 30 30 30 30 30 30 30 30 30 30 30 30 0d 0a
              0x0205B929  Status idx=4 dev=41

     381.8ms  RX  ◄──  [1.3]  54 30 32 30 35 62 39 36 39 38 30 30 30 30 30 30 30 30 30 30 30 30 30 30 30 30 0d 0a
              0x0205B969  Status idx=5 dev=41

     381.9ms  RX  ◄──  [1.3]  54 30 32 30 35 62 39 61 39 38 30 30 30 30 66 66 66 66 30 31 30 30 30 30 30 30 0d 0a
              0x0205B9A9  Status idx=6 dev=41

     390.8ms  TX  ──►  [1.3]  54 30 32 30 35 32 63 38 30 38 30 30 30 30 30 30 30 30 30 30 30 30 30 30 30 30 0d
              0x02052C80  cls=0x0b idx=2 dev=0

     391.0ms  TX  ──►  [1.3]  54 30 30 30 35 30 32 63 30 31 30 31 0d
              0x000502C0  cls=0x00 idx=11 dev=0

     391.2ms  TX  ──►  [1.3]  54 30 32 30 35 30 31 32 39 38 32 64 62 32 33 62 34 31 30 30 30 30 30 30 62 63 0d
              0x02050129  cls=0x00 idx=4 dev=41

     400.0ms  RX  ◄──  [1.3]  54 30 32 30 35 62 38 32 39 38 30 30 30 30 39 63 30 36 30 30 31 63 38 30 30 30 0d 0a
              0x0205B829  Status idx=0 dev=41

     400.1ms  RX  ◄──  [1.3]  54 30 32 30 35 62 38 61 39 38 30 30 63 30 38 39 33 61 61 35 66 66 33 62 63 32 0d 0a
              0x0205B8A9  Status idx=2 dev=41

     400.2ms  RX  ◄──  [1.3]  54 30 32 30 35 62 38 65 39 38 31 38 30 30 30 30 30 30 39 34 65 61 66 36 33 64 0d 0a
              0x0205B8E9  Status idx=3 dev=41

     400.3ms  RX  ◄──  [1.3]  54 30 32 30 35 62 39 32 39 38 30 30 30 30 30 30 30 30 30 30 30 30 30 30 30 30 0d 0a
              0x0205B929  Status idx=4 dev=41

     401.9ms  RX  ◄──  [1.3]  54 30 32 30 35 62 39 36 39 38 30 30 30 30 30 30 30 30 30 30 30 30 30 30 30 30 0d 0a
              0x0205B969  Status idx=5 dev=41

     401.9ms  RX  ◄──  [1.3]  54 30 32 30 35 62 39 61 39 38 30 30 30 30 66 66 66 66 30 31 30 30 30 30 30 30 0d 0a
              0x0205B9A9  Status idx=6 dev=41

     419.5ms  TX  ──►  [1.3]  54 30 32 30 35 32 63 38 30 38 30 30 30 30 30 30 30 30 30 30 30 30 30 30 30 30 0d
              0x02052C80  cls=0x0b idx=2 dev=0

     419.6ms  TX  ──►  [1.3]  54 30 30 30 35 30 32 63 30 31 30 31 0d
              0x000502C0  cls=0x00 idx=11 dev=0

     419.8ms  TX  ──►  [1.3]  54 30 32 30 35 30 31 32 39 38 32 64 62 32 33 62 34 31 30 30 30 30 30 30 62 63 0d
              0x02050129  cls=0x00 idx=4 dev=41

     420.2ms  RX  ◄──  [1.3]  54 30 32 30 35 62 38 32 39 38 30 30 30 30 39 63 30 36 30 30 31 63 38 30 30 30 0d 0a
              0x0205B829  Status idx=0 dev=41

     420.3ms  RX  ◄──  [1.3]  54 30 32 30 35 62 38 61 39 38 30 30 63 30 38 39 33 61 61 35 66 66 33 62 63 32 0d 0a
              0x0205B8A9  Status idx=2 dev=41

     420.4ms  RX  ◄──  [1.3]  54 30 32 30 35 62 38 65 39 38 31 38 30 30 30 30 30 30 63 36 33 37 66 35 33 64 0d 0a
              0x0205B8E9  Status idx=3 dev=41

     420.4ms  RX  ◄──  [1.3]  54 30 32 30 35 62 39 32 39 38 30 30 30 30 30 30 30 30 30 30 30 30 30 30 30 30 0d 0a
              0x0205B929  Status idx=4 dev=41

     421.8ms  RX  ◄──  [1.3]  54 30 32 30 35 62 39 36 39 38 30 30 30 30 30 30 30 30 30 30 30 30 30 30 30 30 0d 0a
              0x0205B969  Status idx=5 dev=41

     421.9ms  RX  ◄──  [1.3]  54 30 32 30 35 62 39 61 39 38 30 30 30 30 66 66 66 66 30 31 30 30 30 30 30 30 0d 0a
              0x0205B9A9  Status idx=6 dev=41

     440.0ms  RX  ◄──  [1.3]  54 30 32 30 35 62 38 32 39 38 30 30 30 30 39 39 30 36 30 30 31 63 38 30 30 30 0d 0a
              0x0205B829  Status idx=0 dev=41

     440.1ms  RX  ◄──  [1.3]  54 30 32 30 35 62 38 61 39 38 30 30 63 30 38 39 33 61 61 35 66 66 33 62 63 32 0d 0a
              0x0205B8A9  Status idx=2 dev=41

     440.2ms  RX  ◄──  [1.3]  54 30 32 30 35 62 38 65 39 38 31 38 30 30 30 30 30 30 61 63 61 65 66 34 33 64 0d 0a
              0x0205B8E9  Status idx=3 dev=41

     440.3ms  RX  ◄──  [1.3]  54 30 32 30 35 62 39 32 39 38 30 30 30 30 30 30 30 30 30 30 30 30 30 30 30 30 0d 0a
              0x0205B929  Status idx=4 dev=41

     441.8ms  RX  ◄──  [1.3]  54 30 32 30 35 62 39 36 39 38 30 30 30 30 30 30 30 30 30 30 30 30 30 30 30 30 0d 0a
              0x0205B969  Status idx=5 dev=41

     441.9ms  RX  ◄──  [1.3]  54 30 32 30 35 62 39 61 39 38 30 30 30 30 66 66 66 66 30 31 30 30 30 30 30 30 0d 0a
              0x0205B9A9  Status idx=6 dev=41

     443.1ms  TX  ──►  [1.3]  54 30 32 30 35 30 31 32 39 38 32 64 62 32 33 62 34 31 30 30 30 30 30 30 62 63 0d
              0x02050129  cls=0x00 idx=4 dev=41

     449.9ms  TX  ──►  [1.3]  54 30 32 30 35 32 63 38 30 38 30 30 30 30 30 30 30 30 30 30 30 30 30 30 30 30 0d
              0x02052C80  cls=0x0b idx=2 dev=0

     450.1ms  TX  ──►  [1.3]  54 30 30 30 35 30 32 63 30 31 30 31 0d
              0x000502C0  cls=0x00 idx=11 dev=0

     460.0ms  RX  ◄──  [1.3]  54 30 32 30 35 62 38 32 39 38 30 30 30 30 39 65 30 36 30 30 31 63 38 30 30 30 0d 0a
              0x0205B829  Status idx=0 dev=41

     460.0ms  RX  ◄──  [1.3]  54 30 32 30 35 62 38 61 39 38 30 30 63 30 38 39 33 61 61 35 66 66 33 62 63 32 0d 0a
              0x0205B8A9  Status idx=2 dev=41

     460.2ms  RX  ◄──  [1.3]  54 30 32 30 35 62 38 65 39 38 31 38 30 30 30 30 30 30 35 34 65 30 66 36 33 64 0d 0a
              0x0205B8E9  Status idx=3 dev=41

     460.2ms  RX  ◄──  [1.3]  54 30 32 30 35 62 39 32 39 38 30 30 30 30 30 30 30 30 30 30 30 30 30 30 30 30 0d 0a
              0x0205B929  Status idx=4 dev=41

     461.8ms  RX  ◄──  [1.3]  54 30 32 30 35 62 39 36 39 38 30 30 30 30 30 30 30 30 30 30 30 30 30 30 30 30 0d 0a
              0x0205B969  Status idx=5 dev=41

     461.9ms  RX  ◄──  [1.3]  54 30 32 30 35 62 39 61 39 38 30 30 30 30 66 66 66 66 30 31 30 30 30 30 30 30 0d 0a
              0x0205B9A9  Status idx=6 dev=41

     464.8ms  TX  ──►  [1.3]  54 30 32 30 35 30 31 32 39 38 32 64 62 32 33 62 34 31 30 30 30 30 30 30 62 63 0d
              0x02050129  cls=0x00 idx=4 dev=41

     475.1ms  TX  ──►  [1.3]  54 30 32 30 35 32 63 38 30 38 30 30 30 30 30 30 30 30 30 30 30 30 30 30 30 30 0d
              0x02052C80  cls=0x0b idx=2 dev=0

     475.2ms  TX  ──►  [1.3]  54 30 30 30 35 30 32 63 30 31 30 31 0d
              0x000502C0  cls=0x00 idx=11 dev=0

     480.1ms  RX  ◄──  [1.3]  54 30 32 30 35 62 38 32 39 38 30 30 30 30 39 62 30 36 30 30 31 63 38 30 30 30 0d 0a
              0x0205B829  Status idx=0 dev=41

     480.2ms  RX  ◄──  [1.3]  54 30 32 30 35 62 38 61 39 38 30 30 63 30 38 39 33 61 61 35 66 66 33 62 63 32 0d 0a
              0x0205B8A9  Status idx=2 dev=41

     480.3ms  RX  ◄──  [1.3]  54 30 32 30 35 62 38 65 39 38 31 38 30 30 30 30 30 30 65 61 34 31 66 35 33 64 0d 0a
              0x0205B8E9  Status idx=3 dev=41

     480.4ms  RX  ◄──  [1.3]  54 30 32 30 35 62 39 32 39 38 30 30 30 30 30 30 30 30 30 30 30 30 30 30 30 30 0d 0a
              0x0205B929  Status idx=4 dev=41

     481.9ms  RX  ◄──  [1.3]  54 30 32 30 35 62 39 36 39 38 30 30 30 30 30 30 30 30 30 30 30 30 30 30 30 30 0d 0a
              0x0205B969  Status idx=5 dev=41

     482.1ms  RX  ◄──  [1.3]  54 30 32 30 35 62 39 61 39 38 30 30 30 30 66 66 66 66 30 31 30 30 30 30 30 30 0d 0a
              0x0205B9A9  Status idx=6 dev=41

     485.4ms  TX  ──►  [1.3]  54 30 32 30 35 30 31 32 39 38 32 64 62 32 33 62 34 31 30 30 30 30 30 30 62 63 0d
              0x02050129  cls=0x00 idx=4 dev=41

     500.0ms  RX  ◄──  [1.3]  54 30 32 30 35 62 38 32 39 38 30 30 30 30 39 63 30 36 30 30 31 63 38 30 30 30 0d 0a
              0x0205B829  Status idx=0 dev=41

     500.1ms  RX  ◄──  [1.3]  54 30 32 30 35 62 38 61 39 38 30 30 63 30 38 39 33 61 61 35 66 66 33 62 63 32 0d 0a
              0x0205B8A9  Status idx=2 dev=41

     500.2ms  RX  ◄──  [1.3]  54 30 32 30 35 62 38 65 39 38 31 38 30 30 30 30 30 30 34 38 36 39 66 35 33 64 0d 0a
              0x0205B8E9  Status idx=3 dev=41

     500.2ms  RX  ◄──  [1.3]  54 30 32 30 35 62 39 32 39 38 30 30 30 30 30 30 30 30 30 30 30 30 30 30 30 30 0d 0a
              0x0205B929  Status idx=4 dev=41

     501.8ms  RX  ◄──  [1.3]  54 30 32 30 35 62 39 36 39 38 30 30 30 30 30 30 30 30 30 30 30 30 30 30 30 30 0d 0a
              0x0205B969  Status idx=5 dev=41

     501.9ms  RX  ◄──  [1.3]  54 30 32 30 35 62 39 61 39 38 30 30 30 30 66 66 66 66 30 31 30 30 30 30 30 30 0d 0a
              0x0205B9A9  Status idx=6 dev=41

     503.9ms  TX  ──►  [1.3]  54 30 32 30 35 32 63 38 30 38 30 30 30 30 30 30 30 30 30 30 30 30 30 30 30 30 0d
              0x02052C80  cls=0x0b idx=2 dev=0

     504.1ms  TX  ──►  [1.3]  54 30 30 30 35 30 32 63 30 31 30 31 0d
              0x000502C0  cls=0x00 idx=11 dev=0

     520.0ms  RX  ◄──  [1.3]  54 30 32 30 35 62 38 32 39 38 30 30 30 30 39 64 30 36 30 30 31 63 38 30 30 30 0d 0a
              0x0205B829  Status idx=0 dev=41

     520.2ms  RX  ◄──  [1.3]  54 30 32 30 35 62 38 61 39 38 30 30 63 30 38 39 33 61 61 35 66 66 33 62 63 32 0d 0a
              0x0205B8A9  Status idx=2 dev=41

     520.2ms  RX  ◄──  [1.3]  54 30 32 30 35 62 38 65 39 38 31 38 30 30 30 30 30 30 32 63 35 34 66 37 33 64 0d 0a
              0x0205B8E9  Status idx=3 dev=41

     520.3ms  RX  ◄──  [1.3]  54 30 32 30 35 62 39 32 39 38 30 30 30 30 30 30 30 30 30 30 30 30 30 30 30 30 0d 0a
              0x0205B929  Status idx=4 dev=41

     520.5ms  TX  ──►  [1.3]  54 30 32 30 35 30 31 32 39 38 32 64 62 32 33 62 34 31 30 30 30 30 30 30 62 63 0d
              0x02050129  cls=0x00 idx=4 dev=41

     521.8ms  RX  ◄──  [1.3]  54 30 32 30 35 62 39 36 39 38 30 30 30 30 30 30 30 30 30 30 30 30 30 30 30 30 0d 0a
              0x0205B969  Status idx=5 dev=41

     521.9ms  RX  ◄──  [1.3]  54 30 32 30 35 62 39 61 39 38 30 30 30 30 66 66 66 66 30 31 30 30 30 30 30 30 0d 0a
              0x0205B9A9  Status idx=6 dev=41

     532.9ms  TX  ──►  [1.3]  54 30 32 30 35 32 63 38 30 38 30 30 30 30 30 30 30 30 30 30 30 30 30 30 30 30 0d
              0x02052C80  cls=0x0b idx=2 dev=0

     533.2ms  TX  ──►  [1.3]  54 30 30 30 35 30 32 63 30 31 30 31 0d
              0x000502C0  cls=0x00 idx=11 dev=0

     540.0ms  RX  ◄──  [1.3]  54 30 32 30 35 62 38 32 39 38 30 30 30 30 39 64 30 36 30 30 31 63 38 30 30 30 0d 0a
              0x0205B829  Status idx=0 dev=41

     540.1ms  RX  ◄──  [1.3]  54 30 32 30 35 62 38 61 39 38 30 30 63 30 38 39 33 61 61 35 66 66 33 62 63 32 0d 0a
              0x0205B8A9  Status idx=2 dev=41

     540.2ms  RX  ◄──  [1.3]  54 30 32 30 35 62 38 65 39 38 31 38 30 30 30 30 30 30 61 32 64 35 66 34 33 64 0d 0a
              0x0205B8E9  Status idx=3 dev=41

     540.2ms  RX  ◄──  [1.3]  54 30 32 30 35 62 39 32 39 38 30 30 30 30 30 30 30 30 30 30 30 30 30 30 30 30 0d 0a
              0x0205B929  Status idx=4 dev=41

     541.8ms  RX  ◄──  [1.3]  54 30 32 30 35 62 39 36 39 38 30 30 30 30 30 30 30 30 30 30 30 30 30 30 30 30 0d 0a
              0x0205B969  Status idx=5 dev=41

     541.9ms  RX  ◄──  [1.3]  54 30 32 30 35 62 39 61 39 38 30 30 30 30 66 66 66 66 30 31 30 30 30 30 30 30 0d 0a
              0x0205B9A9  Status idx=6 dev=41

     542.8ms  TX  ──►  [1.3]  54 30 32 30 35 30 31 32 39 38 32 64 62 32 33 62 34 31 30 30 30 30 30 30 62 63 0d
              0x02050129  cls=0x00 idx=4 dev=41

     560.0ms  RX  ◄──  [1.3]  54 30 32 30 35 62 38 32 39 38 30 30 30 30 39 63 30 36 30 30 31 63 38 30 30 30 0d 0a
              0x0205B829  Status idx=0 dev=41

     560.1ms  RX  ◄──  [1.3]  54 30 32 30 35 62 38 61 39 38 30 30 63 30 38 39 33 61 61 35 66 66 33 62 63 32 0d 0a
              0x0205B8A9  Status idx=2 dev=41

     560.2ms  RX  ◄──  [1.3]  54 30 32 30 35 62 38 65 39 38 31 38 30 30 30 30 30 30 62 38 61 62 66 34 33 64 0d 0a
              0x0205B8E9  Status idx=3 dev=41

     560.3ms  RX  ◄──  [1.3]  54 30 32 30 35 62 39 32 39 38 30 30 30 30 30 30 30 30 30 30 30 30 30 30 30 30 0d 0a
              0x0205B929  Status idx=4 dev=41

     561.8ms  TX  ──►  [1.3]  54 30 32 30 35 32 63 38 30 38 30 30 30 30 30 30 30 30 30 30 30 30 30 30 30 30 0d
              0x02052C80  cls=0x0b idx=2 dev=0

     561.8ms  RX  ◄──  [1.3]  54 30 32 30 35 62 39 36 39 38 30 30 30 30 30 30 30 30 30 30 30 30 30 30 30 30 0d 0a
              0x0205B969  Status idx=5 dev=41

     562.0ms  RX  ◄──  [1.3]  54 30 32 30 35 62 39 61 39 38 30 30 30 30 66 66 66 66 30 31 30 30 30 30 30 30 0d 0a
              0x0205B9A9  Status idx=6 dev=41

     562.1ms  TX  ──►  [1.3]  54 30 30 30 35 30 32 63 30 31 30 31 0d
              0x000502C0  cls=0x00 idx=11 dev=0

     571.9ms  TX  ──►  [1.3]  54 30 32 30 35 30 31 32 39 38 32 64 62 32 33 62 34 31 30 30 30 30 30 30 62 63 0d
              0x02050129  cls=0x00 idx=4 dev=41

     580.0ms  RX  ◄──  [1.3]  54 30 32 30 35 62 38 32 39 38 30 30 30 30 39 62 30 36 30 30 31 63 38 30 30 30 0d 0a
              0x0205B829  Status idx=0 dev=41

     580.2ms  RX  ◄──  [1.3]  54 30 32 30 35 62 38 61 39 38 30 30 63 30 38 39 33 61 61 35 66 66 33 62 63 32 0d 0a
              0x0205B8A9  Status idx=2 dev=41

     580.3ms  RX  ◄──  [1.3]  54 30 32 30 35 62 38 65 39 38 31 38 30 30 30 30 30 30 37 65 36 64 66 37 33 64 0d 0a
              0x0205B8E9  Status idx=3 dev=41

     580.4ms  RX  ◄──  [1.3]  54 30 32 30 35 62 39 32 39 38 30 30 30 30 30 30 30 30 30 30 30 30 30 30 30 30 0d 0a
              0x0205B929  Status idx=4 dev=41

     581.9ms  RX  ◄──  [1.3]  54 30 32 30 35 62 39 36 39 38 30 30 30 30 30 30 30 30 30 30 30 30 30 30 30 30 0d 0a
              0x0205B969  Status idx=5 dev=41

     582.0ms  RX  ◄──  [1.3]  54 30 32 30 35 62 39 61 39 38 30 30 30 30 66 66 66 66 30 31 30 30 30 30 30 30 0d 0a
              0x0205B9A9  Status idx=6 dev=41

     590.4ms  TX  ──►  [1.3]  54 30 32 30 35 32 63 38 30 38 30 30 30 30 30 30 30 30 30 30 30 30 30 30 30 30 0d
              0x02052C80  cls=0x0b idx=2 dev=0

     590.7ms  TX  ──►  [1.3]  54 30 30 30 35 30 32 63 30 31 30 31 0d
              0x000502C0  cls=0x00 idx=11 dev=0

     600.0ms  RX  ◄──  [1.3]  54 30 32 30 35 62 38 32 39 38 30 30 30 30 39 39 30 36 30 30 31 63 38 30 30 30 0d 0a
              0x0205B829  Status idx=0 dev=41

     600.2ms  RX  ◄──  [1.3]  54 30 32 30 35 62 38 61 39 38 30 30 63 30 38 39 33 61 61 35 66 66 33 62 63 32 0d 0a
              0x0205B8A9  Status idx=2 dev=41

     600.3ms  RX  ◄──  [1.3]  54 30 32 30 35 62 38 65 39 38 31 38 30 30 30 30 30 30 66 30 32 34 66 35 33 64 0d 0a
              0x0205B8E9  Status idx=3 dev=41

     600.4ms  RX  ◄──  [1.3]  54 30 32 30 35 62 39 32 39 38 30 30 30 30 30 30 30 30 30 30 30 30 30 30 30 30 0d 0a
              0x0205B929  Status idx=4 dev=41

     600.6ms  TX  ──►  [1.3]  54 30 32 30 35 30 31 32 39 38 32 64 62 32 33 62 34 31 30 30 30 30 30 30 62 63 0d
              0x02050129  cls=0x00 idx=4 dev=41

     601.9ms  RX  ◄──  [1.3]  54 30 32 30 35 62 39 36 39 38 30 30 30 30 30 30 30 30 30 30 30 30 30 30 30 30 0d 0a
              0x0205B969  Status idx=5 dev=41

     602.0ms  RX  ◄──  [1.3]  54 30 32 30 35 62 39 61 39 38 30 30 30 30 66 66 66 66 30 31 30 30 30 30 30 30 0d 0a
              0x0205B9A9  Status idx=6 dev=41

     609.7ms  RX  ◄──  [1.3]  54 30 32 30 35 62 38 36 39 38 30 30 30 30 30 30 30 30 30 30 30 30 30 30 30 30 0d 0a
              0x0205B869  Status idx=1 dev=41

     611.7ms  RX  ◄──  [1.3]  54 30 32 30 35 62 63 32 39 34 34 32 35 64 31 31 62 38 0d 0a
              0x0205BC29  Status idx=0 dev=41

     620.0ms  RX  ◄──  [1.3]  54 30 32 30 35 62 38 32 39 38 30 30 30 30 39 38 30 36 30 30 31 63 38 30 30 30 0d 0a
              0x0205B829  Status idx=0 dev=41

     620.1ms  RX  ◄──  [1.3]  54 30 32 30 35 62 38 61 39 38 30 30 63 30 38 39 33 61 61 35 66 66 33 62 63 32 0d 0a
              0x0205B8A9  Status idx=2 dev=41

     620.2ms  RX  ◄──  [1.3]  54 30 32 30 35 62 38 65 39 38 31 38 30 30 30 30 30 30 34 32 63 64 66 34 33 64 0d 0a
              0x0205B8E9  Status idx=3 dev=41

     620.3ms  RX  ◄──  [1.3]  54 30 32 30 35 62 39 32 39 38 30 30 30 30 30 30 30 30 30 30 30 30 30 30 30 30 0d 0a
              0x0205B929  Status idx=4 dev=41

     621.8ms  RX  ◄──  [1.3]  54 30 32 30 35 62 39 36 39 38 30 30 30 30 30 30 30 30 30 30 30 30 30 30 30 30 0d 0a
              0x0205B969  Status idx=5 dev=41

     621.9ms  RX  ◄──  [1.3]  54 30 32 30 35 62 39 61 39 38 30 30 30 30 66 66 66 66 30 31 30 30 30 30 30 30 0d 0a
              0x0205B9A9  Status idx=6 dev=41

     625.7ms  TX  ──►  [1.3]  54 30 32 30 35 32 63 38 30 38 30 30 30 30 30 30 30 30 30 30 30 30 30 30 30 30 0d
              0x02052C80  cls=0x0b idx=2 dev=0

     625.9ms  TX  ──►  [1.3]  54 30 30 30 35 30 32 63 30 31 30 31 0d
              0x000502C0  cls=0x00 idx=11 dev=0

     626.1ms  TX  ──►  [1.3]  54 30 32 30 35 30 31 32 39 38 32 64 62 32 33 62 34 31 30 30 30 30 30 30 62 63 0d
              0x02050129  cls=0x00 idx=4 dev=41

     640.0ms  RX  ◄──  [1.3]  54 30 32 30 35 62 38 32 39 38 30 30 30 30 39 64 30 36 30 30 31 63 38 30 30 30 0d 0a
              0x0205B829  Status idx=0 dev=41

     640.1ms  RX  ◄──  [1.3]  54 30 32 30 35 62 38 61 39 38 30 30 63 30 38 39 33 61 61 35 66 66 33 62 63 32 0d 0a
              0x0205B8A9  Status idx=2 dev=41

     640.2ms  RX  ◄──  [1.3]  54 30 32 30 35 62 38 65 39 38 31 38 30 30 30 30 30 30 32 61 37 36 66 37 33 64 0d 0a
              0x0205B8E9  Status idx=3 dev=41

     640.3ms  RX  ◄──  [1.3]  54 30 32 30 35 62 39 32 39 38 30 30 30 30 30 30 30 30 30 30 30 30 30 30 30 30 0d 0a
              0x0205B929  Status idx=4 dev=41

     641.8ms  RX  ◄──  [1.3]  54 30 32 30 35 62 39 36 39 38 30 30 30 30 30 30 30 30 30 30 30 30 30 30 30 30 0d 0a
              0x0205B969  Status idx=5 dev=41

     641.9ms  RX  ◄──  [1.3]  54 30 32 30 35 62 39 61 39 38 30 30 30 30 66 66 66 66 30 31 30 30 30 30 30 30 0d 0a
              0x0205B9A9  Status idx=6 dev=41

     649.3ms  TX  ──►  [1.3]  54 30 32 30 35 30 31 32 39 38 32 64 62 32 33 62 34 31 30 30 30 30 30 30 62 63 0d
              0x02050129  cls=0x00 idx=4 dev=41

     660.0ms  RX  ◄──  [1.3]  54 30 32 30 35 62 38 32 39 38 30 30 30 30 39 39 30 36 30 30 31 63 38 30 30 30 0d 0a
              0x0205B829  Status idx=0 dev=41

     660.2ms  RX  ◄──  [1.3]  54 30 32 30 35 62 38 61 39 38 30 30 63 30 38 39 33 61 61 35 66 66 33 62 63 32 0d 0a
              0x0205B8A9  Status idx=2 dev=41

     660.2ms  RX  ◄──  [1.3]  54 30 32 30 35 62 38 65 39 38 31 38 30 30 30 30 30 30 36 36 62 39 66 35 33 64 0d 0a
              0x0205B8E9  Status idx=3 dev=41

     660.3ms  RX  ◄──  [1.3]  54 30 32 30 35 62 39 32 39 38 30 30 30 30 30 30 30 30 30 30 30 30 30 30 30 30 0d 0a
              0x0205B929  Status idx=4 dev=41

     661.8ms  RX  ◄──  [1.3]  54 30 32 30 35 62 39 36 39 38 30 30 30 30 30 30 30 30 30 30 30 30 30 30 30 30 0d 0a
              0x0205B969  Status idx=5 dev=41

     661.9ms  RX  ◄──  [1.3]  54 30 32 30 35 62 39 61 39 38 30 30 30 30 66 66 66 66 30 31 30 30 30 30 30 30 0d 0a
              0x0205B9A9  Status idx=6 dev=41

     665.2ms  TX  ──►  [1.3]  54 30 32 30 35 32 63 38 30 38 30 30 30 30 30 30 30 30 30 30 30 30 30 30 30 30 0d
              0x02052C80  cls=0x0b idx=2 dev=0

     665.3ms  TX  ──►  [1.3]  54 30 30 30 35 30 32 63 30 31 30 31 0d
              0x000502C0  cls=0x00 idx=11 dev=0

     672.8ms  TX  ──►  [1.3]  54 30 32 30 35 30 31 32 39 38 32 64 62 32 33 62 34 31 30 30 30 30 30 30 62 63 0d
              0x02050129  cls=0x00 idx=4 dev=41

     680.0ms  RX  ◄──  [1.3]  54 30 32 30 35 62 38 32 39 38 30 30 30 30 39 37 30 36 30 30 31 63 38 30 30 30 0d 0a
              0x0205B829  Status idx=0 dev=41

     680.1ms  RX  ◄──  [1.3]  54 30 32 30 35 62 38 61 39 38 30 30 63 30 38 39 33 61 61 35 66 66 33 62 63 32 0d 0a
              0x0205B8A9  Status idx=2 dev=41

     680.2ms  RX  ◄──  [1.3]  54 30 32 30 35 62 38 65 39 38 31 38 30 30 30 30 30 30 32 32 35 30 66 35 33 64 0d 0a
              0x0205B8E9  Status idx=3 dev=41

     680.3ms  RX  ◄──  [1.3]  54 30 32 30 35 62 39 32 39 38 30 30 30 30 30 30 30 30 30 30 30 30 30 30 30 30 0d 0a
              0x0205B929  Status idx=4 dev=41

     681.9ms  RX  ◄──  [1.3]  54 30 32 30 35 62 39 36 39 38 30 30 30 30 30 30 30 30 30 30 30 30 30 30 30 30 0d 0a
              0x0205B969  Status idx=5 dev=41

     681.9ms  RX  ◄──  [1.3]  54 30 32 30 35 62 39 61 39 38 30 30 30 30 66 66 66 66 30 31 30 30 30 30 30 30 0d 0a
              0x0205B9A9  Status idx=6 dev=41

     700.1ms  RX  ◄──  [1.3]  54 30 32 30 35 62 38 32 39 38 30 30 30 30 39 63 30 36 30 30 31 63 38 30 30 30 0d 0a
              0x0205B829  Status idx=0 dev=41

     700.2ms  RX  ◄──  [1.3]  54 30 32 30 35 62 38 61 39 38 30 30 63 30 38 39 33 61 61 35 66 66 33 62 63 32 0d 0a
              0x0205B8A9  Status idx=2 dev=41

     700.3ms  RX  ◄──  [1.3]  54 30 32 30 35 62 38 65 39 38 31 38 30 30 30 30 30 30 32 30 35 61 66 37 33 64 0d 0a
              0x0205B8E9  Status idx=3 dev=41

     700.5ms  RX  ◄──  [1.3]  54 30 32 30 35 62 39 32 39 38 30 30 30 30 30 30 30 30 30 30 30 30 30 30 30 30 0d 0a
              0x0205B929  Status idx=4 dev=41

     700.7ms  TX  ──►  [1.3]  54 30 32 30 35 32 63 38 30 38 30 30 30 30 30 30 30 30 30 30 30 30 30 30 30 30 0d
              0x02052C80  cls=0x0b idx=2 dev=0

     700.9ms  TX  ──►  [1.3]  54 30 30 30 35 30 32 63 30 31 30 31 0d
              0x000502C0  cls=0x00 idx=11 dev=0

     701.1ms  TX  ──►  [1.3]  54 30 32 30 35 30 31 32 39 38 32 64 62 32 33 62 34 31 30 30 30 30 30 30 62 63 0d
              0x02050129  cls=0x00 idx=4 dev=41

     701.8ms  RX  ◄──  [1.3]  54 30 32 30 35 62 39 36 39 38 30 30 30 30 30 30 30 30 30 30 30 30 30 30 30 30 0d 0a
              0x0205B969  Status idx=5 dev=41

     701.9ms  RX  ◄──  [1.3]  54 30 32 30 35 62 39 61 39 38 30 30 30 30 66 66 66 66 30 31 30 30 30 30 30 30 0d 0a
              0x0205B9A9  Status idx=6 dev=41

     720.0ms  RX  ◄──  [1.3]  54 30 32 30 35 62 38 32 39 38 30 30 30 30 39 63 30 36 30 30 31 63 38 30 30 30 0d 0a
              0x0205B829  Status idx=0 dev=41

     720.1ms  RX  ◄──  [1.3]  54 30 32 30 35 62 38 61 39 38 30 30 63 30 38 39 33 61 61 35 66 66 33 62 63 32 0d 0a
              0x0205B8A9  Status idx=2 dev=41

     720.2ms  RX  ◄──  [1.3]  54 30 32 30 35 62 38 65 39 38 31 38 30 30 30 30 30 30 61 63 61 36 66 34 33 64 0d 0a
              0x0205B8E9  Status idx=3 dev=41

     720.3ms  RX  ◄──  [1.3]  54 30 32 30 35 62 39 32 39 38 30 30 30 30 30 30 30 30 30 30 30 30 30 30 30 30 0d 0a
              0x0205B929  Status idx=4 dev=41

     721.9ms  RX  ◄──  [1.3]  54 30 32 30 35 62 39 36 39 38 30 30 30 30 30 30 30 30 30 30 30 30 30 30 30 30 0d 0a
              0x0205B969  Status idx=5 dev=41

     722.0ms  RX  ◄──  [1.3]  54 30 32 30 35 62 39 61 39 38 30 30 30 30 66 66 66 66 30 31 30 30 30 30 30 30 0d 0a
              0x0205B9A9  Status idx=6 dev=41

     729.3ms  TX  ──►  [1.3]  54 30 32 30 35 32 63 38 30 38 30 30 30 30 30 30 30 30 30 30 30 30 30 30 30 30 0d
              0x02052C80  cls=0x0b idx=2 dev=0

     729.6ms  TX  ──►  [1.3]  54 30 30 30 35 30 32 63 30 31 30 31 0d
              0x000502C0  cls=0x00 idx=11 dev=0

     729.8ms  TX  ──►  [1.3]  54 30 32 30 35 30 31 32 39 38 32 64 62 32 33 62 34 31 30 30 30 30 30 30 62 63 0d
              0x02050129  cls=0x00 idx=4 dev=41

     740.0ms  RX  ◄──  [1.3]  54 30 32 30 35 62 38 32 39 38 30 30 30 30 39 62 30 36 30 30 31 63 38 30 30 30 0d 0a
              0x0205B829  Status idx=0 dev=41

     740.1ms  RX  ◄──  [1.3]  54 30 32 30 35 62 38 61 39 38 30 30 63 30 38 39 33 61 61 35 66 66 33 62 63 32 0d 0a
              0x0205B8A9  Status idx=2 dev=41

     740.2ms  RX  ◄──  [1.3]  54 30 32 30 35 62 38 65 39 38 31 38 30 30 30 30 30 30 64 32 34 61 66 35 33 64 0d 0a
              0x0205B8E9  Status idx=3 dev=41

     740.3ms  RX  ◄──  [1.3]  54 30 32 30 35 62 39 32 39 38 30 30 30 30 30 30 30 30 30 30 30 30 30 30 30 30 0d 0a
              0x0205B929  Status idx=4 dev=41

     741.9ms  RX  ◄──  [1.3]  54 30 32 30 35 62 39 36 39 38 30 30 30 30 30 30 30 30 30 30 30 30 30 30 30 30 0d 0a
              0x0205B969  Status idx=5 dev=41

     742.0ms  RX  ◄──  [1.3]  54 30 32 30 35 62 39 61 39 38 30 30 30 30 66 66 66 66 30 31 30 30 30 30 30 30 0d 0a
              0x0205B9A9  Status idx=6 dev=41

     749.7ms  TX  ──►  [1.3]  54 30 32 30 35 30 31 32 39 38 32 64 62 32 33 62 34 31 30 30 30 30 30 30 62 63 0d
              0x02050129  cls=0x00 idx=4 dev=41

     760.1ms  RX  ◄──  [1.3]  54 30 32 30 35 62 38 32 39 38 30 30 30 30 39 64 30 36 30 30 31 63 38 30 30 30 0d 0a
              0x0205B829  Status idx=0 dev=41

     760.3ms  TX  ──►  [1.3]  54 30 32 30 35 32 63 38 30 38 30 30 30 30 30 30 30 30 30 30 30 30 30 30 30 30 0d
              0x02052C80  cls=0x0b idx=2 dev=0

     760.3ms  RX  ◄──  [1.3]  54 30 32 30 35 62 38 61 39 38 30 30 63 30 38 39 33 61 61 35 66 66 33 62 63 32 0d 0a
              0x0205B8A9  Status idx=2 dev=41

     760.4ms  RX  ◄──  [1.3]  54 30 32 30 35 62 38 65 39 38 31 38 30 30 30 30 30 30 37 61 62 39 66 37 33 64 0d 0a
              0x0205B8E9  Status idx=3 dev=41

     760.6ms  RX  ◄──  [1.3]  54 30 32 30 35 62 39 32 39 38 30 30 30 30 30 30 30 30 30 30 30 30 30 30 30 30 0d 0a
              0x0205B929  Status idx=4 dev=41

     760.7ms  TX  ──►  [1.3]  54 30 30 30 35 30 32 63 30 31 30 31 0d
              0x000502C0  cls=0x00 idx=11 dev=0

     761.8ms  RX  ◄──  [1.3]  54 30 32 30 35 62 39 36 39 38 30 30 30 30 30 30 30 30 30 30 30 30 30 30 30 30 0d 0a
              0x0205B969  Status idx=5 dev=41

     762.0ms  RX  ◄──  [1.3]  54 30 32 30 35 62 39 61 39 38 30 30 30 30 66 66 66 66 30 31 30 30 30 30 30 30 0d 0a
              0x0205B9A9  Status idx=6 dev=41

     770.4ms  TX  ──►  [1.3]  54 30 32 30 35 30 31 32 39 38 32 64 62 32 33 62 34 31 30 30 30 30 30 30 62 63 0d
              0x02050129  cls=0x00 idx=4 dev=41

     780.0ms  RX  ◄──  [1.3]  54 30 32 30 35 62 38 32 39 38 30 30 30 30 39 63 30 36 30 30 31 63 38 30 30 30 0d 0a
              0x0205B829  Status idx=0 dev=41

     780.3ms  RX  ◄──  [1.3]  54 30 32 30 35 62 38 61 39 38 30 30 63 30 38 39 33 61 61 35 66 66 33 62 63 32 0d 0a
              0x0205B8A9  Status idx=2 dev=41

     780.4ms  RX  ◄──  [1.3]  54 30 32 30 35 62 38 65 39 38 31 38 30 30 30 30 30 30 30 63 35 61 66 35 33 64 0d 0a
              0x0205B8E9  Status idx=3 dev=41

     780.6ms  RX  ◄──  [1.3]  54 30 32 30 35 62 39 32 39 38 30 30 30 30 30 30 30 30 30 30 30 30 30 30 30 30 0d 0a
              0x0205B929  Status idx=4 dev=41

     781.9ms  RX  ◄──  [1.3]  54 30 32 30 35 62 39 36 39 38 30 30 30 30 30 30 30 30 30 30 30 30 30 30 30 30 0d 0a
              0x0205B969  Status idx=5 dev=41

     782.0ms  RX  ◄──  [1.3]  54 30 32 30 35 62 39 61 39 38 30 30 30 30 66 66 66 66 30 31 30 30 30 30 30 30 0d 0a
              0x0205B9A9  Status idx=6 dev=41

     790.9ms  TX  ──►  [1.3]  54 30 32 30 35 32 63 38 30 38 30 30 30 30 30 30 30 30 30 30 30 30 30 30 30 30 0d
              0x02052C80  cls=0x0b idx=2 dev=0

     791.1ms  TX  ──►  [1.3]  54 30 30 30 35 30 32 63 30 31 30 31 0d
              0x000502C0  cls=0x00 idx=11 dev=0

     791.3ms  TX  ──►  [1.3]  54 30 32 30 35 30 31 32 39 38 32 64 62 32 33 62 34 31 30 30 30 30 30 30 62 63 0d
              0x02050129  cls=0x00 idx=4 dev=41

     800.0ms  RX  ◄──  [1.3]  54 30 32 30 35 62 38 32 39 38 30 30 30 30 39 62 30 36 30 30 31 63 38 30 30 30 0d 0a
              0x0205B829  Status idx=0 dev=41

     800.2ms  RX  ◄──  [1.3]  54 30 32 30 35 62 38 61 39 38 30 30 63 30 38 39 33 61 61 35 66 66 33 62 63 32 0d 0a
              0x0205B8A9  Status idx=2 dev=41

     800.2ms  RX  ◄──  [1.3]  54 30 32 30 35 62 38 65 39 38 31 38 30 30 30 30 30 30 39 65 35 37 66 35 33 64 0d 0a
              0x0205B8E9  Status idx=3 dev=41

     800.3ms  RX  ◄──  [1.3]  54 30 32 30 35 62 39 32 39 38 30 30 30 30 30 30 30 30 30 30 30 30 30 30 30 30 0d 0a
              0x0205B929  Status idx=4 dev=41

     801.8ms  RX  ◄──  [1.3]  54 30 32 30 35 62 39 36 39 38 30 30 30 30 30 30 30 30 30 30 30 30 30 30 30 30 0d 0a
              0x0205B969  Status idx=5 dev=41

     801.9ms  RX  ◄──  [1.3]  54 30 32 30 35 62 39 61 39 38 30 30 30 30 66 66 66 66 30 31 30 30 30 30 30 30 0d 0a
              0x0205B9A9  Status idx=6 dev=41

     811.0ms  TX  ──►  [1.3]  54 30 32 30 35 30 31 32 39 38 32 64 62 32 33 62 34 31 30 30 30 30 30 30 62 63 0d
              0x02050129  cls=0x00 idx=4 dev=41

     820.0ms  RX  ◄──  [1.3]  54 30 32 30 35 62 38 32 39 38 30 30 30 30 39 62 30 36 30 30 31 63 38 30 30 30 0d 0a
              0x0205B829  Status idx=0 dev=41

     820.1ms  RX  ◄──  [1.3]  54 30 32 30 35 62 38 61 39 38 30 30 63 30 38 39 33 61 61 35 66 66 33 62 63 32 0d 0a
              0x0205B8A9  Status idx=2 dev=41

     820.2ms  RX  ◄──  [1.3]  54 30 32 30 35 62 38 65 39 38 31 38 30 30 30 30 30 30 64 65 37 33 66 37 33 64 0d 0a
              0x0205B8E9  Status idx=3 dev=41

     820.3ms  RX  ◄──  [1.3]  54 30 32 30 35 62 39 32 39 38 30 30 30 30 30 30 30 30 30 30 30 30 30 30 30 30 0d 0a
              0x0205B929  Status idx=4 dev=41

     820.9ms  TX  ──►  [1.3]  54 30 32 30 35 32 63 38 30 38 30 30 30 30 30 30 30 30 30 30 30 30 30 30 30 30 0d
              0x02052C80  cls=0x0b idx=2 dev=0

     821.1ms  TX  ──►  [1.3]  54 30 30 30 35 30 32 63 30 31 30 31 0d
              0x000502C0  cls=0x00 idx=11 dev=0

     821.9ms  RX  ◄──  [1.3]  54 30 32 30 35 62 39 36 39 38 30 30 30 30 30 30 30 30 30 30 30 30 30 30 30 30 0d 0a
              0x0205B969  Status idx=5 dev=41

     822.0ms  RX  ◄──  [1.3]  54 30 32 30 35 62 39 61 39 38 30 30 30 30 66 66 66 66 30 31 30 30 30 30 30 30 0d 0a
              0x0205B9A9  Status idx=6 dev=41

     831.5ms  TX  ──►  [1.3]  54 30 32 30 35 30 31 32 39 38 32 64 62 32 33 62 34 31 30 30 30 30 30 30 62 63 0d
              0x02050129  cls=0x00 idx=4 dev=41

     840.0ms  RX  ◄──  [1.3]  54 30 32 30 35 62 38 32 39 38 30 30 30 30 39 62 30 36 30 30 31 63 38 30 30 30 0d 0a
              0x0205B829  Status idx=0 dev=41

     840.1ms  RX  ◄──  [1.3]  54 30 32 30 35 62 38 61 39 38 30 30 63 30 38 39 33 61 61 35 66 66 33 62 63 32 0d 0a
              0x0205B8A9  Status idx=2 dev=41

     840.3ms  RX  ◄──  [1.3]  54 30 32 30 35 62 38 65 39 38 31 38 30 30 30 30 30 30 62 30 32 64 66 35 33 64 0d 0a
              0x0205B8E9  Status idx=3 dev=41

     840.4ms  RX  ◄──  [1.3]  54 30 32 30 35 62 39 32 39 38 30 30 30 30 30 30 30 30 30 30 30 30 30 30 30 30 0d 0a
              0x0205B929  Status idx=4 dev=41

     841.8ms  RX  ◄──  [1.3]  54 30 32 30 35 62 39 36 39 38 30 30 30 30 30 30 30 30 30 30 30 30 30 30 30 30 0d 0a
              0x0205B969  Status idx=5 dev=41

     841.9ms  RX  ◄──  [1.3]  54 30 32 30 35 62 39 61 39 38 30 30 30 30 66 66 66 66 30 31 30 30 30 30 30 30 0d 0a
              0x0205B9A9  Status idx=6 dev=41

     852.0ms  TX  ──►  [1.3]  54 30 32 30 35 32 63 38 30 38 30 30 30 30 30 30 30 30 30 30 30 30 30 30 30 30 0d
              0x02052C80  cls=0x0b idx=2 dev=0

     852.3ms  TX  ──►  [1.3]  54 30 30 30 35 30 32 63 30 31 30 31 0d
              0x000502C0  cls=0x00 idx=11 dev=0

     852.6ms  TX  ──►  [1.3]  54 30 32 30 35 30 31 32 39 38 32 64 62 32 33 62 34 31 30 30 30 30 30 30 62 63 0d
              0x02050129  cls=0x00 idx=4 dev=41

     860.1ms  RX  ◄──  [1.3]  54 30 32 30 35 62 38 32 39 38 30 30 30 30 39 63 30 36 30 30 31 63 38 30 30 30 0d 0a
              0x0205B829  Status idx=0 dev=41

     860.2ms  RX  ◄──  [1.3]  54 30 32 30 35 62 38 36 39 38 30 30 30 30 30 30 30 30 30 30 30 30 30 30 30 30 0d 0a
              0x0205B869  Status idx=1 dev=41

     860.3ms  RX  ◄──  [1.3]  54 30 32 30 35 62 38 61 39 38 30 30 63 30 38 39 33 61 61 35 66 66 33 62 63 32 0d 0a
              0x0205B8A9  Status idx=2 dev=41

     860.4ms  RX  ◄──  [1.3]  54 30 32 30 35 62 38 65 39 38 31 38 30 30 30 30 30 30 64 65 38 37 66 35 33 64 0d 0a
              0x0205B8E9  Status idx=3 dev=41

     860.6ms  RX  ◄──  [1.3]  54 30 32 30 35 62 39 32 39 38 30 30 30 30 30 30 30 30 30 30 30 30 30 30 30 30 0d 0a
              0x0205B929  Status idx=4 dev=41

     861.9ms  RX  ◄──  [1.3]  54 30 32 30 35 62 39 36 39 38 30 30 30 30 30 30 30 30 30 30 30 30 30 30 30 30 0d 0a
              0x0205B969  Status idx=5 dev=41

     862.0ms  RX  ◄──  [1.3]  54 30 32 30 35 62 39 61 39 38 30 30 30 30 66 66 66 66 30 31 30 30 30 30 30 30 0d 0a
              0x0205B9A9  Status idx=6 dev=41

     872.6ms  TX  ──►  [1.3]  54 30 32 30 35 30 31 32 39 38 32 64 62 32 33 62 34 31 30 30 30 30 30 30 62 63 0d
              0x02050129  cls=0x00 idx=4 dev=41

     880.0ms  RX  ◄──  [1.3]  54 30 32 30 35 62 38 32 39 38 30 30 30 30 39 63 30 36 30 30 31 63 38 30 30 30 0d 0a
              0x0205B829  Status idx=0 dev=41

     880.1ms  RX  ◄──  [1.3]  54 30 32 30 35 62 38 61 39 38 30 30 63 30 38 39 33 61 61 35 66 66 33 62 63 32 0d 0a
              0x0205B8A9  Status idx=2 dev=41

     880.2ms  RX  ◄──  [1.3]  54 30 32 30 35 62 38 65 39 38 31 38 30 30 30 30 30 30 62 36 32 32 66 38 33 64 0d 0a
              0x0205B8E9  Status idx=3 dev=41

     880.2ms  RX  ◄──  [1.3]  54 30 32 30 35 62 39 32 39 38 30 30 30 30 30 30 30 30 30 30 30 30 30 30 30 30 0d 0a
              0x0205B929  Status idx=4 dev=41

     881.8ms  RX  ◄──  [1.3]  54 30 32 30 35 62 39 36 39 38 30 30 30 30 30 30 30 30 30 30 30 30 30 30 30 30 0d 0a
              0x0205B969  Status idx=5 dev=41

     881.9ms  RX  ◄──  [1.3]  54 30 32 30 35 62 39 61 39 38 30 30 30 30 66 66 66 66 30 31 30 30 30 30 30 30 0d 0a
              0x0205B9A9  Status idx=6 dev=41

     882.7ms  TX  ──►  [1.3]  54 30 32 30 35 32 63 38 30 38 30 30 30 30 30 30 30 30 30 30 30 30 30 30 30 30 0d
              0x02052C80  cls=0x0b idx=2 dev=0

     882.9ms  TX  ──►  [1.3]  54 30 30 30 35 30 32 63 30 31 30 31 0d
              0x000502C0  cls=0x00 idx=11 dev=0

     893.3ms  TX  ──►  [1.3]  54 30 32 30 35 30 31 32 39 38 32 64 62 32 33 62 34 31 30 30 30 30 30 30 62 63 0d
              0x02050129  cls=0x00 idx=4 dev=41

     900.0ms  RX  ◄──  [1.3]  54 30 32 30 35 62 38 32 39 38 30 30 30 30 39 61 30 36 30 30 31 63 38 30 30 30 0d 0a
              0x0205B829  Status idx=0 dev=41

     900.1ms  RX  ◄──  [1.3]  54 30 32 30 35 62 38 61 39 38 30 30 63 30 38 39 33 61 61 35 66 66 33 62 63 32 0d 0a
              0x0205B8A9  Status idx=2 dev=41

     900.2ms  RX  ◄──  [1.3]  54 30 32 30 35 62 38 65 39 38 31 38 30 30 30 30 30 30 34 38 61 36 66 35 33 64 0d 0a
              0x0205B8E9  Status idx=3 dev=41

     900.3ms  RX  ◄──  [1.3]  54 30 32 30 35 62 39 32 39 38 30 30 30 30 30 30 30 30 30 30 30 30 30 30 30 30 0d 0a
              0x0205B929  Status idx=4 dev=41

     901.9ms  RX  ◄──  [1.3]  54 30 32 30 35 62 39 36 39 38 30 30 30 30 30 30 30 30 30 30 30 30 30 30 30 30 0d 0a
              0x0205B969  Status idx=5 dev=41

     902.0ms  RX  ◄──  [1.3]  54 30 32 30 35 62 39 61 39 38 30 30 30 30 66 66 66 66 30 31 30 30 30 30 30 30 0d 0a
              0x0205B9A9  Status idx=6 dev=41

     909.2ms  TX  ──►  [1.3]  54 30 32 30 35 32 63 38 30 38 30 30 30 30 30 30 30 30 30 30 30 30 30 30 30 30 0d
              0x02052C80  cls=0x0b idx=2 dev=0

     909.5ms  TX  ──►  [1.3]  54 30 30 30 35 30 32 63 30 31 30 31 0d
              0x000502C0  cls=0x00 idx=11 dev=0

     917.3ms  TX  ──►  [1.3]  54 30 32 30 35 30 31 32 39 38 32 64 62 32 33 62 34 31 30 30 30 30 30 30 62 63 0d
              0x02050129  cls=0x00 idx=4 dev=41

     920.0ms  RX  ◄──  [1.3]  54 30 32 30 35 62 38 32 39 38 30 30 30 30 39 39 30 36 30 30 31 63 38 30 30 30 0d 0a
              0x0205B829  Status idx=0 dev=41

     920.1ms  RX  ◄──  [1.3]  54 30 32 30 35 62 38 61 39 38 30 30 63 30 38 39 33 61 61 35 66 66 33 62 63 32 0d 0a
              0x0205B8A9  Status idx=2 dev=41

     920.2ms  RX  ◄──  [1.3]  54 30 32 30 35 62 38 65 39 38 31 38 30 30 30 30 30 30 33 38 33 37 66 36 33 64 0d 0a
              0x0205B8E9  Status idx=3 dev=41

     920.4ms  RX  ◄──  [1.3]  54 30 32 30 35 62 39 32 39 38 30 30 30 30 30 30 30 30 30 30 30 30 30 30 30 30 0d 0a
              0x0205B929  Status idx=4 dev=41

     921.9ms  RX  ◄──  [1.3]  54 30 32 30 35 62 39 36 39 38 30 30 30 30 30 30 30 30 30 30 30 30 30 30 30 30 0d 0a
              0x0205B969  Status idx=5 dev=41

     922.0ms  RX  ◄──  [1.3]  54 30 32 30 35 62 39 61 39 38 30 30 30 30 66 66 66 66 30 31 30 30 30 30 30 30 0d 0a
              0x0205B9A9  Status idx=6 dev=41

     935.9ms  TX  ──►  [1.3]  54 30 32 30 35 32 63 38 30 38 30 30 30 30 30 30 30 30 30 30 30 30 30 30 30 30 0d
              0x02052C80  cls=0x0b idx=2 dev=0

     936.1ms  TX  ──►  [1.3]  54 30 30 30 35 30 32 63 30 31 30 31 0d
              0x000502C0  cls=0x00 idx=11 dev=0

     940.0ms  RX  ◄──  [1.3]  54 30 32 30 35 62 38 32 39 38 30 30 30 30 39 62 30 36 30 30 31 63 38 30 30 30 0d 0a
              0x0205B829  Status idx=0 dev=41

     940.2ms  RX  ◄──  [1.3]  54 30 32 30 35 62 38 61 39 38 30 30 63 30 38 39 33 61 61 35 66 66 33 62 63 32 0d 0a
              0x0205B8A9  Status idx=2 dev=41

     940.3ms  RX  ◄──  [1.3]  54 30 32 30 35 62 38 65 39 38 31 38 30 30 30 30 30 30 61 63 33 32 66 37 33 64 0d 0a
              0x0205B8E9  Status idx=3 dev=41

     940.4ms  RX  ◄──  [1.3]  54 30 32 30 35 62 39 32 39 38 30 30 30 30 30 30 30 30 30 30 30 30 30 30 30 30 0d 0a
              0x0205B929  Status idx=4 dev=41

     941.9ms  RX  ◄──  [1.3]  54 30 32 30 35 62 39 36 39 38 30 30 30 30 30 30 30 30 30 30 30 30 30 30 30 30 0d 0a
              0x0205B969  Status idx=5 dev=41

     942.0ms  RX  ◄──  [1.3]  54 30 32 30 35 62 39 61 39 38 30 30 30 30 66 66 66 66 30 31 30 30 30 30 30 30 0d 0a
              0x0205B9A9  Status idx=6 dev=41

     946.1ms  TX  ──►  [1.3]  54 30 32 30 35 30 31 32 39 38 32 64 62 32 33 62 34 31 30 30 30 30 30 30 62 63 0d
              0x02050129  cls=0x00 idx=4 dev=41

     960.0ms  RX  ◄──  [1.3]  54 30 32 30 35 62 38 32 39 38 30 30 30 30 39 62 30 36 30 30 31 63 38 30 30 30 0d 0a
              0x0205B829  Status idx=0 dev=41

     960.2ms  RX  ◄──  [1.3]  54 30 32 30 35 62 38 61 39 38 30 30 63 30 38 39 33 61 61 35 66 66 33 62 63 32 0d 0a
              0x0205B8A9  Status idx=2 dev=41

     960.3ms  RX  ◄──  [1.3]  54 30 32 30 35 62 38 65 39 38 31 38 30 30 30 30 30 30 32 36 36 38 66 35 33 64 0d 0a
              0x0205B8E9  Status idx=3 dev=41

     960.4ms  RX  ◄──  [1.3]  54 30 32 30 35 62 39 32 39 38 30 30 30 30 30 30 30 30 30 30 30 30 30 30 30 30 0d 0a
              0x0205B929  Status idx=4 dev=41

     961.9ms  RX  ◄──  [1.3]  54 30 32 30 35 62 39 36 39 38 30 30 30 30 30 30 30 30 30 30 30 30 30 30 30 30 0d 0a
              0x0205B969  Status idx=5 dev=41

     962.0ms  RX  ◄──  [1.3]  54 30 32 30 35 62 39 61 39 38 30 30 30 30 66 66 66 66 30 31 30 30 30 30 30 30 0d 0a
              0x0205B9A9  Status idx=6 dev=41

     966.3ms  TX  ──►  [1.3]  54 30 32 30 35 32 63 38 30 38 30 30 30 30 30 30 30 30 30 30 30 30 30 30 30 30 0d
              0x02052C80  cls=0x0b idx=2 dev=0

     966.6ms  TX  ──►  [1.3]  54 30 30 30 35 30 32 63 30 31 30 31 0d
              0x000502C0  cls=0x00 idx=11 dev=0

     966.8ms  TX  ──►  [1.3]  54 30 32 30 35 30 31 32 39 38 32 64 62 32 33 62 34 31 30 30 30 30 30 30 62 63 0d
              0x02050129  cls=0x00 idx=4 dev=41

     980.1ms  RX  ◄──  [1.3]  54 30 32 30 35 62 38 32 39 38 30 30 30 30 39 62 30 36 30 30 31 63 38 30 30 30 0d 0a
              0x0205B829  Status idx=0 dev=41

     980.4ms  RX  ◄──  [1.3]  54 30 32 30 35 62 38 61 39 38 30 30 63 30 38 39 33 61 61 35 66 66 33 62 63 32 0d 0a
              0x0205B8A9  Status idx=2 dev=41

     980.5ms  RX  ◄──  [1.3]  54 30 32 30 35 62 38 65 39 38 31 38 30 30 30 30 30 30 62 34 39 32 66 36 33 64 0d 0a
              0x0205B8E9  Status idx=3 dev=41

     980.5ms  RX  ◄──  [1.3]  54 30 32 30 35 62 39 32 39 38 30 30 30 30 30 30 30 30 30 30 30 30 30 30 30 30 0d 0a
              0x0205B929  Status idx=4 dev=41

     981.9ms  RX  ◄──  [1.3]  54 30 32 30 35 62 39 36 39 38 30 30 30 30 30 30 30 30 30 30 30 30 30 30 30 30 0d 0a
              0x0205B969  Status idx=5 dev=41

     982.0ms  RX  ◄──  [1.3]  54 30 32 30 35 62 39 61 39 38 30 30 30 30 66 66 66 66 30 31 30 30 30 30 30 30 0d 0a
              0x0205B9A9  Status idx=6 dev=41

     987.2ms  TX  ──►  [1.3]  54 30 32 30 35 30 31 32 39 38 32 64 62 32 33 62 34 31 30 30 30 30 30 30 62 63 0d
              0x02050129  cls=0x00 idx=4 dev=41

     997.8ms  TX  ──►  [1.3]  54 30 32 30 35 32 63 38 30 38 30 30 30 30 30 30 30 30 30 30 30 30 30 30 30 30 0d
              0x02052C80  cls=0x0b idx=2 dev=0

     998.1ms  TX  ──►  [1.3]  54 30 30 30 35 30 32 63 30 31 30 31 0d
              0x000502C0  cls=0x00 idx=11 dev=0

    1000.0ms  RX  ◄──  [1.3]  54 30 32 30 35 62 38 32 39 38 30 30 30 30 39 61 30 36 30 30 31 63 38 30 30 30 0d 0a
              0x0205B829  Status idx=0 dev=41

    1000.1ms  RX  ◄──  [1.3]  54 30 32 30 35 62 38 61 39 38 30 30 63 30 38 39 33 61 61 35 66 66 33 62 63 32 0d 0a
              0x0205B8A9  Status idx=2 dev=41

    1000.2ms  RX  ◄──  [1.3]  54 30 32 30 35 62 38 65 39 38 31 38 30 30 30 30 30 30 37 65 64 63 66 38 33 64 0d 0a
              0x0205B8E9  Status idx=3 dev=41

    1000.2ms  RX  ◄──  [1.3]  54 30 32 30 35 62 39 32 39 38 30 30 30 30 30 30 30 30 30 30 30 30 30 30 30 30 0d 0a
              0x0205B929  Status idx=4 dev=41

    1001.9ms  RX  ◄──  [1.3]  54 30 32 30 35 62 39 36 39 38 30 30 30 30 30 30 30 30 30 30 30 30 30 30 30 30 0d 0a
              0x0205B969  Status idx=5 dev=41

    1002.0ms  RX  ◄──  [1.3]  54 30 32 30 35 62 39 61 39 38 30 30 30 30 66 66 66 66 30 31 30 30 30 30 30 30 0d 0a
              0x0205B9A9  Status idx=6 dev=41

    1007.9ms  TX  ──►  [1.3]  54 30 32 30 35 30 31 32 39 38 32 64 62 32 33 62 34 31 30 30 30 30 30 30 62 63 0d
              0x02050129  cls=0x00 idx=4 dev=41

    1020.0ms  RX  ◄──  [1.3]  54 30 32 30 35 62 38 32 39 38 30 30 30 30 39 36 30 36 30 30 31 63 38 30 30 30 0d 0a
              0x0205B829  Status idx=0 dev=41

    1020.1ms  RX  ◄──  [1.3]  54 30 32 30 35 62 38 61 39 38 30 30 63 30 38 39 33 61 61 35 66 66 33 62 63 32 0d 0a
              0x0205B8A9  Status idx=2 dev=41

    1020.2ms  RX  ◄──  [1.3]  54 30 32 30 35 62 38 65 39 38 31 38 30 30 30 30 30 30 39 32 33 61 66 35 33 64 0d 0a
              0x0205B8E9  Status idx=3 dev=41

    1020.3ms  RX  ◄──  [1.3]  54 30 32 30 35 62 39 32 39 38 30 30 30 30 30 30 30 30 30 30 30 30 30 30 30 30 0d 0a
              0x0205B929  Status idx=4 dev=41

    1021.9ms  RX  ◄──  [1.3]  54 30 32 30 35 62 39 36 39 38 30 30 30 30 30 30 30 30 30 30 30 30 30 30 30 30 0d 0a
              0x0205B969  Status idx=5 dev=41

    1022.0ms  RX  ◄──  [1.3]  54 30 32 30 35 62 39 61 39 38 30 30 30 30 66 66 66 66 30 31 30 30 30 30 30 30 0d 0a
              0x0205B9A9  Status idx=6 dev=41

    1028.8ms  TX  ──►  [1.3]  54 30 32 30 35 32 63 38 30 38 30 30 30 30 30 30 30 30 30 30 30 30 30 30 30 30 0d
              0x02052C80  cls=0x0b idx=2 dev=0

    1029.0ms  TX  ──►  [1.3]  54 30 30 30 35 30 32 63 30 31 30 31 0d
              0x000502C0  cls=0x00 idx=11 dev=0

    1029.2ms  TX  ──►  [1.3]  54 30 32 30 35 30 31 32 39 38 32 64 62 32 33 62 34 31 30 30 30 30 30 30 62 63 0d
              0x02050129  cls=0x00 idx=4 dev=41

    1040.0ms  RX  ◄──  [1.3]  54 30 32 30 35 62 38 32 39 38 30 30 30 30 39 37 30 36 30 30 31 63 38 30 30 30 0d 0a
              0x0205B829  Status idx=0 dev=41

    1040.1ms  RX  ◄──  [1.3]  54 30 32 30 35 62 38 61 39 38 30 30 63 30 38 39 33 61 61 35 66 66 33 62 63 32 0d 0a
              0x0205B8A9  Status idx=2 dev=41

    1040.2ms  RX  ◄──  [1.3]  54 30 32 30 35 62 38 65 39 38 31 38 30 30 30 30 30 30 66 61 35 38 66 35 33 64 0d 0a
              0x0205B8E9  Status idx=3 dev=41

    1040.3ms  RX  ◄──  [1.3]  54 30 32 30 35 62 39 32 39 38 30 30 30 30 30 30 30 30 30 30 30 30 30 30 30 30 0d 0a
              0x0205B929  Status idx=4 dev=41

    1041.8ms  RX  ◄──  [1.3]  54 30 32 30 35 62 39 36 39 38 30 30 30 30 30 30 30 30 30 30 30 30 30 30 30 30 0d 0a
              0x0205B969  Status idx=5 dev=41

    1041.9ms  RX  ◄──  [1.3]  54 30 32 30 35 62 39 61 39 38 30 30 30 30 66 66 66 66 30 31 30 30 30 30 30 30 0d 0a
              0x0205B9A9  Status idx=6 dev=41

    1049.4ms  TX  ──►  [1.3]  54 30 32 30 35 30 31 32 39 38 32 64 62 32 33 62 34 31 30 30 30 30 30 30 62 63 0d
              0x02050129  cls=0x00 idx=4 dev=41

    1059.9ms  TX  ──►  [1.3]  54 30 32 30 35 32 63 38 30 38 30 30 30 30 30 30 30 30 30 30 30 30 30 30 30 30 0d
              0x02052C80  cls=0x0b idx=2 dev=0

    1060.0ms  RX  ◄──  [1.3]  54 30 32 30 35 62 38 32 39 38 30 30 30 30 39 61 30 36 30 30 31 63 38 30 30 30 0d 0a
              0x0205B829  Status idx=0 dev=41

    1060.0ms  TX  ──►  [1.3]  54 30 30 30 35 30 32 63 30 31 30 31 0d
              0x000502C0  cls=0x00 idx=11 dev=0

    1060.2ms  RX  ◄──  [1.3]  54 30 32 30 35 62 38 61 39 38 30 30 63 30 38 39 33 61 61 35 66 66 33 62 63 32 0d 0a
              0x0205B8A9  Status idx=2 dev=41

    1060.3ms  RX  ◄──  [1.3]  54 30 32 30 35 62 38 65 39 38 31 38 30 30 30 30 30 30 31 38 31 61 66 38 33 64 0d 0a
              0x0205B8E9  Status idx=3 dev=41

    1060.3ms  RX  ◄──  [1.3]  54 30 32 30 35 62 39 32 39 38 30 30 30 30 30 30 30 30 30 30 30 30 30 30 30 30 0d 0a
              0x0205B929  Status idx=4 dev=41

    1061.8ms  RX  ◄──  [1.3]  54 30 32 30 35 62 39 36 39 38 30 30 30 30 30 30 30 30 30 30 30 30 30 30 30 30 0d 0a
              0x0205B969  Status idx=5 dev=41

    1061.9ms  RX  ◄──  [1.3]  54 30 32 30 35 62 39 61 39 38 30 30 30 30 66 66 66 66 30 31 30 30 30 30 30 30 0d 0a
              0x0205B9A9  Status idx=6 dev=41

    1070.4ms  TX  ──►  [1.3]  54 30 32 30 35 30 31 32 39 38 32 64 62 32 33 62 34 31 30 30 30 30 30 30 62 63 0d
              0x02050129  cls=0x00 idx=4 dev=41

    1080.1ms  RX  ◄──  [1.3]  54 30 32 30 35 62 38 32 39 38 30 30 30 30 39 36 30 36 30 30 31 63 38 30 30 30 0d 0a
              0x0205B829  Status idx=0 dev=41

    1080.2ms  RX  ◄──  [1.3]  54 30 32 30 35 62 38 61 39 38 30 30 63 30 38 39 33 61 61 35 66 66 33 62 63 32 0d 0a
              0x0205B8A9  Status idx=2 dev=41

    1080.3ms  RX  ◄──  [1.3]  54 30 32 30 35 62 38 65 39 38 31 38 30 30 30 30 30 30 38 30 65 38 66 35 33 64 0d 0a
              0x0205B8E9  Status idx=3 dev=41

    1080.6ms  RX  ◄──  [1.3]  54 30 32 30 35 62 39 32 39 38 30 30 30 30 30 30 30 30 30 30 30 30 30 30 30 30 0d 0a
              0x0205B929  Status idx=4 dev=41

    1081.8ms  RX  ◄──  [1.3]  54 30 32 30 35 62 39 36 39 38 30 30 30 30 30 30 30 30 30 30 30 30 30 30 30 30 0d 0a
              0x0205B969  Status idx=5 dev=41

    1081.9ms  RX  ◄──  [1.3]  54 30 32 30 35 62 39 61 39 38 30 30 30 30 66 66 66 66 30 31 30 30 30 30 30 30 0d 0a
              0x0205B9A9  Status idx=6 dev=41

    1090.9ms  TX  ──►  [1.3]  54 30 32 30 35 32 63 38 30 38 30 30 30 30 30 30 30 30 30 30 30 30 30 30 30 30 0d
              0x02052C80  cls=0x0b idx=2 dev=0

    1091.2ms  TX  ──►  [1.3]  54 30 30 30 35 30 32 63 30 31 30 31 0d
              0x000502C0  cls=0x00 idx=11 dev=0

    1091.5ms  TX  ──►  [1.3]  54 30 32 30 35 30 31 32 39 38 32 64 62 32 33 62 34 31 30 30 30 30 30 30 62 63 0d
              0x02050129  cls=0x00 idx=4 dev=41

    1100.1ms  RX  ◄──  [1.3]  54 30 32 30 35 62 38 32 39 38 30 30 30 30 39 37 30 36 30 30 31 63 38 30 30 30 0d 0a
              0x0205B829  Status idx=0 dev=41

    1100.2ms  RX  ◄──  [1.3]  54 30 32 30 35 62 38 61 39 38 30 30 63 30 38 39 33 61 61 35 66 66 33 62 63 32 0d 0a
              0x0205B8A9  Status idx=2 dev=41

    1100.3ms  RX  ◄──  [1.3]  54 30 32 30 35 62 38 65 39 38 31 38 30 30 30 30 30 30 62 61 39 34 66 35 33 64 0d 0a
              0x0205B8E9  Status idx=3 dev=41

    1100.5ms  RX  ◄──  [1.3]  54 30 32 30 35 62 39 32 39 38 30 30 30 30 30 30 30 30 30 30 30 30 30 30 30 30 0d 0a
              0x0205B929  Status idx=4 dev=41

    1101.8ms  RX  ◄──  [1.3]  54 30 32 30 35 62 39 36 39 38 30 30 30 30 30 30 30 30 30 30 30 30 30 30 30 30 0d 0a
              0x0205B969  Status idx=5 dev=41

    1101.9ms  RX  ◄──  [1.3]  54 30 32 30 35 62 39 61 39 38 30 30 30 30 66 66 66 66 30 31 30 30 30 30 30 30 0d 0a
              0x0205B9A9  Status idx=6 dev=41

    1109.8ms  RX  ◄──  [1.3]  54 30 32 30 35 62 38 36 39 38 30 30 30 30 30 30 30 30 30 30 30 30 30 30 30 30 0d 0a
              0x0205B869  Status idx=1 dev=41

    1111.3ms  TX  ──►  [1.3]  54 30 32 30 35 30 31 32 39 38 32 64 62 32 33 62 34 31 30 30 30 30 30 30 62 63 0d
              0x02050129  cls=0x00 idx=4 dev=41

    1120.1ms  RX  ◄──  [1.3]  54 30 32 30 35 62 38 32 39 38 30 30 30 30 39 39 30 36 30 30 31 63 38 30 30 30 0d 0a
              0x0205B829  Status idx=0 dev=41

    1120.2ms  RX  ◄──  [1.3]  54 30 32 30 35 62 38 61 39 38 30 30 63 30 38 39 33 61 61 35 66 66 33 62 63 32 0d 0a
              0x0205B8A9  Status idx=2 dev=41

    1120.3ms  RX  ◄──  [1.3]  54 30 32 30 35 62 38 65 39 38 31 38 30 30 30 30 30 30 30 30 36 35 66 38 33 64 0d 0a
              0x0205B8E9  Status idx=3 dev=41

    1120.4ms  RX  ◄──  [1.3]  54 30 32 30 35 62 39 32 39 38 30 30 30 30 30 30 30 30 30 30 30 30 30 30 30 30 0d 0a
              0x0205B929  Status idx=4 dev=41

    1121.8ms  TX  ──►  [1.3]  54 30 32 30 35 32 63 38 30 38 30 30 30 30 30 30 30 30 30 30 30 30 30 30 30 30 0d
              0x02052C80  cls=0x0b idx=2 dev=0

    1121.9ms  RX  ◄──  [1.3]  54 30 32 30 35 62 39 36 39 38 30 30 30 30 30 30 30 30 30 30 30 30 30 30 30 30 0d 0a
              0x0205B969  Status idx=5 dev=41

    1122.0ms  RX  ◄──  [1.3]  54 30 32 30 35 62 39 61 39 38 30 30 30 30 66 66 66 66 30 31 30 30 30 30 30 30 0d 0a
              0x0205B9A9  Status idx=6 dev=41

    1122.0ms  TX  ──►  [1.3]  54 30 30 30 35 30 32 63 30 31 30 31 0d
              0x000502C0  cls=0x00 idx=11 dev=0

    1132.0ms  TX  ──►  [1.3]  54 30 32 30 35 30 31 32 39 38 32 64 62 32 33 62 34 31 30 30 30 30 30 30 62 63 0d
              0x02050129  cls=0x00 idx=4 dev=41

    1140.1ms  RX  ◄──  [1.3]  54 30 32 30 35 62 38 32 39 38 30 30 30 30 39 61 30 36 30 30 31 63 38 30 30 30 0d 0a
              0x0205B829  Status idx=0 dev=41

    1140.2ms  RX  ◄──  [1.3]  54 30 32 30 35 62 38 61 39 38 30 30 63 30 38 39 33 61 61 35 66 66 33 62 63 32 0d 0a
              0x0205B8A9  Status idx=2 dev=41

    1140.4ms  RX  ◄──  [1.3]  54 30 32 30 35 62 38 65 39 38 31 38 30 30 30 30 30 30 64 38 36 33 66 36 33 64 0d 0a
              0x0205B8E9  Status idx=3 dev=41

    1140.5ms  RX  ◄──  [1.3]  54 30 32 30 35 62 39 32 39 38 30 30 30 30 30 30 30 30 30 30 30 30 30 30 30 30 0d 0a
              0x0205B929  Status idx=4 dev=41

    1141.9ms  RX  ◄──  [1.3]  54 30 32 30 35 62 39 36 39 38 30 30 30 30 30 30 30 30 30 30 30 30 30 30 30 30 0d 0a
              0x0205B969  Status idx=5 dev=41

    1142.0ms  RX  ◄──  [1.3]  54 30 32 30 35 62 39 61 39 38 30 30 30 30 66 66 66 66 30 31 30 30 30 30 30 30 0d 0a
              0x0205B9A9  Status idx=6 dev=41

    1152.9ms  TX  ──►  [1.3]  54 30 32 30 35 32 63 38 30 38 30 30 30 30 30 30 30 30 30 30 30 30 30 30 30 30 0d
              0x02052C80  cls=0x0b idx=2 dev=0

    1153.1ms  TX  ──►  [1.3]  54 30 30 30 35 30 32 63 30 31 30 31 0d
              0x000502C0  cls=0x00 idx=11 dev=0

    1153.3ms  TX  ──►  [1.3]  54 30 32 30 35 30 31 32 39 38 32 64 62 32 33 62 34 31 30 30 30 30 30 30 62 63 0d
              0x02050129  cls=0x00 idx=4 dev=41

    1160.0ms  RX  ◄──  [1.3]  54 30 32 30 35 62 38 32 39 38 30 30 30 30 39 61 30 36 30 30 31 63 38 30 30 30 0d 0a
              0x0205B829  Status idx=0 dev=41

    1160.1ms  RX  ◄──  [1.3]  54 30 32 30 35 62 38 61 39 38 30 30 63 30 38 39 33 61 61 35 66 66 33 62 63 32 0d 0a
              0x0205B8A9  Status idx=2 dev=41

    1160.3ms  RX  ◄──  [1.3]  54 30 32 30 35 62 38 65 39 38 31 38 30 30 30 30 30 30 38 38 35 34 66 36 33 64 0d 0a
              0x0205B8E9  Status idx=3 dev=41

    1160.4ms  RX  ◄──  [1.3]  54 30 32 30 35 62 39 32 39 38 30 30 30 30 30 30 30 30 30 30 30 30 30 30 30 30 0d 0a
              0x0205B929  Status idx=4 dev=41

    1162.0ms  RX  ◄──  [1.3]  54 30 32 30 35 62 39 36 39 38 30 30 30 30 30 30 30 30 30 30 30 30 30 30 30 30 0d 0a
              0x0205B969  Status idx=5 dev=41

    1162.1ms  RX  ◄──  [1.3]  54 30 32 30 35 62 39 61 39 38 30 30 30 30 66 66 66 66 30 31 30 30 30 30 30 30 0d 0a
              0x0205B9A9  Status idx=6 dev=41

    1173.6ms  TX  ──►  [1.3]  54 30 32 30 35 30 31 32 39 38 32 64 62 32 33 62 34 31 30 30 30 30 30 30 62 63 0d
              0x02050129  cls=0x00 idx=4 dev=41

    1180.0ms  RX  ◄──  [1.3]  54 30 32 30 35 62 38 32 39 38 30 30 30 30 39 61 30 36 30 30 31 63 38 30 30 30 0d 0a
              0x0205B829  Status idx=0 dev=41

    1180.2ms  RX  ◄──  [1.3]  54 30 32 30 35 62 38 61 39 38 30 30 63 30 38 39 33 61 61 35 66 66 33 62 63 32 0d 0a
              0x0205B8A9  Status idx=2 dev=41

    1180.3ms  RX  ◄──  [1.3]  54 30 32 30 35 62 38 65 39 38 31 38 30 30 30 30 30 30 33 38 66 66 66 37 33 64 0d 0a
              0x0205B8E9  Status idx=3 dev=41

    1180.4ms  RX  ◄──  [1.3]  54 30 32 30 35 62 39 32 39 38 30 30 30 30 30 30 30 30 30 30 30 30 30 30 30 30 0d 0a
              0x0205B929  Status idx=4 dev=41

    1181.9ms  RX  ◄──  [1.3]  54 30 32 30 35 62 39 36 39 38 30 30 30 30 30 30 30 30 30 30 30 30 30 30 30 30 0d 0a
              0x0205B969  Status idx=5 dev=41

    1181.9ms  RX  ◄──  [1.3]  54 30 32 30 35 62 39 61 39 38 30 30 30 30 66 66 66 66 30 31 30 30 30 30 30 30 0d 0a
              0x0205B9A9  Status idx=6 dev=41

    1183.8ms  TX  ──►  [1.3]  54 30 32 30 35 32 63 38 30 38 30 30 30 30 30 30 30 30 30 30 30 30 30 30 30 30 0d
              0x02052C80  cls=0x0b idx=2 dev=0

    1184.0ms  TX  ──►  [1.3]  54 30 30 30 35 30 32 63 30 31 30 31 0d
              0x000502C0  cls=0x00 idx=11 dev=0

    1194.0ms  TX  ──►  [1.3]  54 30 32 30 35 30 31 32 39 38 32 64 62 32 33 62 34 31 30 30 30 30 30 30 62 63 0d
              0x02050129  cls=0x00 idx=4 dev=41

    1200.0ms  RX  ◄──  [1.3]  54 30 32 30 35 62 38 32 39 38 30 30 30 30 39 61 30 36 30 30 31 63 38 30 30 30 0d 0a
              0x0205B829  Status idx=0 dev=41

    1200.1ms  RX  ◄──  [1.3]  54 30 32 30 35 62 38 61 39 38 30 30 63 30 38 39 33 61 61 35 66 66 33 62 63 32 0d 0a
              0x0205B8A9  Status idx=2 dev=41

    1200.2ms  RX  ◄──  [1.3]  54 30 32 30 35 62 38 65 39 38 31 38 30 30 30 30 30 30 39 32 31 63 66 36 33 64 0d 0a
              0x0205B8E9  Status idx=3 dev=41

    1200.3ms  RX  ◄──  [1.3]  54 30 32 30 35 62 39 32 39 38 30 30 30 30 30 30 30 30 30 30 30 30 30 30 30 30 0d 0a
              0x0205B929  Status idx=4 dev=41

    1201.9ms  RX  ◄──  [1.3]  54 30 32 30 35 62 39 36 39 38 30 30 30 30 30 30 30 30 30 30 30 30 30 30 30 30 0d 0a
              0x0205B969  Status idx=5 dev=41

    1202.0ms  RX  ◄──  [1.3]  54 30 32 30 35 62 39 61 39 38 30 30 30 30 66 66 66 66 30 31 30 30 30 30 30 30 0d 0a
              0x0205B9A9  Status idx=6 dev=41

    1214.7ms  TX  ──►  [1.3]  54 30 32 30 35 32 63 38 30 38 30 30 30 30 30 30 30 30 30 30 30 30 30 30 30 30 0d
              0x02052C80  cls=0x0b idx=2 dev=0

    1214.8ms  TX  ──►  [1.3]  54 30 30 30 35 30 32 63 30 31 30 31 0d
              0x000502C0  cls=0x00 idx=11 dev=0

    1215.0ms  TX  ──►  [1.3]  54 30 32 30 35 30 31 32 39 38 32 64 62 32 33 62 34 31 30 30 30 30 30 30 62 63 0d
              0x02050129  cls=0x00 idx=4 dev=41

    1220.0ms  RX  ◄──  [1.3]  54 30 32 30 35 62 38 32 39 38 30 30 30 30 39 61 30 36 30 30 31 63 38 30 30 30 0d 0a
              0x0205B829  Status idx=0 dev=41

    1220.1ms  RX  ◄──  [1.3]  54 30 32 30 35 62 38 61 39 38 30 30 63 30 38 39 33 61 61 35 66 66 33 62 63 32 0d 0a
              0x0205B8A9  Status idx=2 dev=41

    1220.2ms  RX  ◄──  [1.3]  54 30 32 30 35 62 38 65 39 38 31 38 30 30 30 30 30 30 61 61 35 65 66 36 33 64 0d 0a
              0x0205B8E9  Status idx=3 dev=41

    1220.3ms  RX  ◄──  [1.3]  54 30 32 30 35 62 39 32 39 38 30 30 30 30 30 30 30 30 30 30 30 30 30 30 30 30 0d 0a
              0x0205B929  Status idx=4 dev=41

    1221.9ms  RX  ◄──  [1.3]  54 30 32 30 35 62 39 36 39 38 30 30 30 30 30 30 30 30 30 30 30 30 30 30 30 30 0d 0a
              0x0205B969  Status idx=5 dev=41

    1222.0ms  RX  ◄──  [1.3]  54 30 32 30 35 62 39 61 39 38 30 30 30 30 66 66 66 66 30 31 30 30 30 30 30 30 0d 0a
              0x0205B9A9  Status idx=6 dev=41

    1234.9ms  TX  ──►  [1.3]  54 30 32 30 35 30 31 32 39 38 32 64 62 32 33 62 34 31 30 30 30 30 30 30 62 63 0d
              0x02050129  cls=0x00 idx=4 dev=41

    1240.1ms  RX  ◄──  [1.3]  54 30 32 30 35 62 38 32 39 38 30 30 30 30 39 38 30 36 30 30 31 63 38 30 30 30 0d 0a
              0x0205B829  Status idx=0 dev=41

    1240.2ms  RX  ◄──  [1.3]  54 30 32 30 35 62 38 61 39 38 30 30 63 30 38 39 33 61 61 35 66 66 33 62 63 32 0d 0a
              0x0205B8A9  Status idx=2 dev=41

    1240.3ms  RX  ◄──  [1.3]  54 30 32 30 35 62 38 65 39 38 31 38 30 30 30 30 30 30 35 32 30 64 66 38 33 64 0d 0a
              0x0205B8E9  Status idx=3 dev=41

    1240.4ms  RX  ◄──  [1.3]  54 30 32 30 35 62 39 32 39 38 30 30 30 30 30 30 30 30 30 30 30 30 30 30 30 30 0d 0a
              0x0205B929  Status idx=4 dev=41

    1241.9ms  RX  ◄──  [1.3]  54 30 32 30 35 62 39 36 39 38 30 30 30 30 30 30 30 30 30 30 30 30 30 30 30 30 0d 0a
              0x0205B969  Status idx=5 dev=41

    1242.0ms  RX  ◄──  [1.3]  54 30 32 30 35 62 39 61 39 38 30 30 30 30 66 66 66 66 30 31 30 30 30 30 30 30 0d 0a
              0x0205B9A9  Status idx=6 dev=41

    1245.1ms  TX  ──►  [1.3]  54 30 32 30 35 32 63 38 30 38 30 30 30 30 30 30 30 30 30 30 30 30 30 30 30 30 0d
              0x02052C80  cls=0x0b idx=2 dev=0

    1245.3ms  TX  ──►  [1.3]  54 30 30 30 35 30 32 63 30 31 30 31 0d
              0x000502C0  cls=0x00 idx=11 dev=0

    1255.7ms  TX  ──►  [1.3]  54 30 32 30 35 30 31 32 39 38 32 64 62 32 33 62 34 31 30 30 30 30 30 30 62 63 0d
              0x02050129  cls=0x00 idx=4 dev=41

    1260.0ms  RX  ◄──  [1.3]  54 30 32 30 35 62 38 32 39 38 30 30 30 30 39 37 30 36 30 30 31 63 38 30 30 30 0d 0a
              0x0205B829  Status idx=0 dev=41

    1260.1ms  RX  ◄──  [1.3]  54 30 32 30 35 62 38 61 39 38 30 30 63 30 38 39 33 61 61 35 66 66 33 62 63 32 0d 0a
              0x0205B8A9  Status idx=2 dev=41

    1260.2ms  RX  ◄──  [1.3]  54 30 32 30 35 62 38 65 39 38 31 38 30 30 30 30 30 30 32 34 33 34 66 35 33 64 0d 0a
              0x0205B8E9  Status idx=3 dev=41

    1260.3ms  RX  ◄──  [1.3]  54 30 32 30 35 62 39 32 39 38 30 30 30 30 30 30 30 30 30 30 30 30 30 30 30 30 0d 0a
              0x0205B929  Status idx=4 dev=41

    1261.9ms  RX  ◄──  [1.3]  54 30 32 30 35 62 39 36 39 38 30 30 30 30 30 30 30 30 30 30 30 30 30 30 30 30 0d 0a
              0x0205B969  Status idx=5 dev=41

    1262.0ms  RX  ◄──  [1.3]  54 30 32 30 35 62 39 61 39 38 30 30 30 30 66 66 66 66 30 31 30 30 30 30 30 30 0d 0a
              0x0205B9A9  Status idx=6 dev=41

    1276.0ms  TX  ──►  [1.3]  54 30 32 30 35 32 63 38 30 38 30 30 30 30 30 30 30 30 30 30 30 30 30 30 30 30 0d
              0x02052C80  cls=0x0b idx=2 dev=0

    1276.2ms  TX  ──►  [1.3]  54 30 30 30 35 30 32 63 30 31 30 31 0d
              0x000502C0  cls=0x00 idx=11 dev=0

    1276.4ms  TX  ──►  [1.3]  54 30 32 30 35 30 31 32 39 38 32 64 62 32 33 62 34 31 30 30 30 30 30 30 62 63 0d
              0x02050129  cls=0x00 idx=4 dev=41

    1280.0ms  RX  ◄──  [1.3]  54 30 32 30 35 62 38 32 39 38 30 30 30 30 39 37 30 36 30 30 31 63 38 30 30 30 0d 0a
              0x0205B829  Status idx=0 dev=41

    1280.2ms  RX  ◄──  [1.3]  54 30 32 30 35 62 38 61 39 38 30 30 63 30 38 39 33 61 61 35 66 66 33 62 63 32 0d 0a
              0x0205B8A9  Status idx=2 dev=41

    1280.3ms  RX  ◄──  [1.3]  54 30 32 30 35 62 38 65 39 38 31 38 30 30 30 30 30 30 37 38 66 36 66 35 33 64 0d 0a
              0x0205B8E9  Status idx=3 dev=41

    1280.4ms  RX  ◄──  [1.3]  54 30 32 30 35 62 39 32 39 38 30 30 30 30 30 30 30 30 30 30 30 30 30 30 30 30 0d 0a
              0x0205B929  Status idx=4 dev=41

    1281.8ms  RX  ◄──  [1.3]  54 30 32 30 35 62 39 36 39 38 30 30 30 30 30 30 30 30 30 30 30 30 30 30 30 30 0d 0a
              0x0205B969  Status idx=5 dev=41

    1281.9ms  RX  ◄──  [1.3]  54 30 32 30 35 62 39 61 39 38 30 30 30 30 66 66 66 66 30 31 30 30 30 30 30 30 0d 0a
              0x0205B9A9  Status idx=6 dev=41

    1296.1ms  TX  ──►  [1.3]  54 30 32 30 35 30 31 32 39 38 32 64 62 32 33 62 34 31 30 30 30 30 30 30 62 63 0d
              0x02050129  cls=0x00 idx=4 dev=41

    1300.1ms  RX  ◄──  [1.3]  54 30 32 30 35 62 38 32 39 38 30 30 30 30 39 38 30 36 30 30 31 63 38 30 30 30 0d 0a
              0x0205B829  Status idx=0 dev=41

    1300.3ms  RX  ◄──  [1.3]  54 30 32 30 35 62 38 61 39 38 30 30 63 30 38 39 33 61 61 35 66 66 33 62 63 32 0d 0a
              0x0205B8A9  Status idx=2 dev=41

    1300.3ms  RX  ◄──  [1.3]  54 30 32 30 35 62 38 65 39 38 31 38 30 30 30 30 30 30 33 65 37 38 66 39 33 64 0d 0a
              0x0205B8E9  Status idx=3 dev=41

    1300.4ms  RX  ◄──  [1.3]  54 30 32 30 35 62 39 32 39 38 30 30 30 30 30 30 30 30 30 30 30 30 30 30 30 30 0d 0a
              0x0205B929  Status idx=4 dev=41

    1301.8ms  RX  ◄──  [1.3]  54 30 32 30 35 62 39 36 39 38 30 30 30 30 30 30 30 30 30 30 30 30 30 30 30 30 0d 0a
              0x0205B969  Status idx=5 dev=41

    1301.9ms  RX  ◄──  [1.3]  54 30 32 30 35 62 39 61 39 38 30 30 30 30 66 66 66 66 30 31 30 30 30 30 30 30 0d 0a
              0x0205B9A9  Status idx=6 dev=41

    1306.2ms  TX  ──►  [1.3]  54 30 32 30 35 32 63 38 30 38 30 30 30 30 30 30 30 30 30 30 30 30 30 30 30 30 0d
              0x02052C80  cls=0x0b idx=2 dev=0

    1306.5ms  TX  ──►  [1.3]  54 30 30 30 35 30 32 63 30 31 30 31 0d
              0x000502C0  cls=0x00 idx=11 dev=0

    1316.5ms  TX  ──►  [1.3]  54 30 32 30 35 30 31 32 39 38 32 64 62 32 33 62 34 31 30 30 30 30 30 30 62 63 0d
              0x02050129  cls=0x00 idx=4 dev=41

    1320.1ms  RX  ◄──  [1.3]  54 30 32 30 35 62 38 32 39 38 30 30 30 30 39 35 30 36 30 30 31 63 38 30 30 30 0d 0a
              0x0205B829  Status idx=0 dev=41

    1320.4ms  RX  ◄──  [1.3]  54 30 32 30 35 62 38 61 39 38 30 30 63 30 38 39 33 61 61 35 66 66 33 62 63 32 0d 0a
              0x0205B8A9  Status idx=2 dev=41

    1320.5ms  RX  ◄──  [1.3]  54 30 32 30 35 62 38 65 39 38 31 38 30 30 30 30 30 30 31 32 34 30 66 36 33 64 0d 0a
              0x0205B8E9  Status idx=3 dev=41

    1320.6ms  RX  ◄──  [1.3]  54 30 32 30 35 62 39 32 39 38 30 30 30 30 30 30 30 30 30 30 30 30 30 30 30 30 0d 0a
              0x0205B929  Status idx=4 dev=41

    1321.9ms  RX  ◄──  [1.3]  54 30 32 30 35 62 39 36 39 38 30 30 30 30 30 30 30 30 30 30 30 30 30 30 30 30 0d 0a
              0x0205B969  Status idx=5 dev=41

    1322.0ms  RX  ◄──  [1.3]  54 30 32 30 35 62 39 61 39 38 30 30 30 30 66 66 66 66 30 31 30 30 30 30 30 30 0d 0a
              0x0205B9A9  Status idx=6 dev=41

    1340.0ms  RX  ◄──  [1.3]  54 30 32 30 35 62 38 32 39 38 30 30 30 30 39 37 30 36 30 30 31 63 38 30 30 30 0d 0a
              0x0205B829  Status idx=0 dev=41

    1340.1ms  RX  ◄──  [1.3]  54 30 32 30 35 62 38 61 39 38 30 30 63 30 38 39 33 61 61 35 66 66 33 62 63 32 0d 0a
              0x0205B8A9  Status idx=2 dev=41

    1340.3ms  RX  ◄──  [1.3]  54 30 32 30 35 62 38 65 39 38 31 38 30 30 30 30 30 30 36 36 63 65 66 36 33 64 0d 0a
              0x0205B8E9  Status idx=3 dev=41

    1340.4ms  RX  ◄──  [1.3]  54 30 32 30 35 62 39 32 39 38 30 30 30 30 30 30 30 30 30 30 30 30 30 30 30 30 0d 0a
              0x0205B929  Status idx=4 dev=41

    1341.9ms  RX  ◄──  [1.3]  54 30 32 30 35 62 39 36 39 38 30 30 30 30 30 30 30 30 30 30 30 30 30 30 30 30 0d 0a
              0x0205B969  Status idx=5 dev=41

    1342.0ms  RX  ◄──  [1.3]  54 30 32 30 35 62 39 61 39 38 30 30 30 30 66 66 66 66 30 31 30 30 30 30 30 30 0d 0a
              0x0205B9A9  Status idx=6 dev=41

    1343.3ms  TX  ──►  [1.3]  54 30 32 30 35 32 63 38 30 38 30 30 30 30 30 30 30 30 30 30 30 30 30 30 30 30 0d
              0x02052C80  cls=0x0b idx=2 dev=0

    1343.6ms  TX  ──►  [1.3]  54 30 30 30 35 30 32 63 30 31 30 31 0d
              0x000502C0  cls=0x00 idx=11 dev=0

    1343.8ms  TX  ──►  [1.3]  54 30 32 30 35 30 31 32 39 38 32 64 62 32 33 62 34 31 30 30 30 30 30 30 62 63 0d
              0x02050129  cls=0x00 idx=4 dev=41

    1360.1ms  RX  ◄──  [1.3]  54 30 32 30 35 62 38 32 39 38 30 30 30 30 39 62 30 36 30 30 31 63 38 30 30 30 0d 0a
              0x0205B829  Status idx=0 dev=41

    1360.2ms  RX  ◄──  [1.3]  54 30 32 30 35 62 38 36 39 38 30 30 30 30 30 30 30 30 30 30 30 30 30 30 30 30 0d 0a
              0x0205B869  Status idx=1 dev=41

    1360.3ms  RX  ◄──  [1.3]  54 30 32 30 35 62 38 61 39 38 30 30 63 30 38 39 33 61 61 35 66 66 33 62 63 32 0d 0a
              0x0205B8A9  Status idx=2 dev=41

    1360.4ms  RX  ◄──  [1.3]  54 30 32 30 35 62 38 65 39 38 31 38 30 30 30 30 30 30 38 63 39 62 66 38 33 64 0d 0a
              0x0205B8E9  Status idx=3 dev=41

    1360.5ms  RX  ◄──  [1.3]  54 30 32 30 35 62 39 32 39 38 30 30 30 30 30 30 30 30 30 30 30 30 30 30 30 30 0d 0a
              0x0205B929  Status idx=4 dev=41

    1361.8ms  RX  ◄──  [1.3]  54 30 32 30 35 62 39 36 39 38 30 30 30 30 30 30 30 30 30 30 30 30 30 30 30 30 0d 0a
              0x0205B969  Status idx=5 dev=41

    1362.0ms  RX  ◄──  [1.3]  54 30 32 30 35 62 39 61 39 38 30 30 30 30 66 66 66 66 30 31 30 30 30 30 30 30 0d 0a
              0x0205B9A9  Status idx=6 dev=41

    1371.9ms  TX  ──►  [1.3]  54 30 32 30 35 32 63 38 30 38 30 30 30 30 30 30 30 30 30 30 30 30 30 30 30 30 0d
              0x02052C80  cls=0x0b idx=2 dev=0

    1372.1ms  TX  ──►  [1.3]  54 30 30 30 35 30 32 63 30 31 30 31 0d
              0x000502C0  cls=0x00 idx=11 dev=0

    1372.3ms  TX  ──►  [1.3]  54 30 32 30 35 30 31 32 39 38 32 64 62 32 33 62 34 31 30 30 30 30 30 30 62 63 0d
              0x02050129  cls=0x00 idx=4 dev=41

    1380.0ms  RX  ◄──  [1.3]  54 30 32 30 35 62 38 32 39 38 30 30 30 30 39 36 30 36 30 30 31 63 38 30 30 30 0d 0a
              0x0205B829  Status idx=0 dev=41

    1380.2ms  RX  ◄──  [1.3]  54 30 32 30 35 62 38 61 39 38 30 30 63 30 38 39 33 61 61 35 66 66 33 62 63 32 0d 0a
              0x0205B8A9  Status idx=2 dev=41

    1380.3ms  RX  ◄──  [1.3]  54 30 32 30 35 62 38 65 39 38 31 38 30 30 30 30 30 30 33 30 61 35 66 35 33 64 0d 0a
              0x0205B8E9  Status idx=3 dev=41

    1380.4ms  RX  ◄──  [1.3]  54 30 32 30 35 62 39 32 39 38 30 30 30 30 30 30 30 30 30 30 30 30 30 30 30 30 0d 0a
              0x0205B929  Status idx=4 dev=41

    1382.0ms  RX  ◄──  [1.3]  54 30 32 30 35 62 39 36 39 38 30 30 30 30 30 30 30 30 30 30 30 30 30 30 30 30 0d 0a
              0x0205B969  Status idx=5 dev=41

    1382.1ms  RX  ◄──  [1.3]  54 30 32 30 35 62 39 61 39 38 30 30 30 30 66 66 66 66 30 31 30 30 30 30 30 30 0d 0a
              0x0205B9A9  Status idx=6 dev=41

    1396.9ms  TX  ──►  [1.3]  54 30 32 30 35 32 63 38 30 38 30 30 30 30 30 30 30 30 30 30 30 30 30 30 30 30 0d
              0x02052C80  cls=0x0b idx=2 dev=0

    1397.2ms  TX  ──►  [1.3]  54 30 30 30 35 30 32 63 30 31 30 31 0d
              0x000502C0  cls=0x00 idx=11 dev=0

    1397.4ms  TX  ──►  [1.3]  54 30 32 30 35 30 31 32 39 38 32 64 62 32 33 62 34 31 30 30 30 30 30 30 62 63 0d
              0x02050129  cls=0x00 idx=4 dev=41

    1400.0ms  RX  ◄──  [1.3]  54 30 32 30 35 62 38 32 39 38 30 30 30 30 39 35 30 36 30 30 31 63 38 30 30 30 0d 0a
              0x0205B829  Status idx=0 dev=41

    1400.1ms  RX  ◄──  [1.3]  54 30 32 30 35 62 38 61 39 38 30 30 63 30 38 39 33 61 61 35 66 66 33 62 63 32 0d 0a
              0x0205B8A9  Status idx=2 dev=41

    1400.2ms  RX  ◄──  [1.3]  54 30 32 30 35 62 38 65 39 38 31 38 30 30 30 30 30 30 38 34 33 64 66 36 33 64 0d 0a
              0x0205B8E9  Status idx=3 dev=41

    1400.3ms  RX  ◄──  [1.3]  54 30 32 30 35 62 39 32 39 38 30 30 30 30 30 30 30 30 30 30 30 30 30 30 30 30 0d 0a
              0x0205B929  Status idx=4 dev=41

    1401.8ms  RX  ◄──  [1.3]  54 30 32 30 35 62 39 36 39 38 30 30 30 30 30 30 30 30 30 30 30 30 30 30 30 30 0d 0a
              0x0205B969  Status idx=5 dev=41

    1401.9ms  RX  ◄──  [1.3]  54 30 32 30 35 62 39 61 39 38 30 30 30 30 66 66 66 66 30 31 30 30 30 30 30 30 0d 0a
              0x0205B9A9  Status idx=6 dev=41

    1420.0ms  RX  ◄──  [1.3]  54 30 32 30 35 62 38 32 39 38 30 30 30 30 39 61 30 36 30 30 31 63 38 30 30 30 0d 0a
              0x0205B829  Status idx=0 dev=41

    1420.1ms  RX  ◄──  [1.3]  54 30 32 30 35 62 38 61 39 38 30 30 63 30 38 39 33 61 61 35 66 66 33 62 63 32 0d 0a
              0x0205B8A9  Status idx=2 dev=41

    1420.2ms  RX  ◄──  [1.3]  54 30 32 30 35 62 38 65 39 38 31 38 30 30 30 30 30 30 61 34 32 65 66 39 33 64 0d 0a
              0x0205B8E9  Status idx=3 dev=41

    1420.3ms  RX  ◄──  [1.3]  54 30 32 30 35 62 39 32 39 38 30 30 30 30 30 30 30 30 30 30 30 30 30 30 30 30 0d 0a
              0x0205B929  Status idx=4 dev=41

    1421.8ms  TX  ──►  [1.3]  54 30 32 30 35 32 63 38 30 38 30 30 30 30 30 30 30 30 30 30 30 30 30 30 30 30 0d
              0x02052C80  cls=0x0b idx=2 dev=0

    1421.9ms  RX  ◄──  [1.3]  54 30 32 30 35 62 39 36 39 38 30 30 30 30 30 30 30 30 30 30 30 30 30 30 30 30 0d 0a
              0x0205B969  Status idx=5 dev=41

    1422.0ms  TX  ──►  [1.3]  54 30 30 30 35 30 32 63 30 31 30 31 0d
              0x000502C0  cls=0x00 idx=11 dev=0

    1422.0ms  RX  ◄──  [1.3]  54 30 32 30 35 62 39 61 39 38 30 30 30 30 66 66 66 66 30 31 30 30 30 30 30 30 0d 0a
              0x0205B9A9  Status idx=6 dev=41

    1422.2ms  TX  ──►  [1.3]  54 30 32 30 35 30 31 32 39 38 32 64 62 32 33 62 34 31 30 30 30 30 30 30 62 63 0d
              0x02050129  cls=0x00 idx=4 dev=41

    1440.0ms  RX  ◄──  [1.3]  54 30 32 30 35 62 38 32 39 38 30 30 30 30 39 38 30 36 30 30 31 63 38 30 30 30 0d 0a
              0x0205B829  Status idx=0 dev=41

    1440.0ms  RX  ◄──  [1.3]  54 30 32 30 35 62 38 61 39 38 30 30 63 30 38 39 33 61 61 35 66 66 33 62 63 32 0d 0a
              0x0205B8A9  Status idx=2 dev=41

    1440.1ms  RX  ◄──  [1.3]  54 30 32 30 35 62 38 65 39 38 31 38 30 30 30 30 30 30 39 61 64 64 66 36 33 64 0d 0a
              0x0205B8E9  Status idx=3 dev=41

    1440.2ms  RX  ◄──  [1.3]  54 30 32 30 35 62 39 32 39 38 30 30 30 30 30 30 30 30 30 30 30 30 30 30 30 30 0d 0a
              0x0205B929  Status idx=4 dev=41

    1441.8ms  RX  ◄──  [1.3]  54 30 32 30 35 62 39 36 39 38 30 30 30 30 30 30 30 30 30 30 30 30 30 30 30 30 0d 0a
              0x0205B969  Status idx=5 dev=41

    1441.9ms  RX  ◄──  [1.3]  54 30 32 30 35 62 39 61 39 38 30 30 30 30 66 66 66 66 30 31 30 30 30 30 30 30 0d 0a
              0x0205B9A9  Status idx=6 dev=41

    1447.9ms  TX  ──►  [1.3]  54 30 32 30 35 32 63 38 30 38 30 30 30 30 30 30 30 30 30 30 30 30 30 30 30 30 0d
              0x02052C80  cls=0x0b idx=2 dev=0

    1448.1ms  TX  ──►  [1.3]  54 30 30 30 35 30 32 63 30 31 30 31 0d
              0x000502C0  cls=0x00 idx=11 dev=0

    1448.2ms  TX  ──►  [1.3]  54 30 32 30 35 30 31 32 39 38 32 64 62 32 33 62 34 31 30 30 30 30 30 30 62 63 0d
              0x02050129  cls=0x00 idx=4 dev=41

    1460.0ms  RX  ◄──  [1.3]  54 30 32 30 35 62 38 32 39 38 30 30 30 30 39 36 30 36 30 30 31 63 38 30 30 30 0d 0a
              0x0205B829  Status idx=0 dev=41

    1460.2ms  RX  ◄──  [1.3]  54 30 32 30 35 62 38 61 39 38 30 30 63 30 38 39 33 61 61 35 66 66 33 62 63 32 0d 0a
              0x0205B8A9  Status idx=2 dev=41

    1460.3ms  RX  ◄──  [1.3]  54 30 32 30 35 62 38 65 39 38 31 38 30 30 30 30 30 30 37 30 31 66 66 37 33 64 0d 0a
              0x0205B8E9  Status idx=3 dev=41

    1460.4ms  RX  ◄──  [1.3]  54 30 32 30 35 62 39 32 39 38 30 30 30 30 30 30 30 30 30 30 30 30 30 30 30 30 0d 0a
              0x0205B929  Status idx=4 dev=41

    1461.8ms  RX  ◄──  [1.3]  54 30 32 30 35 62 39 36 39 38 30 30 30 30 30 30 30 30 30 30 30 30 30 30 30 30 0d 0a
              0x0205B969  Status idx=5 dev=41

    1462.0ms  RX  ◄──  [1.3]  54 30 32 30 35 62 39 61 39 38 30 30 30 30 66 66 66 66 30 31 30 30 30 30 30 30 0d 0a
              0x0205B9A9  Status idx=6 dev=41

    1475.7ms  TX  ──►  [1.3]  54 30 32 30 35 32 63 38 30 38 30 30 30 30 30 30 30 30 30 30 30 30 30 30 30 30 0d
              0x02052C80  cls=0x0b idx=2 dev=0

    1476.0ms  TX  ──►  [1.3]  54 30 30 30 35 30 32 63 30 31 30 31 0d
              0x000502C0  cls=0x00 idx=11 dev=0

    1476.2ms  TX  ──►  [1.3]  54 30 32 30 35 30 31 32 39 38 32 64 62 32 33 62 34 31 30 30 30 30 30 30 62 63 0d
              0x02050129  cls=0x00 idx=4 dev=41

    1480.0ms  RX  ◄──  [1.3]  54 30 32 30 35 62 38 32 39 38 30 30 30 30 39 39 30 36 30 30 31 63 38 30 30 30 0d 0a
              0x0205B829  Status idx=0 dev=41

    1480.2ms  RX  ◄──  [1.3]  54 30 32 30 35 62 38 61 39 38 30 30 63 30 38 39 33 61 61 35 66 66 33 62 63 32 0d 0a
              0x0205B8A9  Status idx=2 dev=41

    1480.3ms  RX  ◄──  [1.3]  54 30 32 30 35 62 38 65 39 38 31 38 30 30 30 30 30 30 38 34 38 32 66 39 33 64 0d 0a
              0x0205B8E9  Status idx=3 dev=41

    1480.4ms  RX  ◄──  [1.3]  54 30 32 30 35 62 39 32 39 38 30 30 30 30 30 30 30 30 30 30 30 30 30 30 30 30 0d 0a
              0x0205B929  Status idx=4 dev=41

    1481.9ms  RX  ◄──  [1.3]  54 30 32 30 35 62 39 36 39 38 30 30 30 30 30 30 30 30 30 30 30 30 30 30 30 30 0d 0a
              0x0205B969  Status idx=5 dev=41

    1482.0ms  RX  ◄──  [1.3]  54 30 32 30 35 62 39 61 39 38 30 30 30 30 66 66 66 66 30 31 30 30 30 30 30 30 0d 0a
              0x0205B9A9  Status idx=6 dev=41

    1500.0ms  RX  ◄──  [1.3]  54 30 32 30 35 62 38 32 39 38 30 30 30 30 39 61 30 36 30 30 31 63 38 30 30 30 0d 0a
              0x0205B829  Status idx=0 dev=41

    1500.3ms  RX  ◄──  [1.3]  54 30 32 30 35 62 38 61 39 38 30 30 63 30 38 39 33 61 61 35 66 66 33 62 63 32 0d 0a
              0x0205B8A9  Status idx=2 dev=41

    1500.4ms  RX  ◄──  [1.3]  54 30 32 30 35 62 38 65 39 38 31 38 30 30 30 30 30 30 32 32 62 63 66 35 33 64 0d 0a
              0x0205B8E9  Status idx=3 dev=41

    1500.4ms  RX  ◄──  [1.3]  54 30 32 30 35 62 39 32 39 38 30 30 30 30 30 30 30 30 30 30 30 30 30 30 30 30 0d 0a
              0x0205B929  Status idx=4 dev=41

    1501.6ms  TX  ──►  [1.3]  54 30 32 30 35 32 63 38 30 38 30 30 30 30 30 30 30 30 30 30 30 30 30 30 30 30 0d
              0x02052C80  cls=0x0b idx=2 dev=0

    1501.8ms  TX  ──►  [1.3]  54 30 30 30 35 30 32 63 30 31 30 31 0d
              0x000502C0  cls=0x00 idx=11 dev=0

    1501.9ms  RX  ◄──  [1.3]  54 30 32 30 35 62 39 36 39 38 30 30 30 30 30 30 30 30 30 30 30 30 30 30 30 30 0d 0a
              0x0205B969  Status idx=5 dev=41

    1502.0ms  TX  ──►  [1.3]  54 30 32 30 35 30 31 32 39 38 32 64 62 32 33 62 34 31 30 30 30 30 30 30 62 63 0d
              0x02050129  cls=0x00 idx=4 dev=41

    1502.0ms  RX  ◄──  [1.3]  54 30 32 30 35 62 39 61 39 38 30 30 30 30 66 66 66 66 30 31 30 30 30 30 30 30 0d 0a
              0x0205B9A9  Status idx=6 dev=41

    1520.1ms  RX  ◄──  [1.3]  54 30 32 30 35 62 38 32 39 38 30 30 30 30 39 61 30 36 30 30 31 63 38 30 30 30 0d 0a
              0x0205B829  Status idx=0 dev=41

    1520.2ms  RX  ◄──  [1.3]  54 30 32 30 35 62 38 61 39 38 30 30 63 30 38 39 33 61 61 35 66 66 33 62 63 32 0d 0a
              0x0205B8A9  Status idx=2 dev=41

    1520.3ms  RX  ◄──  [1.3]  54 30 32 30 35 62 38 65 39 38 31 38 30 30 30 30 30 30 66 63 34 33 66 36 33 64 0d 0a
              0x0205B8E9  Status idx=3 dev=41

    1520.5ms  RX  ◄──  [1.3]  54 30 32 30 35 62 39 32 39 38 30 30 30 30 30 30 30 30 30 30 30 30 30 30 30 30 0d 0a
              0x0205B929  Status idx=4 dev=41

    1521.8ms  TX  ──►  [1.3]  54 30 32 30 35 30 31 32 39 38 32 64 62 32 33 62 34 31 30 30 30 30 30 30 62 63 0d
              0x02050129  cls=0x00 idx=4 dev=41

    1521.9ms  RX  ◄──  [1.3]  54 30 32 30 35 62 39 36 39 38 30 30 30 30 30 30 30 30 30 30 30 30 30 30 30 30 0d 0a
              0x0205B969  Status idx=5 dev=41

    1522.0ms  RX  ◄──  [1.3]  54 30 32 30 35 62 39 61 39 38 30 30 30 30 66 66 66 66 30 31 30 30 30 30 30 30 0d 0a
              0x0205B9A9  Status idx=6 dev=41

    1531.9ms  TX  ──►  [1.3]  54 30 32 30 35 32 63 38 30 38 30 30 30 30 30 30 30 30 30 30 30 30 30 30 30 30 0d
              0x02052C80  cls=0x0b idx=2 dev=0

    1532.3ms  TX  ──►  [1.3]  54 30 30 30 35 30 32 63 30 31 30 31 0d
              0x000502C0  cls=0x00 idx=11 dev=0

    1540.0ms  RX  ◄──  [1.3]  54 30 32 30 35 62 38 32 39 38 30 30 30 30 39 39 30 36 30 30 31 63 38 30 30 30 0d 0a
              0x0205B829  Status idx=0 dev=41

    1540.1ms  RX  ◄──  [1.3]  54 30 32 30 35 62 38 61 39 38 30 30 63 30 38 39 33 61 61 35 66 66 33 62 63 32 0d 0a
              0x0205B8A9  Status idx=2 dev=41

    1540.2ms  RX  ◄──  [1.3]  54 30 32 30 35 62 38 65 39 38 31 38 30 30 30 30 30 30 61 65 65 66 66 38 33 64 0d 0a
              0x0205B8E9  Status idx=3 dev=41

    1540.3ms  RX  ◄──  [1.3]  54 30 32 30 35 62 39 32 39 38 30 30 30 30 30 30 30 30 30 30 30 30 30 30 30 30 0d 0a
              0x0205B929  Status idx=4 dev=41

    1541.8ms  RX  ◄──  [1.3]  54 30 32 30 35 62 39 36 39 38 30 30 30 30 30 30 30 30 30 30 30 30 30 30 30 30 0d 0a
              0x0205B969  Status idx=5 dev=41

    1541.9ms  RX  ◄──  [1.3]  54 30 32 30 35 62 39 61 39 38 30 30 30 30 66 66 66 66 30 31 30 30 30 30 30 30 0d 0a
              0x0205B9A9  Status idx=6 dev=41

    1542.5ms  TX  ──►  [1.3]  54 30 32 30 35 30 31 32 39 38 32 64 62 32 33 62 34 31 30 30 30 30 30 30 62 63 0d
              0x02050129  cls=0x00 idx=4 dev=41

    1560.0ms  RX  ◄──  [1.3]  54 30 32 30 35 62 38 32 39 38 30 30 30 30 39 36 30 36 30 30 31 63 38 30 30 30 0d 0a
              0x0205B829  Status idx=0 dev=41

    1560.2ms  RX  ◄──  [1.3]  54 30 32 30 35 62 38 61 39 38 30 30 63 30 38 39 33 61 61 35 66 66 33 62 63 32 0d 0a
              0x0205B8A9  Status idx=2 dev=41

    1560.3ms  RX  ◄──  [1.3]  54 30 32 30 35 62 38 65 39 38 31 38 30 30 30 30 30 30 33 30 65 32 66 35 33 64 0d 0a
              0x0205B8E9  Status idx=3 dev=41

    1560.3ms  RX  ◄──  [1.3]  54 30 32 30 35 62 39 32 39 38 30 30 30 30 30 30 30 30 30 30 30 30 30 30 30 30 0d 0a
              0x0205B929  Status idx=4 dev=41

    1561.9ms  RX  ◄──  [1.3]  54 30 32 30 35 62 39 36 39 38 30 30 30 30 30 30 30 30 30 30 30 30 30 30 30 30 0d 0a
              0x0205B969  Status idx=5 dev=41

    1562.0ms  RX  ◄──  [1.3]  54 30 32 30 35 62 39 61 39 38 30 30 30 30 66 66 66 66 30 31 30 30 30 30 30 30 0d 0a
              0x0205B9A9  Status idx=6 dev=41

    1562.6ms  TX  ──►  [1.3]  54 30 32 30 35 32 63 38 30 38 30 30 30 30 30 30 30 30 30 30 30 30 30 30 30 30 0d
              0x02052C80  cls=0x0b idx=2 dev=0

    1562.7ms  TX  ──►  [1.3]  54 30 30 30 35 30 32 63 30 31 30 31 0d
              0x000502C0  cls=0x00 idx=11 dev=0

    1562.9ms  TX  ──►  [1.3]  54 30 32 30 35 30 31 32 39 38 32 64 62 32 33 62 34 31 30 30 30 30 30 30 62 63 0d
              0x02050129  cls=0x00 idx=4 dev=41

    1580.1ms  RX  ◄──  [1.3]  54 30 32 30 35 62 38 32 39 38 30 30 30 30 39 36 30 36 30 30 31 63 38 30 30 30 0d 0a
              0x0205B829  Status idx=0 dev=41

    1580.3ms  RX  ◄──  [1.3]  54 30 32 30 35 62 38 61 39 38 30 30 63 30 38 39 33 61 61 35 66 66 33 62 63 32 0d 0a
              0x0205B8A9  Status idx=2 dev=41

    1580.3ms  RX  ◄──  [1.3]  54 30 32 30 35 62 38 65 39 38 31 38 30 30 30 30 30 30 38 34 39 64 66 35 33 64 0d 0a
              0x0205B8E9  Status idx=3 dev=41

    1580.5ms  RX  ◄──  [1.3]  54 30 32 30 35 62 39 32 39 38 30 30 30 30 30 30 30 30 30 30 30 30 30 30 30 30 0d 0a
              0x0205B929  Status idx=4 dev=41

    1581.9ms  RX  ◄──  [1.3]  54 30 32 30 35 62 39 36 39 38 30 30 30 30 30 30 30 30 30 30 30 30 30 30 30 30 0d 0a
              0x0205B969  Status idx=5 dev=41

    1582.0ms  RX  ◄──  [1.3]  54 30 32 30 35 62 39 61 39 38 30 30 30 30 66 66 66 66 30 31 30 30 30 30 30 30 0d 0a
              0x0205B9A9  Status idx=6 dev=41

    1583.2ms  TX  ──►  [1.3]  54 30 32 30 35 30 31 32 39 38 32 64 62 32 33 62 34 31 30 30 30 30 30 30 62 63 0d
              0x02050129  cls=0x00 idx=4 dev=41

    1594.2ms  TX  ──►  [1.3]  54 30 32 30 35 32 63 38 30 38 30 30 30 30 30 30 30 30 30 30 30 30 30 30 30 30 0d
              0x02052C80  cls=0x0b idx=2 dev=0

    1594.5ms  TX  ──►  [1.3]  54 30 30 30 35 30 32 63 30 31 30 31 0d
              0x000502C0  cls=0x00 idx=11 dev=0

    1600.0ms  RX  ◄──  [1.3]  54 30 32 30 35 62 38 32 39 38 30 30 30 30 39 39 30 36 30 30 31 63 38 30 30 30 0d 0a
              0x0205B829  Status idx=0 dev=41

    1600.1ms  RX  ◄──  [1.3]  54 30 32 30 35 62 38 61 39 38 30 30 63 30 38 39 33 61 61 35 66 66 33 62 63 32 0d 0a
              0x0205B8A9  Status idx=2 dev=41

    1600.3ms  RX  ◄──  [1.3]  54 30 32 30 35 62 38 65 39 38 31 38 30 30 30 30 30 30 63 38 64 66 66 38 33 64 0d 0a
              0x0205B8E9  Status idx=3 dev=41

    1600.4ms  RX  ◄──  [1.3]  54 30 32 30 35 62 39 32 39 38 30 30 30 30 30 30 30 30 30 30 30 30 30 30 30 30 0d 0a
              0x0205B929  Status idx=4 dev=41

    1601.9ms  RX  ◄──  [1.3]  54 30 32 30 35 62 39 36 39 38 30 30 30 30 30 30 30 30 30 30 30 30 30 30 30 30 0d 0a
              0x0205B969  Status idx=5 dev=41

    1602.1ms  RX  ◄──  [1.3]  54 30 32 30 35 62 39 61 39 38 30 30 30 30 66 66 66 66 30 31 30 30 30 30 30 30 0d 0a
              0x0205B9A9  Status idx=6 dev=41

    1603.8ms  TX  ──►  [1.3]  54 30 32 30 35 30 31 32 39 38 32 64 62 32 33 62 34 31 30 30 30 30 30 30 62 63 0d
              0x02050129  cls=0x00 idx=4 dev=41

    1609.8ms  RX  ◄──  [1.3]  54 30 32 30 35 62 38 36 39 38 30 30 30 30 30 30 30 30 30 30 30 30 30 30 30 30 0d 0a
              0x0205B869  Status idx=1 dev=41

    1611.8ms  RX  ◄──  [1.3]  54 30 32 30 35 62 63 32 39 34 34 32 35 64 31 31 62 38 0d 0a
              0x0205BC29  Status idx=0 dev=41

    1620.0ms  RX  ◄──  [1.3]  54 30 32 30 35 62 38 32 39 38 30 30 30 30 39 38 30 36 30 30 31 63 38 30 30 30 0d 0a
              0x0205B829  Status idx=0 dev=41

    1620.2ms  RX  ◄──  [1.3]  54 30 32 30 35 62 38 61 39 38 30 30 63 30 38 39 33 61 61 35 66 66 33 62 63 32 0d 0a
              0x0205B8A9  Status idx=2 dev=41

    1620.3ms  RX  ◄──  [1.3]  54 30 32 30 35 62 38 65 39 38 31 38 30 30 30 30 30 30 30 36 63 38 66 36 33 64 0d 0a
              0x0205B8E9  Status idx=3 dev=41

    1620.4ms  RX  ◄──  [1.3]  54 30 32 30 35 62 39 32 39 38 30 30 30 30 30 30 30 30 30 30 30 30 30 30 30 30 0d 0a
              0x0205B929  Status idx=4 dev=41

    1621.9ms  RX  ◄──  [1.3]  54 30 32 30 35 62 39 36 39 38 30 30 30 30 30 30 30 30 30 30 30 30 30 30 30 30 0d 0a
              0x0205B969  Status idx=5 dev=41

    1622.0ms  RX  ◄──  [1.3]  54 30 32 30 35 62 39 61 39 38 30 30 30 30 66 66 66 66 30 31 30 30 30 30 30 30 0d 0a
              0x0205B9A9  Status idx=6 dev=41

    1624.2ms  TX  ──►  [1.3]  54 30 32 30 35 32 63 38 30 38 30 30 30 30 30 30 30 30 30 30 30 30 30 30 30 30 0d
              0x02052C80  cls=0x0b idx=2 dev=0

    1624.4ms  TX  ──►  [1.3]  54 30 30 30 35 30 32 63 30 31 30 31 0d
              0x000502C0  cls=0x00 idx=11 dev=0

    1624.6ms  TX  ──►  [1.3]  54 30 32 30 35 30 31 32 39 38 32 64 62 32 33 62 34 31 30 30 30 30 30 30 62 63 0d
              0x02050129  cls=0x00 idx=4 dev=41

    1640.0ms  RX  ◄──  [1.3]  54 30 32 30 35 62 38 32 39 38 30 30 30 30 39 61 30 36 30 30 31 63 38 30 30 30 0d 0a
              0x0205B829  Status idx=0 dev=41

    1640.1ms  RX  ◄──  [1.3]  54 30 32 30 35 62 38 61 39 38 30 30 63 30 38 39 33 61 61 35 66 66 33 62 63 32 0d 0a
              0x0205B8A9  Status idx=2 dev=41

    1640.2ms  RX  ◄──  [1.3]  54 30 32 30 35 62 38 65 39 38 31 38 30 30 30 30 30 30 61 61 37 31 66 36 33 64 0d 0a
              0x0205B8E9  Status idx=3 dev=41

    1640.3ms  RX  ◄──  [1.3]  54 30 32 30 35 62 39 32 39 38 30 30 30 30 30 30 30 30 30 30 30 30 30 30 30 30 0d 0a
              0x0205B929  Status idx=4 dev=41

    1641.9ms  RX  ◄──  [1.3]  54 30 32 30 35 62 39 36 39 38 30 30 30 30 30 30 30 30 30 30 30 30 30 30 30 30 0d 0a
              0x0205B969  Status idx=5 dev=41

    1642.0ms  RX  ◄──  [1.3]  54 30 32 30 35 62 39 61 39 38 30 30 30 30 66 66 66 66 30 31 30 30 30 30 30 30 0d 0a
              0x0205B9A9  Status idx=6 dev=41

    1644.6ms  TX  ──►  [1.3]  54 30 32 30 35 30 31 32 39 38 32 64 62 32 33 62 34 31 30 30 30 30 30 30 62 63 0d
              0x02050129  cls=0x00 idx=4 dev=41

    1654.8ms  TX  ──►  [1.3]  54 30 32 30 35 32 63 38 30 38 30 30 30 30 30 30 30 30 30 30 30 30 30 30 30 30 0d
              0x02052C80  cls=0x0b idx=2 dev=0

    1655.1ms  TX  ──►  [1.3]  54 30 30 30 35 30 32 63 30 31 30 31 0d
              0x000502C0  cls=0x00 idx=11 dev=0

    1660.0ms  RX  ◄──  [1.3]  54 30 32 30 35 62 38 32 39 38 30 30 30 30 39 61 30 36 30 30 31 63 38 30 30 30 0d 0a
              0x0205B829  Status idx=0 dev=41

    1660.1ms  RX  ◄──  [1.3]  54 30 32 30 35 62 38 61 39 38 30 30 63 30 38 39 33 61 61 35 66 66 33 62 63 32 0d 0a
              0x0205B8A9  Status idx=2 dev=41

    1660.2ms  RX  ◄──  [1.3]  54 30 32 30 35 62 38 65 39 38 31 38 30 30 30 30 30 30 33 63 37 35 66 39 33 64 0d 0a
              0x0205B8E9  Status idx=3 dev=41

    1660.3ms  RX  ◄──  [1.3]  54 30 32 30 35 62 39 32 39 38 30 30 30 30 30 30 30 30 30 30 30 30 30 30 30 30 0d 0a
              0x0205B929  Status idx=4 dev=41

    1661.8ms  RX  ◄──  [1.3]  54 30 32 30 35 62 39 36 39 38 30 30 30 30 30 30 30 30 30 30 30 30 30 30 30 30 0d 0a
              0x0205B969  Status idx=5 dev=41

    1661.9ms  RX  ◄──  [1.3]  54 30 32 30 35 62 39 61 39 38 30 30 30 30 66 66 66 66 30 31 30 30 30 30 30 30 0d 0a
              0x0205B9A9  Status idx=6 dev=41

    1665.2ms  TX  ──►  [1.3]  54 30 32 30 35 30 31 32 39 38 32 64 62 32 33 62 34 31 30 30 30 30 30 30 62 63 0d
              0x02050129  cls=0x00 idx=4 dev=41

    1680.0ms  RX  ◄──  [1.3]  54 30 32 30 35 62 38 32 39 38 30 30 30 30 39 38 30 36 30 30 31 63 38 30 30 30 0d 0a
              0x0205B829  Status idx=0 dev=41

    1680.1ms  RX  ◄──  [1.3]  54 30 32 30 35 62 38 61 39 38 30 30 63 30 38 39 33 61 61 35 66 66 33 62 63 32 0d 0a
              0x0205B8A9  Status idx=2 dev=41

    1680.2ms  RX  ◄──  [1.3]  54 30 32 30 35 62 38 65 39 38 31 38 30 30 30 30 30 30 37 61 32 65 66 36 33 64 0d 0a
              0x0205B8E9  Status idx=3 dev=41

    1680.3ms  RX  ◄──  [1.3]  54 30 32 30 35 62 39 32 39 38 30 30 30 30 30 30 30 30 30 30 30 30 30 30 30 30 0d 0a
              0x0205B929  Status idx=4 dev=41

    1681.8ms  RX  ◄──  [1.3]  54 30 32 30 35 62 39 36 39 38 30 30 30 30 30 30 30 30 30 30 30 30 30 30 30 30 0d 0a
              0x0205B969  Status idx=5 dev=41

    1681.9ms  RX  ◄──  [1.3]  54 30 32 30 35 62 39 61 39 38 30 30 30 30 66 66 66 66 30 31 30 30 30 30 30 30 0d 0a
              0x0205B9A9  Status idx=6 dev=41

    1685.6ms  TX  ──►  [1.3]  54 30 32 30 35 32 63 38 30 38 30 30 30 30 30 30 30 30 30 30 30 30 30 30 30 30 0d
              0x02052C80  cls=0x0b idx=2 dev=0

    1685.9ms  TX  ──►  [1.3]  54 30 30 30 35 30 32 63 30 31 30 31 0d
              0x000502C0  cls=0x00 idx=11 dev=0

    1686.1ms  TX  ──►  [1.3]  54 30 32 30 35 30 31 32 39 38 32 64 62 32 33 62 34 31 30 30 30 30 30 30 62 63 0d
              0x02050129  cls=0x00 idx=4 dev=41

    1700.0ms  RX  ◄──  [1.3]  54 30 32 30 35 62 38 32 39 38 30 30 30 30 39 39 30 36 30 30 31 63 38 30 30 30 0d 0a
              0x0205B829  Status idx=0 dev=41

    1700.1ms  RX  ◄──  [1.3]  54 30 32 30 35 62 38 61 39 38 30 30 63 30 38 39 33 61 61 35 66 66 33 62 63 32 0d 0a
              0x0205B8A9  Status idx=2 dev=41

    1700.2ms  RX  ◄──  [1.3]  54 30 32 30 35 62 38 65 39 38 31 38 30 30 30 30 30 30 37 63 36 32 66 36 33 64 0d 0a
              0x0205B8E9  Status idx=3 dev=41

    1700.3ms  RX  ◄──  [1.3]  54 30 32 30 35 62 39 32 39 38 30 30 30 30 30 30 30 30 30 30 30 30 30 30 30 30 0d 0a
              0x0205B929  Status idx=4 dev=41

    1701.9ms  RX  ◄──  [1.3]  54 30 32 30 35 62 39 36 39 38 30 30 30 30 30 30 30 30 30 30 30 30 30 30 30 30 0d 0a
              0x0205B969  Status idx=5 dev=41

    1702.0ms  RX  ◄──  [1.3]  54 30 32 30 35 62 39 61 39 38 30 30 30 30 66 66 66 66 30 31 30 30 30 30 30 30 0d 0a
              0x0205B9A9  Status idx=6 dev=41

    1706.2ms  TX  ──►  [1.3]  54 30 32 30 35 30 31 32 39 38 32 64 62 32 33 62 34 31 30 30 30 30 30 30 62 63 0d
              0x02050129  cls=0x00 idx=4 dev=41

    1716.4ms  TX  ──►  [1.3]  54 30 32 30 35 32 63 38 30 38 30 30 30 30 30 30 30 30 30 30 30 30 30 30 30 30 0d
              0x02052C80  cls=0x0b idx=2 dev=0

    1716.6ms  TX  ──►  [1.3]  54 30 30 30 35 30 32 63 30 31 30 31 0d
              0x000502C0  cls=0x00 idx=11 dev=0

    1720.1ms  RX  ◄──  [1.3]  54 30 32 30 35 62 38 32 39 38 30 30 30 30 39 38 30 36 30 30 31 63 38 30 30 30 0d 0a
              0x0205B829  Status idx=0 dev=41

    1720.2ms  RX  ◄──  [1.3]  54 30 32 30 35 62 38 61 39 38 30 30 63 30 38 39 33 61 61 35 66 66 33 62 63 32 0d 0a
              0x0205B8A9  Status idx=2 dev=41

    1720.4ms  RX  ◄──  [1.3]  54 30 32 30 35 62 38 65 39 38 31 38 30 30 30 30 30 30 35 36 64 33 66 38 33 64 0d 0a
              0x0205B8E9  Status idx=3 dev=41

    1720.5ms  RX  ◄──  [1.3]  54 30 32 30 35 62 39 32 39 38 30 30 30 30 30 30 30 30 30 30 30 30 30 30 30 30 0d 0a
              0x0205B929  Status idx=4 dev=41

    1721.9ms  RX  ◄──  [1.3]  54 30 32 30 35 62 39 36 39 38 30 30 30 30 30 30 30 30 30 30 30 30 30 30 30 30 0d 0a
              0x0205B969  Status idx=5 dev=41

    1722.0ms  RX  ◄──  [1.3]  54 30 32 30 35 62 39 61 39 38 30 30 30 30 66 66 66 66 30 31 30 30 30 30 30 30 0d 0a
              0x0205B9A9  Status idx=6 dev=41

    1727.0ms  TX  ──►  [1.3]  54 30 32 30 35 30 31 32 39 38 32 64 62 32 33 62 34 31 30 30 30 30 30 30 62 63 0d
              0x02050129  cls=0x00 idx=4 dev=41

    1740.0ms  RX  ◄──  [1.3]  54 30 32 30 35 62 38 32 39 38 30 30 30 30 39 35 30 36 30 30 31 63 38 30 30 30 0d 0a
              0x0205B829  Status idx=0 dev=41

    1740.2ms  RX  ◄──  [1.3]  54 30 32 30 35 62 38 61 39 38 30 30 63 30 38 39 33 61 61 35 66 66 33 62 63 32 0d 0a
              0x0205B8A9  Status idx=2 dev=41

    1740.3ms  RX  ◄──  [1.3]  54 30 32 30 35 62 38 65 39 38 31 38 30 30 30 30 30 30 36 61 34 62 66 36 33 64 0d 0a
              0x0205B8E9  Status idx=3 dev=41

    1740.4ms  RX  ◄──  [1.3]  54 30 32 30 35 62 39 32 39 38 30 30 30 30 30 30 30 30 30 30 30 30 30 30 30 30 0d 0a
              0x0205B929  Status idx=4 dev=41

    1741.9ms  RX  ◄──  [1.3]  54 30 32 30 35 62 39 36 39 38 30 30 30 30 30 30 30 30 30 30 30 30 30 30 30 30 0d 0a
              0x0205B969  Status idx=5 dev=41

    1742.1ms  RX  ◄──  [1.3]  54 30 32 30 35 62 39 61 39 38 30 30 30 30 66 66 66 66 30 31 30 30 30 30 30 30 0d 0a
              0x0205B9A9  Status idx=6 dev=41

    1747.1ms  TX  ──►  [1.3]  54 30 32 30 35 32 63 38 30 38 30 30 30 30 30 30 30 30 30 30 30 30 30 30 30 30 0d
              0x02052C80  cls=0x0b idx=2 dev=0

    1747.4ms  TX  ──►  [1.3]  54 30 30 30 35 30 32 63 30 31 30 31 0d
              0x000502C0  cls=0x00 idx=11 dev=0

    1747.6ms  TX  ──►  [1.3]  54 30 32 30 35 30 31 32 39 38 32 64 62 32 33 62 34 31 30 30 30 30 30 30 62 63 0d
              0x02050129  cls=0x00 idx=4 dev=41

    1760.0ms  RX  ◄──  [1.3]  54 30 32 30 35 62 38 32 39 38 30 30 30 30 39 35 30 36 30 30 31 63 38 30 30 30 0d 0a
              0x0205B829  Status idx=0 dev=41

    1760.2ms  RX  ◄──  [1.3]  54 30 32 30 35 62 38 61 39 38 30 30 63 30 38 39 33 61 61 35 66 66 33 62 63 32 0d 0a
              0x0205B8A9  Status idx=2 dev=41

    1760.3ms  RX  ◄──  [1.3]  54 30 32 30 35 62 38 65 39 38 31 38 30 30 30 30 30 30 37 30 38 64 66 36 33 64 0d 0a
              0x0205B8E9  Status idx=3 dev=41

    1760.4ms  RX  ◄──  [1.3]  54 30 32 30 35 62 39 32 39 38 30 30 30 30 30 30 30 30 30 30 30 30 30 30 30 30 0d 0a
              0x0205B929  Status idx=4 dev=41

    1761.9ms  RX  ◄──  [1.3]  54 30 32 30 35 62 39 36 39 38 30 30 30 30 30 30 30 30 30 30 30 30 30 30 30 30 0d 0a
              0x0205B969  Status idx=5 dev=41

    1762.0ms  RX  ◄──  [1.3]  54 30 32 30 35 62 39 61 39 38 30 30 30 30 66 66 66 66 30 31 30 30 30 30 30 30 0d 0a
              0x0205B9A9  Status idx=6 dev=41

    1767.6ms  TX  ──►  [1.3]  54 30 32 30 35 30 31 32 39 38 32 64 62 32 33 62 34 31 30 30 30 30 30 30 62 63 0d
              0x02050129  cls=0x00 idx=4 dev=41

    1777.9ms  TX  ──►  [1.3]  54 30 32 30 35 32 63 38 30 38 30 30 30 30 30 30 30 30 30 30 30 30 30 30 30 30 0d
              0x02052C80  cls=0x0b idx=2 dev=0

    1778.2ms  TX  ──►  [1.3]  54 30 30 30 35 30 32 63 30 31 30 31 0d
              0x000502C0  cls=0x00 idx=11 dev=0

    1780.0ms  RX  ◄──  [1.3]  54 30 32 30 35 62 38 32 39 38 30 30 30 30 39 38 30 36 30 30 31 63 38 30 30 30 0d 0a
              0x0205B829  Status idx=0 dev=41

    1780.1ms  RX  ◄──  [1.3]  54 30 32 30 35 62 38 61 39 38 30 30 63 30 38 39 33 61 61 35 66 66 33 62 63 32 0d 0a
              0x0205B8A9  Status idx=2 dev=41

    1780.3ms  RX  ◄──  [1.3]  54 30 32 30 35 62 38 65 39 38 31 38 30 30 30 30 30 30 38 61 63 32 66 38 33 64 0d 0a
              0x0205B8E9  Status idx=3 dev=41

    1780.5ms  RX  ◄──  [1.3]  54 30 32 30 35 62 39 32 39 38 30 30 30 30 30 30 30 30 30 30 30 30 30 30 30 30 0d 0a
              0x0205B929  Status idx=4 dev=41

    1781.9ms  RX  ◄──  [1.3]  54 30 32 30 35 62 39 36 39 38 30 30 30 30 30 30 30 30 30 30 30 30 30 30 30 30 0d 0a
              0x0205B969  Status idx=5 dev=41

    1782.0ms  RX  ◄──  [1.3]  54 30 32 30 35 62 39 61 39 38 30 30 30 30 66 66 66 66 30 31 30 30 30 30 30 30 0d 0a
              0x0205B9A9  Status idx=6 dev=41

    1788.3ms  TX  ──►  [1.3]  54 30 32 30 35 30 31 32 39 38 32 64 62 32 33 62 34 31 30 30 30 30 30 30 62 63 0d
              0x02050129  cls=0x00 idx=4 dev=41

    1800.0ms  RX  ◄──  [1.3]  54 30 32 30 35 62 38 32 39 38 30 30 30 30 39 38 30 36 30 30 31 63 38 30 30 30 0d 0a
              0x0205B829  Status idx=0 dev=41

    1800.2ms  RX  ◄──  [1.3]  54 30 32 30 35 62 38 61 39 38 30 30 63 30 38 39 33 61 61 35 66 66 33 62 63 32 0d 0a
              0x0205B8A9  Status idx=2 dev=41

    1800.3ms  RX  ◄──  [1.3]  54 30 32 30 35 62 38 65 39 38 31 38 30 30 30 30 30 30 33 34 33 30 66 37 33 64 0d 0a
              0x0205B8E9  Status idx=3 dev=41

    1800.4ms  RX  ◄──  [1.3]  54 30 32 30 35 62 39 32 39 38 30 30 30 30 30 30 30 30 30 30 30 30 30 30 30 30 0d 0a
              0x0205B929  Status idx=4 dev=41

    1801.9ms  RX  ◄──  [1.3]  54 30 32 30 35 62 39 36 39 38 30 30 30 30 30 30 30 30 30 30 30 30 30 30 30 30 0d 0a
              0x0205B969  Status idx=5 dev=41

    1802.0ms  RX  ◄──  [1.3]  54 30 32 30 35 62 39 61 39 38 30 30 30 30 66 66 66 66 30 31 30 30 30 30 30 30 0d 0a
              0x0205B9A9  Status idx=6 dev=41

    1808.8ms  TX  ──►  [1.3]  54 30 32 30 35 32 63 38 30 38 30 30 30 30 30 30 30 30 30 30 30 30 30 30 30 30 0d
              0x02052C80  cls=0x0b idx=2 dev=0

    1809.1ms  TX  ──►  [1.3]  54 30 30 30 35 30 32 63 30 31 30 31 0d
              0x000502C0  cls=0x00 idx=11 dev=0

    1809.3ms  TX  ──►  [1.3]  54 30 32 30 35 30 31 32 39 38 32 64 62 32 33 62 34 31 30 30 30 30 30 30 62 63 0d
              0x02050129  cls=0x00 idx=4 dev=41

    1820.0ms  RX  ◄──  [1.3]  54 30 32 30 35 62 38 32 39 38 30 30 30 30 39 37 30 36 30 30 31 63 38 30 30 30 0d 0a
              0x0205B829  Status idx=0 dev=41

    1820.1ms  RX  ◄──  [1.3]  54 30 32 30 35 62 38 61 39 38 30 30 63 30 38 39 33 61 61 35 66 66 33 62 63 32 0d 0a
              0x0205B8A9  Status idx=2 dev=41

    1820.2ms  RX  ◄──  [1.3]  54 30 32 30 35 62 38 65 39 38 31 38 30 30 30 30 30 30 63 34 63 62 66 36 33 64 0d 0a
              0x0205B8E9  Status idx=3 dev=41

    1820.3ms  RX  ◄──  [1.3]  54 30 32 30 35 62 39 32 39 38 30 30 30 30 30 30 30 30 30 30 30 30 30 30 30 30 0d 0a
              0x0205B929  Status idx=4 dev=41

    1821.9ms  RX  ◄──  [1.3]  54 30 32 30 35 62 39 36 39 38 30 30 30 30 30 30 30 30 30 30 30 30 30 30 30 30 0d 0a
              0x0205B969  Status idx=5 dev=41

    1822.0ms  RX  ◄──  [1.3]  54 30 32 30 35 62 39 61 39 38 30 30 30 30 66 66 66 66 30 31 30 30 30 30 30 30 0d 0a
              0x0205B9A9  Status idx=6 dev=41

    1829.6ms  TX  ──►  [1.3]  54 30 32 30 35 30 31 32 39 38 32 64 62 32 33 62 34 31 30 30 30 30 30 30 62 63 0d
              0x02050129  cls=0x00 idx=4 dev=41

    1840.0ms  RX  ◄──  [1.3]  54 30 32 30 35 62 38 32 39 38 30 30 30 30 39 61 30 36 30 30 31 63 38 30 30 30 0d 0a
              0x0205B829  Status idx=0 dev=41

    1840.0ms  TX  ──►  [1.3]  54 30 32 30 35 32 63 38 30 38 30 30 30 30 30 30 30 30 30 30 30 30 30 30 30 30 0d
              0x02052C80  cls=0x0b idx=2 dev=0

    1840.2ms  RX  ◄──  [1.3]  54 30 32 30 35 62 38 61 39 38 30 30 63 30 38 39 33 61 61 35 66 66 33 62 63 32 0d 0a
              0x0205B8A9  Status idx=2 dev=41

    1840.3ms  RX  ◄──  [1.3]  54 30 32 30 35 62 38 65 39 38 31 38 30 30 30 30 30 30 66 61 36 31 66 39 33 64 0d 0a
              0x0205B8E9  Status idx=3 dev=41

    1840.3ms  TX  ──►  [1.3]  54 30 30 30 35 30 32 63 30 31 30 31 0d
              0x000502C0  cls=0x00 idx=11 dev=0

    1840.4ms  RX  ◄──  [1.3]  54 30 32 30 35 62 39 32 39 38 30 30 30 30 30 30 30 30 30 30 30 30 30 30 30 30 0d 0a
              0x0205B929  Status idx=4 dev=41

    1841.8ms  RX  ◄──  [1.3]  54 30 32 30 35 62 39 36 39 38 30 30 30 30 30 30 30 30 30 30 30 30 30 30 30 30 0d 0a
              0x0205B969  Status idx=5 dev=41

    1841.9ms  RX  ◄──  [1.3]  54 30 32 30 35 62 39 61 39 38 30 30 30 30 66 66 66 66 30 31 30 30 30 30 30 30 0d 0a
              0x0205B9A9  Status idx=6 dev=41

    1850.2ms  TX  ──►  [1.3]  54 30 32 30 35 30 31 32 39 38 32 64 62 32 33 62 34 31 30 30 30 30 30 30 62 63 0d
              0x02050129  cls=0x00 idx=4 dev=41

    1860.1ms  RX  ◄──  [1.3]  54 30 32 30 35 62 38 32 39 38 30 30 30 30 39 61 30 36 30 30 31 63 38 30 30 30 0d 0a
              0x0205B829  Status idx=0 dev=41

    1860.2ms  RX  ◄──  [1.3]  54 30 32 30 35 62 38 36 39 38 30 30 30 30 30 30 30 30 30 30 30 30 30 30 30 30 0d 0a
              0x0205B869  Status idx=1 dev=41

    1860.3ms  RX  ◄──  [1.3]  54 30 32 30 35 62 38 61 39 38 30 30 63 30 38 39 33 61 61 35 66 66 33 62 63 32 0d 0a
              0x0205B8A9  Status idx=2 dev=41

    1860.4ms  RX  ◄──  [1.3]  54 30 32 30 35 62 38 65 39 38 31 38 30 30 30 30 30 30 32 32 35 37 66 36 33 64 0d 0a
              0x0205B8E9  Status idx=3 dev=41

    1860.5ms  RX  ◄──  [1.3]  54 30 32 30 35 62 39 32 39 38 30 30 30 30 30 30 30 30 30 30 30 30 30 30 30 30 0d 0a
              0x0205B929  Status idx=4 dev=41

    1861.8ms  RX  ◄──  [1.3]  54 30 32 30 35 62 39 36 39 38 30 30 30 30 30 30 30 30 30 30 30 30 30 30 30 30 0d 0a
              0x0205B969  Status idx=5 dev=41

    1862.0ms  RX  ◄──  [1.3]  54 30 32 30 35 62 39 61 39 38 30 30 30 30 66 66 66 66 30 31 30 30 30 30 30 30 0d 0a
              0x0205B9A9  Status idx=6 dev=41

    1870.5ms  TX  ──►  [1.3]  54 30 32 30 35 32 63 38 30 38 30 30 30 30 30 30 30 30 30 30 30 30 30 30 30 30 0d
              0x02052C80  cls=0x0b idx=2 dev=0

    1870.7ms  TX  ──►  [1.3]  54 30 30 30 35 30 32 63 30 31 30 31 0d
              0x000502C0  cls=0x00 idx=11 dev=0

    1870.9ms  TX  ──►  [1.3]  54 30 32 30 35 30 31 32 39 38 32 64 62 32 33 62 34 31 30 30 30 30 30 30 62 63 0d
              0x02050129  cls=0x00 idx=4 dev=41

    1880.0ms  RX  ◄──  [1.3]  54 30 32 30 35 62 38 32 39 38 30 30 30 30 39 37 30 36 30 30 31 63 38 30 30 30 0d 0a
              0x0205B829  Status idx=0 dev=41

    1880.2ms  RX  ◄──  [1.3]  54 30 32 30 35 62 38 61 39 38 30 30 63 30 38 39 33 61 61 35 66 66 33 62 63 32 0d 0a
              0x0205B8A9  Status idx=2 dev=41

    1880.3ms  RX  ◄──  [1.3]  54 30 32 30 35 62 38 65 39 38 31 38 30 30 30 30 30 30 31 65 33 39 66 37 33 64 0d 0a
              0x0205B8E9  Status idx=3 dev=41

    1880.4ms  RX  ◄──  [1.3]  54 30 32 30 35 62 39 32 39 38 30 30 30 30 30 30 30 30 30 30 30 30 30 30 30 30 0d 0a
              0x0205B929  Status idx=4 dev=41

    1881.9ms  RX  ◄──  [1.3]  54 30 32 30 35 62 39 36 39 38 30 30 30 30 30 30 30 30 30 30 30 30 30 30 30 30 0d 0a
              0x0205B969  Status idx=5 dev=41

    1882.0ms  RX  ◄──  [1.3]  54 30 32 30 35 62 39 61 39 38 30 30 30 30 66 66 66 66 30 31 30 30 30 30 30 30 0d 0a
              0x0205B9A9  Status idx=6 dev=41

    1891.0ms  TX  ──►  [1.3]  54 30 32 30 35 30 31 32 39 38 32 64 62 32 33 62 34 31 30 30 30 30 30 30 62 63 0d
              0x02050129  cls=0x00 idx=4 dev=41

    1900.0ms  RX  ◄──  [1.3]  54 30 32 30 35 62 38 32 39 38 30 30 30 30 39 61 30 36 30 30 31 63 38 30 30 30 0d 0a
              0x0205B829  Status idx=0 dev=41

    1900.2ms  RX  ◄──  [1.3]  54 30 32 30 35 62 38 61 39 38 30 30 63 30 38 39 33 61 61 35 66 66 33 62 63 32 0d 0a
              0x0205B8A9  Status idx=2 dev=41

    1900.3ms  RX  ◄──  [1.3]  54 30 32 30 35 62 38 65 39 38 31 38 30 30 30 30 30 30 37 61 61 66 66 39 33 64 0d 0a
              0x0205B8E9  Status idx=3 dev=41

    1900.4ms  RX  ◄──  [1.3]  54 30 32 30 35 62 39 32 39 38 30 30 30 30 30 30 30 30 30 30 30 30 30 30 30 30 0d 0a
              0x0205B929  Status idx=4 dev=41

    1901.0ms  TX  ──►  [1.3]  54 30 32 30 35 32 63 38 30 38 30 30 30 30 30 30 30 30 30 30 30 30 30 30 30 30 0d
              0x02052C80  cls=0x0b idx=2 dev=0

    1901.3ms  TX  ──►  [1.3]  54 30 30 30 35 30 32 63 30 31 30 31 0d
              0x000502C0  cls=0x00 idx=11 dev=0

    1901.9ms  RX  ◄──  [1.3]  54 30 32 30 35 62 39 36 39 38 30 30 30 30 30 30 30 30 30 30 30 30 30 30 30 30 0d 0a
              0x0205B969  Status idx=5 dev=41

    1902.0ms  RX  ◄──  [1.3]  54 30 32 30 35 62 39 61 39 38 30 30 30 30 66 66 66 66 30 31 30 30 30 30 30 30 0d 0a
              0x0205B9A9  Status idx=6 dev=41

    1911.5ms  TX  ──►  [1.3]  54 30 32 30 35 30 31 32 39 38 32 64 62 32 33 62 34 31 30 30 30 30 30 30 62 63 0d
              0x02050129  cls=0x00 idx=4 dev=41

    1920.1ms  RX  ◄──  [1.3]  54 30 32 30 35 62 38 32 39 38 30 30 30 30 39 39 30 36 30 30 31 63 38 30 30 30 0d 0a
              0x0205B829  Status idx=0 dev=41

    1920.2ms  RX  ◄──  [1.3]  54 30 32 30 35 62 38 61 39 38 30 30 63 30 38 39 33 61 61 35 66 66 33 62 63 32 0d 0a
              0x0205B8A9  Status idx=2 dev=41

    1920.3ms  RX  ◄──  [1.3]  54 30 32 30 35 62 38 65 39 38 31 38 30 30 30 30 30 30 65 32 64 32 66 35 33 64 0d 0a
              0x0205B8E9  Status idx=3 dev=41

    1920.4ms  RX  ◄──  [1.3]  54 30 32 30 35 62 39 32 39 38 30 30 30 30 30 30 30 30 30 30 30 30 30 30 30 30 0d 0a
              0x0205B929  Status idx=4 dev=41

    1921.8ms  RX  ◄──  [1.3]  54 30 32 30 35 62 39 36 39 38 30 30 30 30 30 30 30 30 30 30 30 30 30 30 30 30 0d 0a
              0x0205B969  Status idx=5 dev=41

    1921.9ms  RX  ◄──  [1.3]  54 30 32 30 35 62 39 61 39 38 30 30 30 30 66 66 66 66 30 31 30 30 30 30 30 30 0d 0a
              0x0205B9A9  Status idx=6 dev=41

    1931.9ms  TX  ──►  [1.3]  54 30 32 30 35 32 63 38 30 38 30 30 30 30 30 30 30 30 30 30 30 30 30 30 30 30 0d
              0x02052C80  cls=0x0b idx=2 dev=0

    1932.1ms  TX  ──►  [1.3]  54 30 30 30 35 30 32 63 30 31 30 31 0d
              0x000502C0  cls=0x00 idx=11 dev=0

    1932.3ms  TX  ──►  [1.3]  54 30 32 30 35 30 31 32 39 38 32 64 62 32 33 62 34 31 30 30 30 30 30 30 62 63 0d
              0x02050129  cls=0x00 idx=4 dev=41

    1940.1ms  RX  ◄──  [1.3]  54 30 32 30 35 62 38 32 39 38 30 30 30 30 39 61 30 36 30 30 31 63 38 30 30 30 0d 0a
              0x0205B829  Status idx=0 dev=41

    1940.2ms  RX  ◄──  [1.3]  54 30 32 30 35 62 38 61 39 38 30 30 63 30 38 39 33 61 61 35 66 66 33 62 63 32 0d 0a
              0x0205B8A9  Status idx=2 dev=41

    1940.3ms  RX  ◄──  [1.3]  54 30 32 30 35 62 38 65 39 38 31 38 30 30 30 30 30 30 37 61 66 36 66 35 33 64 0d 0a
              0x0205B8E9  Status idx=3 dev=41

    1940.4ms  RX  ◄──  [1.3]  54 30 32 30 35 62 39 32 39 38 30 30 30 30 30 30 30 30 30 30 30 30 30 30 30 30 0d 0a
              0x0205B929  Status idx=4 dev=41

    1942.0ms  RX  ◄──  [1.3]  54 30 32 30 35 62 39 36 39 38 30 30 30 30 30 30 30 30 30 30 30 30 30 30 30 30 0d 0a
              0x0205B969  Status idx=5 dev=41

    1942.2ms  RX  ◄──  [1.3]  54 30 32 30 35 62 39 61 39 38 30 30 30 30 66 66 66 66 30 31 30 30 30 30 30 30 0d 0a
              0x0205B9A9  Status idx=6 dev=41

    1952.6ms  TX  ──►  [1.3]  54 30 32 30 35 30 31 32 39 38 32 64 62 32 33 62 34 31 30 30 30 30 30 30 62 63 0d
              0x02050129  cls=0x00 idx=4 dev=41

    1960.0ms  RX  ◄──  [1.3]  54 30 32 30 35 62 38 32 39 38 30 30 30 30 39 37 30 36 30 30 31 63 38 30 30 30 0d 0a
              0x0205B829  Status idx=0 dev=41

    1960.2ms  RX  ◄──  [1.3]  54 30 32 30 35 62 38 61 39 38 30 30 63 30 38 39 33 61 61 35 66 66 33 62 63 32 0d 0a
              0x0205B8A9  Status idx=2 dev=41

    1960.3ms  RX  ◄──  [1.3]  54 30 32 30 35 62 38 65 39 38 31 38 30 30 30 30 30 30 32 36 33 36 66 39 33 64 0d 0a
              0x0205B8E9  Status idx=3 dev=41

    1960.4ms  RX  ◄──  [1.3]  54 30 32 30 35 62 39 32 39 38 30 30 30 30 30 30 30 30 30 30 30 30 30 30 30 30 0d 0a
              0x0205B929  Status idx=4 dev=41

    1962.0ms  RX  ◄──  [1.3]  54 30 32 30 35 62 39 36 39 38 30 30 30 30 30 30 30 30 30 30 30 30 30 30 30 30 0d 0a
              0x0205B969  Status idx=5 dev=41

    1962.1ms  RX  ◄──  [1.3]  54 30 32 30 35 62 39 61 39 38 30 30 30 30 66 66 66 66 30 31 30 30 30 30 30 30 0d 0a
              0x0205B9A9  Status idx=6 dev=41

    1963.2ms  TX  ──►  [1.3]  54 30 32 30 35 32 63 38 30 38 30 30 30 30 30 30 30 30 30 30 30 30 30 30 30 30 0d
              0x02052C80  cls=0x0b idx=2 dev=0

    1963.4ms  TX  ──►  [1.3]  54 30 30 30 35 30 32 63 30 31 30 31 0d
              0x000502C0  cls=0x00 idx=11 dev=0

    1973.2ms  TX  ──►  [1.3]  54 30 32 30 35 30 31 32 39 38 32 64 62 32 33 62 34 31 30 30 30 30 30 30 62 63 0d
              0x02050129  cls=0x00 idx=4 dev=41

    1980.1ms  RX  ◄──  [1.3]  54 30 32 30 35 62 38 32 39 38 30 30 30 30 39 36 30 36 30 30 31 63 38 30 30 30 0d 0a
              0x0205B829  Status idx=0 dev=41

    1980.2ms  RX  ◄──  [1.3]  54 30 32 30 35 62 38 61 39 38 30 30 63 30 38 39 33 61 61 35 66 66 33 62 63 32 0d 0a
              0x0205B8A9  Status idx=2 dev=41

    1980.4ms  RX  ◄──  [1.3]  54 30 32 30 35 62 38 65 39 38 31 38 30 30 30 30 30 30 61 30 35 35 66 36 33 64 0d 0a
              0x0205B8E9  Status idx=3 dev=41

    1980.5ms  RX  ◄──  [1.3]  54 30 32 30 35 62 39 32 39 38 30 30 30 30 30 30 30 30 30 30 30 30 30 30 30 30 0d 0a
              0x0205B929  Status idx=4 dev=41

    1982.0ms  RX  ◄──  [1.3]  54 30 32 30 35 62 39 36 39 38 30 30 30 30 30 30 30 30 30 30 30 30 30 30 30 30 0d 0a
              0x0205B969  Status idx=5 dev=41

    1982.1ms  RX  ◄──  [1.3]  54 30 32 30 35 62 39 61 39 38 30 30 30 30 66 66 66 66 30 31 30 30 30 30 30 30 0d 0a
              0x0205B9A9  Status idx=6 dev=41

    1993.8ms  TX  ──►  [1.3]  54 30 32 30 35 32 63 38 30 38 30 30 30 30 30 30 30 30 30 30 30 30 30 30 30 30 0d
              0x02052C80  cls=0x0b idx=2 dev=0

    1994.1ms  TX  ──►  [1.3]  54 30 30 30 35 30 32 63 30 31 30 31 0d
              0x000502C0  cls=0x00 idx=11 dev=0

    1994.3ms  TX  ──►  [1.3]  54 30 32 30 35 30 31 32 39 38 32 64 62 32 33 62 34 31 30 30 30 30 30 30 62 63 0d
              0x02050129  cls=0x00 idx=4 dev=41

    2000.0ms  RX  ◄──  [1.3]  54 30 32 30 35 62 38 32 39 38 30 30 30 30 39 35 30 36 30 30 31 63 38 30 30 30 0d 0a
              0x0205B829  Status idx=0 dev=41

    2000.1ms  RX  ◄──  [1.3]  54 30 32 30 35 62 38 61 39 38 30 30 63 30 38 39 33 61 61 35 66 66 33 62 63 32 0d 0a
              0x0205B8A9  Status idx=2 dev=41

    2000.3ms  RX  ◄──  [1.3]  54 30 32 30 35 62 38 65 39 38 31 38 30 30 30 30 30 30 30 65 34 30 66 36 33 64 0d 0a
              0x0205B8E9  Status idx=3 dev=41

    2000.4ms  RX  ◄──  [1.3]  54 30 32 30 35 62 39 32 39 38 30 30 30 30 30 30 30 30 30 30 30 30 30 30 30 30 0d 0a
              0x0205B929  Status idx=4 dev=41

    2001.9ms  RX  ◄──  [1.3]  54 30 32 30 35 62 39 36 39 38 30 30 30 30 30 30 30 30 30 30 30 30 30 30 30 30 0d 0a
              0x0205B969  Status idx=5 dev=41

    2002.0ms  RX  ◄──  [1.3]  54 30 32 30 35 62 39 61 39 38 30 30 30 30 66 66 66 66 30 31 30 30 30 30 30 30 0d 0a
              0x0205B9A9  Status idx=6 dev=41

    2014.5ms  TX  ──►  [1.3]  54 30 32 30 35 30 31 32 39 38 32 64 62 32 33 62 34 31 30 30 30 30 30 30 62 63 0d
              0x02050129  cls=0x00 idx=4 dev=41

    2020.0ms  RX  ◄──  [1.3]  54 30 32 30 35 62 38 32 39 38 30 30 30 30 39 39 30 36 30 30 31 63 38 30 30 30 0d 0a
              0x0205B829  Status idx=0 dev=41

    2020.2ms  RX  ◄──  [1.3]  54 30 32 30 35 62 38 61 39 38 30 30 63 30 38 39 33 61 61 35 66 66 33 62 63 32 0d 0a
              0x0205B8A9  Status idx=2 dev=41

    2020.3ms  RX  ◄──  [1.3]  54 30 32 30 35 62 38 65 39 38 31 38 30 30 30 30 30 30 33 63 34 64 66 39 33 64 0d 0a
              0x0205B8E9  Status idx=3 dev=41

    2020.4ms  RX  ◄──  [1.3]  54 30 32 30 35 62 39 32 39 38 30 30 30 30 30 30 30 30 30 30 30 30 30 30 30 30 0d 0a
              0x0205B929  Status idx=4 dev=41

    2021.9ms  RX  ◄──  [1.3]  54 30 32 30 35 62 39 36 39 38 30 30 30 30 30 30 30 30 30 30 30 30 30 30 30 30 0d 0a
              0x0205B969  Status idx=5 dev=41

    2022.0ms  RX  ◄──  [1.3]  54 30 32 30 35 62 39 61 39 38 30 30 30 30 66 66 66 66 30 31 30 30 30 30 30 30 0d 0a
              0x0205B9A9  Status idx=6 dev=41

    2024.4ms  TX  ──►  [1.3]  54 30 32 30 35 32 63 38 30 38 30 30 30 30 30 30 30 30 30 30 30 30 30 30 30 30 0d
              0x02052C80  cls=0x0b idx=2 dev=0

    2024.6ms  TX  ──►  [1.3]  54 30 30 30 35 30 32 63 30 31 30 31 0d
              0x000502C0  cls=0x00 idx=11 dev=0

    2034.7ms  TX  ──►  [1.3]  54 30 32 30 35 30 31 32 39 38 32 64 62 32 33 62 34 31 30 30 30 30 30 30 62 63 0d
              0x02050129  cls=0x00 idx=4 dev=41

    2040.0ms  RX  ◄──  [1.3]  54 30 32 30 35 62 38 32 39 38 30 30 30 30 39 38 30 36 30 30 31 63 38 30 30 30 0d 0a
              0x0205B829  Status idx=0 dev=41

    2040.1ms  RX  ◄──  [1.3]  54 30 32 30 35 62 38 61 39 38 30 30 63 30 38 39 33 61 61 35 66 66 33 62 63 32 0d 0a
              0x0205B8A9  Status idx=2 dev=41

    2040.2ms  RX  ◄──  [1.3]  54 30 32 30 35 62 38 65 39 38 31 38 30 30 30 30 30 30 36 30 37 33 66 37 33 64 0d 0a
              0x0205B8E9  Status idx=3 dev=41

    2040.3ms  RX  ◄──  [1.3]  54 30 32 30 35 62 39 32 39 38 30 30 30 30 30 30 30 30 30 30 30 30 30 30 30 30 0d 0a
              0x0205B929  Status idx=4 dev=41

    2041.8ms  RX  ◄──  [1.3]  54 30 32 30 35 62 39 36 39 38 30 30 30 30 30 30 30 30 30 30 30 30 30 30 30 30 0d 0a
              0x0205B969  Status idx=5 dev=41

    2042.0ms  RX  ◄──  [1.3]  54 30 32 30 35 62 39 61 39 38 30 30 30 30 66 66 66 66 30 31 30 30 30 30 30 30 0d 0a
              0x0205B9A9  Status idx=6 dev=41

    2055.5ms  TX  ──►  [1.3]  54 30 32 30 35 32 63 38 30 38 30 30 30 30 30 30 30 30 30 30 30 30 30 30 30 30 0d
              0x02052C80  cls=0x0b idx=2 dev=0

    2055.8ms  TX  ──►  [1.3]  54 30 30 30 35 30 32 63 30 31 30 31 0d
              0x000502C0  cls=0x00 idx=11 dev=0

    2056.0ms  TX  ──►  [1.3]  54 30 32 30 35 30 31 32 39 38 32 64 62 32 33 62 34 31 30 30 30 30 30 30 62 63 0d
              0x02050129  cls=0x00 idx=4 dev=41

    2060.0ms  RX  ◄──  [1.3]  54 30 32 30 35 62 38 32 39 38 30 30 30 30 39 38 30 36 30 30 31 63 38 30 30 30 0d 0a
              0x0205B829  Status idx=0 dev=41

    2060.1ms  RX  ◄──  [1.3]  54 30 32 30 35 62 38 61 39 38 30 30 63 30 38 39 33 61 61 35 66 66 33 62 63 32 0d 0a
              0x0205B8A9  Status idx=2 dev=41

    2060.2ms  RX  ◄──  [1.3]  54 30 32 30 35 62 38 65 39 38 31 38 30 30 30 30 30 30 33 34 33 30 66 37 33 64 0d 0a
              0x0205B8E9  Status idx=3 dev=41

    2060.3ms  RX  ◄──  [1.3]  54 30 32 30 35 62 39 32 39 38 30 30 30 30 30 30 30 30 30 30 30 30 30 30 30 30 0d 0a
              0x0205B929  Status idx=4 dev=41

    2061.9ms  RX  ◄──  [1.3]  54 30 32 30 35 62 39 36 39 38 30 30 30 30 30 30 30 30 30 30 30 30 30 30 30 30 0d 0a
              0x0205B969  Status idx=5 dev=41

    2062.0ms  RX  ◄──  [1.3]  54 30 32 30 35 62 39 61 39 38 30 30 30 30 66 66 66 66 30 31 30 30 30 30 30 30 0d 0a
              0x0205B9A9  Status idx=6 dev=41

    2076.0ms  TX  ──►  [1.3]  54 30 32 30 35 30 31 32 39 38 32 64 62 32 33 62 34 31 30 30 30 30 30 30 62 63 0d
              0x02050129  cls=0x00 idx=4 dev=41

    2080.0ms  RX  ◄──  [1.3]  54 30 32 30 35 62 38 32 39 38 30 30 30 30 39 39 30 36 30 30 31 63 38 30 30 30 0d 0a
              0x0205B829  Status idx=0 dev=41

    2080.2ms  RX  ◄──  [1.3]  54 30 32 30 35 62 38 61 39 38 30 30 63 30 38 39 33 61 61 35 66 66 33 62 63 32 0d 0a
              0x0205B8A9  Status idx=2 dev=41

    2080.3ms  RX  ◄──  [1.3]  54 30 32 30 35 62 38 65 39 38 31 38 30 30 30 30 30 30 64 30 63 37 66 39 33 64 0d 0a
              0x0205B8E9  Status idx=3 dev=41

    2080.3ms  RX  ◄──  [1.3]  54 30 32 30 35 62 39 32 39 38 30 30 30 30 30 30 30 30 30 30 30 30 30 30 30 30 0d 0a
              0x0205B929  Status idx=4 dev=41

    2081.9ms  RX  ◄──  [1.3]  54 30 32 30 35 62 39 36 39 38 30 30 30 30 30 30 30 30 30 30 30 30 30 30 30 30 0d 0a
              0x0205B969  Status idx=5 dev=41

    2082.0ms  RX  ◄──  [1.3]  54 30 32 30 35 62 39 61 39 38 30 30 30 30 66 66 66 66 30 31 30 30 30 30 30 30 0d 0a
              0x0205B9A9  Status idx=6 dev=41

    2086.4ms  TX  ──►  [1.3]  54 30 32 30 35 32 63 38 30 38 30 30 30 30 30 30 30 30 30 30 30 30 30 30 30 30 0d
              0x02052C80  cls=0x0b idx=2 dev=0

    2086.6ms  TX  ──►  [1.3]  54 30 30 30 35 30 32 63 30 31 30 31 0d
              0x000502C0  cls=0x00 idx=11 dev=0

    2096.7ms  TX  ──►  [1.3]  54 30 32 30 35 30 31 32 39 38 32 64 62 32 33 62 34 31 30 30 30 30 30 30 62 63 0d
              0x02050129  cls=0x00 idx=4 dev=41

    2100.0ms  RX  ◄──  [1.3]  54 30 32 30 35 62 38 32 39 38 30 30 30 30 39 39 30 36 30 30 31 63 38 30 30 30 0d 0a
              0x0205B829  Status idx=0 dev=41

    2100.1ms  RX  ◄──  [1.3]  54 30 32 30 35 62 38 61 39 38 30 30 63 30 38 39 33 61 61 35 66 66 33 62 63 32 0d 0a
              0x0205B8A9  Status idx=2 dev=41

    2100.2ms  RX  ◄──  [1.3]  54 30 32 30 35 62 38 65 39 38 31 38 30 30 30 30 30 30 38 61 65 61 66 36 33 64 0d 0a
              0x0205B8E9  Status idx=3 dev=41

    2100.3ms  RX  ◄──  [1.3]  54 30 32 30 35 62 39 32 39 38 30 30 30 30 30 30 30 30 30 30 30 30 30 30 30 30 0d 0a
              0x0205B929  Status idx=4 dev=41

    2101.9ms  RX  ◄──  [1.3]  54 30 32 30 35 62 39 36 39 38 30 30 30 30 30 30 30 30 30 30 30 30 30 30 30 30 0d 0a
              0x0205B969  Status idx=5 dev=41

    2102.0ms  RX  ◄──  [1.3]  54 30 32 30 35 62 39 61 39 38 30 30 30 30 66 66 66 66 30 31 30 30 30 30 30 30 0d 0a
              0x0205B9A9  Status idx=6 dev=41

    2109.8ms  RX  ◄──  [1.3]  54 30 32 30 35 62 38 36 39 38 30 30 30 30 30 30 30 30 30 30 30 30 30 30 30 30 0d 0a
              0x0205B869  Status idx=1 dev=41

    2116.8ms  TX  ──►  [1.3]  54 30 32 30 35 32 63 38 30 38 30 30 30 30 30 30 30 30 30 30 30 30 30 30 30 30 0d
              0x02052C80  cls=0x0b idx=2 dev=0

    2117.0ms  TX  ──►  [1.3]  54 30 30 30 35 30 32 63 30 31 30 31 0d
              0x000502C0  cls=0x00 idx=11 dev=0

    2117.1ms  TX  ──►  [1.3]  54 30 32 30 35 30 31 32 39 38 32 64 62 32 33 62 34 31 30 30 30 30 30 30 62 63 0d
              0x02050129  cls=0x00 idx=4 dev=41

    2120.0ms  RX  ◄──  [1.3]  54 30 32 30 35 62 38 32 39 38 30 30 30 30 39 61 30 36 30 30 31 63 38 30 30 30 0d 0a
              0x0205B829  Status idx=0 dev=41

    2120.1ms  RX  ◄──  [1.3]  54 30 32 30 35 62 38 61 39 38 30 30 63 30 38 39 33 61 61 35 66 66 33 62 63 32 0d 0a
              0x0205B8A9  Status idx=2 dev=41

    2120.3ms  RX  ◄──  [1.3]  54 30 32 30 35 62 38 65 39 38 31 38 30 30 30 30 30 30 61 30 65 31 66 36 33 64 0d 0a
              0x0205B8E9  Status idx=3 dev=41

    2120.4ms  RX  ◄──  [1.3]  54 30 32 30 35 62 39 32 39 38 30 30 30 30 30 30 30 30 30 30 30 30 30 30 30 30 0d 0a
              0x0205B929  Status idx=4 dev=41

    2121.8ms  RX  ◄──  [1.3]  54 30 32 30 35 62 39 36 39 38 30 30 30 30 30 30 30 30 30 30 30 30 30 30 30 30 0d 0a
              0x0205B969  Status idx=5 dev=41

    2122.0ms  RX  ◄──  [1.3]  54 30 32 30 35 62 39 61 39 38 30 30 30 30 66 66 66 66 30 31 30 30 30 30 30 30 0d 0a
              0x0205B9A9  Status idx=6 dev=41

    2137.2ms  TX  ──►  [1.3]  54 30 32 30 35 30 31 32 39 38 32 64 62 32 33 62 34 31 30 30 30 30 30 30 62 63 0d
              0x02050129  cls=0x00 idx=4 dev=41

    2140.0ms  RX  ◄──  [1.3]  54 30 32 30 35 62 38 32 39 38 30 30 30 30 39 61 30 36 30 30 31 63 38 30 30 30 0d 0a
              0x0205B829  Status idx=0 dev=41

    2140.2ms  RX  ◄──  [1.3]  54 30 32 30 35 62 38 61 39 38 30 30 63 30 38 39 33 61 61 35 66 66 33 62 63 32 0d 0a
              0x0205B8A9  Status idx=2 dev=41

    2140.3ms  RX  ◄──  [1.3]  54 30 32 30 35 62 38 65 39 38 31 38 30 30 30 30 30 30 30 36 39 35 66 39 33 64 0d 0a
              0x0205B8E9  Status idx=3 dev=41

    2140.4ms  RX  ◄──  [1.3]  54 30 32 30 35 62 39 32 39 38 30 30 30 30 30 30 30 30 30 30 30 30 30 30 30 30 0d 0a
              0x0205B929  Status idx=4 dev=41

    2141.9ms  RX  ◄──  [1.3]  54 30 32 30 35 62 39 36 39 38 30 30 30 30 30 30 30 30 30 30 30 30 30 30 30 30 0d 0a
              0x0205B969  Status idx=5 dev=41

    2142.0ms  RX  ◄──  [1.3]  54 30 32 30 35 62 39 61 39 38 30 30 30 30 66 66 66 66 30 31 30 30 30 30 30 30 0d 0a
              0x0205B9A9  Status idx=6 dev=41

    2147.4ms  TX  ──►  [1.3]  54 30 32 30 35 32 63 38 30 38 30 30 30 30 30 30 30 30 30 30 30 30 30 30 30 30 0d
              0x02052C80  cls=0x0b idx=2 dev=0

    2147.6ms  TX  ──►  [1.3]  54 30 30 30 35 30 32 63 30 31 30 31 0d
              0x000502C0  cls=0x00 idx=11 dev=0

    2157.7ms  TX  ──►  [1.3]  54 30 32 30 35 30 31 32 39 38 32 64 62 32 33 62 34 31 30 30 30 30 30 30 62 63 0d
              0x02050129  cls=0x00 idx=4 dev=41

    2160.0ms  RX  ◄──  [1.3]  54 30 32 30 35 62 38 32 39 38 30 30 30 30 39 39 30 36 30 30 31 63 38 30 30 30 0d 0a
              0x0205B829  Status idx=0 dev=41

    2160.1ms  RX  ◄──  [1.3]  54 30 32 30 35 62 38 61 39 38 30 30 63 30 38 39 33 61 61 35 66 66 33 62 63 32 0d 0a
              0x0205B8A9  Status idx=2 dev=41

    2160.2ms  RX  ◄──  [1.3]  54 30 32 30 35 62 38 65 39 38 31 38 30 30 30 30 30 30 34 65 61 61 66 35 33 64 0d 0a
              0x0205B8E9  Status idx=3 dev=41

    2160.3ms  RX  ◄──  [1.3]  54 30 32 30 35 62 39 32 39 38 30 30 30 30 30 30 30 30 30 30 30 30 30 30 30 30 0d 0a
              0x0205B929  Status idx=4 dev=41

    2161.8ms  RX  ◄──  [1.3]  54 30 32 30 35 62 39 36 39 38 30 30 30 30 30 30 30 30 30 30 30 30 30 30 30 30 0d 0a
              0x0205B969  Status idx=5 dev=41

    2161.9ms  RX  ◄──  [1.3]  54 30 32 30 35 62 39 61 39 38 30 30 30 30 66 66 66 66 30 31 30 30 30 30 30 30 0d 0a
              0x0205B9A9  Status idx=6 dev=41

    2178.7ms  TX  ──►  [1.3]  54 30 32 30 35 32 63 38 30 38 30 30 30 30 30 30 30 30 30 30 30 30 30 30 30 30 0d
              0x02052C80  cls=0x0b idx=2 dev=0

    2178.9ms  TX  ──►  [1.3]  54 30 30 30 35 30 32 63 30 31 30 31 0d
              0x000502C0  cls=0x00 idx=11 dev=0

    2179.1ms  TX  ──►  [1.3]  54 30 32 30 35 30 31 32 39 38 32 64 62 32 33 62 34 31 30 30 30 30 30 30 62 63 0d
              0x02050129  cls=0x00 idx=4 dev=41

    2180.1ms  RX  ◄──  [1.3]  54 30 32 30 35 62 38 32 39 38 30 30 30 30 39 65 30 36 30 30 31 63 38 30 30 30 0d 0a
              0x0205B829  Status idx=0 dev=41

    2180.2ms  RX  ◄──  [1.3]  54 30 32 30 35 62 38 61 39 38 30 30 63 30 38 39 33 61 61 35 66 66 33 62 63 32 0d 0a
              0x0205B8A9  Status idx=2 dev=41

    2180.3ms  RX  ◄──  [1.3]  54 30 32 30 35 62 38 65 39 38 31 38 30 30 30 30 30 30 34 30 66 62 66 35 33 64 0d 0a
              0x0205B8E9  Status idx=3 dev=41

    2180.4ms  RX  ◄──  [1.3]  54 30 32 30 35 62 39 32 39 38 30 30 30 30 30 30 30 30 30 30 30 30 30 30 30 30 0d 0a
              0x0205B929  Status idx=4 dev=41

    2182.0ms  RX  ◄──  [1.3]  54 30 32 30 35 62 39 36 39 38 30 30 30 30 30 30 30 30 30 30 30 30 30 30 30 30 0d 0a
              0x0205B969  Status idx=5 dev=41

    2182.1ms  RX  ◄──  [1.3]  54 30 32 30 35 62 39 61 39 38 30 30 30 30 66 66 66 66 30 31 30 30 30 30 30 30 0d 0a
              0x0205B9A9  Status idx=6 dev=41

    2199.1ms  TX  ──►  [1.3]  54 30 32 30 35 30 31 32 39 38 32 64 62 32 33 62 34 31 30 30 30 30 30 30 62 63 0d
              0x02050129  cls=0x00 idx=4 dev=41

    2200.0ms  RX  ◄──  [1.3]  54 30 32 30 35 62 38 61 39 38 30 30 63 30 38 39 33 61 61 35 66 66 33 62 63 32 0d 0a
              0x0205B8A9  Status idx=2 dev=41

    2200.1ms  RX  ◄──  [1.3]  54 30 32 30 35 62 38 65 39 38 31 38 30 30 30 30 30 30 65 34 62 37 66 39 33 64 0d 0a
              0x0205B8E9  Status idx=3 dev=41

    2200.1ms  RX  ◄──  [1.3]  54 30 32 30 35 62 39 32 39 38 30 30 30 30 30 30 30 30 30 30 30 30 30 30 30 30 0d 0a
              0x0205B929  Status idx=4 dev=41

    2200.2ms  RX  ◄──  [1.3]  54 30 32 30 35 62 38 32 39 38 30 30 30 30 39 37 30 36 30 30 31 63 38 30 30 30 0d 0a
              0x0205B829  Status idx=0 dev=41

    2202.0ms  RX  ◄──  [1.3]  54 30 32 30 35 62 39 36 39 38 30 30 30 30 30 30 30 30 30 30 30 30 30 30 30 30 0d 0a
              0x0205B969  Status idx=5 dev=41

    2202.1ms  RX  ◄──  [1.3]  54 30 32 30 35 62 39 61 39 38 30 30 30 30 66 66 66 66 30 31 30 30 30 30 30 30 0d 0a
              0x0205B9A9  Status idx=6 dev=41

    2209.2ms  TX  ──►  [1.3]  54 30 32 30 35 32 63 38 30 38 30 30 30 30 30 30 30 30 30 30 30 30 30 30 30 30 0d
              0x02052C80  cls=0x0b idx=2 dev=0

    2209.5ms  TX  ──►  [1.3]  54 30 30 30 35 30 32 63 30 31 30 31 0d
              0x000502C0  cls=0x00 idx=11 dev=0

    2219.0ms  TX  ──►  [1.3]  54 30 32 30 35 30 31 32 39 38 32 64 62 32 33 62 34 31 30 30 30 30 30 30 62 63 0d
              0x02050129  cls=0x00 idx=4 dev=41

    2220.0ms  RX  ◄──  [1.3]  54 30 32 30 35 62 38 32 39 38 30 30 30 30 39 63 30 36 30 30 31 63 38 30 30 30 0d 0a
              0x0205B829  Status idx=0 dev=41

    2220.2ms  RX  ◄──  [1.3]  54 30 32 30 35 62 38 61 39 38 30 30 63 30 38 39 33 61 61 35 66 66 33 62 63 32 0d 0a
              0x0205B8A9  Status idx=2 dev=41

    2220.3ms  RX  ◄──  [1.3]  54 30 32 30 35 62 38 65 39 38 31 38 30 30 30 30 30 30 63 34 34 66 66 35 33 64 0d 0a
              0x0205B8E9  Status idx=3 dev=41

    2220.4ms  RX  ◄──  [1.3]  54 30 32 30 35 62 39 32 39 38 30 30 30 30 30 30 30 30 30 30 30 30 30 30 30 30 0d 0a
              0x0205B929  Status idx=4 dev=41

    2222.0ms  RX  ◄──  [1.3]  54 30 32 30 35 62 39 36 39 38 30 30 30 30 30 30 30 30 30 30 30 30 30 30 30 30 0d 0a
              0x0205B969  Status idx=5 dev=41

    2222.1ms  RX  ◄──  [1.3]  54 30 32 30 35 62 39 61 39 38 30 30 30 30 66 66 66 66 30 31 30 30 30 30 30 30 0d 0a
              0x0205B9A9  Status idx=6 dev=41

    2239.7ms  TX  ──►  [1.3]  54 30 32 30 35 32 63 38 30 38 30 30 30 30 30 30 30 30 30 30 30 30 30 30 30 30 0d
              0x02052C80  cls=0x0b idx=2 dev=0

    2239.9ms  TX  ──►  [1.3]  54 30 30 30 35 30 32 63 30 31 30 31 0d
              0x000502C0  cls=0x00 idx=11 dev=0

    2240.0ms  TX  ──►  [1.3]  54 30 32 30 35 30 31 32 39 38 32 64 62 32 33 62 34 31 30 30 30 30 30 30 62 63 0d
              0x02050129  cls=0x00 idx=4 dev=41

    2240.1ms  RX  ◄──  [1.3]  54 30 32 30 35 62 38 32 39 38 30 30 30 30 39 38 30 36 30 30 31 63 38 30 30 30 0d 0a
              0x0205B829  Status idx=0 dev=41

    2240.3ms  RX  ◄──  [1.3]  54 30 32 30 35 62 38 61 39 38 30 30 63 30 38 39 33 61 61 35 66 66 33 62 63 32 0d 0a
              0x0205B8A9  Status idx=2 dev=41

    2240.4ms  RX  ◄──  [1.3]  54 30 32 30 35 62 38 65 39 38 31 38 30 30 30 30 30 30 30 61 31 33 66 37 33 64 0d 0a
              0x0205B8E9  Status idx=3 dev=41

    2240.5ms  RX  ◄──  [1.3]  54 30 32 30 35 62 39 32 39 38 30 30 30 30 30 30 30 30 30 30 30 30 30 30 30 30 0d 0a
              0x0205B929  Status idx=4 dev=41

    2241.8ms  RX  ◄──  [1.3]  54 30 32 30 35 62 39 36 39 38 30 30 30 30 30 30 30 30 30 30 30 30 30 30 30 30 0d 0a
              0x0205B969  Status idx=5 dev=41

    2241.9ms  RX  ◄──  [1.3]  54 30 32 30 35 62 39 61 39 38 30 30 30 30 66 66 66 66 30 31 30 30 30 30 30 30 0d 0a
              0x0205B9A9  Status idx=6 dev=41

    2260.0ms  RX  ◄──  [1.3]  54 30 32 30 35 62 38 32 39 38 30 30 30 30 39 39 30 36 30 30 31 63 38 30 30 30 0d 0a
              0x0205B829  Status idx=0 dev=41

    2260.3ms  RX  ◄──  [1.3]  54 30 32 30 35 62 38 61 39 38 30 30 63 30 38 39 33 61 61 35 66 66 33 62 63 32 0d 0a
              0x0205B8A9  Status idx=2 dev=41

    2260.4ms  RX  ◄──  [1.3]  54 30 32 30 35 62 38 65 39 38 31 38 30 30 30 30 30 30 33 63 63 32 66 39 33 64 0d 0a
              0x0205B8E9  Status idx=3 dev=41

    2260.5ms  RX  ◄──  [1.3]  54 30 32 30 35 62 39 32 39 38 30 30 30 30 30 30 30 30 30 30 30 30 30 30 30 30 0d 0a
              0x0205B929  Status idx=4 dev=41

    2260.7ms  TX  ──►  [1.3]  54 30 32 30 35 30 31 32 39 38 32 64 62 32 33 62 34 31 30 30 30 30 30 30 62 63 0d
              0x02050129  cls=0x00 idx=4 dev=41

    2261.9ms  RX  ◄──  [1.3]  54 30 32 30 35 62 39 36 39 38 30 30 30 30 30 30 30 30 30 30 30 30 30 30 30 30 0d 0a
              0x0205B969  Status idx=5 dev=41

    2262.0ms  RX  ◄──  [1.3]  54 30 32 30 35 62 39 61 39 38 30 30 30 30 66 66 66 66 30 31 30 30 30 30 30 30 0d 0a
              0x0205B9A9  Status idx=6 dev=41

    2271.1ms  TX  ──►  [1.3]  54 30 32 30 35 32 63 38 30 38 30 30 30 30 30 30 30 30 30 30 30 30 30 30 30 30 0d
              0x02052C80  cls=0x0b idx=2 dev=0

    2271.3ms  TX  ──►  [1.3]  54 30 30 30 35 30 32 63 30 31 30 31 0d
              0x000502C0  cls=0x00 idx=11 dev=0

    2280.0ms  RX  ◄──  [1.3]  54 30 32 30 35 62 38 32 39 38 30 30 30 30 39 61 30 36 30 30 31 63 38 30 30 30 0d 0a
              0x0205B829  Status idx=0 dev=41

    2280.2ms  RX  ◄──  [1.3]  54 30 32 30 35 62 38 61 39 38 30 30 63 30 38 39 33 61 61 35 66 66 33 62 63 32 0d 0a
              0x0205B8A9  Status idx=2 dev=41

    2280.4ms  RX  ◄──  [1.3]  54 30 32 30 35 62 38 65 39 38 31 38 30 30 30 30 30 30 37 65 65 63 66 37 33 64 0d 0a
              0x0205B8E9  Status idx=3 dev=41

    2280.6ms  RX  ◄──  [1.3]  54 30 32 30 35 62 39 32 39 38 30 30 30 30 30 30 30 30 30 30 30 30 30 30 30 30 0d 0a
              0x0205B929  Status idx=4 dev=41

    2281.6ms  TX  ──►  [1.3]  54 30 32 30 35 30 31 32 39 38 32 64 62 32 33 62 34 31 30 30 30 30 30 30 62 63 0d
              0x02050129  cls=0x00 idx=4 dev=41

    2281.9ms  RX  ◄──  [1.3]  54 30 32 30 35 62 39 36 39 38 30 30 30 30 30 30 30 30 30 30 30 30 30 30 30 30 0d 0a
              0x0205B969  Status idx=5 dev=41

    2282.0ms  RX  ◄──  [1.3]  54 30 32 30 35 62 39 61 39 38 30 30 30 30 66 66 66 66 30 31 30 30 30 30 30 30 0d 0a
              0x0205B9A9  Status idx=6 dev=41

    2300.1ms  RX  ◄──  [1.3]  54 30 32 30 35 62 38 32 39 38 30 30 30 30 39 61 30 36 30 30 31 63 38 30 30 30 0d 0a
              0x0205B829  Status idx=0 dev=41

    2300.2ms  RX  ◄──  [1.3]  54 30 32 30 35 62 38 61 39 38 30 30 63 30 38 39 33 61 61 35 66 66 33 62 63 32 0d 0a
              0x0205B8A9  Status idx=2 dev=41

    2300.3ms  RX  ◄──  [1.3]  54 30 32 30 35 62 38 65 39 38 31 38 30 30 30 30 30 30 38 65 31 39 66 37 33 64 0d 0a
              0x0205B8E9  Status idx=3 dev=41

    2300.5ms  RX  ◄──  [1.3]  54 30 32 30 35 62 39 32 39 38 30 30 30 30 30 30 30 30 30 30 30 30 30 30 30 30 0d 0a
              0x0205B929  Status idx=4 dev=41

    2302.0ms  RX  ◄──  [1.3]  54 30 32 30 35 62 39 36 39 38 30 30 30 30 30 30 30 30 30 30 30 30 30 30 30 30 0d 0a
              0x0205B969  Status idx=5 dev=41

    2302.1ms  RX  ◄──  [1.3]  54 30 32 30 35 62 39 61 39 38 30 30 30 30 66 66 66 66 30 31 30 30 30 30 30 30 0d 0a
              0x0205B9A9  Status idx=6 dev=41

    2302.5ms  TX  ──►  [1.3]  54 30 32 30 35 32 63 38 30 38 30 30 30 30 30 30 30 30 30 30 30 30 30 30 30 30 0d
              0x02052C80  cls=0x0b idx=2 dev=0

    2302.8ms  TX  ──►  [1.3]  54 30 30 30 35 30 32 63 30 31 30 31 0d
              0x000502C0  cls=0x00 idx=11 dev=0

    2303.1ms  TX  ──►  [1.3]  54 30 32 30 35 30 31 32 39 38 32 64 62 32 33 62 34 31 30 30 30 30 30 30 62 63 0d
              0x02050129  cls=0x00 idx=4 dev=41

    2320.1ms  RX  ◄──  [1.3]  54 30 32 30 35 62 38 32 39 38 30 30 30 30 39 38 30 36 30 30 31 63 38 30 30 30 0d 0a
              0x0205B829  Status idx=0 dev=41

    2320.2ms  RX  ◄──  [1.3]  54 30 32 30 35 62 38 61 39 38 30 30 63 30 38 39 33 61 61 35 66 66 33 62 63 32 0d 0a
              0x0205B8A9  Status idx=2 dev=41

    2320.3ms  RX  ◄──  [1.3]  54 30 32 30 35 62 38 65 39 38 31 38 30 30 30 30 30 30 37 32 61 30 66 38 33 64 0d 0a
              0x0205B8E9  Status idx=3 dev=41

    2320.4ms  RX  ◄──  [1.3]  54 30 32 30 35 62 39 32 39 38 30 30 30 30 30 30 30 30 30 30 30 30 30 30 30 30 0d 0a
              0x0205B929  Status idx=4 dev=41

    2321.9ms  RX  ◄──  [1.3]  54 30 32 30 35 62 39 36 39 38 30 30 30 30 30 30 30 30 30 30 30 30 30 30 30 30 0d 0a
              0x0205B969  Status idx=5 dev=41

    2322.1ms  RX  ◄──  [1.3]  54 30 32 30 35 62 39 61 39 38 30 30 30 30 66 66 66 66 30 31 30 30 30 30 30 30 0d 0a
              0x0205B9A9  Status idx=6 dev=41

    2332.3ms  TX  ──►  [1.3]  54 30 32 30 35 32 63 38 30 38 30 30 30 30 30 30 30 30 30 30 30 30 30 30 30 30 0d
              0x02052C80  cls=0x0b idx=2 dev=0

    2332.6ms  TX  ──►  [1.3]  54 30 30 30 35 30 32 63 30 31 30 31 0d
              0x000502C0  cls=0x00 idx=11 dev=0

    2332.8ms  TX  ──►  [1.3]  54 30 32 30 35 30 31 32 39 38 32 64 62 32 33 62 34 31 30 30 30 30 30 30 62 63 0d
              0x02050129  cls=0x00 idx=4 dev=41

    2340.0ms  RX  ◄──  [1.3]  54 30 32 30 35 62 38 32 39 38 30 30 30 30 39 35 30 36 30 30 31 63 38 30 30 30 0d 0a
              0x0205B829  Status idx=0 dev=41

    2340.2ms  RX  ◄──  [1.3]  54 30 32 30 35 62 38 61 39 38 30 30 63 30 38 39 33 61 61 35 66 66 33 62 63 32 0d 0a
              0x0205B8A9  Status idx=2 dev=41

    2340.2ms  RX  ◄──  [1.3]  54 30 32 30 35 62 38 65 39 38 31 38 30 30 30 30 30 30 39 61 61 35 66 36 33 64 0d 0a
              0x0205B8E9  Status idx=3 dev=41

    2340.3ms  RX  ◄──  [1.3]  54 30 32 30 35 62 39 32 39 38 30 30 30 30 30 30 30 30 30 30 30 30 30 30 30 30 0d 0a
              0x0205B929  Status idx=4 dev=41

    2341.9ms  RX  ◄──  [1.3]  54 30 32 30 35 62 39 36 39 38 30 30 30 30 30 30 30 30 30 30 30 30 30 30 30 30 0d 0a
              0x0205B969  Status idx=5 dev=41

    2342.1ms  RX  ◄──  [1.3]  54 30 32 30 35 62 39 61 39 38 30 30 30 30 66 66 66 66 30 31 30 30 30 30 30 30 0d 0a
              0x0205B9A9  Status idx=6 dev=41

    2353.1ms  TX  ──►  [1.3]  54 30 32 30 35 30 31 32 39 38 32 64 62 32 33 62 34 31 30 30 30 30 30 30 62 63 0d
              0x02050129  cls=0x00 idx=4 dev=41

    2360.1ms  RX  ◄──  [1.3]  54 30 32 30 35 62 38 32 39 38 30 30 30 30 39 36 30 36 30 30 31 63 38 30 30 30 0d 0a
              0x0205B829  Status idx=0 dev=41

    2360.2ms  RX  ◄──  [1.3]  54 30 32 30 35 62 38 36 39 38 30 30 30 30 30 30 30 30 30 30 30 30 30 30 30 30 0d 0a
              0x0205B869  Status idx=1 dev=41

    2360.4ms  RX  ◄──  [1.3]  54 30 32 30 35 62 38 61 39 38 30 30 63 30 38 39 33 61 61 35 66 66 33 62 63 32 0d 0a
              0x0205B8A9  Status idx=2 dev=41

    2360.5ms  RX  ◄──  [1.3]  54 30 32 30 35 62 38 65 39 38 31 38 30 30 30 30 30 30 33 30 35 32 66 37 33 64 0d 0a
              0x0205B8E9  Status idx=3 dev=41

    2360.7ms  RX  ◄──  [1.3]  54 30 32 30 35 62 39 32 39 38 30 30 30 30 30 30 30 30 30 30 30 30 30 30 30 30 0d 0a
              0x0205B929  Status idx=4 dev=41

    2362.0ms  RX  ◄──  [1.3]  54 30 32 30 35 62 39 36 39 38 30 30 30 30 30 30 30 30 30 30 30 30 30 30 30 30 0d 0a
              0x0205B969  Status idx=5 dev=41

    2362.1ms  RX  ◄──  [1.3]  54 30 32 30 35 62 39 61 39 38 30 30 30 30 66 66 66 66 30 31 30 30 30 30 30 30 0d 0a
              0x0205B9A9  Status idx=6 dev=41

    2362.9ms  TX  ──►  [1.3]  54 30 32 30 35 32 63 38 30 38 30 30 30 30 30 30 30 30 30 30 30 30 30 30 30 30 0d
              0x02052C80  cls=0x0b idx=2 dev=0

    2363.2ms  TX  ──►  [1.3]  54 30 30 30 35 30 32 63 30 31 30 31 0d
              0x000502C0  cls=0x00 idx=11 dev=0

    2380.0ms  RX  ◄──  [1.3]  54 30 32 30 35 62 38 32 39 38 30 30 30 30 39 38 30 36 30 30 31 63 38 30 30 30 0d 0a
              0x0205B829  Status idx=0 dev=41

    2380.2ms  RX  ◄──  [1.3]  54 30 32 30 35 62 38 61 39 38 30 30 63 30 38 39 33 61 61 35 66 66 33 62 63 32 0d 0a
              0x0205B8A9  Status idx=2 dev=41

    2380.4ms  RX  ◄──  [1.3]  54 30 32 30 35 62 38 65 39 38 31 38 30 30 30 30 30 30 31 30 34 62 66 61 33 64 0d 0a
              0x0205B8E9  Status idx=3 dev=41

    2380.7ms  RX  ◄──  [1.3]  54 30 32 30 35 62 39 32 39 38 30 30 30 30 30 30 30 30 30 30 30 30 30 30 30 30 0d 0a
              0x0205B929  Status idx=4 dev=41

    2382.0ms  RX  ◄──  [1.3]  54 30 32 30 35 62 39 36 39 38 30 30 30 30 30 30 30 30 30 30 30 30 30 30 30 30 0d 0a
              0x0205B969  Status idx=5 dev=41

    2382.1ms  RX  ◄──  [1.3]  54 30 32 30 35 62 39 61 39 38 30 30 30 30 66 66 66 66 30 31 30 30 30 30 30 30 0d 0a
              0x0205B9A9  Status idx=6 dev=41

    2387.6ms  TX  ──►  [1.3]  54 30 32 30 35 32 63 38 30 38 30 30 30 30 30 30 30 30 30 30 30 30 30 30 30 30 0d
              0x02052C80  cls=0x0b idx=2 dev=0

    2387.8ms  TX  ──►  [1.3]  54 30 30 30 35 30 32 63 30 31 30 31 0d
              0x000502C0  cls=0x00 idx=11 dev=0

    2388.0ms  TX  ──►  [1.3]  54 30 32 30 35 30 31 32 39 38 32 64 62 32 33 62 34 31 30 30 30 30 30 30 62 63 0d
              0x02050129  cls=0x00 idx=4 dev=41

    2400.0ms  RX  ◄──  [1.3]  54 30 32 30 35 62 38 32 39 38 30 30 30 30 39 36 30 36 30 30 31 63 38 30 30 30 0d 0a
              0x0205B829  Status idx=0 dev=41

    2400.1ms  RX  ◄──  [1.3]  54 30 32 30 35 62 38 61 39 38 30 30 63 30 38 39 33 61 61 35 66 66 33 62 63 32 0d 0a
              0x0205B8A9  Status idx=2 dev=41

    2400.2ms  RX  ◄──  [1.3]  54 30 32 30 35 62 38 65 39 38 31 38 30 30 30 30 30 30 37 30 34 39 66 37 33 64 0d 0a
              0x0205B8E9  Status idx=3 dev=41

    2400.3ms  RX  ◄──  [1.3]  54 30 32 30 35 62 39 32 39 38 30 30 30 30 30 30 30 30 30 30 30 30 30 30 30 30 0d 0a
              0x0205B929  Status idx=4 dev=41

    2401.8ms  RX  ◄──  [1.3]  54 30 32 30 35 62 39 36 39 38 30 30 30 30 30 30 30 30 30 30 30 30 30 30 30 30 0d 0a
              0x0205B969  Status idx=5 dev=41

    2401.9ms  RX  ◄──  [1.3]  54 30 32 30 35 62 39 61 39 38 30 30 30 30 66 66 66 66 30 31 30 30 30 30 30 30 0d 0a
              0x0205B9A9  Status idx=6 dev=41

    2407.8ms  TX  ──►  [1.3]  54 30 32 30 35 30 31 32 39 38 32 64 62 32 33 62 34 31 30 30 30 30 30 30 62 63 0d
              0x02050129  cls=0x00 idx=4 dev=41

    2417.5ms  TX  ──►  [1.3]  54 30 32 30 35 32 63 38 30 38 30 30 30 30 30 30 30 30 30 30 30 30 30 30 30 30 0d
              0x02052C80  cls=0x0b idx=2 dev=0

    2417.6ms  TX  ──►  [1.3]  54 30 30 30 35 30 32 63 30 31 30 31 0d
              0x000502C0  cls=0x00 idx=11 dev=0

    2420.0ms  RX  ◄──  [1.3]  54 30 32 30 35 62 38 32 39 38 30 30 30 30 39 37 30 36 30 30 31 63 38 30 30 30 0d 0a
              0x0205B829  Status idx=0 dev=41

    2420.1ms  RX  ◄──  [1.3]  54 30 32 30 35 62 38 61 39 38 30 30 63 30 38 39 33 61 61 35 66 66 33 62 63 32 0d 0a
              0x0205B8A9  Status idx=2 dev=41

    2420.2ms  RX  ◄──  [1.3]  54 30 32 30 35 62 38 65 39 38 31 38 30 30 30 30 30 30 31 30 61 63 66 36 33 64 0d 0a
              0x0205B8E9  Status idx=3 dev=41

    2420.2ms  RX  ◄──  [1.3]  54 30 32 30 35 62 39 32 39 38 30 30 30 30 30 30 30 30 30 30 30 30 30 30 30 30 0d 0a
              0x0205B929  Status idx=4 dev=41

    2421.8ms  RX  ◄──  [1.3]  54 30 32 30 35 62 39 36 39 38 30 30 30 30 30 30 30 30 30 30 30 30 30 30 30 30 0d 0a
              0x0205B969  Status idx=5 dev=41

    2421.9ms  RX  ◄──  [1.3]  54 30 32 30 35 62 39 61 39 38 30 30 30 30 66 66 66 66 30 31 30 30 30 30 30 30 0d 0a
              0x0205B9A9  Status idx=6 dev=41

    2433.7ms  TX  ──►  [1.3]  54 30 32 30 35 30 31 32 39 38 32 64 62 32 33 62 34 31 30 30 30 30 30 30 62 63 0d
              0x02050129  cls=0x00 idx=4 dev=41

    2440.0ms  RX  ◄──  [1.3]  54 30 32 30 35 62 38 32 39 38 30 30 30 30 39 61 30 36 30 30 31 63 38 30 30 30 0d 0a
              0x0205B829  Status idx=0 dev=41

    2440.1ms  RX  ◄──  [1.3]  54 30 32 30 35 62 38 61 39 38 30 30 63 30 38 39 33 61 61 35 66 66 33 62 63 32 0d 0a
              0x0205B8A9  Status idx=2 dev=41

    2440.2ms  RX  ◄──  [1.3]  54 30 32 30 35 62 38 65 39 38 31 38 30 30 30 30 30 30 36 63 37 37 66 39 33 64 0d 0a
              0x0205B8E9  Status idx=3 dev=41

    2440.3ms  RX  ◄──  [1.3]  54 30 32 30 35 62 39 32 39 38 30 30 30 30 30 30 30 30 30 30 30 30 30 30 30 30 0d 0a
              0x0205B929  Status idx=4 dev=41

    2441.8ms  RX  ◄──  [1.3]  54 30 32 30 35 62 39 36 39 38 30 30 30 30 30 30 30 30 30 30 30 30 30 30 30 30 0d 0a
              0x0205B969  Status idx=5 dev=41

    2442.0ms  RX  ◄──  [1.3]  54 30 32 30 35 62 39 61 39 38 30 30 30 30 66 66 66 66 30 31 30 30 30 30 30 30 0d 0a
              0x0205B9A9  Status idx=6 dev=41

    2457.2ms  TX  ──►  [1.3]  54 30 32 30 35 32 63 38 30 38 30 30 30 30 30 30 30 30 30 30 30 30 30 30 30 30 0d
              0x02052C80  cls=0x0b idx=2 dev=0

    2457.3ms  TX  ──►  [1.3]  54 30 30 30 35 30 32 63 30 31 30 31 0d
              0x000502C0  cls=0x00 idx=11 dev=0

    2457.5ms  TX  ──►  [1.3]  54 30 32 30 35 30 31 32 39 38 32 64 62 32 33 62 34 31 30 30 30 30 30 30 62 63 0d
              0x02050129  cls=0x00 idx=4 dev=41

    2460.0ms  RX  ◄──  [1.3]  54 30 32 30 35 62 38 32 39 38 30 30 30 30 39 61 30 36 30 30 31 63 38 30 30 30 0d 0a
              0x0205B829  Status idx=0 dev=41

    2460.1ms  RX  ◄──  [1.3]  54 30 32 30 35 62 38 61 39 38 30 30 63 30 38 39 33 61 61 35 66 66 33 62 63 32 0d 0a
              0x0205B8A9  Status idx=2 dev=41

    2460.2ms  RX  ◄──  [1.3]  54 30 32 30 35 62 38 65 39 38 31 38 30 30 30 30 30 30 36 38 34 31 66 36 33 64 0d 0a
              0x0205B8E9  Status idx=3 dev=41

    2460.2ms  RX  ◄──  [1.3]  54 30 32 30 35 62 39 32 39 38 30 30 30 30 30 30 30 30 30 30 30 30 30 30 30 30 0d 0a
              0x0205B929  Status idx=4 dev=41

    2461.8ms  RX  ◄──  [1.3]  54 30 32 30 35 62 39 36 39 38 30 30 30 30 30 30 30 30 30 30 30 30 30 30 30 30 0d 0a
              0x0205B969  Status idx=5 dev=41

    2461.9ms  RX  ◄──  [1.3]  54 30 32 30 35 62 39 61 39 38 30 30 30 30 66 66 66 66 30 31 30 30 30 30 30 30 0d 0a
              0x0205B9A9  Status idx=6 dev=41

    2476.9ms  TX  ──►  [1.3]  54 30 32 30 35 30 31 32 39 38 32 64 62 32 33 62 34 31 30 30 30 30 30 30 62 63 0d
              0x02050129  cls=0x00 idx=4 dev=41

    2480.0ms  RX  ◄──  [1.3]  54 30 32 30 35 62 38 32 39 38 30 30 30 30 39 38 30 36 30 30 31 63 38 30 30 30 0d 0a
              0x0205B829  Status idx=0 dev=41

    2480.1ms  RX  ◄──  [1.3]  54 30 32 30 35 62 38 61 39 38 30 30 63 30 38 39 33 61 61 35 66 66 33 62 63 32 0d 0a
              0x0205B8A9  Status idx=2 dev=41

    2480.2ms  RX  ◄──  [1.3]  54 30 32 30 35 62 38 65 39 38 31 38 30 30 30 30 30 30 31 61 32 65 66 38 33 64 0d 0a
              0x0205B8E9  Status idx=3 dev=41

    2480.3ms  RX  ◄──  [1.3]  54 30 32 30 35 62 39 32 39 38 30 30 30 30 30 30 30 30 30 30 30 30 30 30 30 30 0d 0a
              0x0205B929  Status idx=4 dev=41

    2481.9ms  RX  ◄──  [1.3]  54 30 32 30 35 62 39 36 39 38 30 30 30 30 30 30 30 30 30 30 30 30 30 30 30 30 0d 0a
              0x0205B969  Status idx=5 dev=41

    2482.1ms  RX  ◄──  [1.3]  54 30 32 30 35 62 39 61 39 38 30 30 30 30 66 66 66 66 30 31 30 30 30 30 30 30 0d 0a
              0x0205B9A9  Status idx=6 dev=41

    2487.2ms  TX  ──►  [1.3]  54 30 32 30 35 32 63 38 30 38 30 30 30 30 30 30 30 30 30 30 30 30 30 30 30 30 0d
              0x02052C80  cls=0x0b idx=2 dev=0

    2487.3ms  TX  ──►  [1.3]  54 30 30 30 35 30 32 63 30 31 30 31 0d
              0x000502C0  cls=0x00 idx=11 dev=0

    2496.9ms  TX  ──►  [1.3]  54 30 32 30 35 30 31 32 39 38 32 64 62 32 33 62 34 31 30 30 30 30 30 30 62 63 0d
              0x02050129  cls=0x00 idx=4 dev=41

    2500.0ms  RX  ◄──  [1.3]  54 30 32 30 35 62 38 32 39 38 30 30 30 30 39 39 30 36 30 30 31 63 38 30 30 30 0d 0a
              0x0205B829  Status idx=0 dev=41

    2500.2ms  RX  ◄──  [1.3]  54 30 32 30 35 62 38 61 39 38 30 30 63 30 38 39 33 61 61 35 66 66 33 62 63 32 0d 0a
              0x0205B8A9  Status idx=2 dev=41

    2500.3ms  RX  ◄──  [1.3]  54 30 32 30 35 62 38 65 39 38 31 38 30 30 30 30 30 30 64 32 33 61 66 61 33 64 0d 0a
              0x0205B8E9  Status idx=3 dev=41

    2500.4ms  RX  ◄──  [1.3]  54 30 32 30 35 62 39 32 39 38 30 30 30 30 30 30 30 30 30 30 30 30 30 30 30 30 0d 0a
              0x0205B929  Status idx=4 dev=41

    2501.9ms  RX  ◄──  [1.3]  54 30 32 30 35 62 39 36 39 38 30 30 30 30 30 30 30 30 30 30 30 30 30 30 30 30 0d 0a
              0x0205B969  Status idx=5 dev=41

    2502.0ms  RX  ◄──  [1.3]  54 30 32 30 35 62 39 61 39 38 30 30 30 30 66 66 66 66 30 31 30 30 30 30 30 30 0d 0a
              0x0205B9A9  Status idx=6 dev=41

    2520.0ms  RX  ◄──  [1.3]  54 30 32 30 35 62 38 32 39 38 30 30 30 30 39 37 30 36 30 30 31 63 38 30 30 30 0d 0a
              0x0205B829  Status idx=0 dev=41

    2520.1ms  RX  ◄──  [1.3]  54 30 32 30 35 62 38 61 39 38 30 30 63 30 38 39 33 61 61 35 66 66 33 62 63 32 0d 0a
              0x0205B8A9  Status idx=2 dev=41

    2520.1ms  TX  ──►  [1.3]  54 30 32 30 35 32 63 38 30 38 30 30 30 30 30 30 30 30 30 30 30 32 30 30 30 30 0d
              0x02052C80  cls=0x0b idx=2 dev=0

    2520.2ms  RX  ◄──  [1.3]  54 30 32 30 35 62 38 65 39 38 31 38 30 30 30 30 30 30 33 32 37 63 66 37 33 64 0d 0a
              0x0205B8E9  Status idx=3 dev=41

    2520.3ms  TX  ──►  [1.3]  54 30 30 30 35 30 32 63 30 31 30 31 0d
              0x000502C0  cls=0x00 idx=11 dev=0

    2520.4ms  TX  ──►  [1.3]  54 30 32 30 35 30 31 32 39 38 32 64 62 32 33 62 34 31 30 30 30 30 30 30 30 30 0d
              0x02050129  cls=0x00 idx=4 dev=41

    2520.4ms  RX  ◄──  [1.3]  54 30 32 30 35 62 39 32 39 38 30 30 30 30 30 30 30 30 30 30 30 30 30 30 30 30 0d 0a
              0x0205B929  Status idx=4 dev=41

    2522.1ms  RX  ◄──  [1.3]  54 30 32 30 35 62 39 36 39 38 30 30 30 30 30 30 30 30 30 30 30 30 30 30 30 30 0d 0a
              0x0205B969  Status idx=5 dev=41

    2522.2ms  RX  ◄──  [1.3]  54 30 32 30 35 62 39 61 39 38 30 30 30 30 66 66 66 66 30 31 30 30 30 30 30 30 0d 0a
              0x0205B9A9  Status idx=6 dev=41

    2540.4ms  RX  ◄──  [1.3]  54 30 32 30 35 62 38 32 39 38 63 33 31 39 39 34 30 36 30 30 31 63 38 30 30 30 0d 0a
              0x0205B829  Status idx=0 dev=41

    2540.5ms  RX  ◄──  [1.3]  54 30 32 30 35 62 38 61 39 38 30 30 63 30 38 39 33 61 61 35 66 66 33 62 63 32 0d 0a
              0x0205B8A9  Status idx=2 dev=41

    2540.6ms  RX  ◄──  [1.3]  54 30 32 30 35 62 38 65 39 38 33 31 36 63 30 31 30 30 62 63 62 36 37 37 33 65 0d 0a
              0x0205B8E9  Status idx=3 dev=41

    2541.3ms  RX  ◄──  [1.3]  54 30 32 30 35 62 39 32 39 38 30 30 30 30 30 30 30 30 30 30 30 30 30 30 30 30 0d 0a
              0x0205B929  Status idx=4 dev=41

    2542.2ms  RX  ◄──  [1.3]  54 30 32 30 35 62 39 36 39 38 30 30 30 30 30 30 30 30 30 30 30 30 30 30 30 30 0d 0a
              0x0205B969  Status idx=5 dev=41

    2542.3ms  RX  ◄──  [1.3]  54 30 32 30 35 62 39 61 39 38 30 30 30 30 66 66 66 66 30 31 30 30 30 30 30 30 0d 0a
              0x0205B9A9  Status idx=6 dev=41

    2544.8ms  TX  ──►  [1.3]  54 30 32 30 35 32 63 38 30 38 30 30 30 30 30 30 30 30 30 30 30 32 30 30 30 30 0d
              0x02052C80  cls=0x0b idx=2 dev=0

    2545.1ms  TX  ──►  [1.3]  54 30 30 30 35 30 32 63 30 31 30 31 0d
              0x000502C0  cls=0x00 idx=11 dev=0

    2545.2ms  TX  ──►  [1.3]  54 30 32 30 35 30 31 32 39 38 32 64 62 32 33 62 34 31 30 30 30 30 30 30 30 30 0d
              0x02050129  cls=0x00 idx=4 dev=41

    2560.4ms  RX  ◄──  [1.3]  54 30 32 30 35 62 38 32 39 38 63 32 31 39 39 62 30 36 30 30 31 63 38 30 30 30 0d 0a
              0x0205B829  Status idx=0 dev=41

    2560.7ms  RX  ◄──  [1.3]  54 30 32 30 35 62 38 61 39 38 30 30 63 30 38 39 33 61 61 35 66 66 33 62 63 32 0d 0a
              0x0205B8A9  Status idx=2 dev=41

    2560.8ms  RX  ◄──  [1.3]  54 30 32 30 35 62 38 65 39 38 33 32 36 63 30 32 30 30 61 63 63 66 37 63 33 65 0d 0a
              0x0205B8E9  Status idx=3 dev=41

    2561.0ms  RX  ◄──  [1.3]  54 30 32 30 35 62 39 32 39 38 30 30 30 30 30 30 30 30 30 30 30 30 30 30 30 30 0d 0a
              0x0205B929  Status idx=4 dev=41

    2562.0ms  RX  ◄──  [1.3]  54 30 32 30 35 62 39 36 39 38 30 30 30 30 30 30 30 30 30 30 30 30 30 30 30 30 0d 0a
              0x0205B969  Status idx=5 dev=41

    2562.1ms  RX  ◄──  [1.3]  54 30 32 30 35 62 39 61 39 38 30 30 30 30 66 66 66 66 30 31 30 30 30 30 30 30 0d 0a
              0x0205B9A9  Status idx=6 dev=41

    2565.0ms  TX  ──►  [1.3]  54 30 32 30 35 30 31 32 39 38 32 64 62 32 33 62 34 31 30 30 30 30 30 30 30 30 0d
              0x02050129  cls=0x00 idx=4 dev=41

    2574.8ms  TX  ──►  [1.3]  54 30 32 30 35 32 63 38 30 38 30 30 30 30 30 30 30 30 30 30 30 32 30 30 30 30 0d
              0x02052C80  cls=0x0b idx=2 dev=0

    2575.0ms  TX  ──►  [1.3]  54 30 30 30 35 30 32 63 30 31 30 31 0d
              0x000502C0  cls=0x00 idx=11 dev=0

    2580.4ms  RX  ◄──  [1.3]  54 30 32 30 35 62 38 32 39 38 63 33 31 39 39 34 30 36 30 30 31 63 38 30 30 30 0d 0a
              0x0205B829  Status idx=0 dev=41

    2580.5ms  RX  ◄──  [1.3]  54 30 32 30 35 62 38 61 39 38 30 30 63 30 38 39 33 61 61 35 66 66 33 62 63 32 0d 0a
              0x0205B8A9  Status idx=2 dev=41

    2580.6ms  RX  ◄──  [1.3]  54 30 32 30 35 62 38 65 39 38 33 32 36 63 30 32 30 30 32 38 35 62 37 62 33 65 0d 0a
              0x0205B8E9  Status idx=3 dev=41

    2580.8ms  RX  ◄──  [1.3]  54 30 32 30 35 62 39 32 39 38 30 30 30 30 30 30 30 30 30 30 30 30 30 30 30 30 0d 0a
              0x0205B929  Status idx=4 dev=41

    2582.1ms  RX  ◄──  [1.3]  54 30 32 30 35 62 39 36 39 38 30 30 30 30 30 30 30 30 30 30 30 30 30 30 30 30 0d 0a
              0x0205B969  Status idx=5 dev=41

    2582.2ms  RX  ◄──  [1.3]  54 30 32 30 35 62 39 61 39 38 30 30 30 30 66 66 66 66 30 31 30 30 30 30 30 30 0d 0a
              0x0205B9A9  Status idx=6 dev=41

    2584.5ms  TX  ──►  [1.3]  54 30 32 30 35 30 31 32 39 38 32 64 62 32 33 62 34 31 30 30 30 30 30 30 30 30 0d
              0x02050129  cls=0x00 idx=4 dev=41

    2600.3ms  RX  ◄──  [1.3]  54 30 32 30 35 62 38 32 39 38 63 33 31 39 39 34 30 36 30 30 31 63 38 30 30 30 0d 0a
              0x0205B829  Status idx=0 dev=41

    2600.4ms  RX  ◄──  [1.3]  54 30 32 30 35 62 38 61 39 38 30 30 63 30 38 39 33 61 61 35 66 66 33 62 63 32 0d 0a
              0x0205B8A9  Status idx=2 dev=41

    2600.5ms  RX  ◄──  [1.3]  54 30 32 30 35 62 38 65 39 38 33 32 36 63 30 32 30 30 30 36 62 36 37 61 33 65 0d 0a
              0x0205B8E9  Status idx=3 dev=41

    2600.7ms  TX  ──►  [1.3]  54 30 32 30 35 32 63 38 30 38 30 30 30 30 30 30 30 30 30 30 30 32 30 30 30 30 0d
              0x02052C80  cls=0x0b idx=2 dev=0

    2600.7ms  RX  ◄──  [1.3]  54 30 32 30 35 62 39 32 39 38 30 30 30 30 30 30 30 30 30 30 30 30 30 30 30 30 0d 0a
              0x0205B929  Status idx=4 dev=41

    2601.0ms  TX  ──►  [1.3]  54 30 30 30 35 30 32 63 30 31 30 31 0d
              0x000502C0  cls=0x00 idx=11 dev=0

    2602.4ms  RX  ◄──  [1.3]  54 30 32 30 35 62 39 36 39 38 30 30 30 30 30 30 30 30 30 30 30 30 30 30 30 30 0d 0a
              0x0205B969  Status idx=5 dev=41

    2602.5ms  RX  ◄──  [1.3]  54 30 32 30 35 62 39 61 39 38 30 30 30 30 66 66 66 66 30 31 30 30 30 30 30 30 0d 0a
              0x0205B9A9  Status idx=6 dev=41

    2610.0ms  RX  ◄──  [1.3]  54 30 32 30 35 62 38 36 39 38 30 30 30 30 30 30 30 30 30 30 30 30 30 30 30 30 0d 0a
              0x0205B869  Status idx=1 dev=41

    2611.9ms  RX  ◄──  [1.3]  54 30 32 30 35 62 63 32 39 34 34 32 35 64 31 31 62 38 0d 0a
              0x0205BC29  Status idx=0 dev=41

    2617.5ms  TX  ──►  [1.3]  54 30 32 30 35 30 31 32 39 38 32 64 62 32 33 62 34 31 30 30 30 30 30 30 30 30 0d
              0x02050129  cls=0x00 idx=4 dev=41

    2620.4ms  RX  ◄──  [1.3]  54 30 32 30 35 62 38 32 39 38 63 32 31 39 39 62 30 36 30 30 31 63 38 30 30 30 0d 0a
              0x0205B829  Status idx=0 dev=41

    2620.5ms  RX  ◄──  [1.3]  54 30 32 30 35 62 38 61 39 38 30 30 63 30 38 39 33 61 61 35 66 66 33 62 63 32 0d 0a
              0x0205B8A9  Status idx=2 dev=41

    2620.6ms  RX  ◄──  [1.3]  54 30 32 30 35 62 38 65 39 38 33 32 36 63 30 32 30 30 37 36 35 61 37 63 33 65 0d 0a
              0x0205B8E9  Status idx=3 dev=41

    2620.8ms  RX  ◄──  [1.3]  54 30 32 30 35 62 39 32 39 38 30 30 30 30 30 30 30 30 30 30 30 30 30 30 30 30 0d 0a
              0x0205B929  Status idx=4 dev=41

    2622.1ms  RX  ◄──  [1.3]  54 30 32 30 35 62 39 36 39 38 30 30 30 30 30 30 30 30 30 30 30 30 30 30 30 30 0d 0a
              0x0205B969  Status idx=5 dev=41

    2622.2ms  RX  ◄──  [1.3]  54 30 32 30 35 62 39 61 39 38 30 30 30 30 66 66 66 66 30 31 30 30 30 30 30 30 0d 0a
              0x0205B9A9  Status idx=6 dev=41

    2634.3ms  TX  ──►  [1.3]  54 30 32 30 35 32 63 38 30 38 30 30 30 30 30 30 30 30 30 30 30 32 30 30 30 30 0d
              0x02052C80  cls=0x0b idx=2 dev=0

    2634.6ms  TX  ──►  [1.3]  54 30 30 30 35 30 32 63 30 31 30 31 0d
              0x000502C0  cls=0x00 idx=11 dev=0

    2640.3ms  RX  ◄──  [1.3]  54 30 32 30 35 62 38 32 39 38 63 33 31 39 39 35 30 36 30 30 31 63 38 30 30 30 0d 0a
              0x0205B829  Status idx=0 dev=41

    2640.5ms  RX  ◄──  [1.3]  54 30 32 30 35 62 38 61 39 38 30 30 63 30 38 39 33 61 61 35 66 66 33 62 63 32 0d 0a
              0x0205B8A9  Status idx=2 dev=41

    2640.6ms  RX  ◄──  [1.3]  54 30 32 30 35 62 38 65 39 38 33 31 66 63 30 30 30 30 38 65 30 31 37 38 33 65 0d 0a
              0x0205B8E9  Status idx=3 dev=41

    2640.8ms  RX  ◄──  [1.3]  54 30 32 30 35 62 39 32 39 38 30 30 30 30 30 30 30 30 30 30 30 30 30 30 30 30 0d 0a
              0x0205B929  Status idx=4 dev=41

    2641.8ms  TX  ──►  [1.3]  54 30 32 30 35 30 31 32 39 38 32 64 62 32 33 62 34 31 30 30 30 30 30 30 30 30 0d
              0x02050129  cls=0x00 idx=4 dev=41

    2642.3ms  RX  ◄──  [1.3]  54 30 32 30 35 62 39 36 39 38 30 30 30 30 30 30 30 30 30 30 30 30 30 30 30 30 0d 0a
              0x0205B969  Status idx=5 dev=41

    2642.4ms  RX  ◄──  [1.3]  54 30 32 30 35 62 39 61 39 38 30 30 30 30 66 66 66 66 30 31 30 30 30 30 30 30 0d 0a
              0x0205B9A9  Status idx=6 dev=41

    2660.3ms  RX  ◄──  [1.3]  54 30 32 30 35 62 38 32 39 38 63 33 31 39 39 34 30 36 30 30 31 63 38 30 30 30 0d 0a
              0x0205B829  Status idx=0 dev=41

    2660.4ms  RX  ◄──  [1.3]  54 30 32 30 35 62 38 61 39 38 30 30 63 30 38 39 33 61 61 35 66 66 33 62 63 32 0d 0a
              0x0205B8A9  Status idx=2 dev=41

    2660.5ms  RX  ◄──  [1.3]  54 30 32 30 35 62 38 65 39 38 33 31 30 30 30 30 30 30 62 61 64 64 37 61 33 65 0d 0a
              0x0205B8E9  Status idx=3 dev=41

    2660.8ms  RX  ◄──  [1.3]  54 30 32 30 35 62 39 32 39 38 30 30 30 30 30 30 30 30 30 30 30 30 30 30 30 30 0d 0a
              0x0205B929  Status idx=4 dev=41

    2662.3ms  RX  ◄──  [1.3]  54 30 32 30 35 62 39 36 39 38 30 30 30 30 30 30 30 30 30 30 30 30 30 30 30 30 0d 0a
              0x0205B969  Status idx=5 dev=41

    2662.4ms  RX  ◄──  [1.3]  54 30 32 30 35 62 39 61 39 38 30 30 30 30 66 66 66 66 30 31 30 30 30 30 30 30 0d 0a
              0x0205B9A9  Status idx=6 dev=41

    2668.3ms  TX  ──►  [1.3]  54 30 32 30 35 32 63 38 30 38 30 30 30 30 30 30 30 30 30 30 30 32 30 30 30 30 0d
              0x02052C80  cls=0x0b idx=2 dev=0

    2668.4ms  TX  ──►  [1.3]  54 30 30 30 35 30 32 63 30 31 30 31 0d
              0x000502C0  cls=0x00 idx=11 dev=0

    2668.6ms  TX  ──►  [1.3]  54 30 32 30 35 30 31 32 39 38 32 64 62 32 33 62 34 31 30 30 30 30 30 30 30 30 0d
              0x02050129  cls=0x00 idx=4 dev=41

    2680.4ms  RX  ◄──  [1.3]  54 30 32 30 35 62 38 32 39 38 63 32 31 39 39 61 30 36 30 30 31 63 38 30 30 30 0d 0a
              0x0205B829  Status idx=0 dev=41

    2680.7ms  RX  ◄──  [1.3]  54 30 32 30 35 62 38 61 39 38 30 30 63 30 38 39 33 61 61 35 66 66 33 62 63 32 0d 0a
              0x0205B8A9  Status idx=2 dev=41

    2680.7ms  RX  ◄──  [1.3]  54 30 32 30 35 62 38 65 39 38 33 32 30 30 30 30 30 30 64 65 63 61 37 63 33 65 0d 0a
              0x0205B8E9  Status idx=3 dev=41

    2680.9ms  RX  ◄──  [1.3]  54 30 32 30 35 62 39 32 39 38 30 30 30 30 30 30 30 30 30 30 30 30 30 30 30 30 0d 0a
              0x0205B929  Status idx=4 dev=41

    2682.0ms  RX  ◄──  [1.3]  54 30 32 30 35 62 39 36 39 38 30 30 30 30 30 30 30 30 30 30 30 30 30 30 30 30 0d 0a
              0x0205B969  Status idx=5 dev=41

    2682.1ms  RX  ◄──  [1.3]  54 30 32 30 35 62 39 61 39 38 30 30 30 30 66 66 66 66 30 31 30 30 30 30 30 30 0d 0a
              0x0205B9A9  Status idx=6 dev=41

    2693.6ms  TX  ──►  [1.3]  54 30 32 30 35 32 63 38 30 38 30 30 30 30 30 30 30 30 30 30 30 32 30 30 30 30 0d
              0x02052C80  cls=0x0b idx=2 dev=0

    2693.8ms  TX  ──►  [1.3]  54 30 30 30 35 30 32 63 30 31 30 31 0d
              0x000502C0  cls=0x00 idx=11 dev=0

    2694.0ms  TX  ──►  [1.3]  54 30 32 30 35 30 31 32 39 38 32 64 62 32 33 62 34 31 30 30 30 30 30 30 30 30 0d
              0x02050129  cls=0x00 idx=4 dev=41

    2700.3ms  RX  ◄──  [1.3]  54 30 32 30 35 62 38 32 39 38 63 33 31 39 39 35 30 36 30 30 31 63 38 30 30 30 0d 0a
              0x0205B829  Status idx=0 dev=41

    2700.4ms  RX  ◄──  [1.3]  54 30 32 30 35 62 38 61 39 38 30 30 63 30 38 39 33 61 61 35 66 66 33 62 63 32 0d 0a
              0x0205B8A9  Status idx=2 dev=41

    2700.6ms  RX  ◄──  [1.3]  54 30 32 30 35 62 38 65 39 38 33 32 30 30 30 30 30 30 39 63 35 30 37 61 33 65 0d 0a
              0x0205B8E9  Status idx=3 dev=41

    2700.8ms  RX  ◄──  [1.3]  54 30 32 30 35 62 39 32 39 38 30 30 30 30 30 30 30 30 30 30 30 30 30 30 30 30 0d 0a
              0x0205B929  Status idx=4 dev=41

    2702.0ms  RX  ◄──  [1.3]  54 30 32 30 35 62 39 36 39 38 30 30 30 30 30 30 30 30 30 30 30 30 30 30 30 30 0d 0a
              0x0205B969  Status idx=5 dev=41

    2702.2ms  RX  ◄──  [1.3]  54 30 32 30 35 62 39 61 39 38 30 30 30 30 66 66 66 66 30 31 30 30 30 30 30 30 0d 0a
              0x0205B9A9  Status idx=6 dev=41

    2720.3ms  RX  ◄──  [1.3]  54 30 32 30 35 62 38 32 39 38 63 33 31 39 39 35 30 36 30 30 31 63 38 30 30 30 0d 0a
              0x0205B829  Status idx=0 dev=41

    2720.5ms  RX  ◄──  [1.3]  54 30 32 30 35 62 38 61 39 38 30 30 63 30 38 39 33 61 61 35 66 66 33 62 63 32 0d 0a
              0x0205B8A9  Status idx=2 dev=41

    2720.6ms  RX  ◄──  [1.3]  54 30 32 30 35 62 38 65 39 38 33 31 30 30 30 30 30 30 34 63 64 65 37 38 33 65 0d 0a
              0x0205B8E9  Status idx=3 dev=41

    2720.7ms  TX  ──►  [1.3]  54 30 32 30 35 32 63 38 30 38 30 30 30 30 30 30 30 30 30 30 30 32 30 30 30 30 0d
              0x02052C80  cls=0x0b idx=2 dev=0

    2720.8ms  TX  ──►  [1.3]  54 30 30 30 35 30 32 63 30 31 30 31 0d
              0x000502C0  cls=0x00 idx=11 dev=0

    2721.0ms  TX  ──►  [1.3]  54 30 32 30 35 30 31 32 39 38 32 64 62 32 33 62 34 31 30 30 30 30 30 30 30 30 0d
              0x02050129  cls=0x00 idx=4 dev=41

    2721.9ms  RX  ◄──  [1.3]  54 30 32 30 35 62 39 32 39 38 30 30 30 30 30 30 30 30 30 30 30 30 30 30 30 30 0d 0a
              0x0205B929  Status idx=4 dev=41

    2722.4ms  RX  ◄──  [1.3]  54 30 32 30 35 62 39 36 39 38 30 30 30 30 30 30 30 30 30 30 30 30 30 30 30 30 0d 0a
              0x0205B969  Status idx=5 dev=41

    2722.6ms  RX  ◄──  [1.3]  54 30 32 30 35 62 39 61 39 38 30 30 30 30 66 66 66 66 30 31 30 30 30 30 30 30 0d 0a
              0x0205B9A9  Status idx=6 dev=41

    2740.4ms  RX  ◄──  [1.3]  54 30 32 30 35 62 38 32 39 38 63 32 31 39 39 62 30 36 30 30 31 63 38 30 30 30 0d 0a
              0x0205B829  Status idx=0 dev=41

    2740.6ms  RX  ◄──  [1.3]  54 30 32 30 35 62 38 61 39 38 30 30 63 30 38 39 33 61 61 35 66 66 33 62 63 32 0d 0a
              0x0205B8A9  Status idx=2 dev=41

    2740.7ms  RX  ◄──  [1.3]  54 30 32 30 35 62 38 65 39 38 33 31 30 30 30 30 30 30 34 32 62 37 37 39 33 65 0d 0a
              0x0205B8E9  Status idx=3 dev=41

    2740.9ms  RX  ◄──  [1.3]  54 30 32 30 35 62 39 32 39 38 30 30 30 30 30 30 30 30 30 30 30 30 30 30 30 30 0d 0a
              0x0205B929  Status idx=4 dev=41

    2741.6ms  TX  ──►  [1.3]  54 30 32 30 35 30 31 32 39 38 32 64 62 32 33 62 34 31 30 30 30 30 30 30 30 30 0d
              0x02050129  cls=0x00 idx=4 dev=41

    2742.2ms  RX  ◄──  [1.3]  54 30 32 30 35 62 39 36 39 38 30 30 30 30 30 30 30 30 30 30 30 30 30 30 30 30 0d 0a
              0x0205B969  Status idx=5 dev=41

    2742.3ms  RX  ◄──  [1.3]  54 30 32 30 35 62 39 61 39 38 30 30 30 30 66 66 66 66 30 31 30 30 30 30 30 30 0d 0a
              0x0205B9A9  Status idx=6 dev=41

    2751.9ms  TX  ──►  [1.3]  54 30 32 30 35 32 63 38 30 38 30 30 30 30 30 30 30 30 30 30 30 32 30 30 30 30 0d
              0x02052C80  cls=0x0b idx=2 dev=0

    2752.1ms  TX  ──►  [1.3]  54 30 30 30 35 30 32 63 30 31 30 31 0d
              0x000502C0  cls=0x00 idx=11 dev=0

    2760.3ms  RX  ◄──  [1.3]  54 30 32 30 35 62 38 32 39 38 63 33 31 39 39 34 30 36 30 30 31 63 38 30 30 30 0d 0a
              0x0205B829  Status idx=0 dev=41

    2760.4ms  RX  ◄──  [1.3]  54 30 32 30 35 62 38 61 39 38 30 30 63 30 38 39 33 61 61 35 66 66 33 62 63 32 0d 0a
              0x0205B8A9  Status idx=2 dev=41

    2760.6ms  RX  ◄──  [1.3]  54 30 32 30 35 62 38 65 39 38 33 31 30 30 30 30 30 30 36 32 32 30 37 62 33 65 0d 0a
              0x0205B8E9  Status idx=3 dev=41

    2760.7ms  RX  ◄──  [1.3]  54 30 32 30 35 62 39 32 39 38 30 30 30 30 30 30 30 30 30 30 30 30 30 30 30 30 0d 0a
              0x0205B929  Status idx=4 dev=41

    2762.1ms  RX  ◄──  [1.3]  54 30 32 30 35 62 39 36 39 38 30 30 30 30 30 30 30 30 30 30 30 30 30 30 30 30 0d 0a
              0x0205B969  Status idx=5 dev=41

    2762.3ms  RX  ◄──  [1.3]  54 30 32 30 35 62 39 61 39 38 30 30 30 30 66 66 66 66 30 31 30 30 30 30 30 30 0d 0a
              0x0205B9A9  Status idx=6 dev=41

    2770.2ms  TX  ──►  [1.3]  54 30 32 30 35 30 31 32 39 38 32 64 62 32 33 62 34 31 30 30 30 30 30 30 30 30 0d
              0x02050129  cls=0x00 idx=4 dev=41

    2778.6ms  TX  ──►  [1.3]  54 30 32 30 35 32 63 38 30 38 30 30 30 30 30 30 30 30 30 30 30 32 30 30 30 30 0d
              0x02052C80  cls=0x0b idx=2 dev=0

    2778.9ms  TX  ──►  [1.3]  54 30 30 30 35 30 32 63 30 31 30 31 0d
              0x000502C0  cls=0x00 idx=11 dev=0

    2780.3ms  RX  ◄──  [1.3]  54 30 32 30 35 62 38 32 39 38 63 33 31 39 39 36 30 36 30 30 31 63 38 30 30 30 0d 0a
              0x0205B829  Status idx=0 dev=41

    2780.4ms  RX  ◄──  [1.3]  54 30 32 30 35 62 38 61 39 38 30 30 63 30 38 39 33 61 61 35 66 66 33 62 63 32 0d 0a
              0x0205B8A9  Status idx=2 dev=41

    2780.6ms  RX  ◄──  [1.3]  54 30 32 30 35 62 38 65 39 38 33 32 30 30 30 30 30 30 66 61 33 34 37 61 33 65 0d 0a
              0x0205B8E9  Status idx=3 dev=41

    2780.8ms  RX  ◄──  [1.3]  54 30 32 30 35 62 39 32 39 38 30 30 30 30 30 30 30 30 30 30 30 30 30 30 30 30 0d 0a
              0x0205B929  Status idx=4 dev=41

    2782.2ms  RX  ◄──  [1.3]  54 30 32 30 35 62 39 36 39 38 30 30 30 30 30 30 30 30 30 30 30 30 30 30 30 30 0d 0a
              0x0205B969  Status idx=5 dev=41

    2782.3ms  RX  ◄──  [1.3]  54 30 32 30 35 62 39 61 39 38 30 30 30 30 66 66 66 66 30 31 30 30 30 30 30 30 0d 0a
              0x0205B9A9  Status idx=6 dev=41

    2799.1ms  TX  ──►  [1.3]  54 30 32 30 35 30 31 32 39 38 32 64 62 32 33 62 34 31 30 30 30 30 30 30 30 30 0d
              0x02050129  cls=0x00 idx=4 dev=41

    2800.6ms  RX  ◄──  [1.3]  54 30 32 30 35 62 38 32 39 38 63 32 31 39 39 62 30 36 30 30 31 63 38 30 30 30 0d 0a
              0x0205B829  Status idx=0 dev=41

    2800.8ms  RX  ◄──  [1.3]  54 30 32 30 35 62 38 61 39 38 30 30 63 30 38 39 33 61 61 35 66 66 33 62 63 32 0d 0a
              0x0205B8A9  Status idx=2 dev=41

    2800.9ms  RX  ◄──  [1.3]  54 30 32 30 35 62 38 65 39 38 33 32 30 30 30 30 30 30 64 32 33 33 37 64 33 65 0d 0a
              0x0205B8E9  Status idx=3 dev=41

    2801.0ms  RX  ◄──  [1.3]  54 30 32 30 35 62 39 32 39 38 30 30 30 30 30 30 30 30 30 30 30 30 30 30 30 30 0d 0a
              0x0205B929  Status idx=4 dev=41

    2802.1ms  RX  ◄──  [1.3]  54 30 32 30 35 62 39 36 39 38 30 30 30 30 30 30 30 30 30 30 30 30 30 30 30 30 0d 0a
              0x0205B969  Status idx=5 dev=41

    2802.2ms  RX  ◄──  [1.3]  54 30 32 30 35 62 39 61 39 38 30 30 30 30 66 66 66 66 30 31 30 30 30 30 30 30 0d 0a
              0x0205B9A9  Status idx=6 dev=41

    2809.2ms  TX  ──►  [1.3]  54 30 32 30 35 32 63 38 30 38 30 30 30 30 30 30 30 30 30 30 30 32 30 30 30 30 0d
              0x02052C80  cls=0x0b idx=2 dev=0

    2809.4ms  TX  ──►  [1.3]  54 30 30 30 35 30 32 63 30 31 30 31 0d
              0x000502C0  cls=0x00 idx=11 dev=0

    2819.2ms  TX  ──►  [1.3]  54 30 32 30 35 30 31 32 39 38 32 64 62 32 33 62 34 31 30 30 30 30 30 30 30 30 0d
              0x02050129  cls=0x00 idx=4 dev=41

    2820.4ms  RX  ◄──  [1.3]  54 30 32 30 35 62 38 32 39 38 63 33 31 39 39 36 30 36 30 30 31 63 38 30 30 30 0d 0a
              0x0205B829  Status idx=0 dev=41

    2820.5ms  RX  ◄──  [1.3]  54 30 32 30 35 62 38 61 39 38 30 30 63 30 38 39 33 61 61 35 66 66 33 62 63 32 0d 0a
              0x0205B8A9  Status idx=2 dev=41

    2820.6ms  RX  ◄──  [1.3]  54 30 32 30 35 62 38 65 39 38 33 32 30 30 30 30 30 30 35 30 65 61 37 61 33 65 0d 0a
              0x0205B8E9  Status idx=3 dev=41

    2820.8ms  RX  ◄──  [1.3]  54 30 32 30 35 62 39 32 39 38 30 30 30 30 30 30 30 30 30 30 30 30 30 30 30 30 0d 0a
              0x0205B929  Status idx=4 dev=41

    2822.1ms  RX  ◄──  [1.3]  54 30 32 30 35 62 39 36 39 38 30 30 30 30 30 30 30 30 30 30 30 30 30 30 30 30 0d 0a
              0x0205B969  Status idx=5 dev=41

    2822.2ms  RX  ◄──  [1.3]  54 30 32 30 35 62 39 61 39 38 30 30 30 30 66 66 66 66 30 31 30 30 30 30 30 30 0d 0a
              0x0205B9A9  Status idx=6 dev=41

    2839.7ms  TX  ──►  [1.3]  54 30 32 30 35 32 63 38 30 38 30 30 30 30 30 30 30 30 30 30 30 32 30 30 30 30 0d
              0x02052C80  cls=0x0b idx=2 dev=0

    2839.8ms  TX  ──►  [1.3]  54 30 30 30 35 30 32 63 30 31 30 31 0d
              0x000502C0  cls=0x00 idx=11 dev=0

    2840.0ms  TX  ──►  [1.3]  54 30 32 30 35 30 31 32 39 38 32 64 62 32 33 62 34 31 30 30 30 30 30 30 30 30 0d
              0x02050129  cls=0x00 idx=4 dev=41

    2840.6ms  RX  ◄──  [1.3]  54 30 32 30 35 62 38 32 39 38 63 33 31 39 39 34 30 36 30 30 31 63 38 30 30 30 0d 0a
              0x0205B829  Status idx=0 dev=41

    2840.8ms  RX  ◄──  [1.3]  54 30 32 30 35 62 38 61 39 38 30 30 63 30 38 39 33 61 61 35 66 66 33 62 63 32 0d 0a
              0x0205B8A9  Status idx=2 dev=41

    2841.9ms  RX  ◄──  [1.3]  54 30 32 30 35 62 38 65 39 38 33 31 30 30 30 30 30 30 39 65 30 62 37 37 33 65 0d 0a
              0x0205B8E9  Status idx=3 dev=41

    2842.3ms  RX  ◄──  [1.3]  54 30 32 30 35 62 39 32 39 38 30 30 30 30 30 30 30 30 30 30 30 30 30 30 30 30 0d 0a
              0x0205B929  Status idx=4 dev=41

    2842.4ms  RX  ◄──  [1.3]  54 30 32 30 35 62 39 36 39 38 30 30 30 30 30 30 30 30 30 30 30 30 30 30 30 30 0d 0a
              0x0205B969  Status idx=5 dev=41

    2842.6ms  RX  ◄──  [1.3]  54 30 32 30 35 62 39 61 39 38 30 30 30 30 66 66 66 66 30 31 30 30 30 30 30 30 0d 0a
              0x0205B9A9  Status idx=6 dev=41

    2860.5ms  RX  ◄──  [1.3]  54 30 32 30 35 62 38 32 39 38 63 32 31 39 39 62 30 36 30 30 31 63 38 30 30 30 0d 0a
              0x0205B829  Status idx=0 dev=41

    2860.6ms  RX  ◄──  [1.3]  54 30 32 30 35 62 38 36 39 38 30 30 30 30 30 30 30 30 30 30 30 30 30 30 30 30 0d 0a
              0x0205B869  Status idx=1 dev=41

    2860.8ms  RX  ◄──  [1.3]  54 30 32 30 35 62 38 61 39 38 30 30 63 30 38 39 33 61 61 35 66 66 33 62 63 32 0d 0a
              0x0205B8A9  Status idx=2 dev=41

    2860.9ms  RX  ◄──  [1.3]  54 30 32 30 35 62 38 65 39 38 33 32 30 30 30 30 30 30 33 32 32 30 37 65 33 65 0d 0a
              0x0205B8E9  Status idx=3 dev=41

    2861.0ms  RX  ◄──  [1.3]  54 30 32 30 35 62 39 32 39 38 30 30 30 30 30 30 30 30 30 30 30 30 30 30 30 30 0d 0a
              0x0205B929  Status idx=4 dev=41

    2862.0ms  RX  ◄──  [1.3]  54 30 32 30 35 62 39 36 39 38 30 30 30 30 30 30 30 30 30 30 30 30 30 30 30 30 0d 0a
              0x0205B969  Status idx=5 dev=41

    2862.2ms  RX  ◄──  [1.3]  54 30 32 30 35 62 39 61 39 38 30 30 30 30 66 66 66 66 30 31 30 30 30 30 30 30 0d 0a
              0x0205B9A9  Status idx=6 dev=41

    2869.5ms  TX  ──►  [1.3]  54 30 32 30 35 32 63 38 30 38 30 30 30 30 30 30 30 30 30 30 30 32 30 30 30 30 0d
              0x02052C80  cls=0x0b idx=2 dev=0

    2869.6ms  TX  ──►  [1.3]  54 30 30 30 35 30 32 63 30 31 30 31 0d
              0x000502C0  cls=0x00 idx=11 dev=0

    2869.8ms  TX  ──►  [1.3]  54 30 32 30 35 30 31 32 39 38 32 64 62 32 33 62 34 31 30 30 30 30 30 30 30 30 0d
              0x02050129  cls=0x00 idx=4 dev=41

    2880.4ms  RX  ◄──  [1.3]  54 30 32 30 35 62 38 32 39 38 63 33 31 39 39 35 30 36 30 30 31 63 38 30 30 30 0d 0a
              0x0205B829  Status idx=0 dev=41

    2880.5ms  RX  ◄──  [1.3]  54 30 32 30 35 62 38 61 39 38 30 30 63 30 38 39 33 61 61 35 66 66 33 62 63 32 0d 0a
              0x0205B8A9  Status idx=2 dev=41

    2880.6ms  RX  ◄──  [1.3]  54 30 32 30 35 62 38 65 39 38 33 31 30 30 30 30 30 30 39 38 62 62 37 38 33 65 0d 0a
              0x0205B8E9  Status idx=3 dev=41

    2880.8ms  RX  ◄──  [1.3]  54 30 32 30 35 62 39 32 39 38 30 30 30 30 30 30 30 30 30 30 30 30 30 30 30 30 0d 0a
              0x0205B929  Status idx=4 dev=41

    2882.0ms  RX  ◄──  [1.3]  54 30 32 30 35 62 39 36 39 38 30 30 30 30 30 30 30 30 30 30 30 30 30 30 30 30 0d 0a
              0x0205B969  Status idx=5 dev=41

    2882.2ms  RX  ◄──  [1.3]  54 30 32 30 35 62 39 61 39 38 30 30 30 30 66 66 66 66 30 31 30 30 30 30 30 30 0d 0a
              0x0205B9A9  Status idx=6 dev=41

    2898.0ms  TX  ──►  [1.3]  54 30 32 30 35 32 63 38 30 38 30 30 30 30 30 30 30 30 30 30 30 32 30 30 30 30 0d
              0x02052C80  cls=0x0b idx=2 dev=0

    2898.2ms  TX  ──►  [1.3]  54 30 30 30 35 30 32 63 30 31 30 31 0d
              0x000502C0  cls=0x00 idx=11 dev=0

    2898.3ms  TX  ──►  [1.3]  54 30 32 30 35 30 31 32 39 38 32 64 62 32 33 62 34 31 30 30 30 30 30 30 30 30 0d
              0x02050129  cls=0x00 idx=4 dev=41

    2900.3ms  RX  ◄──  [1.3]  54 30 32 30 35 62 38 32 39 38 63 33 31 39 39 34 30 36 30 30 31 63 38 30 30 30 0d 0a
              0x0205B829  Status idx=0 dev=41

    2900.4ms  RX  ◄──  [1.3]  54 30 32 30 35 62 38 61 39 38 30 30 63 30 38 39 33 61 61 35 66 66 33 62 63 32 0d 0a
              0x0205B8A9  Status idx=2 dev=41

    2900.5ms  RX  ◄──  [1.3]  54 30 32 30 35 62 38 65 39 38 33 31 30 30 30 30 30 30 37 61 31 36 37 38 33 65 0d 0a
              0x0205B8E9  Status idx=3 dev=41

    2900.7ms  RX  ◄──  [1.3]  54 30 32 30 35 62 39 32 39 38 30 30 30 30 30 30 30 30 30 30 30 30 30 30 30 30 0d 0a
              0x0205B929  Status idx=4 dev=41

    2902.2ms  RX  ◄──  [1.3]  54 30 32 30 35 62 39 36 39 38 30 30 30 30 30 30 30 30 30 30 30 30 30 30 30 30 0d 0a
              0x0205B969  Status idx=5 dev=41

    2902.3ms  RX  ◄──  [1.3]  54 30 32 30 35 62 39 61 39 38 30 30 30 30 66 66 66 66 30 31 30 30 30 30 30 30 0d 0a
              0x0205B9A9  Status idx=6 dev=41

    2918.0ms  TX  ──►  [1.3]  54 30 32 30 35 30 31 32 39 38 32 64 62 32 33 62 34 31 30 30 30 30 30 30 30 30 0d
              0x02050129  cls=0x00 idx=4 dev=41

    2920.4ms  RX  ◄──  [1.3]  54 30 32 30 35 62 38 32 39 38 63 32 31 39 39 63 30 36 30 30 31 63 38 30 30 30 0d 0a
              0x0205B829  Status idx=0 dev=41

    2920.5ms  RX  ◄──  [1.3]  54 30 32 30 35 62 38 61 39 38 30 30 63 30 38 39 33 61 61 35 66 66 33 62 63 32 0d 0a
              0x0205B8A9  Status idx=2 dev=41

    2920.6ms  RX  ◄──  [1.3]  54 30 32 30 35 62 38 65 39 38 33 32 30 30 30 30 30 30 35 36 31 33 37 66 33 65 0d 0a
              0x0205B8E9  Status idx=3 dev=41

    2920.8ms  RX  ◄──  [1.3]  54 30 32 30 35 62 39 32 39 38 30 30 30 30 30 30 30 30 30 30 30 30 30 30 30 30 0d 0a
              0x0205B929  Status idx=4 dev=41

    2922.1ms  RX  ◄──  [1.3]  54 30 32 30 35 62 39 36 39 38 30 30 30 30 30 30 30 30 30 30 30 30 30 30 30 30 0d 0a
              0x0205B969  Status idx=5 dev=41

    2922.2ms  RX  ◄──  [1.3]  54 30 32 30 35 62 39 61 39 38 30 30 30 30 66 66 66 66 30 31 30 30 30 30 30 30 0d 0a
              0x0205B9A9  Status idx=6 dev=41

    2933.1ms  TX  ──►  [1.3]  54 30 32 30 35 32 63 38 30 38 30 30 30 30 30 30 30 30 30 30 30 32 30 30 30 30 0d
              0x02052C80  cls=0x0b idx=2 dev=0

    2933.3ms  TX  ──►  [1.3]  54 30 30 30 35 30 32 63 30 31 30 31 0d
              0x000502C0  cls=0x00 idx=11 dev=0

    2940.3ms  RX  ◄──  [1.3]  54 30 32 30 35 62 38 32 39 38 63 33 31 39 39 35 30 36 30 30 31 63 38 30 30 30 0d 0a
              0x0205B829  Status idx=0 dev=41

    2940.4ms  RX  ◄──  [1.3]  54 30 32 30 35 62 38 61 39 38 30 30 63 30 38 39 33 61 61 35 66 66 33 62 63 32 0d 0a
              0x0205B8A9  Status idx=2 dev=41

    2940.6ms  RX  ◄──  [1.3]  54 30 32 30 35 62 38 65 39 38 33 31 30 30 30 30 30 30 63 38 30 35 37 61 33 65 0d 0a
              0x0205B8E9  Status idx=3 dev=41

    2940.8ms  RX  ◄──  [1.3]  54 30 32 30 35 62 39 32 39 38 30 30 30 30 30 30 30 30 30 30 30 30 30 30 30 30 0d 0a
              0x0205B929  Status idx=4 dev=41

    2941.7ms  TX  ──►  [1.3]  54 30 32 30 35 30 31 32 39 38 32 64 62 32 33 62 34 31 30 30 30 30 30 30 30 30 0d
              0x02050129  cls=0x00 idx=4 dev=41

    2942.2ms  RX  ◄──  [1.3]  54 30 32 30 35 62 39 36 39 38 30 30 30 30 30 30 30 30 30 30 30 30 30 30 30 30 0d 0a
              0x0205B969  Status idx=5 dev=41

    2942.3ms  RX  ◄──  [1.3]  54 30 32 30 35 62 39 61 39 38 30 30 30 30 66 66 66 66 30 31 30 30 30 30 30 30 0d 0a
              0x0205B9A9  Status idx=6 dev=41

    2960.3ms  RX  ◄──  [1.3]  54 30 32 30 35 62 38 32 39 38 63 33 31 39 39 34 30 36 30 30 31 63 38 30 30 30 0d 0a
              0x0205B829  Status idx=0 dev=41

    2960.5ms  RX  ◄──  [1.3]  54 30 32 30 35 62 38 61 39 38 30 30 63 30 38 39 33 61 61 35 66 66 33 62 63 32 0d 0a
              0x0205B8A9  Status idx=2 dev=41

    2960.6ms  RX  ◄──  [1.3]  54 30 32 30 35 62 38 65 39 38 33 31 30 30 30 30 30 30 39 36 36 30 37 39 33 65 0d 0a
              0x0205B8E9  Status idx=3 dev=41

    2960.8ms  RX  ◄──  [1.3]  54 30 32 30 35 62 39 32 39 38 30 30 30 30 30 30 30 30 30 30 30 30 30 30 30 30 0d 0a
              0x0205B929  Status idx=4 dev=41

    2962.3ms  RX  ◄──  [1.3]  54 30 32 30 35 62 39 36 39 38 30 30 30 30 30 30 30 30 30 30 30 30 30 30 30 30 0d 0a
              0x0205B969  Status idx=5 dev=41

    2962.4ms  RX  ◄──  [1.3]  54 30 32 30 35 62 39 61 39 38 30 30 30 30 66 66 66 66 30 31 30 30 30 30 30 30 0d 0a
              0x0205B9A9  Status idx=6 dev=41

    2965.4ms  TX  ──►  [1.3]  54 30 32 30 35 32 63 38 30 38 30 30 30 30 30 30 30 30 30 30 30 32 30 30 30 30 0d
              0x02052C80  cls=0x0b idx=2 dev=0

    2965.8ms  TX  ──►  [1.3]  54 30 30 30 35 30 32 63 30 31 30 31 0d
              0x000502C0  cls=0x00 idx=11 dev=0

    2966.0ms  TX  ──►  [1.3]  54 30 32 30 35 30 31 32 39 38 32 64 62 32 33 62 34 31 30 30 30 30 30 30 30 30 0d
              0x02050129  cls=0x00 idx=4 dev=41

    2980.4ms  RX  ◄──  [1.3]  54 30 32 30 35 62 38 32 39 38 63 32 31 39 39 61 30 36 30 30 31 63 38 30 30 30 0d 0a
              0x0205B829  Status idx=0 dev=41

    2980.5ms  RX  ◄──  [1.3]  54 30 32 30 35 62 38 61 39 38 30 30 63 30 38 39 33 61 61 35 66 66 33 62 63 32 0d 0a
              0x0205B8A9  Status idx=2 dev=41

    2980.8ms  RX  ◄──  [1.3]  54 30 32 30 35 62 38 65 39 38 33 32 30 30 30 30 30 30 31 61 30 64 37 63 33 65 0d 0a
              0x0205B8E9  Status idx=3 dev=41

    2980.9ms  RX  ◄──  [1.3]  54 30 32 30 35 62 39 32 39 38 30 30 30 30 30 30 30 30 30 30 30 30 30 30 30 30 0d 0a
              0x0205B929  Status idx=4 dev=41

    2982.1ms  RX  ◄──  [1.3]  54 30 32 30 35 62 39 36 39 38 30 30 30 30 30 30 30 30 30 30 30 30 30 30 30 30 0d 0a
              0x0205B969  Status idx=5 dev=41

    2982.2ms  RX  ◄──  [1.3]  54 30 32 30 35 62 39 61 39 38 30 30 30 30 66 66 66 66 30 31 30 30 30 30 30 30 0d 0a
              0x0205B9A9  Status idx=6 dev=41

    2985.6ms  TX  ──►  [1.3]  54 30 32 30 35 30 31 32 39 38 32 64 62 32 33 62 34 31 30 30 30 30 30 30 30 30 0d
              0x02050129  cls=0x00 idx=4 dev=41

    2994.5ms  TX  ──►  [1.3]  54 30 32 30 35 32 63 38 30 38 30 30 30 30 30 30 30 30 30 30 30 32 30 30 30 30 0d
              0x02052C80  cls=0x0b idx=2 dev=0

    2994.7ms  TX  ──►  [1.3]  54 30 30 30 35 30 32 63 30 31 30 31 0d
              0x000502C0  cls=0x00 idx=11 dev=0

    3000.4ms  RX  ◄──  [1.3]  54 30 32 30 35 62 38 32 39 38 63 33 31 39 39 34 30 36 30 30 31 63 38 30 30 30 0d 0a
              0x0205B829  Status idx=0 dev=41

    3000.5ms  RX  ◄──  [1.3]  54 30 32 30 35 62 38 61 39 38 30 30 63 30 38 39 33 61 61 35 66 66 33 62 63 32 0d 0a
              0x0205B8A9  Status idx=2 dev=41

    3000.6ms  RX  ◄──  [1.3]  54 30 32 30 35 62 38 65 39 38 33 31 30 30 30 30 30 30 31 34 65 36 37 38 33 65 0d 0a
              0x0205B8E9  Status idx=3 dev=41

    3000.8ms  RX  ◄──  [1.3]  54 30 32 30 35 62 39 32 39 38 30 30 30 30 30 30 30 30 30 30 30 30 30 30 30 30 0d 0a
              0x0205B929  Status idx=4 dev=41

    3002.0ms  RX  ◄──  [1.3]  54 30 32 30 35 62 39 36 39 38 30 30 30 30 30 30 30 30 30 30 30 30 30 30 30 30 0d 0a
              0x0205B969  Status idx=5 dev=41

    3002.2ms  RX  ◄──  [1.3]  54 30 32 30 35 62 39 61 39 38 30 30 30 30 66 66 66 66 30 31 30 30 30 30 30 30 0d 0a
              0x0205B9A9  Status idx=6 dev=41

    3014.7ms  TX  ──►  [1.3]  54 30 32 30 35 30 31 32 39 38 32 64 62 32 33 62 34 31 30 30 30 30 30 30 30 30 0d
              0x02050129  cls=0x00 idx=4 dev=41

    3020.1ms  RX  ◄──  [1.3]  54 30 32 30 35 62 38 61 39 38 30 30 63 30 38 39 33 61 61 35 66 66 33 62 63 32 0d 0a
              0x0205B8A9  Status idx=2 dev=41

    3020.4ms  RX  ◄──  [1.3]  54 30 32 30 35 62 38 65 39 38 33 32 30 30 30 30 30 30 36 30 66 35 37 62 33 65 0d 0a
              0x0205B8E9  Status idx=3 dev=41

    3020.5ms  RX  ◄──  [1.3]  54 30 32 30 35 62 39 32 39 38 30 30 30 30 30 30 30 30 30 30 30 30 30 30 30 30 0d 0a
              0x0205B929  Status idx=4 dev=41

    3020.8ms  RX  ◄──  [1.3]  54 30 32 30 35 62 38 32 39 38 63 33 31 39 39 34 30 36 30 30 31 63 38 30 30 30 0d 0a
              0x0205B829  Status idx=0 dev=41

    3022.3ms  RX  ◄──  [1.3]  54 30 32 30 35 62 39 36 39 38 30 30 30 30 30 30 30 30 30 30 30 30 30 30 30 30 0d 0a
              0x0205B969  Status idx=5 dev=41

    3022.4ms  RX  ◄──  [1.3]  54 30 32 30 35 62 39 61 39 38 30 30 30 30 66 66 66 66 30 31 30 30 30 30 30 30 0d 0a
              0x0205B9A9  Status idx=6 dev=41

    3024.9ms  TX  ──►  [1.3]  54 30 32 30 35 32 63 38 30 38 30 30 30 30 30 30 30 30 30 30 30 32 30 30 30 30 0d
              0x02052C80  cls=0x0b idx=2 dev=0

    3025.1ms  TX  ──►  [1.3]  54 30 30 30 35 30 32 63 30 31 30 31 0d
              0x000502C0  cls=0x00 idx=11 dev=0

    3035.3ms  TX  ──►  [1.3]  54 30 32 30 35 30 31 32 39 38 32 64 62 32 33 62 34 31 30 30 30 30 30 30 30 30 0d
              0x02050129  cls=0x00 idx=4 dev=41

    3040.4ms  RX  ◄──  [1.3]  54 30 32 30 35 62 38 32 39 38 63 32 31 39 39 62 30 36 30 30 31 63 38 30 30 30 0d 0a
              0x0205B829  Status idx=0 dev=41

    3040.6ms  RX  ◄──  [1.3]  54 30 32 30 35 62 38 61 39 38 30 30 63 30 38 39 33 61 61 35 66 66 33 62 63 32 0d 0a
              0x0205B8A9  Status idx=2 dev=41

    3040.8ms  RX  ◄──  [1.3]  54 30 32 30 35 62 38 65 39 38 33 32 30 34 30 30 30 30 39 63 35 35 37 64 33 65 0d 0a
              0x0205B8E9  Status idx=3 dev=41

    3040.9ms  RX  ◄──  [1.3]  54 30 32 30 35 62 39 32 39 38 30 30 30 30 30 30 30 30 30 30 30 30 30 30 30 30 0d 0a
              0x0205B929  Status idx=4 dev=41

    3042.0ms  RX  ◄──  [1.3]  54 30 32 30 35 62 39 36 39 38 30 30 30 30 30 30 30 30 30 30 30 30 30 30 30 30 0d 0a
              0x0205B969  Status idx=5 dev=41

    3042.2ms  RX  ◄──  [1.3]  54 30 32 30 35 62 39 61 39 38 30 30 30 30 66 66 66 66 30 31 30 30 30 30 30 30 0d 0a
              0x0205B9A9  Status idx=6 dev=41

    3056.2ms  TX  ──►  [1.3]  54 30 32 30 35 32 63 38 30 38 30 30 30 30 30 30 30 30 30 30 30 32 30 30 30 30 0d
              0x02052C80  cls=0x0b idx=2 dev=0

    3056.4ms  TX  ──►  [1.3]  54 30 30 30 35 30 32 63 30 31 30 31 0d
              0x000502C0  cls=0x00 idx=11 dev=0

    3056.5ms  TX  ──►  [1.3]  54 30 32 30 35 30 31 32 39 38 32 64 62 32 33 62 34 31 30 30 30 30 30 30 30 30 0d
              0x02050129  cls=0x00 idx=4 dev=41

    3060.4ms  RX  ◄──  [1.3]  54 30 32 30 35 62 38 32 39 38 63 33 31 39 39 34 30 36 30 30 31 63 38 30 30 30 0d 0a
              0x0205B829  Status idx=0 dev=41

    3060.6ms  RX  ◄──  [1.3]  54 30 32 30 35 62 38 61 39 38 30 30 63 30 38 39 33 61 61 35 66 66 33 62 63 32 0d 0a
              0x0205B8A9  Status idx=2 dev=41

    3060.8ms  RX  ◄──  [1.3]  54 30 32 30 35 62 38 65 39 38 33 31 30 38 30 30 30 30 64 36 37 30 37 39 33 65 0d 0a
              0x0205B8E9  Status idx=3 dev=41

    3060.9ms  RX  ◄──  [1.3]  54 30 32 30 35 62 39 32 39 38 30 30 30 30 30 30 30 30 30 30 30 30 30 30 30 30 0d 0a
              0x0205B929  Status idx=4 dev=41

    3062.1ms  RX  ◄──  [1.3]  54 30 32 30 35 62 39 36 39 38 30 30 30 30 30 30 30 30 30 30 30 30 30 30 30 30 0d 0a
              0x0205B969  Status idx=5 dev=41

    3062.2ms  RX  ◄──  [1.3]  54 30 32 30 35 62 39 61 39 38 30 30 30 30 66 66 66 66 30 31 30 30 30 30 30 30 0d 0a
              0x0205B9A9  Status idx=6 dev=41

    3077.1ms  TX  ──►  [1.3]  54 30 32 30 35 30 31 32 39 38 32 64 62 32 33 62 34 31 30 30 30 30 30 30 30 30 0d
              0x02050129  cls=0x00 idx=4 dev=41

    3080.4ms  RX  ◄──  [1.3]  54 30 32 30 35 62 38 32 39 38 63 33 31 39 39 35 30 36 30 30 31 63 38 30 30 30 0d 0a
              0x0205B829  Status idx=0 dev=41

    3080.5ms  RX  ◄──  [1.3]  54 30 32 30 35 62 38 61 39 38 30 30 63 30 38 39 33 61 61 35 66 66 33 62 63 32 0d 0a
              0x0205B8A9  Status idx=2 dev=41

    3080.7ms  RX  ◄──  [1.3]  54 30 32 30 35 62 38 65 39 38 33 32 30 34 30 30 30 30 38 32 37 35 37 62 33 65 0d 0a
              0x0205B8E9  Status idx=3 dev=41

    3081.4ms  RX  ◄──  [1.3]  54 30 32 30 35 62 39 32 39 38 30 30 30 30 30 30 30 30 30 30 30 30 30 30 30 30 0d 0a
              0x0205B929  Status idx=4 dev=41

    3082.2ms  RX  ◄──  [1.3]  54 30 32 30 35 62 39 36 39 38 30 30 30 30 30 30 30 30 30 30 30 30 30 30 30 30 0d 0a
              0x0205B969  Status idx=5 dev=41

    3082.3ms  RX  ◄──  [1.3]  54 30 32 30 35 62 39 61 39 38 30 30 30 30 66 66 66 66 30 31 30 30 30 30 30 30 0d 0a
              0x0205B9A9  Status idx=6 dev=41

    3087.5ms  TX  ──►  [1.3]  54 30 32 30 35 32 63 38 30 38 30 30 30 30 30 30 30 30 30 30 30 32 30 30 30 30 0d
              0x02052C80  cls=0x0b idx=2 dev=0

    3087.6ms  TX  ──►  [1.3]  54 30 30 30 35 30 32 63 30 31 30 31 0d
              0x000502C0  cls=0x00 idx=11 dev=0

    3097.6ms  TX  ──►  [1.3]  54 30 32 30 35 30 31 32 39 38 32 64 62 32 33 62 34 31 30 30 30 30 30 30 30 30 0d
              0x02050129  cls=0x00 idx=4 dev=41

    3100.4ms  RX  ◄──  [1.3]  54 30 32 30 35 62 38 32 39 38 63 32 31 39 39 62 30 36 30 30 31 63 38 30 30 30 0d 0a
              0x0205B829  Status idx=0 dev=41

    3100.5ms  RX  ◄──  [1.3]  54 30 32 30 35 62 38 61 39 38 30 30 63 30 38 39 33 61 61 35 66 66 33 62 63 32 0d 0a
              0x0205B8A9  Status idx=2 dev=41

    3100.6ms  RX  ◄──  [1.3]  54 30 32 30 35 62 38 65 39 38 33 32 30 34 30 30 30 30 32 36 32 61 37 62 33 65 0d 0a
              0x0205B8E9  Status idx=3 dev=41

    3100.8ms  RX  ◄──  [1.3]  54 30 32 30 35 62 39 32 39 38 30 30 30 30 30 30 30 30 30 30 30 30 30 30 30 30 0d 0a
              0x0205B929  Status idx=4 dev=41

    3102.1ms  RX  ◄──  [1.3]  54 30 32 30 35 62 39 36 39 38 30 30 30 30 30 30 30 30 30 30 30 30 30 30 30 30 0d 0a
              0x0205B969  Status idx=5 dev=41

    3102.2ms  RX  ◄──  [1.3]  54 30 32 30 35 62 39 61 39 38 30 30 30 30 66 66 66 66 30 31 30 30 30 30 30 30 0d 0a
              0x0205B9A9  Status idx=6 dev=41

    3110.0ms  RX  ◄──  [1.3]  54 30 32 30 35 62 38 36 39 38 30 30 30 30 30 30 30 30 30 30 30 30 30 30 30 30 0d 0a
              0x0205B869  Status idx=1 dev=41

    3118.5ms  TX  ──►  [1.3]  54 30 32 30 35 32 63 38 30 38 30 30 30 30 30 30 30 30 30 30 30 32 30 30 30 30 0d
              0x02052C80  cls=0x0b idx=2 dev=0

    3118.7ms  TX  ──►  [1.3]  54 30 30 30 35 30 32 63 30 31 30 31 0d
              0x000502C0  cls=0x00 idx=11 dev=0

    3118.9ms  TX  ──►  [1.3]  54 30 32 30 35 30 31 32 39 38 32 64 62 32 33 62 34 31 30 30 30 30 30 30 30 30 0d
              0x02050129  cls=0x00 idx=4 dev=41

    3120.4ms  RX  ◄──  [1.3]  54 30 32 30 35 62 38 32 39 38 63 33 31 39 39 38 30 36 30 30 31 63 38 30 30 30 0d 0a
              0x0205B829  Status idx=0 dev=41

    3120.5ms  RX  ◄──  [1.3]  54 30 32 30 35 62 38 61 39 38 30 30 63 30 38 39 33 61 61 35 66 66 33 62 63 32 0d 0a
              0x0205B8A9  Status idx=2 dev=41

    3120.6ms  RX  ◄──  [1.3]  54 30 32 30 35 62 38 65 39 38 33 32 30 34 30 30 30 30 33 61 37 39 37 63 33 65 0d 0a
              0x0205B8E9  Status idx=3 dev=41

    3120.8ms  RX  ◄──  [1.3]  54 30 32 30 35 62 39 32 39 38 30 30 30 30 30 30 30 30 30 30 30 30 30 30 30 30 0d 0a
              0x0205B929  Status idx=4 dev=41

    3122.0ms  RX  ◄──  [1.3]  54 30 32 30 35 62 39 36 39 38 30 30 30 30 30 30 30 30 30 30 30 30 30 30 30 30 0d 0a
              0x0205B969  Status idx=5 dev=41

    3122.1ms  RX  ◄──  [1.3]  54 30 32 30 35 62 39 61 39 38 30 30 30 30 66 66 66 66 30 31 30 30 30 30 30 30 0d 0a
              0x0205B9A9  Status idx=6 dev=41

    3139.2ms  TX  ──►  [1.3]  54 30 32 30 35 30 31 32 39 38 32 64 62 32 33 62 34 31 30 30 30 30 30 30 30 30 0d
              0x02050129  cls=0x00 idx=4 dev=41

    3140.3ms  RX  ◄──  [1.3]  54 30 32 30 35 62 38 32 39 38 63 33 31 39 39 36 30 36 30 30 31 63 38 30 30 30 0d 0a
              0x0205B829  Status idx=0 dev=41

    3140.5ms  RX  ◄──  [1.3]  54 30 32 30 35 62 38 61 39 38 30 30 63 30 38 39 33 61 61 35 66 66 33 62 63 32 0d 0a
              0x0205B8A9  Status idx=2 dev=41

    3140.6ms  RX  ◄──  [1.3]  54 30 32 30 35 62 38 65 39 38 33 32 30 30 30 30 30 30 31 61 61 61 37 63 33 65 0d 0a
              0x0205B8E9  Status idx=3 dev=41

    3140.8ms  RX  ◄──  [1.3]  54 30 32 30 35 62 39 32 39 38 30 30 30 30 30 30 30 30 30 30 30 30 30 30 30 30 0d 0a
              0x0205B929  Status idx=4 dev=41

    3142.2ms  RX  ◄──  [1.3]  54 30 32 30 35 62 39 36 39 38 30 30 30 30 30 30 30 30 30 30 30 30 30 30 30 30 0d 0a
              0x0205B969  Status idx=5 dev=41

    3142.3ms  RX  ◄──  [1.3]  54 30 32 30 35 62 39 61 39 38 30 30 30 30 66 66 66 66 30 31 30 30 30 30 30 30 0d 0a
              0x0205B9A9  Status idx=6 dev=41

    3149.6ms  TX  ──►  [1.3]  54 30 32 30 35 32 63 38 30 38 30 30 30 30 30 30 30 30 30 30 30 32 30 30 30 30 0d
              0x02052C80  cls=0x0b idx=2 dev=0

    3149.8ms  TX  ──►  [1.3]  54 30 30 30 35 30 32 63 30 31 30 31 0d
              0x000502C0  cls=0x00 idx=11 dev=0

    3159.0ms  TX  ──►  [1.3]  54 30 32 30 35 30 31 32 39 38 32 64 62 32 33 62 34 31 30 30 30 30 30 30 30 30 0d
              0x02050129  cls=0x00 idx=4 dev=41

    3160.5ms  RX  ◄──  [1.3]  54 30 32 30 35 62 38 32 39 38 63 32 31 39 39 63 30 36 30 30 31 63 38 30 30 30 0d 0a
              0x0205B829  Status idx=0 dev=41

    3160.7ms  RX  ◄──  [1.3]  54 30 32 30 35 62 38 61 39 38 30 30 63 30 38 39 33 61 61 35 66 66 33 62 63 32 0d 0a
              0x0205B8A9  Status idx=2 dev=41

    3160.8ms  RX  ◄──  [1.3]  54 30 32 30 35 62 38 65 39 38 33 32 30 30 30 30 30 30 36 65 32 31 37 63 33 65 0d 0a
              0x0205B8E9  Status idx=3 dev=41

    3161.0ms  RX  ◄──  [1.3]  54 30 32 30 35 62 39 32 39 38 30 30 30 30 30 30 30 30 30 30 30 30 30 30 30 30 0d 0a
              0x0205B929  Status idx=4 dev=41

    3162.1ms  RX  ◄──  [1.3]  54 30 32 30 35 62 39 36 39 38 30 30 30 30 30 30 30 30 30 30 30 30 30 30 30 30 0d 0a
              0x0205B969  Status idx=5 dev=41

    3162.3ms  RX  ◄──  [1.3]  54 30 32 30 35 62 39 61 39 38 30 30 30 30 66 66 66 66 30 31 30 30 30 30 30 30 0d 0a
              0x0205B9A9  Status idx=6 dev=41

    3179.4ms  TX  ──►  [1.3]  54 30 32 30 35 32 63 38 30 38 30 30 30 30 30 30 30 30 30 30 30 32 30 30 30 30 0d
              0x02052C80  cls=0x0b idx=2 dev=0

    3179.7ms  TX  ──►  [1.3]  54 30 30 30 35 30 32 63 30 31 30 31 0d
              0x000502C0  cls=0x00 idx=11 dev=0

    3179.8ms  TX  ──►  [1.3]  54 30 32 30 35 30 31 32 39 38 32 64 62 32 33 62 34 31 30 30 30 30 30 30 30 30 0d
              0x02050129  cls=0x00 idx=4 dev=41

    3180.8ms  RX  ◄──  [1.3]  54 30 32 30 35 62 38 32 39 38 63 33 31 39 39 36 30 36 30 30 31 63 38 30 30 30 0d 0a
              0x0205B829  Status idx=0 dev=41

    3181.0ms  RX  ◄──  [1.3]  54 30 32 30 35 62 38 61 39 38 30 30 63 30 38 39 33 61 61 35 66 66 33 62 63 32 0d 0a
              0x0205B8A9  Status idx=2 dev=41

    3181.1ms  RX  ◄──  [1.3]  54 30 32 30 35 62 38 65 39 38 33 32 30 30 30 30 30 30 33 61 36 32 37 62 33 65 0d 0a
              0x0205B8E9  Status idx=3 dev=41

    3181.3ms  RX  ◄──  [1.3]  54 30 32 30 35 62 39 32 39 38 30 30 30 30 30 30 30 30 30 30 30 30 30 30 30 30 0d 0a
              0x0205B929  Status idx=4 dev=41

    3182.1ms  RX  ◄──  [1.3]  54 30 32 30 35 62 39 36 39 38 30 30 30 30 30 30 30 30 30 30 30 30 30 30 30 30 0d 0a
              0x0205B969  Status idx=5 dev=41

    3182.3ms  RX  ◄──  [1.3]  54 30 32 30 35 62 39 61 39 38 30 30 30 30 66 66 66 66 30 31 30 30 30 30 30 30 0d 0a
              0x0205B9A9  Status idx=6 dev=41

    3199.7ms  TX  ──►  [1.3]  54 30 32 30 35 30 31 32 39 38 32 64 62 32 33 62 34 31 30 30 30 30 30 30 30 30 0d
              0x02050129  cls=0x00 idx=4 dev=41

    3200.5ms  RX  ◄──  [1.3]  54 30 32 30 35 62 38 32 39 38 63 33 31 39 39 35 30 36 30 30 31 63 38 30 30 30 0d 0a
              0x0205B829  Status idx=0 dev=41

    3200.7ms  RX  ◄──  [1.3]  54 30 32 30 35 62 38 61 39 38 30 30 63 30 38 39 33 61 61 35 66 66 33 62 63 32 0d 0a
              0x0205B8A9  Status idx=2 dev=41

    3201.4ms  RX  ◄──  [1.3]  54 30 32 30 35 62 38 65 39 38 33 32 30 30 30 30 30 30 35 36 33 38 37 62 33 65 0d 0a
              0x0205B8E9  Status idx=3 dev=41

    3201.8ms  RX  ◄──  [1.3]  54 30 32 30 35 62 39 32 39 38 30 30 30 30 30 30 30 30 30 30 30 30 30 30 30 30 0d 0a
              0x0205B929  Status idx=4 dev=41

    3202.2ms  RX  ◄──  [1.3]  54 30 32 30 35 62 39 36 39 38 30 30 30 30 30 30 30 30 30 30 30 30 30 30 30 30 0d 0a
              0x0205B969  Status idx=5 dev=41

    3202.3ms  RX  ◄──  [1.3]  54 30 32 30 35 62 39 61 39 38 30 30 30 30 66 66 66 66 30 31 30 30 30 30 30 30 0d 0a
              0x0205B9A9  Status idx=6 dev=41

    3210.1ms  TX  ──►  [1.3]  54 30 32 30 35 32 63 38 30 38 30 30 30 30 30 30 30 30 30 30 30 32 30 30 30 30 0d
              0x02052C80  cls=0x0b idx=2 dev=0

    3210.3ms  TX  ──►  [1.3]  54 30 30 30 35 30 32 63 30 31 30 31 0d
              0x000502C0  cls=0x00 idx=11 dev=0

    3220.4ms  RX  ◄──  [1.3]  54 30 32 30 35 62 38 32 39 38 63 32 31 39 39 62 30 36 30 30 31 63 38 30 30 30 0d 0a
              0x0205B829  Status idx=0 dev=41

    3220.5ms  TX  ──►  [1.3]  54 30 32 30 35 30 31 32 39 38 32 64 62 32 33 62 34 31 30 30 30 30 30 30 30 30 0d
              0x02050129  cls=0x00 idx=4 dev=41

    3220.6ms  RX  ◄──  [1.3]  54 30 32 30 35 62 38 61 39 38 30 30 63 30 38 39 33 61 61 35 66 66 33 62 63 32 0d 0a
              0x0205B8A9  Status idx=2 dev=41

    3220.9ms  RX  ◄──  [1.3]  54 30 32 30 35 62 38 65 39 38 33 32 30 30 30 30 30 30 39 61 39 64 37 65 33 65 0d 0a
              0x0205B8E9  Status idx=3 dev=41

    3221.0ms  RX  ◄──  [1.3]  54 30 32 30 35 62 39 32 39 38 30 30 30 30 30 30 30 30 30 30 30 30 30 30 30 30 0d 0a
              0x0205B929  Status idx=4 dev=41

    3222.1ms  RX  ◄──  [1.3]  54 30 32 30 35 62 39 36 39 38 30 30 30 30 30 30 30 30 30 30 30 30 30 30 30 30 0d 0a
              0x0205B969  Status idx=5 dev=41

    3222.3ms  RX  ◄──  [1.3]  54 30 32 30 35 62 39 61 39 38 30 30 30 30 66 66 66 66 30 31 30 30 30 30 30 30 0d 0a
              0x0205B9A9  Status idx=6 dev=41

    3240.4ms  RX  ◄──  [1.3]  54 30 32 30 35 62 38 32 39 38 63 33 31 39 39 36 30 36 30 30 31 63 38 30 30 30 0d 0a
              0x0205B829  Status idx=0 dev=41

    3240.5ms  RX  ◄──  [1.3]  54 30 32 30 35 62 38 61 39 38 30 30 63 30 38 39 33 61 61 35 66 66 33 62 63 32 0d 0a
              0x0205B8A9  Status idx=2 dev=41

    3240.6ms  RX  ◄──  [1.3]  54 30 32 30 35 62 38 65 39 38 33 31 30 30 30 30 30 30 65 30 37 64 37 37 33 65 0d 0a
              0x0205B8E9  Status idx=3 dev=41

    3240.8ms  RX  ◄──  [1.3]  54 30 32 30 35 62 39 32 39 38 30 30 30 30 30 30 30 30 30 30 30 30 30 30 30 30 0d 0a
              0x0205B929  Status idx=4 dev=41

    3241.1ms  TX  ──►  [1.3]  54 30 32 30 35 32 63 38 30 38 30 30 30 30 30 30 30 30 30 30 30 32 30 30 30 30 0d
              0x02052C80  cls=0x0b idx=2 dev=0

    3241.3ms  TX  ──►  [1.3]  54 30 30 30 35 30 32 63 30 31 30 31 0d
              0x000502C0  cls=0x00 idx=11 dev=0

    3241.4ms  TX  ──►  [1.3]  54 30 32 30 35 30 31 32 39 38 32 64 62 32 33 62 34 31 30 30 30 30 30 30 30 30 0d
              0x02050129  cls=0x00 idx=4 dev=41

    3242.1ms  RX  ◄──  [1.3]  54 30 32 30 35 62 39 36 39 38 30 30 30 30 30 30 30 30 30 30 30 30 30 30 30 30 0d 0a
              0x0205B969  Status idx=5 dev=41

    3242.3ms  RX  ◄──  [1.3]  54 30 32 30 35 62 39 61 39 38 30 30 30 30 66 66 66 66 30 31 30 30 30 30 30 30 0d 0a
              0x0205B9A9  Status idx=6 dev=41

    3260.4ms  RX  ◄──  [1.3]  54 30 32 30 35 62 38 32 39 38 63 33 31 39 39 35 30 36 30 30 31 63 38 30 30 30 0d 0a
              0x0205B829  Status idx=0 dev=41

    3260.6ms  RX  ◄──  [1.3]  54 30 32 30 35 62 38 61 39 38 30 30 63 30 38 39 33 61 61 35 66 66 33 62 63 32 0d 0a
              0x0205B8A9  Status idx=2 dev=41

    3260.8ms  RX  ◄──  [1.3]  54 30 32 30 35 62 38 65 39 38 33 31 30 30 30 30 30 30 33 63 36 38 37 39 33 65 0d 0a
              0x0205B8E9  Status idx=3 dev=41

    3261.5ms  RX  ◄──  [1.3]  54 30 32 30 35 62 39 32 39 38 30 30 30 30 30 30 30 30 30 30 30 30 30 30 30 30 0d 0a
              0x0205B929  Status idx=4 dev=41

    3262.3ms  RX  ◄──  [1.3]  54 30 32 30 35 62 39 36 39 38 30 30 30 30 30 30 30 30 30 30 30 30 30 30 30 30 0d 0a
              0x0205B969  Status idx=5 dev=41

    3262.4ms  RX  ◄──  [1.3]  54 30 32 30 35 62 39 61 39 38 30 30 30 30 66 66 66 66 30 31 30 30 30 30 30 30 0d 0a
              0x0205B9A9  Status idx=6 dev=41

    3266.7ms  TX  ──►  [1.3]  54 30 32 30 35 32 63 38 30 38 30 30 30 30 30 30 30 30 30 30 30 32 30 30 30 30 0d
              0x02052C80  cls=0x0b idx=2 dev=0

    3266.9ms  TX  ──►  [1.3]  54 30 30 30 35 30 32 63 30 31 30 31 0d
              0x000502C0  cls=0x00 idx=11 dev=0

    3267.0ms  TX  ──►  [1.3]  54 30 32 30 35 30 31 32 39 38 32 64 62 32 33 62 34 31 30 30 30 30 30 30 30 30 0d
              0x02050129  cls=0x00 idx=4 dev=41

    3280.4ms  RX  ◄──  [1.3]  54 30 32 30 35 62 38 32 39 38 63 32 31 39 39 63 30 36 30 30 31 63 38 30 30 30 0d 0a
              0x0205B829  Status idx=0 dev=41

    3280.6ms  RX  ◄──  [1.3]  54 30 32 30 35 62 38 61 39 38 30 30 63 30 38 39 33 61 61 35 66 66 33 62 63 32 0d 0a
              0x0205B8A9  Status idx=2 dev=41

    3280.8ms  RX  ◄──  [1.3]  54 30 32 30 35 62 38 65 39 38 33 32 30 30 30 30 30 30 63 32 65 34 37 62 33 65 0d 0a
              0x0205B8E9  Status idx=3 dev=41

    3281.0ms  RX  ◄──  [1.3]  54 30 32 30 35 62 39 32 39 38 30 30 30 30 30 30 30 30 30 30 30 30 30 30 30 30 0d 0a
              0x0205B929  Status idx=4 dev=41

    3282.1ms  RX  ◄──  [1.3]  54 30 32 30 35 62 39 36 39 38 30 30 30 30 30 30 30 30 30 30 30 30 30 30 30 30 0d 0a
              0x0205B969  Status idx=5 dev=41

    3282.3ms  RX  ◄──  [1.3]  54 30 32 30 35 62 39 61 39 38 30 30 30 30 66 66 66 66 30 31 30 30 30 30 30 30 0d 0a
              0x0205B9A9  Status idx=6 dev=41

    3289.8ms  TX  ──►  [1.3]  54 30 32 30 35 30 31 32 39 38 32 64 62 32 33 62 34 31 30 30 30 30 30 30 30 30 0d
              0x02050129  cls=0x00 idx=4 dev=41

    3300.2ms  TX  ──►  [1.3]  54 30 32 30 35 32 63 38 30 38 30 30 30 30 30 30 30 30 30 30 30 32 30 30 30 30 0d
              0x02052C80  cls=0x0b idx=2 dev=0

    3300.3ms  RX  ◄──  [1.3]  54 30 32 30 35 62 38 32 39 38 63 33 31 39 39 35 30 36 30 30 31 63 38 30 30 30 0d 0a
              0x0205B829  Status idx=0 dev=41

    3300.4ms  TX  ──►  [1.3]  54 30 30 30 35 30 32 63 30 31 30 31 0d
              0x000502C0  cls=0x00 idx=11 dev=0

    3300.8ms  RX  ◄──  [1.3]  54 30 32 30 35 62 38 61 39 38 30 30 63 30 38 39 33 61 61 35 66 66 33 62 63 32 0d 0a
              0x0205B8A9  Status idx=2 dev=41

    3301.0ms  RX  ◄──  [1.3]  54 30 32 30 35 62 38 65 39 38 33 31 30 30 30 30 30 30 37 34 32 35 37 62 33 65 0d 0a
              0x0205B8E9  Status idx=3 dev=41

    3301.1ms  RX  ◄──  [1.3]  54 30 32 30 35 62 39 32 39 38 30 30 30 30 30 30 30 30 30 30 30 30 30 30 30 30 0d 0a
              0x0205B929  Status idx=4 dev=41

    3302.1ms  RX  ◄──  [1.3]  54 30 32 30 35 62 39 36 39 38 30 30 30 30 30 30 30 30 30 30 30 30 30 30 30 30 0d 0a
              0x0205B969  Status idx=5 dev=41

    3302.2ms  RX  ◄──  [1.3]  54 30 32 30 35 62 39 61 39 38 30 30 30 30 66 66 66 66 30 31 30 30 30 30 30 30 0d 0a
              0x0205B9A9  Status idx=6 dev=41

    3319.4ms  TX  ──►  [1.3]  54 30 32 30 35 30 31 32 39 38 32 64 62 32 33 62 34 31 30 30 30 30 30 30 30 30 0d
              0x02050129  cls=0x00 idx=4 dev=41

    3320.4ms  RX  ◄──  [1.3]  54 30 32 30 35 62 38 32 39 38 63 33 31 39 39 36 30 36 30 30 31 63 38 30 30 30 0d 0a
              0x0205B829  Status idx=0 dev=41

    3320.5ms  RX  ◄──  [1.3]  54 30 32 30 35 62 38 61 39 38 30 30 63 30 38 39 33 61 61 35 66 66 33 62 63 32 0d 0a
              0x0205B8A9  Status idx=2 dev=41

    3320.8ms  RX  ◄──  [1.3]  54 30 32 30 35 62 38 65 39 38 33 31 30 30 30 30 30 30 62 30 38 64 37 37 33 65 0d 0a
              0x0205B8E9  Status idx=3 dev=41

    3321.4ms  RX  ◄──  [1.3]  54 30 32 30 35 62 39 32 39 38 30 30 30 30 30 30 30 30 30 30 30 30 30 30 30 30 0d 0a
              0x0205B929  Status idx=4 dev=41

    3322.2ms  RX  ◄──  [1.3]  54 30 32 30 35 62 39 36 39 38 30 30 30 30 30 30 30 30 30 30 30 30 30 30 30 30 0d 0a
              0x0205B969  Status idx=5 dev=41

    3322.4ms  RX  ◄──  [1.3]  54 30 32 30 35 62 39 61 39 38 30 30 30 30 66 66 66 66 30 31 30 30 30 30 30 30 0d 0a
              0x0205B9A9  Status idx=6 dev=41

    3329.7ms  TX  ──►  [1.3]  54 30 32 30 35 32 63 38 30 38 30 30 30 30 30 30 30 30 30 30 30 32 30 30 30 30 0d
              0x02052C80  cls=0x0b idx=2 dev=0

    3329.9ms  TX  ──►  [1.3]  54 30 30 30 35 30 32 63 30 31 30 31 0d
              0x000502C0  cls=0x00 idx=11 dev=0

    3340.0ms  TX  ──►  [1.3]  54 30 32 30 35 30 31 32 39 38 32 64 62 32 33 62 34 31 30 30 30 30 30 30 30 30 0d
              0x02050129  cls=0x00 idx=4 dev=41

    3340.5ms  RX  ◄──  [1.3]  54 30 32 30 35 62 38 32 39 38 63 32 31 39 39 63 30 36 30 30 31 63 38 30 30 30 0d 0a
              0x0205B829  Status idx=0 dev=41

    3340.7ms  RX  ◄──  [1.3]  54 30 32 30 35 62 38 61 39 38 30 30 63 30 38 39 33 61 61 35 66 66 33 62 63 32 0d 0a
              0x0205B8A9  Status idx=2 dev=41

    3340.9ms  RX  ◄──  [1.3]  54 30 32 30 35 62 38 65 39 38 33 32 30 30 30 30 30 30 31 38 36 65 37 61 33 65 0d 0a
              0x0205B8E9  Status idx=3 dev=41

    3341.0ms  RX  ◄──  [1.3]  54 30 32 30 35 62 39 32 39 38 30 30 30 30 30 30 30 30 30 30 30 30 30 30 30 30 0d 0a
              0x0205B929  Status idx=4 dev=41

    3342.1ms  RX  ◄──  [1.3]  54 30 32 30 35 62 39 36 39 38 30 30 30 30 30 30 30 30 30 30 30 30 30 30 30 30 0d 0a
              0x0205B969  Status idx=5 dev=41

    3342.2ms  RX  ◄──  [1.3]  54 30 32 30 35 62 39 61 39 38 30 30 30 30 66 66 66 66 30 31 30 30 30 30 30 30 0d 0a
              0x0205B9A9  Status idx=6 dev=41

    3359.3ms  TX  ──►  [1.3]  54 30 32 30 35 32 63 38 30 38 30 30 30 30 30 30 30 30 30 30 30 32 30 30 30 30 0d
              0x02052C80  cls=0x0b idx=2 dev=0

    3359.6ms  TX  ──►  [1.3]  54 30 30 30 35 30 32 63 30 31 30 31 0d
              0x000502C0  cls=0x00 idx=11 dev=0

    3359.8ms  TX  ──►  [1.3]  54 30 32 30 35 30 31 32 39 38 32 64 62 32 33 62 34 31 30 30 30 30 30 30 30 30 0d
              0x02050129  cls=0x00 idx=4 dev=41

    3360.8ms  RX  ◄──  [1.3]  54 30 32 30 35 62 38 32 39 38 63 33 31 39 39 36 30 36 30 30 31 63 38 30 30 30 0d 0a
              0x0205B829  Status idx=0 dev=41

    3361.0ms  RX  ◄──  [1.3]  54 30 32 30 35 62 38 36 39 38 30 30 30 30 30 30 30 30 30 30 30 30 30 30 30 30 0d 0a
              0x0205B869  Status idx=1 dev=41

    3361.2ms  RX  ◄──  [1.3]  54 30 32 30 35 62 38 61 39 38 30 30 63 30 38 39 33 61 61 35 66 66 33 62 63 32 0d 0a
              0x0205B8A9  Status idx=2 dev=41

    3361.4ms  RX  ◄──  [1.3]  54 30 32 30 35 62 38 65 39 38 33 31 30 30 30 30 30 30 35 65 32 66 37 61 33 65 0d 0a
              0x0205B8E9  Status idx=3 dev=41

    3361.5ms  RX  ◄──  [1.3]  54 30 32 30 35 62 39 32 39 38 30 30 30 30 30 30 30 30 30 30 30 30 30 30 30 30 0d 0a
              0x0205B929  Status idx=4 dev=41

    3362.1ms  RX  ◄──  [1.3]  54 30 32 30 35 62 39 36 39 38 30 30 30 30 30 30 30 30 30 30 30 30 30 30 30 30 0d 0a
              0x0205B969  Status idx=5 dev=41

    3362.3ms  RX  ◄──  [1.3]  54 30 32 30 35 62 39 61 39 38 30 30 30 30 66 66 66 66 30 31 30 30 30 30 30 30 0d 0a
              0x0205B9A9  Status idx=6 dev=41

    3379.9ms  TX  ──►  [1.3]  54 30 32 30 35 30 31 32 39 38 32 64 62 32 33 62 34 31 30 30 30 30 30 30 30 30 0d
              0x02050129  cls=0x00 idx=4 dev=41

    3380.5ms  RX  ◄──  [1.3]  54 30 32 30 35 62 38 32 39 38 63 33 31 39 39 36 30 36 30 30 31 63 38 30 30 30 0d 0a
              0x0205B829  Status idx=0 dev=41

    3380.7ms  RX  ◄──  [1.3]  54 30 32 30 35 62 38 61 39 38 30 30 63 30 38 39 33 61 61 35 66 66 33 62 63 32 0d 0a
              0x0205B8A9  Status idx=2 dev=41

    3381.4ms  RX  ◄──  [1.3]  54 30 32 30 35 62 38 65 39 38 33 31 30 30 30 30 30 30 66 38 36 37 37 61 33 65 0d 0a
              0x0205B8E9  Status idx=3 dev=41

    3381.9ms  RX  ◄──  [1.3]  54 30 32 30 35 62 39 32 39 38 30 30 30 30 30 30 30 30 30 30 30 30 30 30 30 30 0d 0a
              0x0205B929  Status idx=4 dev=41

    3382.3ms  RX  ◄──  [1.3]  54 30 32 30 35 62 39 36 39 38 30 30 30 30 30 30 30 30 30 30 30 30 30 30 30 30 0d 0a
              0x0205B969  Status idx=5 dev=41

    3382.4ms  RX  ◄──  [1.3]  54 30 32 30 35 62 39 61 39 38 30 30 30 30 66 66 66 66 30 31 30 30 30 30 30 30 0d 0a
              0x0205B9A9  Status idx=6 dev=41

    3390.2ms  TX  ──►  [1.3]  54 30 32 30 35 32 63 38 30 38 30 30 30 30 30 30 30 30 30 30 30 32 30 30 30 30 0d
              0x02052C80  cls=0x0b idx=2 dev=0

    3390.3ms  TX  ──►  [1.3]  54 30 30 30 35 30 32 63 30 31 30 31 0d
              0x000502C0  cls=0x00 idx=11 dev=0

    3400.4ms  TX  ──►  [1.3]  54 30 32 30 35 30 31 32 39 38 32 64 62 32 33 62 34 31 30 30 30 30 30 30 30 30 0d
              0x02050129  cls=0x00 idx=4 dev=41

    3400.4ms  RX  ◄──  [1.3]  54 30 32 30 35 62 38 32 39 38 63 32 31 39 39 63 30 36 30 30 31 63 38 30 30 30 0d 0a
              0x0205B829  Status idx=0 dev=41

    3400.7ms  RX  ◄──  [1.3]  54 30 32 30 35 62 38 61 39 38 30 30 63 30 38 39 33 61 61 35 66 66 33 62 63 32 0d 0a
              0x0205B8A9  Status idx=2 dev=41

    3400.9ms  RX  ◄──  [1.3]  54 30 32 30 35 62 38 65 39 38 33 32 30 30 30 30 30 30 62 32 35 38 37 66 33 65 0d 0a
              0x0205B8E9  Status idx=3 dev=41

    3401.1ms  RX  ◄──  [1.3]  54 30 32 30 35 62 39 32 39 38 30 30 30 30 30 30 30 30 30 30 30 30 30 30 30 30 0d 0a
              0x0205B929  Status idx=4 dev=41

    3402.1ms  RX  ◄──  [1.3]  54 30 32 30 35 62 39 36 39 38 30 30 30 30 30 30 30 30 30 30 30 30 30 30 30 30 0d 0a
              0x0205B969  Status idx=5 dev=41

    3402.3ms  RX  ◄──  [1.3]  54 30 32 30 35 62 39 61 39 38 30 30 30 30 66 66 66 66 30 31 30 30 30 30 30 30 0d 0a
              0x0205B9A9  Status idx=6 dev=41

    3418.9ms  TX  ──►  [1.3]  54 30 32 30 35 32 63 38 30 38 30 30 30 30 30 30 30 30 30 30 30 32 30 30 30 30 0d
              0x02052C80  cls=0x0b idx=2 dev=0

    3419.0ms  TX  ──►  [1.3]  54 30 30 30 35 30 32 63 30 31 30 31 0d
              0x000502C0  cls=0x00 idx=11 dev=0

    3420.4ms  RX  ◄──  [1.3]  54 30 32 30 35 62 38 32 39 38 63 33 31 39 39 36 30 36 30 30 31 63 38 30 30 30 0d 0a
              0x0205B829  Status idx=0 dev=41

    3420.5ms  RX  ◄──  [1.3]  54 30 32 30 35 62 38 61 39 38 30 30 63 30 38 39 33 61 61 35 66 66 33 62 63 32 0d 0a
              0x0205B8A9  Status idx=2 dev=41

    3420.6ms  RX  ◄──  [1.3]  54 30 32 30 35 62 38 65 39 38 33 32 30 30 30 30 30 30 31 34 35 61 37 62 33 65 0d 0a
              0x0205B8E9  Status idx=3 dev=41

    3420.8ms  RX  ◄──  [1.3]  54 30 32 30 35 62 39 32 39 38 30 30 30 30 30 30 30 30 30 30 30 30 30 30 30 30 0d 0a
              0x0205B929  Status idx=4 dev=41

    3422.1ms  RX  ◄──  [1.3]  54 30 32 30 35 62 39 36 39 38 30 30 30 30 30 30 30 30 30 30 30 30 30 30 30 30 0d 0a
              0x0205B969  Status idx=5 dev=41

    3422.3ms  RX  ◄──  [1.3]  54 30 32 30 35 62 39 61 39 38 30 30 30 30 66 66 66 66 30 31 30 30 30 30 30 30 0d 0a
              0x0205B9A9  Status idx=6 dev=41

    3429.0ms  TX  ──►  [1.3]  54 30 32 30 35 30 31 32 39 38 32 64 62 32 33 62 34 31 30 30 30 30 30 30 30 30 0d
              0x02050129  cls=0x00 idx=4 dev=41

    3440.3ms  RX  ◄──  [1.3]  54 30 32 30 35 62 38 32 39 38 63 33 31 39 39 36 30 36 30 30 31 63 38 30 30 30 0d 0a
              0x0205B829  Status idx=0 dev=41

    3440.5ms  RX  ◄──  [1.3]  54 30 32 30 35 62 38 61 39 38 30 30 63 30 38 39 33 61 61 35 66 66 33 62 63 32 0d 0a
              0x0205B8A9  Status idx=2 dev=41

    3440.6ms  RX  ◄──  [1.3]  54 30 32 30 35 62 38 65 39 38 33 31 30 30 30 30 30 30 37 61 64 30 37 38 33 65 0d 0a
              0x0205B8E9  Status idx=3 dev=41

    3441.2ms  RX  ◄──  [1.3]  54 30 32 30 35 62 39 32 39 38 30 30 30 30 30 30 30 30 30 30 30 30 30 30 30 30 0d 0a
              0x0205B929  Status idx=4 dev=41

    3442.1ms  RX  ◄──  [1.3]  54 30 32 30 35 62 39 36 39 38 30 30 30 30 30 30 30 30 30 30 30 30 30 30 30 30 0d 0a
              0x0205B969  Status idx=5 dev=41

    3442.3ms  RX  ◄──  [1.3]  54 30 32 30 35 62 39 61 39 38 30 30 30 30 66 66 66 66 30 31 30 30 30 30 30 30 0d 0a
              0x0205B9A9  Status idx=6 dev=41

    3449.4ms  TX  ──►  [1.3]  54 30 32 30 35 32 63 38 30 38 30 30 30 30 30 30 30 30 30 30 30 32 30 30 30 30 0d
              0x02052C80  cls=0x0b idx=2 dev=0

    3449.6ms  TX  ──►  [1.3]  54 30 30 30 35 30 32 63 30 31 30 31 0d
              0x000502C0  cls=0x00 idx=11 dev=0

    3449.7ms  TX  ──►  [1.3]  54 30 32 30 35 30 31 32 39 38 32 64 62 32 33 62 34 31 30 30 30 30 30 30 30 30 0d
              0x02050129  cls=0x00 idx=4 dev=41

    3460.4ms  RX  ◄──  [1.3]  54 30 32 30 35 62 38 32 39 38 63 32 31 39 39 63 30 36 30 30 31 63 38 30 30 30 0d 0a
              0x0205B829  Status idx=0 dev=41

    3460.5ms  RX  ◄──  [1.3]  54 30 32 30 35 62 38 61 39 38 30 30 63 30 38 39 33 61 61 35 66 66 33 62 63 32 0d 0a
              0x0205B8A9  Status idx=2 dev=41

    3460.8ms  RX  ◄──  [1.3]  54 30 32 30 35 62 38 65 39 38 33 32 30 30 30 30 30 30 63 61 30 63 37 64 33 65 0d 0a
              0x0205B8E9  Status idx=3 dev=41

    3460.9ms  RX  ◄──  [1.3]  54 30 32 30 35 62 39 32 39 38 30 30 30 30 30 30 30 30 30 30 30 30 30 30 30 30 0d 0a
              0x0205B929  Status idx=4 dev=41

    3462.0ms  RX  ◄──  [1.3]  54 30 32 30 35 62 39 36 39 38 30 30 30 30 30 30 30 30 30 30 30 30 30 30 30 30 0d 0a
              0x0205B969  Status idx=5 dev=41

    3462.2ms  RX  ◄──  [1.3]  54 30 32 30 35 62 39 61 39 38 30 30 30 30 66 66 66 66 30 31 30 30 30 30 30 30 0d 0a
              0x0205B9A9  Status idx=6 dev=41

    3479.5ms  TX  ──►  [1.3]  54 30 32 30 35 32 63 38 30 38 30 30 30 30 30 30 30 30 30 30 30 32 30 30 30 30 0d
              0x02052C80  cls=0x0b idx=2 dev=0

    3480.0ms  TX  ──►  [1.3]  54 30 30 30 35 30 32 63 30 31 30 31 0d
              0x000502C0  cls=0x00 idx=11 dev=0

    3480.2ms  TX  ──►  [1.3]  54 30 32 30 35 30 31 32 39 38 32 64 62 32 33 62 34 31 30 30 30 30 30 30 30 30 0d
              0x02050129  cls=0x00 idx=4 dev=41

    3480.8ms  RX  ◄──  [1.3]  54 30 32 30 35 62 38 32 39 38 63 33 31 39 39 37 30 36 30 30 31 63 38 30 30 30 0d 0a
              0x0205B829  Status idx=0 dev=41

    3480.9ms  RX  ◄──  [1.3]  54 30 32 30 35 62 38 61 39 38 30 30 63 30 38 39 33 61 61 35 66 66 33 62 63 32 0d 0a
              0x0205B8A9  Status idx=2 dev=41

    3481.2ms  RX  ◄──  [1.3]  54 30 32 30 35 62 38 65 39 38 33 32 30 30 30 30 30 30 31 63 37 37 37 64 33 65 0d 0a
              0x0205B8E9  Status idx=3 dev=41

    3481.3ms  RX  ◄──  [1.3]  54 30 32 30 35 62 39 32 39 38 30 30 30 30 30 30 30 30 30 30 30 30 30 30 30 30 0d 0a
              0x0205B929  Status idx=4 dev=41

    3482.0ms  RX  ◄──  [1.3]  54 30 32 30 35 62 39 36 39 38 30 30 30 30 30 30 30 30 30 30 30 30 30 30 30 30 0d 0a
              0x0205B969  Status idx=5 dev=41

    3482.2ms  RX  ◄──  [1.3]  54 30 32 30 35 62 39 61 39 38 30 30 30 30 66 66 66 66 30 31 30 30 30 30 30 30 0d 0a
              0x0205B9A9  Status idx=6 dev=41

    3500.4ms  RX  ◄──  [1.3]  54 30 32 30 35 62 38 32 39 38 63 33 31 39 39 37 30 36 30 30 31 63 38 30 30 30 0d 0a
              0x0205B829  Status idx=0 dev=41

    3500.5ms  RX  ◄──  [1.3]  54 30 32 30 35 62 38 61 39 38 30 30 63 30 38 39 33 61 61 35 66 66 33 62 63 32 0d 0a
              0x0205B8A9  Status idx=2 dev=41

    3500.6ms  RX  ◄──  [1.3]  54 30 32 30 35 62 38 65 39 38 33 31 30 30 30 30 30 30 64 38 65 66 37 36 33 65 0d 0a
              0x0205B8E9  Status idx=3 dev=41

    3500.7ms  TX  ──►  [1.3]  54 30 32 30 35 30 31 32 39 38 32 64 62 32 33 62 34 31 30 30 30 30 30 30 30 30 0d
              0x02050129  cls=0x00 idx=4 dev=41

    3501.8ms  RX  ◄──  [1.3]  54 30 32 30 35 62 39 32 39 38 30 30 30 30 30 30 30 30 30 30 30 30 30 30 30 30 0d 0a
              0x0205B929  Status idx=4 dev=41

    3502.2ms  RX  ◄──  [1.3]  54 30 32 30 35 62 39 36 39 38 30 30 30 30 30 30 30 30 30 30 30 30 30 30 30 30 0d 0a
              0x0205B969  Status idx=5 dev=41

    3502.4ms  RX  ◄──  [1.3]  54 30 32 30 35 62 39 61 39 38 30 30 30 30 66 66 66 66 30 31 30 30 30 30 30 30 0d 0a
              0x0205B9A9  Status idx=6 dev=41

    3519.5ms  TX  ──►  [1.3]  54 30 32 30 35 32 63 38 30 38 30 30 30 30 30 30 30 30 30 30 30 32 30 30 30 30 0d
              0x02052C80  cls=0x0b idx=2 dev=0

    3519.7ms  TX  ──►  [1.3]  54 30 30 30 35 30 32 63 30 31 30 31 0d
              0x000502C0  cls=0x00 idx=11 dev=0

    3520.6ms  RX  ◄──  [1.3]  54 30 32 30 35 62 38 32 39 38 63 32 31 39 39 64 30 36 30 30 31 63 38 30 30 30 0d 0a
              0x0205B829  Status idx=0 dev=41

    3520.8ms  RX  ◄──  [1.3]  54 30 32 30 35 62 38 61 39 38 30 30 63 30 38 39 33 61 61 35 66 66 33 62 63 32 0d 0a
              0x0205B8A9  Status idx=2 dev=41

    3521.0ms  RX  ◄──  [1.3]  54 30 32 30 35 62 38 65 39 38 33 32 30 30 30 30 30 30 31 32 63 62 37 65 33 65 0d 0a
              0x0205B8E9  Status idx=3 dev=41

    3521.1ms  RX  ◄──  [1.3]  54 30 32 30 35 62 39 32 39 38 30 30 30 30 30 30 30 30 30 30 30 30 30 30 30 30 0d 0a
              0x0205B929  Status idx=4 dev=41

    3522.0ms  RX  ◄──  [1.3]  54 30 32 30 35 62 39 36 39 38 30 30 30 30 30 30 30 30 30 30 30 30 30 30 30 30 0d 0a
              0x0205B969  Status idx=5 dev=41

    3522.2ms  RX  ◄──  [1.3]  54 30 32 30 35 62 39 61 39 38 30 30 30 30 66 66 66 66 30 31 30 30 30 30 30 30 0d 0a
              0x0205B9A9  Status idx=6 dev=41

    3530.0ms  TX  ──►  [1.3]  54 30 32 30 35 30 31 32 39 38 32 64 62 32 33 62 34 31 30 30 30 30 30 30 30 30 0d
              0x02050129  cls=0x00 idx=4 dev=41

    3540.3ms  RX  ◄──  [1.3]  54 30 32 30 35 62 38 32 39 38 63 33 31 39 39 37 30 36 30 30 31 63 38 30 30 30 0d 0a
              0x0205B829  Status idx=0 dev=41

    3540.5ms  RX  ◄──  [1.3]  54 30 32 30 35 62 38 61 39 38 30 30 63 30 38 39 33 61 61 35 66 66 33 62 63 32 0d 0a
              0x0205B8A9  Status idx=2 dev=41

    3540.6ms  RX  ◄──  [1.3]  54 30 32 30 35 62 38 65 39 38 33 31 30 34 30 30 30 30 64 32 65 31 37 61 33 65 0d 0a
              0x0205B8E9  Status idx=3 dev=41

    3540.8ms  RX  ◄──  [1.3]  54 30 32 30 35 62 39 32 39 38 30 30 30 30 30 30 30 30 30 30 30 30 30 30 30 30 0d 0a
              0x0205B929  Status idx=4 dev=41

    3542.0ms  RX  ◄──  [1.3]  54 30 32 30 35 62 39 36 39 38 30 30 30 30 30 30 30 30 30 30 30 30 30 30 30 30 0d 0a
              0x0205B969  Status idx=5 dev=41

    3542.2ms  RX  ◄──  [1.3]  54 30 32 30 35 62 39 61 39 38 30 30 30 30 66 66 66 66 30 31 30 30 30 30 30 30 0d 0a
              0x0205B9A9  Status idx=6 dev=41

    3550.8ms  TX  ──►  [1.3]  54 30 32 30 35 32 63 38 30 38 30 30 30 30 30 30 30 30 30 30 30 32 30 30 30 30 0d
              0x02052C80  cls=0x0b idx=2 dev=0

    3551.0ms  TX  ──►  [1.3]  54 30 30 30 35 30 32 63 30 31 30 31 0d
              0x000502C0  cls=0x00 idx=11 dev=0

    3551.2ms  TX  ──►  [1.3]  54 30 32 30 35 30 31 32 39 38 32 64 62 32 33 62 34 31 30 30 30 30 30 30 30 30 0d
              0x02050129  cls=0x00 idx=4 dev=41

    3560.3ms  RX  ◄──  [1.3]  54 30 32 30 35 62 38 32 39 38 63 33 31 39 39 37 30 36 30 30 31 63 38 30 30 30 0d 0a
              0x0205B829  Status idx=0 dev=41

    3560.5ms  RX  ◄──  [1.3]  54 30 32 30 35 62 38 61 39 38 30 30 63 30 38 39 33 61 61 35 66 66 33 62 63 32 0d 0a
              0x0205B8A9  Status idx=2 dev=41

    3560.6ms  RX  ◄──  [1.3]  54 30 32 30 35 62 38 65 39 38 33 31 30 30 30 30 30 30 34 34 31 34 37 62 33 65 0d 0a
              0x0205B8E9  Status idx=3 dev=41

    3561.3ms  RX  ◄──  [1.3]  54 30 32 30 35 62 39 32 39 38 30 30 30 30 30 30 30 30 30 30 30 30 30 30 30 30 0d 0a
              0x0205B929  Status idx=4 dev=41

    3562.1ms  RX  ◄──  [1.3]  54 30 32 30 35 62 39 36 39 38 30 30 30 30 30 30 30 30 30 30 30 30 30 30 30 30 0d 0a
              0x0205B969  Status idx=5 dev=41

    3562.3ms  RX  ◄──  [1.3]  54 30 32 30 35 62 39 61 39 38 30 30 30 30 66 66 66 66 30 31 30 30 30 30 30 30 0d 0a
              0x0205B9A9  Status idx=6 dev=41

    3573.5ms  TX  ──►  [1.3]  54 30 32 30 35 30 31 32 39 38 32 64 62 32 33 62 34 31 30 30 30 30 30 30 30 30 0d
              0x02050129  cls=0x00 idx=4 dev=41

    3580.5ms  RX  ◄──  [1.3]  54 30 32 30 35 62 38 32 39 38 63 32 31 39 39 64 30 36 30 30 31 63 38 30 30 30 0d 0a
              0x0205B829  Status idx=0 dev=41

    3580.6ms  RX  ◄──  [1.3]  54 30 32 30 35 62 38 61 39 38 30 30 63 30 38 39 33 61 61 35 66 66 33 62 63 32 0d 0a
              0x0205B8A9  Status idx=2 dev=41

    3580.8ms  RX  ◄──  [1.3]  54 30 32 30 35 62 38 65 39 38 33 32 30 30 30 30 30 30 35 30 66 31 37 62 33 65 0d 0a
              0x0205B8E9  Status idx=3 dev=41

    3580.9ms  RX  ◄──  [1.3]  54 30 32 30 35 62 39 32 39 38 30 30 30 30 30 30 30 30 30 30 30 30 30 30 30 30 0d 0a
              0x0205B929  Status idx=4 dev=41

    3582.1ms  RX  ◄──  [1.3]  54 30 32 30 35 62 39 36 39 38 30 30 30 30 30 30 30 30 30 30 30 30 30 30 30 30 0d 0a
              0x0205B969  Status idx=5 dev=41

    3582.2ms  RX  ◄──  [1.3]  54 30 32 30 35 62 39 61 39 38 30 30 30 30 66 66 66 66 30 31 30 30 30 30 30 30 0d 0a
              0x0205B9A9  Status idx=6 dev=41

    3589.7ms  TX  ──►  [1.3]  54 30 32 30 35 32 63 38 30 38 30 30 30 30 30 30 30 30 30 30 30 32 30 30 30 30 0d
              0x02052C80  cls=0x0b idx=2 dev=0

    3589.8ms  TX  ──►  [1.3]  54 30 30 30 35 30 32 63 30 31 30 31 0d
              0x000502C0  cls=0x00 idx=11 dev=0

    3600.0ms  TX  ──►  [1.3]  54 30 32 30 35 30 31 32 39 38 32 64 62 32 33 62 34 31 30 30 30 30 30 30 30 30 0d
              0x02050129  cls=0x00 idx=4 dev=41

    3600.5ms  RX  ◄──  [1.3]  54 30 32 30 35 62 38 32 39 38 63 33 31 39 39 36 30 36 30 30 31 63 38 30 30 30 0d 0a
              0x0205B829  Status idx=0 dev=41

    3600.7ms  RX  ◄──  [1.3]  54 30 32 30 35 62 38 61 39 38 30 30 63 30 38 39 33 61 61 35 66 66 33 62 63 32 0d 0a
              0x0205B8A9  Status idx=2 dev=41

    3600.9ms  RX  ◄──  [1.3]  54 30 32 30 35 62 38 65 39 38 33 31 30 30 30 30 30 30 61 32 37 37 37 61 33 65 0d 0a
              0x0205B8E9  Status idx=3 dev=41

    3601.0ms  RX  ◄──  [1.3]  54 30 32 30 35 62 39 32 39 38 30 30 30 30 30 30 30 30 30 30 30 30 30 30 30 30 0d 0a
              0x0205B929  Status idx=4 dev=41

    3602.0ms  RX  ◄──  [1.3]  54 30 32 30 35 62 39 36 39 38 30 30 30 30 30 30 30 30 30 30 30 30 30 30 30 30 0d 0a
              0x0205B969  Status idx=5 dev=41

    3602.2ms  RX  ◄──  [1.3]  54 30 32 30 35 62 39 61 39 38 30 30 30 30 66 66 66 66 30 31 30 30 30 30 30 30 0d 0a
              0x0205B9A9  Status idx=6 dev=41

    3610.0ms  RX  ◄──  [1.3]  54 30 32 30 35 62 38 36 39 38 30 30 30 30 30 30 30 30 30 30 30 30 30 30 30 30 0d 0a
              0x0205B869  Status idx=1 dev=41

    3611.9ms  RX  ◄──  [1.3]  54 30 32 30 35 62 63 32 39 34 34 32 35 64 31 31 62 38 0d 0a
              0x0205BC29  Status idx=0 dev=41

    3619.4ms  TX  ──►  [1.3]  54 30 32 30 35 32 63 38 30 38 30 30 30 30 30 30 30 30 30 30 30 32 30 30 30 30 0d
              0x02052C80  cls=0x0b idx=2 dev=0

    3619.5ms  TX  ──►  [1.3]  54 30 30 30 35 30 32 63 30 31 30 31 0d
              0x000502C0  cls=0x00 idx=11 dev=0

    3619.7ms  TX  ──►  [1.3]  54 30 32 30 35 30 31 32 39 38 32 64 62 32 33 62 34 31 30 30 30 30 30 30 30 30 0d
              0x02050129  cls=0x00 idx=4 dev=41

    3620.6ms  RX  ◄──  [1.3]  54 30 32 30 35 62 38 32 39 38 63 33 31 39 39 38 30 36 30 30 31 63 38 30 30 30 0d 0a
              0x0205B829  Status idx=0 dev=41

    3621.8ms  RX  ◄──  [1.3]  54 30 32 30 35 62 38 61 39 38 30 30 63 30 38 39 33 61 61 35 66 66 33 62 63 32 0d 0a
              0x0205B8A9  Status idx=2 dev=41

    3622.1ms  RX  ◄──  [1.3]  54 30 32 30 35 62 38 65 39 38 33 32 30 30 30 30 30 30 61 34 62 33 37 62 33 65 0d 0a
              0x0205B8E9  Status idx=3 dev=41

    3622.3ms  RX  ◄──  [1.3]  54 30 32 30 35 62 39 32 39 38 30 30 30 30 30 30 30 30 30 30 30 30 30 30 30 30 0d 0a
              0x0205B929  Status idx=4 dev=41

    3622.4ms  RX  ◄──  [1.3]  54 30 32 30 35 62 39 36 39 38 30 30 30 30 30 30 30 30 30 30 30 30 30 30 30 30 0d 0a
              0x0205B969  Status idx=5 dev=41

    3622.5ms  RX  ◄──  [1.3]  54 30 32 30 35 62 39 61 39 38 30 30 30 30 66 66 66 66 30 31 30 30 30 30 30 30 0d 0a
              0x0205B9A9  Status idx=6 dev=41

    3640.4ms  RX  ◄──  [1.3]  54 30 32 30 35 62 38 32 39 38 63 32 31 39 39 65 30 36 30 30 31 63 38 30 30 30 0d 0a
              0x0205B829  Status idx=0 dev=41

    3640.5ms  RX  ◄──  [1.3]  54 30 32 30 35 62 38 61 39 38 30 30 63 30 38 39 33 61 61 35 66 66 33 62 63 32 0d 0a
              0x0205B8A9  Status idx=2 dev=41

    3640.6ms  RX  ◄──  [1.3]  54 30 32 30 35 62 38 65 39 38 33 31 30 30 30 30 30 30 66 63 64 66 37 61 33 65 0d 0a
              0x0205B8E9  Status idx=3 dev=41

    3640.8ms  RX  ◄──  [1.3]  54 30 32 30 35 62 39 32 39 38 30 30 30 30 30 30 30 30 30 30 30 30 30 30 30 30 0d 0a
              0x0205B929  Status idx=4 dev=41

    3642.1ms  RX  ◄──  [1.3]  54 30 32 30 35 62 39 36 39 38 30 30 30 30 30 30 30 30 30 30 30 30 30 30 30 30 0d 0a
              0x0205B969  Status idx=5 dev=41

    3642.2ms  RX  ◄──  [1.3]  54 30 32 30 35 62 39 61 39 38 30 30 30 30 66 66 66 66 30 31 30 30 30 30 30 30 0d 0a
              0x0205B9A9  Status idx=6 dev=41

    3649.5ms  TX  ──►  [1.3]  54 30 32 30 35 32 63 38 30 38 30 30 30 30 30 30 30 30 30 30 30 32 30 30 30 30 0d
              0x02052C80  cls=0x0b idx=2 dev=0

    3649.7ms  TX  ──►  [1.3]  54 30 30 30 35 30 32 63 30 31 30 31 0d
              0x000502C0  cls=0x00 idx=11 dev=0

    3649.8ms  TX  ──►  [1.3]  54 30 32 30 35 30 31 32 39 38 32 64 62 32 33 62 34 31 30 30 30 30 30 30 30 30 0d
              0x02050129  cls=0x00 idx=4 dev=41

    3660.3ms  RX  ◄──  [1.3]  54 30 32 30 35 62 38 32 39 38 63 33 31 39 39 37 30 36 30 30 31 63 38 30 30 30 0d 0a
              0x0205B829  Status idx=0 dev=41

    3660.5ms  RX  ◄──  [1.3]  54 30 32 30 35 62 38 61 39 38 30 30 63 30 38 39 33 61 61 35 66 66 33 62 63 32 0d 0a
              0x0205B8A9  Status idx=2 dev=41

    3660.6ms  RX  ◄──  [1.3]  54 30 32 30 35 62 38 65 39 38 33 31 30 30 30 30 30 30 38 30 34 32 37 39 33 65 0d 0a
              0x0205B8E9  Status idx=3 dev=41

    3660.8ms  RX  ◄──  [1.3]  54 30 32 30 35 62 39 32 39 38 30 30 30 30 30 30 30 30 30 30 30 30 30 30 30 30 0d 0a
              0x0205B929  Status idx=4 dev=41

    3662.1ms  RX  ◄──  [1.3]  54 30 32 30 35 62 39 36 39 38 30 30 30 30 30 30 30 30 30 30 30 30 30 30 30 30 0d 0a
              0x0205B969  Status idx=5 dev=41

    3662.2ms  RX  ◄──  [1.3]  54 30 32 30 35 62 39 61 39 38 30 30 30 30 66 66 66 66 30 31 30 30 30 30 30 30 0d 0a
              0x0205B9A9  Status idx=6 dev=41

    3669.5ms  TX  ──►  [1.3]  54 30 32 30 35 30 31 32 39 38 32 64 62 32 33 62 34 31 30 30 30 30 30 30 30 30 0d
              0x02050129  cls=0x00 idx=4 dev=41

    3679.9ms  TX  ──►  [1.3]  54 30 32 30 35 32 63 38 30 38 30 30 30 30 30 30 30 30 30 30 30 32 30 30 30 30 0d
              0x02052C80  cls=0x0b idx=2 dev=0

    3680.0ms  TX  ──►  [1.3]  54 30 30 30 35 30 32 63 30 31 30 31 0d
              0x000502C0  cls=0x00 idx=11 dev=0

    3680.5ms  RX  ◄──  [1.3]  54 30 32 30 35 62 38 32 39 38 63 33 31 39 39 37 30 36 30 30 31 63 38 30 30 30 0d 0a
              0x0205B829  Status idx=0 dev=41

    3680.8ms  RX  ◄──  [1.3]  54 30 32 30 35 62 38 61 39 38 30 30 63 30 38 39 33 61 61 35 66 66 33 62 63 32 0d 0a
              0x0205B8A9  Status idx=2 dev=41

    3681.4ms  RX  ◄──  [1.3]  54 30 32 30 35 62 38 65 39 38 33 31 30 30 30 30 30 30 38 63 30 39 37 61 33 65 0d 0a
              0x0205B8E9  Status idx=3 dev=41

    3681.9ms  RX  ◄──  [1.3]  54 30 32 30 35 62 39 32 39 38 30 30 30 30 30 30 30 30 30 30 30 30 30 30 30 30 0d 0a
              0x0205B929  Status idx=4 dev=41

    3682.3ms  RX  ◄──  [1.3]  54 30 32 30 35 62 39 36 39 38 30 30 30 30 30 30 30 30 30 30 30 30 30 30 30 30 0d 0a
              0x0205B969  Status idx=5 dev=41

    3682.5ms  RX  ◄──  [1.3]  54 30 32 30 35 62 39 61 39 38 30 30 30 30 66 66 66 66 30 31 30 30 30 30 30 30 0d 0a
              0x0205B9A9  Status idx=6 dev=41

    3690.3ms  TX  ──►  [1.3]  54 30 32 30 35 30 31 32 39 38 32 64 62 32 33 62 34 31 30 30 30 30 30 30 30 30 0d
              0x02050129  cls=0x00 idx=4 dev=41

    3700.4ms  RX  ◄──  [1.3]  54 30 32 30 35 62 38 32 39 38 63 32 31 39 39 64 30 36 30 30 31 63 38 30 30 30 0d 0a
              0x0205B829  Status idx=0 dev=41

    3700.6ms  RX  ◄──  [1.3]  54 30 32 30 35 62 38 61 39 38 30 30 63 30 38 39 33 61 61 35 66 66 33 62 63 32 0d 0a
              0x0205B8A9  Status idx=2 dev=41

    3700.8ms  RX  ◄──  [1.3]  54 30 32 30 35 62 38 65 39 38 33 31 30 30 30 30 30 30 38 38 36 35 37 36 33 65 0d 0a
              0x0205B8E9  Status idx=3 dev=41

    3700.9ms  RX  ◄──  [1.3]  54 30 32 30 35 62 39 32 39 38 30 30 30 30 30 30 30 30 30 30 30 30 30 30 30 30 0d 0a
              0x0205B929  Status idx=4 dev=41

    3702.1ms  RX  ◄──  [1.3]  54 30 32 30 35 62 39 36 39 38 30 30 30 30 30 30 30 30 30 30 30 30 30 30 30 30 0d 0a
              0x0205B969  Status idx=5 dev=41

    3702.2ms  RX  ◄──  [1.3]  54 30 32 30 35 62 39 61 39 38 30 30 30 30 66 66 66 66 30 31 30 30 30 30 30 30 0d 0a
              0x0205B9A9  Status idx=6 dev=41

    3710.7ms  TX  ──►  [1.3]  54 30 32 30 35 32 63 38 30 38 30 30 30 30 30 30 30 30 30 30 30 32 30 30 30 30 0d
              0x02052C80  cls=0x0b idx=2 dev=0

    3710.9ms  TX  ──►  [1.3]  54 30 30 30 35 30 32 63 30 31 30 31 0d
              0x000502C0  cls=0x00 idx=11 dev=0

    3711.0ms  TX  ──►  [1.3]  54 30 32 30 35 30 31 32 39 38 32 64 62 32 33 62 34 31 30 30 30 30 30 30 30 30 0d
              0x02050129  cls=0x00 idx=4 dev=41

    3720.3ms  RX  ◄──  [1.3]  54 30 32 30 35 62 38 32 39 38 63 33 31 39 39 37 30 36 30 30 31 63 38 30 30 30 0d 0a
              0x0205B829  Status idx=0 dev=41

    3720.4ms  RX  ◄──  [1.3]  54 30 32 30 35 62 38 61 39 38 30 30 63 30 38 39 33 61 61 35 66 66 33 62 63 32 0d 0a
              0x0205B8A9  Status idx=2 dev=41

    3720.6ms  RX  ◄──  [1.3]  54 30 32 30 35 62 38 65 39 38 33 31 30 30 30 30 30 30 61 30 30 37 37 39 33 65 0d 0a
              0x0205B8E9  Status idx=3 dev=41

    3720.8ms  RX  ◄──  [1.3]  54 30 32 30 35 62 39 32 39 38 30 30 30 30 30 30 30 30 30 30 30 30 30 30 30 30 0d 0a
              0x0205B929  Status idx=4 dev=41

    3722.0ms  RX  ◄──  [1.3]  54 30 32 30 35 62 39 36 39 38 30 30 30 30 30 30 30 30 30 30 30 30 30 30 30 30 0d 0a
              0x0205B969  Status idx=5 dev=41

    3722.1ms  RX  ◄──  [1.3]  54 30 32 30 35 62 39 61 39 38 30 30 30 30 66 66 66 66 30 31 30 30 30 30 30 30 0d 0a
              0x0205B9A9  Status idx=6 dev=41

    3731.1ms  TX  ──►  [1.3]  54 30 32 30 35 30 31 32 39 38 32 64 62 32 33 62 34 31 30 30 30 30 30 30 30 30 0d
              0x02050129  cls=0x00 idx=4 dev=41

    3740.4ms  RX  ◄──  [1.3]  54 30 32 30 35 62 38 32 39 38 63 33 31 39 39 38 30 36 30 30 31 63 38 30 30 30 0d 0a
              0x0205B829  Status idx=0 dev=41

    3740.5ms  RX  ◄──  [1.3]  54 30 32 30 35 62 38 61 39 38 30 30 63 30 38 39 33 61 61 35 66 66 33 62 63 32 0d 0a
              0x0205B8A9  Status idx=2 dev=41

    3740.7ms  RX  ◄──  [1.3]  54 30 32 30 35 62 38 65 39 38 33 31 30 30 30 30 30 30 37 30 64 63 37 36 33 65 0d 0a
              0x0205B8E9  Status idx=3 dev=41

    3741.3ms  TX  ──►  [1.3]  54 30 32 30 35 32 63 38 30 38 30 30 30 30 30 30 30 30 30 30 30 32 30 30 30 30 0d
              0x02052C80  cls=0x0b idx=2 dev=0

    3741.4ms  TX  ──►  [1.3]  54 30 30 30 35 30 32 63 30 31 30 31 0d
              0x000502C0  cls=0x00 idx=11 dev=0

    3741.7ms  RX  ◄──  [1.3]  54 30 32 30 35 62 39 32 39 38 30 30 30 30 30 30 30 30 30 30 30 30 30 30 30 30 0d 0a
              0x0205B929  Status idx=4 dev=41

    3742.3ms  RX  ◄──  [1.3]  54 30 32 30 35 62 39 36 39 38 30 30 30 30 30 30 30 30 30 30 30 30 30 30 30 30 0d 0a
              0x0205B969  Status idx=5 dev=41

    3742.5ms  RX  ◄──  [1.3]  54 30 32 30 35 62 39 61 39 38 30 30 30 30 66 66 66 66 30 31 30 30 30 30 30 30 0d 0a
              0x0205B9A9  Status idx=6 dev=41

    3751.5ms  TX  ──►  [1.3]  54 30 32 30 35 30 31 32 39 38 32 64 62 32 33 62 34 31 30 30 30 30 30 30 30 30 0d
              0x02050129  cls=0x00 idx=4 dev=41

    3760.4ms  RX  ◄──  [1.3]  54 30 32 30 35 62 38 32 39 38 63 32 31 39 61 30 30 36 30 30 31 63 38 30 30 30 0d 0a
              0x0205B829  Status idx=0 dev=41

    3760.5ms  RX  ◄──  [1.3]  54 30 32 30 35 62 38 61 39 38 30 30 63 30 38 39 33 61 61 35 66 66 33 62 63 32 0d 0a
              0x0205B8A9  Status idx=2 dev=41

    3760.7ms  RX  ◄──  [1.3]  54 30 32 30 35 62 38 65 39 38 33 32 30 30 30 30 30 30 31 36 66 33 37 61 33 65 0d 0a
              0x0205B8E9  Status idx=3 dev=41

    3760.9ms  RX  ◄──  [1.3]  54 30 32 30 35 62 39 32 39 38 30 30 30 30 30 30 30 30 30 30 30 30 30 30 30 30 0d 0a
              0x0205B929  Status idx=4 dev=41

    3762.0ms  RX  ◄──  [1.3]  54 30 32 30 35 62 39 36 39 38 30 30 30 30 30 30 30 30 30 30 30 30 30 30 30 30 0d 0a
              0x0205B969  Status idx=5 dev=41

    3762.2ms  RX  ◄──  [1.3]  54 30 32 30 35 62 39 61 39 38 30 30 30 30 66 66 66 66 30 31 30 30 30 30 30 30 0d 0a
              0x0205B9A9  Status idx=6 dev=41

    3769.4ms  TX  ──►  [1.3]  54 30 32 30 35 32 63 38 30 38 30 30 30 30 30 30 30 30 30 30 30 32 30 30 30 30 0d
              0x02052C80  cls=0x0b idx=2 dev=0

    3769.6ms  TX  ──►  [1.3]  54 30 30 30 35 30 32 63 30 31 30 31 0d
              0x000502C0  cls=0x00 idx=11 dev=0

    3779.9ms  TX  ──►  [1.3]  54 30 32 30 35 30 31 32 39 38 32 64 62 32 33 62 34 31 30 30 30 30 30 30 30 30 0d
              0x02050129  cls=0x00 idx=4 dev=41

    3780.3ms  RX  ◄──  [1.3]  54 30 32 30 35 62 38 61 39 38 30 30 63 30 38 39 33 61 61 35 66 66 33 62 63 32 0d 0a
              0x0205B8A9  Status idx=2 dev=41

    3780.6ms  RX  ◄──  [1.3]  54 30 32 30 35 62 38 65 39 38 33 31 30 30 30 30 30 30 30 30 31 30 37 38 33 65 0d 0a
              0x0205B8E9  Status idx=3 dev=41

    3780.8ms  RX  ◄──  [1.3]  54 30 32 30 35 62 39 32 39 38 30 30 30 30 30 30 30 30 30 30 30 30 30 30 30 30 0d 0a
              0x0205B929  Status idx=4 dev=41

    3780.9ms  RX  ◄──  [1.3]  54 30 32 30 35 62 38 32 39 38 63 32 31 39 39 63 30 36 30 30 31 63 38 30 30 30 0d 0a
              0x0205B829  Status idx=0 dev=41

    3782.1ms  RX  ◄──  [1.3]  54 30 32 30 35 62 39 36 39 38 30 30 30 30 30 30 30 30 30 30 30 30 30 30 30 30 0d 0a
              0x0205B969  Status idx=5 dev=41

    3782.2ms  RX  ◄──  [1.3]  54 30 32 30 35 62 39 61 39 38 30 30 30 30 66 66 66 66 30 31 30 30 30 30 30 30 0d 0a
              0x0205B9A9  Status idx=6 dev=41

    3800.4ms  RX  ◄──  [1.3]  54 30 32 30 35 62 38 32 39 38 63 32 31 39 39 62 30 36 30 30 31 63 38 30 30 30 0d 0a
              0x0205B829  Status idx=0 dev=41

    3800.5ms  RX  ◄──  [1.3]  54 30 32 30 35 62 38 61 39 38 30 30 63 30 38 39 33 61 61 35 66 66 33 62 63 32 0d 0a
              0x0205B8A9  Status idx=2 dev=41

    3800.5ms  TX  ──►  [1.3]  54 30 32 30 35 32 63 38 30 38 30 30 30 30 30 30 30 30 30 30 30 32 30 30 30 30 0d
              0x02052C80  cls=0x0b idx=2 dev=0

    3800.6ms  RX  ◄──  [1.3]  54 30 32 30 35 62 38 65 39 38 33 31 30 30 30 30 30 30 30 61 30 62 37 61 33 65 0d 0a
              0x0205B8E9  Status idx=3 dev=41

    3800.6ms  TX  ──►  [1.3]  54 30 30 30 35 30 32 63 30 31 30 31 0d
              0x000502C0  cls=0x00 idx=11 dev=0

    3800.8ms  TX  ──►  [1.3]  54 30 32 30 35 30 31 32 39 38 32 64 62 32 33 62 34 31 30 30 30 30 30 30 30 30 0d
              0x02050129  cls=0x00 idx=4 dev=41

    3802.0ms  RX  ◄──  [1.3]  54 30 32 30 35 62 39 32 39 38 30 30 30 30 30 30 30 30 30 30 30 30 30 30 30 30 0d 0a
              0x0205B929  Status idx=4 dev=41

    3802.4ms  RX  ◄──  [1.3]  54 30 32 30 35 62 39 36 39 38 30 30 30 30 30 30 30 30 30 30 30 30 30 30 30 30 0d 0a
              0x0205B969  Status idx=5 dev=41

    3802.7ms  RX  ◄──  [1.3]  54 30 32 30 35 62 39 61 39 38 30 30 30 30 66 66 66 66 30 31 30 30 30 30 30 30 0d 0a
              0x0205B9A9  Status idx=6 dev=41

    3820.4ms  RX  ◄──  [1.3]  54 30 32 30 35 62 38 32 39 38 63 31 31 39 61 32 30 36 30 30 31 63 38 30 30 30 0d 0a
              0x0205B829  Status idx=0 dev=41

    3820.5ms  RX  ◄──  [1.3]  54 30 32 30 35 62 38 61 39 38 30 30 63 30 38 39 33 61 61 35 66 66 33 62 63 32 0d 0a
              0x0205B8A9  Status idx=2 dev=41

    3820.8ms  RX  ◄──  [1.3]  54 30 32 30 35 62 38 65 39 38 33 31 30 30 30 30 30 30 64 61 36 65 37 62 33 65 0d 0a
              0x0205B8E9  Status idx=3 dev=41

    3820.9ms  RX  ◄──  [1.3]  54 30 32 30 35 62 39 32 39 38 30 30 30 30 30 30 30 30 30 30 30 30 30 30 30 30 0d 0a
              0x0205B929  Status idx=4 dev=41

    3822.1ms  RX  ◄──  [1.3]  54 30 32 30 35 62 39 36 39 38 30 30 30 30 30 30 30 30 30 30 30 30 30 30 30 30 0d 0a
              0x0205B969  Status idx=5 dev=41

    3822.3ms  RX  ◄──  [1.3]  54 30 32 30 35 62 39 61 39 38 30 30 30 30 66 66 66 66 30 31 30 30 30 30 30 30 0d 0a
              0x0205B9A9  Status idx=6 dev=41

    3825.7ms  TX  ──►  [1.3]  54 30 32 30 35 32 63 38 30 38 30 30 30 30 30 30 30 30 30 30 30 32 30 30 30 30 0d
              0x02052C80  cls=0x0b idx=2 dev=0

    3825.8ms  TX  ──►  [1.3]  54 30 30 30 35 30 32 63 30 31 30 31 0d
              0x000502C0  cls=0x00 idx=11 dev=0

    3825.9ms  TX  ──►  [1.3]  54 30 32 30 35 30 31 32 39 38 32 64 62 32 33 62 34 31 30 30 30 30 30 30 30 30 0d
              0x02050129  cls=0x00 idx=4 dev=41

    3840.4ms  RX  ◄──  [1.3]  54 30 32 30 35 62 38 32 39 38 63 32 31 39 39 64 30 36 30 30 31 63 38 30 30 30 0d 0a
              0x0205B829  Status idx=0 dev=41

    3840.5ms  RX  ◄──  [1.3]  54 30 32 30 35 62 38 61 39 38 30 30 63 30 38 39 33 61 61 35 66 66 33 62 63 32 0d 0a
              0x0205B8A9  Status idx=2 dev=41

    3840.6ms  RX  ◄──  [1.3]  54 30 32 30 35 62 38 65 39 38 33 31 30 30 30 30 30 30 34 32 33 66 37 39 33 65 0d 0a
              0x0205B8E9  Status idx=3 dev=41

    3840.8ms  RX  ◄──  [1.3]  54 30 32 30 35 62 39 32 39 38 30 30 30 30 30 30 30 30 30 30 30 30 30 30 30 30 0d 0a
              0x0205B929  Status idx=4 dev=41

    3842.1ms  RX  ◄──  [1.3]  54 30 32 30 35 62 39 36 39 38 30 30 30 30 30 30 30 30 30 30 30 30 30 30 30 30 0d 0a
              0x0205B969  Status idx=5 dev=41

    3842.2ms  RX  ◄──  [1.3]  54 30 32 30 35 62 39 61 39 38 30 30 30 30 66 66 66 66 30 31 30 30 30 30 30 30 0d 0a
              0x0205B9A9  Status idx=6 dev=41

    3850.9ms  TX  ──►  [1.3]  54 30 32 30 35 32 63 38 30 38 30 30 30 30 30 30 30 30 30 30 30 32 30 30 30 30 0d
              0x02052C80  cls=0x0b idx=2 dev=0

    3851.2ms  TX  ──►  [1.3]  54 30 30 30 35 30 32 63 30 31 30 31 0d
              0x000502C0  cls=0x00 idx=11 dev=0

    3851.3ms  TX  ──►  [1.3]  54 30 32 30 35 30 31 32 39 38 32 64 62 32 33 62 34 31 30 30 30 30 30 30 30 30 0d
              0x02050129  cls=0x00 idx=4 dev=41

    3860.4ms  RX  ◄──  [1.3]  54 30 32 30 35 62 38 32 39 38 63 32 31 39 39 64 30 36 30 30 31 63 38 30 30 30 0d 0a
              0x0205B829  Status idx=0 dev=41

    3860.5ms  RX  ◄──  [1.3]  54 30 32 30 35 62 38 36 39 38 30 30 30 30 30 30 30 30 30 30 30 30 30 30 30 30 0d 0a
              0x0205B869  Status idx=1 dev=41

    3860.7ms  RX  ◄──  [1.3]  54 30 32 30 35 62 38 61 39 38 30 30 63 30 38 39 33 61 61 35 66 66 33 62 63 32 0d 0a
              0x0205B8A9  Status idx=2 dev=41

    3861.4ms  RX  ◄──  [1.3]  54 30 32 30 35 62 38 65 39 38 33 31 30 30 30 30 30 30 34 34 35 34 37 61 33 65 0d 0a
              0x0205B8E9  Status idx=3 dev=41

    3861.9ms  RX  ◄──  [1.3]  54 30 32 30 35 62 39 32 39 38 30 30 30 30 30 30 30 30 30 30 30 30 30 30 30 30 0d 0a
              0x0205B929  Status idx=4 dev=41

    3862.3ms  RX  ◄──  [1.3]  54 30 32 30 35 62 39 36 39 38 30 30 30 30 30 30 30 30 30 30 30 30 30 30 30 30 0d 0a
              0x0205B969  Status idx=5 dev=41

    3862.4ms  RX  ◄──  [1.3]  54 30 32 30 35 62 39 61 39 38 30 30 30 30 66 66 66 66 30 31 30 30 30 30 30 30 0d 0a
              0x0205B9A9  Status idx=6 dev=41

    3879.9ms  TX  ──►  [1.3]  54 30 32 30 35 32 63 38 30 38 30 30 30 30 30 30 30 30 30 30 30 32 30 30 30 30 0d
              0x02052C80  cls=0x0b idx=2 dev=0

    3880.0ms  TX  ──►  [1.3]  54 30 30 30 35 30 32 63 30 31 30 31 0d
              0x000502C0  cls=0x00 idx=11 dev=0

    3880.1ms  TX  ──►  [1.3]  54 30 32 30 35 30 31 32 39 38 32 64 62 32 33 62 34 31 30 30 30 30 30 30 30 30 0d
              0x02050129  cls=0x00 idx=4 dev=41

    3880.7ms  RX  ◄──  [1.3]  54 30 32 30 35 62 38 32 39 38 63 31 31 39 61 34 30 36 30 30 31 63 38 30 30 30 0d 0a
              0x0205B829  Status idx=0 dev=41

    3880.9ms  RX  ◄──  [1.3]  54 30 32 30 35 62 38 61 39 38 30 30 63 30 38 39 33 61 61 35 66 66 33 62 63 32 0d 0a
              0x0205B8A9  Status idx=2 dev=41

    3881.2ms  RX  ◄──  [1.3]  54 30 32 30 35 62 38 65 39 38 33 31 30 30 30 30 30 30 65 65 32 33 37 37 33 65 0d 0a
              0x0205B8E9  Status idx=3 dev=41

    3881.3ms  RX  ◄──  [1.3]  54 30 32 30 35 62 39 32 39 38 30 30 30 30 30 30 30 30 30 30 30 30 30 30 30 30 0d 0a
              0x0205B929  Status idx=4 dev=41

    3882.1ms  RX  ◄──  [1.3]  54 30 32 30 35 62 39 36 39 38 30 30 30 30 30 30 30 30 30 30 30 30 30 30 30 30 0d 0a
              0x0205B969  Status idx=5 dev=41

    3882.2ms  RX  ◄──  [1.3]  54 30 32 30 35 62 39 61 39 38 30 30 30 30 66 66 66 66 30 31 30 30 30 30 30 30 0d 0a
              0x0205B9A9  Status idx=6 dev=41

    3900.3ms  RX  ◄──  [1.3]  54 30 32 30 35 62 38 32 39 38 63 33 31 39 39 63 30 36 30 30 31 63 38 30 30 30 0d 0a
              0x0205B829  Status idx=0 dev=41

    3900.4ms  RX  ◄──  [1.3]  54 30 32 30 35 62 38 61 39 38 30 30 63 30 38 39 33 61 61 35 66 66 33 62 63 32 0d 0a
              0x0205B8A9  Status idx=2 dev=41

    3900.5ms  RX  ◄──  [1.3]  54 30 32 30 35 62 38 65 39 38 33 31 30 30 30 30 30 30 65 32 35 30 37 39 33 65 0d 0a
              0x0205B8E9  Status idx=3 dev=41

    3900.6ms  TX  ──►  [1.3]  54 30 32 30 35 30 31 32 39 38 32 64 62 32 33 62 34 31 30 30 30 30 30 30 30 30 0d
              0x02050129  cls=0x00 idx=4 dev=41

    3900.9ms  RX  ◄──  [1.3]  54 30 32 30 35 62 39 32 39 38 30 30 30 30 30 30 30 30 30 30 30 30 30 30 30 30 0d 0a
              0x0205B929  Status idx=4 dev=41

    3902.1ms  RX  ◄──  [1.3]  54 30 32 30 35 62 39 36 39 38 30 30 30 30 30 30 30 30 30 30 30 30 30 30 30 30 0d 0a
              0x0205B969  Status idx=5 dev=41

    3902.2ms  RX  ◄──  [1.3]  54 30 32 30 35 62 39 61 39 38 30 30 30 30 66 66 66 66 30 31 30 30 30 30 30 30 0d 0a
              0x0205B9A9  Status idx=6 dev=41

    3910.8ms  TX  ──►  [1.3]  54 30 32 30 35 32 63 38 30 38 30 30 30 30 30 30 30 30 30 30 30 32 30 30 30 30 0d
              0x02052C80  cls=0x0b idx=2 dev=0

    3911.0ms  TX  ──►  [1.3]  54 30 30 30 35 30 32 63 30 31 30 31 0d
              0x000502C0  cls=0x00 idx=11 dev=0

    3920.3ms  RX  ◄──  [1.3]  54 30 32 30 35 62 38 32 39 38 63 32 31 39 39 64 30 36 30 30 31 63 38 30 30 30 0d 0a
              0x0205B829  Status idx=0 dev=41

    3920.4ms  RX  ◄──  [1.3]  54 30 32 30 35 62 38 61 39 38 30 30 63 30 38 39 33 61 61 35 66 66 33 62 63 32 0d 0a
              0x0205B8A9  Status idx=2 dev=41

    3920.5ms  RX  ◄──  [1.3]  54 30 32 30 35 62 38 65 39 38 33 31 30 30 30 30 30 30 30 34 65 34 37 61 33 65 0d 0a
              0x0205B8E9  Status idx=3 dev=41

    3920.8ms  RX  ◄──  [1.3]  54 30 32 30 35 62 39 32 39 38 30 30 30 30 30 30 30 30 30 30 30 30 30 30 30 30 0d 0a
              0x0205B929  Status idx=4 dev=41

    3921.0ms  TX  ──►  [1.3]  54 30 32 30 35 30 31 32 39 38 32 64 62 32 33 62 34 31 30 30 30 30 30 30 30 30 0d
              0x02050129  cls=0x00 idx=4 dev=41

    3922.3ms  RX  ◄──  [1.3]  54 30 32 30 35 62 39 36 39 38 30 30 30 30 30 30 30 30 30 30 30 30 30 30 30 30 0d 0a
              0x0205B969  Status idx=5 dev=41

    3922.4ms  RX  ◄──  [1.3]  54 30 32 30 35 62 39 61 39 38 30 30 30 30 66 66 66 66 30 31 30 30 30 30 30 30 0d 0a
              0x0205B9A9  Status idx=6 dev=41

    3940.4ms  RX  ◄──  [1.3]  54 30 32 30 35 62 38 32 39 38 63 31 31 39 61 35 30 36 30 30 31 63 38 30 30 30 0d 0a
              0x0205B829  Status idx=0 dev=41

    3940.5ms  RX  ◄──  [1.3]  54 30 32 30 35 62 38 61 39 38 30 30 63 30 38 39 33 61 61 35 66 66 33 62 63 32 0d 0a
              0x0205B8A9  Status idx=2 dev=41

    3940.6ms  RX  ◄──  [1.3]  54 30 32 30 35 62 38 65 39 38 33 31 30 30 30 30 30 30 66 65 35 38 37 61 33 65 0d 0a
              0x0205B8E9  Status idx=3 dev=41

    3940.8ms  RX  ◄──  [1.3]  54 30 32 30 35 62 39 32 39 38 30 30 30 30 30 30 30 30 30 30 30 30 30 30 30 30 0d 0a
              0x0205B929  Status idx=4 dev=41

    3941.7ms  TX  ──►  [1.3]  54 30 32 30 35 32 63 38 30 38 30 30 30 30 30 30 30 30 30 30 30 32 30 30 30 30 0d
              0x02052C80  cls=0x0b idx=2 dev=0

    3941.8ms  TX  ──►  [1.3]  54 30 30 30 35 30 32 63 30 31 30 31 0d
              0x000502C0  cls=0x00 idx=11 dev=0

    3942.0ms  TX  ──►  [1.3]  54 30 32 30 35 30 31 32 39 38 32 64 62 32 33 62 34 31 30 30 30 30 30 30 30 30 0d
              0x02050129  cls=0x00 idx=4 dev=41

    3942.4ms  RX  ◄──  [1.3]  54 30 32 30 35 62 39 36 39 38 30 30 30 30 30 30 30 30 30 30 30 30 30 30 30 30 0d 0a
              0x0205B969  Status idx=5 dev=41

    3942.6ms  RX  ◄──  [1.3]  54 30 32 30 35 62 39 61 39 38 30 30 30 30 66 66 66 66 30 31 30 30 30 30 30 30 0d 0a
              0x0205B9A9  Status idx=6 dev=41

    3960.5ms  RX  ◄──  [1.3]  54 30 32 30 35 62 38 32 39 38 63 32 31 39 39 66 30 36 30 30 31 63 38 30 30 30 0d 0a
              0x0205B829  Status idx=0 dev=41

    3960.7ms  RX  ◄──  [1.3]  54 30 32 30 35 62 38 61 39 38 30 30 63 30 38 39 33 61 61 35 66 66 33 62 63 32 0d 0a
              0x0205B8A9  Status idx=2 dev=41

    3960.8ms  RX  ◄──  [1.3]  54 30 32 30 35 62 38 65 39 38 33 31 30 30 30 30 30 30 61 63 35 61 37 61 33 65 0d 0a
              0x0205B8E9  Status idx=3 dev=41

    3960.9ms  RX  ◄──  [1.3]  54 30 32 30 35 62 39 32 39 38 30 30 30 30 30 30 30 30 30 30 30 30 30 30 30 30 0d 0a
              0x0205B929  Status idx=4 dev=41

    3962.1ms  RX  ◄──  [1.3]  54 30 32 30 35 62 39 36 39 38 30 30 30 30 30 30 30 30 30 30 30 30 30 30 30 30 0d 0a
              0x0205B969  Status idx=5 dev=41

    3962.2ms  RX  ◄──  [1.3]  54 30 32 30 35 62 39 61 39 38 30 30 30 30 66 66 66 66 30 31 30 30 30 30 30 30 0d 0a
              0x0205B9A9  Status idx=6 dev=41

    3962.3ms  TX  ──►  [1.3]  54 30 32 30 35 30 31 32 39 38 32 64 62 32 33 62 34 31 30 30 30 30 30 30 30 30 0d
              0x02050129  cls=0x00 idx=4 dev=41

    3972.8ms  TX  ──►  [1.3]  54 30 32 30 35 32 63 38 30 38 30 30 30 30 30 30 30 30 30 30 30 32 30 30 30 30 0d
              0x02052C80  cls=0x0b idx=2 dev=0

    3973.1ms  TX  ──►  [1.3]  54 30 30 30 35 30 32 63 30 31 30 31 0d
              0x000502C0  cls=0x00 idx=11 dev=0

    3980.4ms  RX  ◄──  [1.3]  54 30 32 30 35 62 38 32 39 38 63 32 31 39 39 65 30 36 30 30 31 63 38 30 30 30 0d 0a
              0x0205B829  Status idx=0 dev=41

    3980.5ms  RX  ◄──  [1.3]  54 30 32 30 35 62 38 61 39 38 30 30 63 30 38 39 33 61 61 35 66 66 33 62 63 32 0d 0a
              0x0205B8A9  Status idx=2 dev=41

    3980.7ms  RX  ◄──  [1.3]  54 30 32 30 35 62 38 65 39 38 33 31 30 30 30 30 30 30 63 61 37 30 37 61 33 65 0d 0a
              0x0205B8E9  Status idx=3 dev=41

    3981.5ms  RX  ◄──  [1.3]  54 30 32 30 35 62 39 32 39 38 30 30 30 30 30 30 30 30 30 30 30 30 30 30 30 30 0d 0a
              0x0205B929  Status idx=4 dev=41

    3982.2ms  RX  ◄──  [1.3]  54 30 32 30 35 62 39 36 39 38 30 30 30 30 30 30 30 30 30 30 30 30 30 30 30 30 0d 0a
              0x0205B969  Status idx=5 dev=41

    3982.3ms  RX  ◄──  [1.3]  54 30 32 30 35 62 39 61 39 38 30 30 30 30 66 66 66 66 30 31 30 30 30 30 30 30 0d 0a
              0x0205B9A9  Status idx=6 dev=41

    3982.9ms  TX  ──►  [1.3]  54 30 32 30 35 30 31 32 39 38 32 64 62 32 33 62 34 31 30 30 30 30 30 30 30 30 0d
              0x02050129  cls=0x00 idx=4 dev=41

    4000.4ms  RX  ◄──  [1.3]  54 30 32 30 35 62 38 32 39 38 63 31 31 39 61 35 30 36 30 30 31 63 38 30 30 30 0d 0a
              0x0205B829  Status idx=0 dev=41

    4000.5ms  RX  ◄──  [1.3]  54 30 32 30 35 62 38 61 39 38 30 30 63 30 38 39 33 61 61 35 66 66 33 62 63 32 0d 0a
              0x0205B8A9  Status idx=2 dev=41

    4000.6ms  RX  ◄──  [1.3]  54 30 32 30 35 62 38 65 39 38 33 31 30 34 30 30 30 30 64 32 65 39 37 38 33 65 0d 0a
              0x0205B8E9  Status idx=3 dev=41

    4000.8ms  RX  ◄──  [1.3]  54 30 32 30 35 62 39 32 39 38 30 30 30 30 30 30 30 30 30 30 30 30 30 30 30 30 0d 0a
              0x0205B929  Status idx=4 dev=41

    4002.1ms  RX  ◄──  [1.3]  54 30 32 30 35 62 39 36 39 38 30 30 30 30 30 30 30 30 30 30 30 30 30 30 30 30 0d 0a
              0x0205B969  Status idx=5 dev=41

    4002.2ms  RX  ◄──  [1.3]  54 30 32 30 35 62 39 61 39 38 30 30 30 30 66 66 66 66 30 31 30 30 30 30 30 30 0d 0a
              0x0205B9A9  Status idx=6 dev=41

    4002.6ms  TX  ──►  [1.3]  54 30 32 30 35 32 63 38 30 38 30 30 30 30 30 30 30 30 30 30 30 32 30 30 30 30 0d
              0x02052C80  cls=0x0b idx=2 dev=0

    4002.7ms  TX  ──►  [1.3]  54 30 30 30 35 30 32 63 30 31 30 31 0d
              0x000502C0  cls=0x00 idx=11 dev=0

    4002.9ms  TX  ──►  [1.3]  54 30 32 30 35 30 31 32 39 38 32 64 62 32 33 62 34 31 30 30 30 30 30 30 30 30 0d
              0x02050129  cls=0x00 idx=4 dev=41

    4020.4ms  RX  ◄──  [1.3]  54 30 32 30 35 62 38 32 39 38 63 32 31 39 39 66 30 36 30 30 31 63 38 30 30 30 0d 0a
              0x0205B829  Status idx=0 dev=41

    4020.5ms  RX  ◄──  [1.3]  54 30 32 30 35 62 38 61 39 38 30 30 63 30 38 39 33 61 61 35 66 66 33 62 63 32 0d 0a
              0x0205B8A9  Status idx=2 dev=41

    4020.6ms  RX  ◄──  [1.3]  54 30 32 30 35 62 38 65 39 38 33 31 30 30 30 30 30 30 61 61 35 30 37 62 33 65 0d 0a
              0x0205B8E9  Status idx=3 dev=41

    4020.8ms  RX  ◄──  [1.3]  54 30 32 30 35 62 39 32 39 38 30 30 30 30 30 30 30 30 30 30 30 30 30 30 30 30 0d 0a
              0x0205B929  Status idx=4 dev=41

    4022.1ms  RX  ◄──  [1.3]  54 30 32 30 35 62 39 36 39 38 30 30 30 30 30 30 30 30 30 30 30 30 30 30 30 30 0d 0a
              0x0205B969  Status idx=5 dev=41

    4022.2ms  RX  ◄──  [1.3]  54 30 32 30 35 62 39 61 39 38 30 30 30 30 66 66 66 66 30 31 30 30 30 30 30 30 0d 0a
              0x0205B9A9  Status idx=6 dev=41

    4023.4ms  TX  ──►  [1.3]  54 30 32 30 35 30 31 32 39 38 32 64 62 32 33 62 34 31 30 30 30 30 30 30 30 30 0d
              0x02050129  cls=0x00 idx=4 dev=41

    4033.6ms  TX  ──►  [1.3]  54 30 32 30 35 32 63 38 30 38 30 30 30 30 30 30 30 30 30 30 30 32 30 30 30 30 0d
              0x02052C80  cls=0x0b idx=2 dev=0

    4033.8ms  TX  ──►  [1.3]  54 30 30 30 35 30 32 63 30 31 30 31 0d
              0x000502C0  cls=0x00 idx=11 dev=0

    4040.3ms  RX  ◄──  [1.3]  54 30 32 30 35 62 38 32 39 38 63 32 31 39 39 66 30 36 30 30 31 63 38 30 30 30 0d 0a
              0x0205B829  Status idx=0 dev=41

    4040.5ms  RX  ◄──  [1.3]  54 30 32 30 35 62 38 61 39 38 30 30 63 30 38 39 33 61 61 35 66 66 33 62 63 32 0d 0a
              0x0205B8A9  Status idx=2 dev=41

    4040.6ms  RX  ◄──  [1.3]  54 30 32 30 35 62 38 65 39 38 33 32 30 30 30 30 30 30 66 36 30 30 37 63 33 65 0d 0a
              0x0205B8E9  Status idx=3 dev=41

    4041.3ms  RX  ◄──  [1.3]  54 30 32 30 35 62 39 32 39 38 30 30 30 30 30 30 30 30 30 30 30 30 30 30 30 30 0d 0a
              0x0205B929  Status idx=4 dev=41

    4042.1ms  RX  ◄──  [1.3]  54 30 32 30 35 62 39 36 39 38 30 30 30 30 30 30 30 30 30 30 30 30 30 30 30 30 0d 0a
              0x0205B969  Status idx=5 dev=41

    4042.3ms  RX  ◄──  [1.3]  54 30 32 30 35 62 39 61 39 38 30 30 30 30 66 66 66 66 30 31 30 30 30 30 30 30 0d 0a
              0x0205B9A9  Status idx=6 dev=41

    4052.7ms  TX  ──►  [1.3]  54 30 32 30 35 30 31 32 39 38 32 64 62 32 33 62 34 31 30 30 30 30 30 30 30 30 0d
              0x02050129  cls=0x00 idx=4 dev=41

    4060.4ms  RX  ◄──  [1.3]  54 30 32 30 35 62 38 32 39 38 63 31 31 39 61 35 30 36 30 30 31 63 38 30 30 30 0d 0a
              0x0205B829  Status idx=0 dev=41

    4060.6ms  RX  ◄──  [1.3]  54 30 32 30 35 62 38 61 39 38 30 30 63 30 38 39 33 61 61 35 66 66 33 62 63 32 0d 0a
              0x0205B8A9  Status idx=2 dev=41

    4060.8ms  RX  ◄──  [1.3]  54 30 32 30 35 62 38 65 39 38 33 31 30 34 30 30 30 30 62 32 36 35 37 61 33 65 0d 0a
              0x0205B8E9  Status idx=3 dev=41

    4061.0ms  RX  ◄──  [1.3]  54 30 32 30 35 62 39 32 39 38 30 30 30 30 30 30 30 30 30 30 30 30 30 30 30 30 0d 0a
              0x0205B929  Status idx=4 dev=41

    4062.2ms  RX  ◄──  [1.3]  54 30 32 30 35 62 39 36 39 38 30 30 30 30 30 30 30 30 30 30 30 30 30 30 30 30 0d 0a
              0x0205B969  Status idx=5 dev=41

    4062.3ms  RX  ◄──  [1.3]  54 30 32 30 35 62 39 61 39 38 30 30 30 30 66 66 66 66 30 31 30 30 30 30 30 30 0d 0a
              0x0205B9A9  Status idx=6 dev=41

    4062.8ms  TX  ──►  [1.3]  54 30 32 30 35 32 63 38 30 38 30 30 30 30 30 30 30 30 30 30 30 32 30 30 30 30 0d
              0x02052C80  cls=0x0b idx=2 dev=0

    4063.0ms  TX  ──►  [1.3]  54 30 30 30 35 30 32 63 30 31 30 31 0d
              0x000502C0  cls=0x00 idx=11 dev=0

    4073.2ms  TX  ──►  [1.3]  54 30 32 30 35 30 31 32 39 38 32 64 62 32 33 62 34 31 30 30 30 30 30 30 30 30 0d
              0x02050129  cls=0x00 idx=4 dev=41

    4080.3ms  RX  ◄──  [1.3]  54 30 32 30 35 62 38 32 39 38 63 32 31 39 39 65 30 36 30 30 31 63 38 30 30 30 0d 0a
              0x0205B829  Status idx=0 dev=41

    4080.5ms  RX  ◄──  [1.3]  54 30 32 30 35 62 38 61 39 38 30 30 63 30 38 39 33 61 61 35 66 66 33 62 63 32 0d 0a
              0x0205B8A9  Status idx=2 dev=41

    4080.6ms  RX  ◄──  [1.3]  54 30 32 30 35 62 38 65 39 38 33 31 30 34 30 30 30 30 62 63 66 65 37 61 33 65 0d 0a
              0x0205B8E9  Status idx=3 dev=41

    4080.8ms  RX  ◄──  [1.3]  54 30 32 30 35 62 39 32 39 38 30 30 30 30 30 30 30 30 30 30 30 30 30 30 30 30 0d 0a
              0x0205B929  Status idx=4 dev=41

    4082.1ms  RX  ◄──  [1.3]  54 30 32 30 35 62 39 36 39 38 30 30 30 30 30 30 30 30 30 30 30 30 30 30 30 30 0d 0a
              0x0205B969  Status idx=5 dev=41

    4082.2ms  RX  ◄──  [1.3]  54 30 32 30 35 62 39 61 39 38 30 30 30 30 66 66 66 66 30 31 30 30 30 30 30 30 0d 0a
              0x0205B9A9  Status idx=6 dev=41

    4092.3ms  TX  ──►  [1.3]  54 30 32 30 35 32 63 38 30 38 30 30 30 30 30 30 30 30 30 30 30 32 30 30 30 30 0d
              0x02052C80  cls=0x0b idx=2 dev=0

    4092.5ms  TX  ──►  [1.3]  54 30 30 30 35 30 32 63 30 31 30 31 0d
              0x000502C0  cls=0x00 idx=11 dev=0

    4092.6ms  TX  ──►  [1.3]  54 30 32 30 35 30 31 32 39 38 32 64 62 32 33 62 34 31 30 30 30 30 30 30 30 30 0d
              0x02050129  cls=0x00 idx=4 dev=41

    4100.3ms  RX  ◄──  [1.3]  54 30 32 30 35 62 38 32 39 38 63 32 31 39 39 63 30 36 30 30 31 63 38 30 30 30 0d 0a
              0x0205B829  Status idx=0 dev=41

    4100.4ms  RX  ◄──  [1.3]  54 30 32 30 35 62 38 61 39 38 30 30 63 30 38 39 33 61 61 35 66 66 33 62 63 32 0d 0a
              0x0205B8A9  Status idx=2 dev=41

    4100.6ms  RX  ◄──  [1.3]  54 30 32 30 35 62 38 65 39 38 33 31 30 34 30 30 30 30 39 63 36 38 37 39 33 65 0d 0a
              0x0205B8E9  Status idx=3 dev=41

    4100.8ms  RX  ◄──  [1.3]  54 30 32 30 35 62 39 32 39 38 30 30 30 30 30 30 30 30 30 30 30 30 30 30 30 30 0d 0a
              0x0205B929  Status idx=4 dev=41

    4102.2ms  RX  ◄──  [1.3]  54 30 32 30 35 62 39 36 39 38 30 30 30 30 30 30 30 30 30 30 30 30 30 30 30 30 0d 0a
              0x0205B969  Status idx=5 dev=41

    4102.4ms  RX  ◄──  [1.3]  54 30 32 30 35 62 39 61 39 38 30 30 30 30 66 66 66 66 30 31 30 30 30 30 30 30 0d 0a
              0x0205B9A9  Status idx=6 dev=41

    4110.0ms  RX  ◄──  [1.3]  54 30 32 30 35 62 38 36 39 38 30 30 30 30 30 30 30 30 30 30 30 30 30 30 30 30 0d 0a
              0x0205B869  Status idx=1 dev=41

    4112.7ms  TX  ──►  [1.3]  54 30 32 30 35 30 31 32 39 38 32 64 62 32 33 62 34 31 30 30 30 30 30 30 30 30 0d
              0x02050129  cls=0x00 idx=4 dev=41

    4120.4ms  RX  ◄──  [1.3]  54 30 32 30 35 62 38 32 39 38 63 31 31 39 61 35 30 36 30 30 31 63 38 30 30 30 0d 0a
              0x0205B829  Status idx=0 dev=41

    4120.6ms  RX  ◄──  [1.3]  54 30 32 30 35 62 38 61 39 38 30 30 63 30 38 39 33 61 61 35 66 66 33 62 63 32 0d 0a
              0x0205B8A9  Status idx=2 dev=41

    4120.7ms  RX  ◄──  [1.3]  54 30 32 30 35 62 38 65 39 38 33 32 30 34 30 30 30 30 65 34 34 64 37 63 33 65 0d 0a
              0x0205B8E9  Status idx=3 dev=41

    4120.9ms  RX  ◄──  [1.3]  54 30 32 30 35 62 39 32 39 38 30 30 30 30 30 30 30 30 30 30 30 30 30 30 30 30 0d 0a
              0x0205B929  Status idx=4 dev=41

    4122.1ms  RX  ◄──  [1.3]  54 30 32 30 35 62 39 36 39 38 30 30 30 30 30 30 30 30 30 30 30 30 30 30 30 30 0d 0a
              0x0205B969  Status idx=5 dev=41

    4122.2ms  RX  ◄──  [1.3]  54 30 32 30 35 62 39 61 39 38 30 30 30 30 66 66 66 66 30 31 30 30 30 30 30 30 0d 0a
              0x0205B9A9  Status idx=6 dev=41

    4122.8ms  TX  ──►  [1.3]  54 30 32 30 35 32 63 38 30 38 30 30 30 30 30 30 30 30 30 30 30 32 30 30 30 30 0d
              0x02052C80  cls=0x0b idx=2 dev=0

    4123.0ms  TX  ──►  [1.3]  54 30 30 30 35 30 32 63 30 31 30 31 0d
              0x000502C0  cls=0x00 idx=11 dev=0

    4133.1ms  TX  ──►  [1.3]  54 30 32 30 35 30 31 32 39 38 32 64 62 32 33 62 34 31 30 30 30 30 30 30 30 30 0d
              0x02050129  cls=0x00 idx=4 dev=41

    4140.4ms  RX  ◄──  [1.3]  54 30 32 30 35 62 38 32 39 38 63 32 31 39 39 64 30 36 30 30 31 63 38 30 30 30 0d 0a
              0x0205B829  Status idx=0 dev=41

    4140.5ms  RX  ◄──  [1.3]  54 30 32 30 35 62 38 61 39 38 30 30 63 30 38 39 33 61 61 35 66 66 33 62 63 32 0d 0a
              0x0205B8A9  Status idx=2 dev=41

    4140.8ms  RX  ◄──  [1.3]  54 30 32 30 35 62 38 65 39 38 33 32 30 34 30 30 30 30 36 36 38 62 37 61 33 65 0d 0a
              0x0205B8E9  Status idx=3 dev=41

    4140.8ms  RX  ◄──  [1.3]  54 30 32 30 35 62 39 32 39 38 30 30 30 30 30 30 30 30 30 30 30 30 30 30 30 30 0d 0a
              0x0205B929  Status idx=4 dev=41

    4142.1ms  RX  ◄──  [1.3]  54 30 32 30 35 62 39 36 39 38 30 30 30 30 30 30 30 30 30 30 30 30 30 30 30 30 0d 0a
              0x0205B969  Status idx=5 dev=41

    4142.3ms  RX  ◄──  [1.3]  54 30 32 30 35 62 39 61 39 38 30 30 30 30 66 66 66 66 30 31 30 30 30 30 30 30 0d 0a
              0x0205B9A9  Status idx=6 dev=41

    4152.5ms  TX  ──►  [1.3]  54 30 32 30 35 32 63 38 30 38 30 30 30 30 30 30 30 30 30 30 30 32 30 30 30 30 0d
              0x02052C80  cls=0x0b idx=2 dev=0

    4152.8ms  TX  ──►  [1.3]  54 30 30 30 35 30 32 63 30 31 30 31 0d
              0x000502C0  cls=0x00 idx=11 dev=0

    4152.9ms  TX  ──►  [1.3]  54 30 32 30 35 30 31 32 39 38 32 64 62 32 33 62 34 31 30 30 30 30 30 30 30 30 0d
              0x02050129  cls=0x00 idx=4 dev=41

    4160.3ms  RX  ◄──  [1.3]  54 30 32 30 35 62 38 32 39 38 63 32 31 39 39 65 30 36 30 30 31 63 38 30 30 30 0d 0a
              0x0205B829  Status idx=0 dev=41

    4160.5ms  RX  ◄──  [1.3]  54 30 32 30 35 62 38 61 39 38 30 30 63 30 38 39 33 61 61 35 66 66 33 62 63 32 0d 0a
              0x0205B8A9  Status idx=2 dev=41

    4160.6ms  RX  ◄──  [1.3]  54 30 32 30 35 62 38 65 39 38 33 32 30 34 30 30 30 30 30 61 35 38 37 65 33 65 0d 0a
              0x0205B8E9  Status idx=3 dev=41

    4160.8ms  RX  ◄──  [1.3]  54 30 32 30 35 62 39 32 39 38 30 30 30 30 30 30 30 30 30 30 30 30 30 30 30 30 0d 0a
              0x0205B929  Status idx=4 dev=41

    4162.3ms  RX  ◄──  [1.3]  54 30 32 30 35 62 39 36 39 38 30 30 30 30 30 30 30 30 30 30 30 30 30 30 30 30 0d 0a
              0x0205B969  Status idx=5 dev=41

    4162.4ms  RX  ◄──  [1.3]  54 30 32 30 35 62 39 61 39 38 30 30 30 30 66 66 66 66 30 31 30 30 30 30 30 30 0d 0a
              0x0205B9A9  Status idx=6 dev=41

    4173.3ms  TX  ──►  [1.3]  54 30 32 30 35 30 31 32 39 38 32 64 62 32 33 62 34 31 30 30 30 30 30 30 30 30 0d
              0x02050129  cls=0x00 idx=4 dev=41

    4180.4ms  RX  ◄──  [1.3]  54 30 32 30 35 62 38 32 39 38 63 31 31 39 61 34 30 36 30 30 31 63 38 30 30 30 0d 0a
              0x0205B829  Status idx=0 dev=41

    4180.5ms  RX  ◄──  [1.3]  54 30 32 30 35 62 38 61 39 38 30 30 63 30 38 39 33 61 61 35 66 66 33 62 63 32 0d 0a
              0x0205B8A9  Status idx=2 dev=41

    4180.7ms  RX  ◄──  [1.3]  54 30 32 30 35 62 38 65 39 38 33 31 30 34 30 30 30 30 63 61 65 30 37 39 33 65 0d 0a
              0x0205B8E9  Status idx=3 dev=41

    4180.8ms  RX  ◄──  [1.3]  54 30 32 30 35 62 39 32 39 38 30 30 30 30 30 30 30 30 30 30 30 30 30 30 30 30 0d 0a
              0x0205B929  Status idx=4 dev=41

    4182.1ms  RX  ◄──  [1.3]  54 30 32 30 35 62 39 36 39 38 30 30 30 30 30 30 30 30 30 30 30 30 30 30 30 30 0d 0a
              0x0205B969  Status idx=5 dev=41

    4182.3ms  RX  ◄──  [1.3]  54 30 32 30 35 62 39 61 39 38 30 30 30 30 66 66 66 66 30 31 30 30 30 30 30 30 0d 0a
              0x0205B9A9  Status idx=6 dev=41

    4183.3ms  TX  ──►  [1.3]  54 30 32 30 35 32 63 38 30 38 30 30 30 30 30 30 30 30 30 30 30 32 30 30 30 30 0d
              0x02052C80  cls=0x0b idx=2 dev=0

    4183.4ms  TX  ──►  [1.3]  54 30 30 30 35 30 32 63 30 31 30 31 0d
              0x000502C0  cls=0x00 idx=11 dev=0

    4192.3ms  TX  ──►  [1.3]  54 30 32 30 35 30 31 32 39 38 32 64 62 32 33 62 34 31 30 30 30 30 30 30 30 30 0d
              0x02050129  cls=0x00 idx=4 dev=41

    4200.4ms  RX  ◄──  [1.3]  54 30 32 30 35 62 38 32 39 38 63 32 31 39 39 64 30 36 30 30 31 63 38 30 30 30 0d 0a
              0x0205B829  Status idx=0 dev=41

    4200.5ms  RX  ◄──  [1.3]  54 30 32 30 35 62 38 61 39 38 30 30 63 30 38 39 33 61 61 35 66 66 33 62 63 32 0d 0a
              0x0205B8A9  Status idx=2 dev=41

    4200.6ms  RX  ◄──  [1.3]  54 30 32 30 35 62 38 65 39 38 33 32 30 30 30 30 30 30 37 36 62 30 37 65 33 65 0d 0a
              0x0205B8E9  Status idx=3 dev=41

    4200.8ms  RX  ◄──  [1.3]  54 30 32 30 35 62 39 32 39 38 30 30 30 30 30 30 30 30 30 30 30 30 30 30 30 30 0d 0a
              0x0205B929  Status idx=4 dev=41

    4202.1ms  RX  ◄──  [1.3]  54 30 32 30 35 62 39 36 39 38 30 30 30 30 30 30 30 30 30 30 30 30 30 30 30 30 0d 0a
              0x0205B969  Status idx=5 dev=41

    4202.2ms  RX  ◄──  [1.3]  54 30 32 30 35 62 39 61 39 38 30 30 30 30 66 66 66 66 30 31 30 30 30 30 30 30 0d 0a
              0x0205B9A9  Status idx=6 dev=41

    4213.2ms  TX  ──►  [1.3]  54 30 32 30 35 32 63 38 30 38 30 30 30 30 30 30 30 30 30 30 30 32 30 30 30 30 0d
              0x02052C80  cls=0x0b idx=2 dev=0

    4213.4ms  TX  ──►  [1.3]  54 30 30 30 35 30 32 63 30 31 30 31 0d
              0x000502C0  cls=0x00 idx=11 dev=0

    4213.5ms  TX  ──►  [1.3]  54 30 32 30 35 30 31 32 39 38 32 64 62 32 33 62 34 31 30 30 30 30 30 30 30 30 0d
              0x02050129  cls=0x00 idx=4 dev=41

    4220.1ms  RX  ◄──  [1.3]  54 30 32 30 35 62 38 61 39 38 30 30 63 30 38 39 33 61 61 35 66 66 33 62 63 32 0d 0a
              0x0205B8A9  Status idx=2 dev=41

    4220.4ms  RX  ◄──  [1.3]  54 30 32 30 35 62 38 65 39 38 33 32 30 30 30 30 30 30 63 63 38 66 37 63 33 65 0d 0a
              0x0205B8E9  Status idx=3 dev=41

    4220.6ms  RX  ◄──  [1.3]  54 30 32 30 35 62 39 32 39 38 30 30 30 30 30 30 30 30 30 30 30 30 30 30 30 30 0d 0a
              0x0205B929  Status idx=4 dev=41

    4220.8ms  RX  ◄──  [1.3]  54 30 32 30 35 62 38 32 39 38 63 32 31 39 39 63 30 36 30 30 31 63 38 30 30 30 0d 0a
              0x0205B829  Status idx=0 dev=41

    4222.2ms  RX  ◄──  [1.3]  54 30 32 30 35 62 39 36 39 38 30 30 30 30 30 30 30 30 30 30 30 30 30 30 30 30 0d 0a
              0x0205B969  Status idx=5 dev=41

    4222.4ms  RX  ◄──  [1.3]  54 30 32 30 35 62 39 61 39 38 30 30 30 30 66 66 66 66 30 31 30 30 30 30 30 30 0d 0a
              0x0205B9A9  Status idx=6 dev=41

    4233.9ms  TX  ──►  [1.3]  54 30 32 30 35 30 31 32 39 38 32 64 62 32 33 62 34 31 30 30 30 30 30 30 30 30 0d
              0x02050129  cls=0x00 idx=4 dev=41

    4240.5ms  RX  ◄──  [1.3]  54 30 32 30 35 62 38 32 39 38 63 31 31 39 61 33 30 36 30 30 31 63 38 30 30 30 0d 0a
              0x0205B829  Status idx=0 dev=41

    4240.6ms  RX  ◄──  [1.3]  54 30 32 30 35 62 38 61 39 38 30 30 63 30 38 39 33 61 61 35 66 66 33 62 63 32 0d 0a
              0x0205B8A9  Status idx=2 dev=41

    4240.8ms  RX  ◄──  [1.3]  54 30 32 30 35 62 38 65 39 38 33 31 30 30 30 30 30 30 33 32 64 63 37 62 33 65 0d 0a
              0x0205B8E9  Status idx=3 dev=41

    4240.9ms  RX  ◄──  [1.3]  54 30 32 30 35 62 39 32 39 38 30 30 30 30 30 30 30 30 30 30 30 30 30 30 30 30 0d 0a
              0x0205B929  Status idx=4 dev=41

    4242.1ms  RX  ◄──  [1.3]  54 30 32 30 35 62 39 36 39 38 30 30 30 30 30 30 30 30 30 30 30 30 30 30 30 30 0d 0a
              0x0205B969  Status idx=5 dev=41

    4242.2ms  RX  ◄──  [1.3]  54 30 32 30 35 62 39 61 39 38 30 30 30 30 66 66 66 66 30 31 30 30 30 30 30 30 0d 0a
              0x0205B9A9  Status idx=6 dev=41

    4244.0ms  TX  ──►  [1.3]  54 30 32 30 35 32 63 38 30 38 30 30 30 30 30 30 30 30 30 30 30 32 30 30 30 30 0d
              0x02052C80  cls=0x0b idx=2 dev=0

    4244.2ms  TX  ──►  [1.3]  54 30 30 30 35 30 32 63 30 31 30 31 0d
              0x000502C0  cls=0x00 idx=11 dev=0

    4254.4ms  TX  ──►  [1.3]  54 30 32 30 35 30 31 32 39 38 32 64 62 32 33 62 34 31 30 30 30 30 30 30 30 30 0d
              0x02050129  cls=0x00 idx=4 dev=41

    4260.3ms  RX  ◄──  [1.3]  54 30 32 30 35 62 38 32 39 38 63 32 31 39 39 63 30 36 30 30 31 63 38 30 30 30 0d 0a
              0x0205B829  Status idx=0 dev=41

    4260.5ms  RX  ◄──  [1.3]  54 30 32 30 35 62 38 61 39 38 30 30 63 30 38 39 33 61 61 35 66 66 33 62 63 32 0d 0a
              0x0205B8A9  Status idx=2 dev=41

    4260.6ms  RX  ◄──  [1.3]  54 30 32 30 35 62 38 65 39 38 33 32 30 30 30 30 30 30 36 65 64 32 37 63 33 65 0d 0a
              0x0205B8E9  Status idx=3 dev=41

    4260.8ms  RX  ◄──  [1.3]  54 30 32 30 35 62 39 32 39 38 30 30 30 30 30 30 30 30 30 30 30 30 30 30 30 30 0d 0a
              0x0205B929  Status idx=4 dev=41

    4262.1ms  RX  ◄──  [1.3]  54 30 32 30 35 62 39 36 39 38 30 30 30 30 30 30 30 30 30 30 30 30 30 30 30 30 0d 0a
              0x0205B969  Status idx=5 dev=41

    4262.2ms  RX  ◄──  [1.3]  54 30 32 30 35 62 39 61 39 38 30 30 30 30 66 66 66 66 30 31 30 30 30 30 30 30 0d 0a
              0x0205B9A9  Status idx=6 dev=41

    4274.5ms  TX  ──►  [1.3]  54 30 32 30 35 32 63 38 30 38 30 30 30 30 30 30 30 30 30 30 30 32 30 30 30 30 0d
              0x02052C80  cls=0x0b idx=2 dev=0

    4274.7ms  TX  ──►  [1.3]  54 30 30 30 35 30 32 63 30 31 30 31 0d
              0x000502C0  cls=0x00 idx=11 dev=0

    4274.8ms  TX  ──►  [1.3]  54 30 32 30 35 30 31 32 39 38 32 64 62 32 33 62 34 31 30 30 30 30 30 30 30 30 0d
              0x02050129  cls=0x00 idx=4 dev=41

    4280.4ms  RX  ◄──  [1.3]  54 30 32 30 35 62 38 32 39 38 63 32 31 39 39 63 30 36 30 30 31 63 38 30 30 30 0d 0a
              0x0205B829  Status idx=0 dev=41

    4280.5ms  RX  ◄──  [1.3]  54 30 32 30 35 62 38 61 39 38 30 30 63 30 38 39 33 61 61 35 66 66 33 62 63 32 0d 0a
              0x0205B8A9  Status idx=2 dev=41

    4280.6ms  RX  ◄──  [1.3]  54 30 32 30 35 62 38 65 39 38 33 32 30 30 30 30 30 30 36 65 66 35 37 63 33 65 0d 0a
              0x0205B8E9  Status idx=3 dev=41

    4281.3ms  RX  ◄──  [1.3]  54 30 32 30 35 62 39 32 39 38 30 30 30 30 30 30 30 30 30 30 30 30 30 30 30 30 0d 0a
              0x0205B929  Status idx=4 dev=41

    4282.1ms  RX  ◄──  [1.3]  54 30 32 30 35 62 39 36 39 38 30 30 30 30 30 30 30 30 30 30 30 30 30 30 30 30 0d 0a
              0x0205B969  Status idx=5 dev=41

    4282.3ms  RX  ◄──  [1.3]  54 30 32 30 35 62 39 61 39 38 30 30 30 30 66 66 66 66 30 31 30 30 30 30 30 30 0d 0a
              0x0205B9A9  Status idx=6 dev=41

    4300.4ms  RX  ◄──  [1.3]  54 30 32 30 35 62 38 32 39 38 63 31 31 39 61 32 30 36 30 30 31 63 38 30 30 30 0d 0a
              0x0205B829  Status idx=0 dev=41

    4300.5ms  RX  ◄──  [1.3]  54 30 32 30 35 62 38 61 39 38 30 30 63 30 38 39 33 61 61 35 66 66 33 62 63 32 0d 0a
              0x0205B8A9  Status idx=2 dev=41

    4300.6ms  RX  ◄──  [1.3]  54 30 32 30 35 62 38 65 39 38 33 32 30 34 30 30 30 30 32 61 63 66 37 63 33 65 0d 0a
              0x0205B8E9  Status idx=3 dev=41

    4300.8ms  RX  ◄──  [1.3]  54 30 32 30 35 62 39 32 39 38 30 30 30 30 30 30 30 30 30 30 30 30 30 30 30 30 0d 0a
              0x0205B929  Status idx=4 dev=41

    4302.1ms  RX  ◄──  [1.3]  54 30 32 30 35 62 39 36 39 38 30 30 30 30 30 30 30 30 30 30 30 30 30 30 30 30 0d 0a
              0x0205B969  Status idx=5 dev=41

    4302.2ms  RX  ◄──  [1.3]  54 30 32 30 35 62 39 61 39 38 30 30 30 30 66 66 66 66 30 31 30 30 30 30 30 30 0d 0a
              0x0205B9A9  Status idx=6 dev=41

    4302.7ms  TX  ──►  [1.3]  54 30 32 30 35 32 63 38 30 38 30 30 30 30 30 30 30 30 30 30 30 32 30 30 30 30 0d
              0x02052C80  cls=0x0b idx=2 dev=0

    4302.8ms  TX  ──►  [1.3]  54 30 30 30 35 30 32 63 30 31 30 31 0d
              0x000502C0  cls=0x00 idx=11 dev=0

    4303.0ms  TX  ──►  [1.3]  54 30 32 30 35 30 31 32 39 38 32 64 62 32 33 62 34 31 30 30 30 30 30 30 30 30 0d
              0x02050129  cls=0x00 idx=4 dev=41

    4320.3ms  RX  ◄──  [1.3]  54 30 32 30 35 62 38 32 39 38 63 32 31 39 39 62 30 36 30 30 31 63 38 30 30 30 0d 0a
              0x0205B829  Status idx=0 dev=41

    4320.5ms  RX  ◄──  [1.3]  54 30 32 30 35 62 38 61 39 38 30 30 63 30 38 39 33 61 61 35 66 66 33 62 63 32 0d 0a
              0x0205B8A9  Status idx=2 dev=41

    4320.6ms  RX  ◄──  [1.3]  54 30 32 30 35 62 38 65 39 38 33 32 30 30 30 30 30 30 63 65 39 32 37 63 33 65 0d 0a
              0x0205B8E9  Status idx=3 dev=41

    4320.8ms  RX  ◄──  [1.3]  54 30 32 30 35 62 39 32 39 38 30 30 30 30 30 30 30 30 30 30 30 30 30 30 30 30 0d 0a
              0x0205B929  Status idx=4 dev=41

    4322.1ms  RX  ◄──  [1.3]  54 30 32 30 35 62 39 36 39 38 30 30 30 30 30 30 30 30 30 30 30 30 30 30 30 30 0d 0a
              0x0205B969  Status idx=5 dev=41

    4322.3ms  RX  ◄──  [1.3]  54 30 32 30 35 62 39 61 39 38 30 30 30 30 66 66 66 66 30 31 30 30 30 30 30 30 0d 0a
              0x0205B9A9  Status idx=6 dev=41

    4323.4ms  TX  ──►  [1.3]  54 30 32 30 35 30 31 32 39 38 32 64 62 32 33 62 34 31 30 30 30 30 30 30 30 30 0d
              0x02050129  cls=0x00 idx=4 dev=41

    4333.6ms  TX  ──►  [1.3]  54 30 32 30 35 32 63 38 30 38 30 30 30 30 30 30 30 30 30 30 30 32 30 30 30 30 0d
              0x02052C80  cls=0x0b idx=2 dev=0

    4333.8ms  TX  ──►  [1.3]  54 30 30 30 35 30 32 63 30 31 30 31 0d
              0x000502C0  cls=0x00 idx=11 dev=0

    4340.4ms  RX  ◄──  [1.3]  54 30 32 30 35 62 38 32 39 38 63 32 31 39 39 62 30 36 30 30 31 63 38 30 30 30 0d 0a
              0x0205B829  Status idx=0 dev=41

    4340.5ms  RX  ◄──  [1.3]  54 30 32 30 35 62 38 61 39 38 30 30 63 30 38 39 33 61 61 35 66 66 33 62 63 32 0d 0a
              0x0205B8A9  Status idx=2 dev=41

    4340.6ms  RX  ◄──  [1.3]  54 30 32 30 35 62 38 65 39 38 33 32 30 34 30 30 30 30 64 63 38 64 37 65 33 65 0d 0a
              0x0205B8E9  Status idx=3 dev=41

    4341.4ms  RX  ◄──  [1.3]  54 30 32 30 35 62 39 32 39 38 30 30 30 30 30 30 30 30 30 30 30 30 30 30 30 30 0d 0a
              0x0205B929  Status idx=4 dev=41

    4342.1ms  RX  ◄──  [1.3]  54 30 32 30 35 62 39 36 39 38 30 30 30 30 30 30 30 30 30 30 30 30 30 30 30 30 0d 0a
              0x0205B969  Status idx=5 dev=41

    4342.3ms  RX  ◄──  [1.3]  54 30 32 30 35 62 39 61 39 38 30 30 30 30 66 66 66 66 30 31 30 30 30 30 30 30 0d 0a
              0x0205B9A9  Status idx=6 dev=41

    4352.6ms  TX  ──►  [1.3]  54 30 32 30 35 30 31 32 39 38 32 64 62 32 33 62 34 31 30 30 30 30 30 30 30 30 0d
              0x02050129  cls=0x00 idx=4 dev=41

    4360.6ms  RX  ◄──  [1.3]  54 30 32 30 35 62 38 32 39 38 63 31 31 39 61 32 30 36 30 30 31 63 38 30 30 30 0d 0a
              0x0205B829  Status idx=0 dev=41

    4360.9ms  RX  ◄──  [1.3]  54 30 32 30 35 62 38 36 39 38 30 30 30 30 30 30 30 30 30 30 30 30 30 30 30 30 0d 0a
              0x0205B869  Status idx=1 dev=41

    4361.0ms  RX  ◄──  [1.3]  54 30 32 30 35 62 38 61 39 38 30 30 63 30 38 39 33 61 61 35 66 66 33 62 63 32 0d 0a
              0x0205B8A9  Status idx=2 dev=41

    4361.1ms  RX  ◄──  [1.3]  54 30 32 30 35 62 38 65 39 38 33 32 30 30 30 30 30 30 63 30 61 37 37 63 33 65 0d 0a
              0x0205B8E9  Status idx=3 dev=41

    4361.3ms  RX  ◄──  [1.3]  54 30 32 30 35 62 39 32 39 38 30 30 30 30 30 30 30 30 30 30 30 30 30 30 30 30 0d 0a
              0x0205B929  Status idx=4 dev=41

    4362.0ms  RX  ◄──  [1.3]  54 30 32 30 35 62 39 36 39 38 30 30 30 30 30 30 30 30 30 30 30 30 30 30 30 30 0d 0a
              0x0205B969  Status idx=5 dev=41

    4362.1ms  RX  ◄──  [1.3]  54 30 32 30 35 62 39 61 39 38 30 30 30 30 66 66 66 66 30 31 30 30 30 30 30 30 0d 0a
              0x0205B9A9  Status idx=6 dev=41

    4363.2ms  TX  ──►  [1.3]  54 30 32 30 35 32 63 38 30 38 30 30 30 30 30 30 30 30 30 30 30 32 30 30 30 30 0d
              0x02052C80  cls=0x0b idx=2 dev=0

    4363.5ms  TX  ──►  [1.3]  54 30 30 30 35 30 32 63 30 31 30 31 0d
              0x000502C0  cls=0x00 idx=11 dev=0

    4373.2ms  TX  ──►  [1.3]  54 30 32 30 35 30 31 32 39 38 32 64 62 32 33 62 34 31 30 30 30 30 30 30 30 30 0d
              0x02050129  cls=0x00 idx=4 dev=41

    4380.3ms  RX  ◄──  [1.3]  54 30 32 30 35 62 38 32 39 38 63 33 31 39 39 61 30 36 30 30 31 63 38 30 30 30 0d 0a
              0x0205B829  Status idx=0 dev=41

    4380.5ms  RX  ◄──  [1.3]  54 30 32 30 35 62 38 61 39 38 30 30 63 30 38 39 33 61 61 35 66 66 33 62 63 32 0d 0a
              0x0205B8A9  Status idx=2 dev=41

    4380.6ms  RX  ◄──  [1.3]  54 30 32 30 35 62 38 65 39 38 33 32 30 34 30 30 30 30 39 32 61 64 37 63 33 65 0d 0a
              0x0205B8E9  Status idx=3 dev=41

    4380.8ms  RX  ◄──  [1.3]  54 30 32 30 35 62 39 32 39 38 30 30 30 30 30 30 30 30 30 30 30 30 30 30 30 30 0d 0a
              0x0205B929  Status idx=4 dev=41

    4382.0ms  RX  ◄──  [1.3]  54 30 32 30 35 62 39 36 39 38 30 30 30 30 30 30 30 30 30 30 30 30 30 30 30 30 0d 0a
              0x0205B969  Status idx=5 dev=41

    4382.1ms  RX  ◄──  [1.3]  54 30 32 30 35 62 39 61 39 38 30 30 30 30 66 66 66 66 30 31 30 30 30 30 30 30 0d 0a
              0x0205B9A9  Status idx=6 dev=41

    4392.3ms  TX  ──►  [1.3]  54 30 32 30 35 32 63 38 30 38 30 30 30 30 30 30 30 30 30 30 30 32 30 30 30 30 0d
              0x02052C80  cls=0x0b idx=2 dev=0

    4392.4ms  TX  ──►  [1.3]  54 30 30 30 35 30 32 63 30 31 30 31 0d
              0x000502C0  cls=0x00 idx=11 dev=0

    4400.3ms  RX  ◄──  [1.3]  54 30 32 30 35 62 38 32 39 38 63 33 31 39 39 61 30 36 30 30 31 63 38 30 30 30 0d 0a
              0x0205B829  Status idx=0 dev=41

    4400.5ms  RX  ◄──  [1.3]  54 30 32 30 35 62 38 61 39 38 30 30 63 30 38 39 33 61 61 35 66 66 33 62 63 32 0d 0a
              0x0205B8A9  Status idx=2 dev=41

    4400.5ms  RX  ◄──  [1.3]  54 30 32 30 35 62 38 65 39 38 33 31 30 30 30 30 30 30 30 32 66 62 37 39 33 65 0d 0a
              0x0205B8E9  Status idx=3 dev=41

    4400.8ms  RX  ◄──  [1.3]  54 30 32 30 35 62 39 32 39 38 30 30 30 30 30 30 30 30 30 30 30 30 30 30 30 30 0d 0a
              0x0205B929  Status idx=4 dev=41

    4402.2ms  RX  ◄──  [1.3]  54 30 32 30 35 62 39 36 39 38 30 30 30 30 30 30 30 30 30 30 30 30 30 30 30 30 0d 0a
              0x0205B969  Status idx=5 dev=41

    4402.4ms  RX  ◄──  [1.3]  54 30 32 30 35 62 39 61 39 38 30 30 30 30 66 66 66 66 30 31 30 30 30 30 30 30 0d 0a
              0x0205B9A9  Status idx=6 dev=41

    4402.7ms  TX  ──►  [1.3]  54 30 32 30 35 30 31 32 39 38 32 64 62 32 33 62 34 31 30 30 30 30 30 30 30 30 0d
              0x02050129  cls=0x00 idx=4 dev=41

    4420.4ms  RX  ◄──  [1.3]  54 30 32 30 35 62 38 32 39 38 63 31 31 39 61 30 30 36 30 30 31 63 38 30 30 30 0d 0a
              0x0205B829  Status idx=0 dev=41

    4420.6ms  RX  ◄──  [1.3]  54 30 32 30 35 62 38 61 39 38 30 30 63 30 38 39 33 61 61 35 66 66 33 62 63 32 0d 0a
              0x0205B8A9  Status idx=2 dev=41

    4420.8ms  RX  ◄──  [1.3]  54 30 32 30 35 62 38 65 39 38 33 32 30 30 30 30 30 30 39 65 34 37 37 63 33 65 0d 0a
              0x0205B8E9  Status idx=3 dev=41

    4420.9ms  RX  ◄──  [1.3]  54 30 32 30 35 62 39 32 39 38 30 30 30 30 30 30 30 30 30 30 30 30 30 30 30 30 0d 0a
              0x0205B929  Status idx=4 dev=41

    4422.0ms  RX  ◄──  [1.3]  54 30 32 30 35 62 39 36 39 38 30 30 30 30 30 30 30 30 30 30 30 30 30 30 30 30 0d 0a
              0x0205B969  Status idx=5 dev=41

    4422.2ms  RX  ◄──  [1.3]  54 30 32 30 35 62 39 61 39 38 30 30 30 30 66 66 66 66 30 31 30 30 30 30 30 30 0d 0a
              0x0205B9A9  Status idx=6 dev=41

    4422.4ms  TX  ──►  [1.3]  54 30 32 30 35 32 63 38 30 38 30 30 30 30 30 30 30 30 30 30 30 32 30 30 30 30 0d
              0x02052C80  cls=0x0b idx=2 dev=0

    4422.5ms  TX  ──►  [1.3]  54 30 30 30 35 30 32 63 30 31 30 31 0d
              0x000502C0  cls=0x00 idx=11 dev=0

    4422.6ms  TX  ──►  [1.3]  54 30 32 30 35 30 31 32 39 38 32 64 62 32 33 62 34 31 30 30 30 30 30 30 30 30 0d
              0x02050129  cls=0x00 idx=4 dev=41

    4440.4ms  RX  ◄──  [1.3]  54 30 32 30 35 62 38 32 39 38 63 33 31 39 39 61 30 36 30 30 31 63 38 30 30 30 0d 0a
              0x0205B829  Status idx=0 dev=41

    4440.5ms  RX  ◄──  [1.3]  54 30 32 30 35 62 38 61 39 38 30 30 63 30 38 39 33 61 61 35 66 66 33 62 63 32 0d 0a
              0x0205B8A9  Status idx=2 dev=41

    4440.6ms  RX  ◄──  [1.3]  54 30 32 30 35 62 38 65 39 38 33 32 30 30 30 30 30 30 34 34 31 36 37 65 33 65 0d 0a
              0x0205B8E9  Status idx=3 dev=41

    4440.8ms  RX  ◄──  [1.3]  54 30 32 30 35 62 39 32 39 38 30 30 30 30 30 30 30 30 30 30 30 30 30 30 30 30 0d 0a
              0x0205B929  Status idx=4 dev=41

    4442.1ms  RX  ◄──  [1.3]  54 30 32 30 35 62 39 36 39 38 30 30 30 30 30 30 30 30 30 30 30 30 30 30 30 30 0d 0a
              0x0205B969  Status idx=5 dev=41

    4442.2ms  RX  ◄──  [1.3]  54 30 32 30 35 62 39 61 39 38 30 30 30 30 66 66 66 66 30 31 30 30 30 30 30 30 0d 0a
              0x0205B9A9  Status idx=6 dev=41

    4442.4ms  TX  ──►  [1.3]  54 30 32 30 35 30 31 32 39 38 32 64 62 32 33 62 34 31 30 30 30 30 30 30 30 30 0d
              0x02050129  cls=0x00 idx=4 dev=41

    4452.5ms  TX  ──►  [1.3]  54 30 32 30 35 32 63 38 30 38 30 30 30 30 30 30 30 30 30 30 30 32 30 30 30 30 0d
              0x02052C80  cls=0x0b idx=2 dev=0

    4452.6ms  TX  ──►  [1.3]  54 30 30 30 35 30 32 63 30 31 30 31 0d
              0x000502C0  cls=0x00 idx=11 dev=0

    4460.3ms  RX  ◄──  [1.3]  54 30 32 30 35 62 38 32 39 38 63 33 31 39 39 39 30 36 30 30 31 63 38 30 30 30 0d 0a
              0x0205B829  Status idx=0 dev=41

    4460.5ms  RX  ◄──  [1.3]  54 30 32 30 35 62 38 61 39 38 30 30 63 30 38 39 33 61 61 35 66 66 33 62 63 32 0d 0a
              0x0205B8A9  Status idx=2 dev=41

    4460.7ms  RX  ◄──  [1.3]  54 30 32 30 35 62 38 65 39 38 33 32 30 30 30 30 30 30 63 61 33 64 37 62 33 65 0d 0a
              0x0205B8E9  Status idx=3 dev=41

    4461.4ms  RX  ◄──  [1.3]  54 30 32 30 35 62 39 32 39 38 30 30 30 30 30 30 30 30 30 30 30 30 30 30 30 30 0d 0a
              0x0205B929  Status idx=4 dev=41

    4462.2ms  RX  ◄──  [1.3]  54 30 32 30 35 62 39 36 39 38 30 30 30 30 30 30 30 30 30 30 30 30 30 30 30 30 0d 0a
              0x0205B969  Status idx=5 dev=41

    4462.4ms  RX  ◄──  [1.3]  54 30 32 30 35 62 39 61 39 38 30 30 30 30 66 66 66 66 30 31 30 30 30 30 30 30 0d 0a
              0x0205B9A9  Status idx=6 dev=41

    4462.9ms  TX  ──►  [1.3]  54 30 32 30 35 30 31 32 39 38 32 64 62 32 33 62 34 31 30 30 30 30 30 30 30 30 0d
              0x02050129  cls=0x00 idx=4 dev=41

    4480.4ms  RX  ◄──  [1.3]  54 30 32 30 35 62 38 32 39 38 63 32 31 39 61 31 30 36 30 30 31 63 38 30 30 30 0d 0a
              0x0205B829  Status idx=0 dev=41

    4480.7ms  RX  ◄──  [1.3]  54 30 32 30 35 62 38 61 39 38 30 30 63 30 38 39 33 61 61 35 66 66 33 62 63 32 0d 0a
              0x0205B8A9  Status idx=2 dev=41

    4480.8ms  RX  ◄──  [1.3]  54 30 32 30 35 62 38 65 39 38 33 32 30 30 30 30 30 30 37 63 61 64 37 63 33 65 0d 0a
              0x0205B8E9  Status idx=3 dev=41

    4480.9ms  RX  ◄──  [1.3]  54 30 32 30 35 62 39 32 39 38 30 30 30 30 30 30 30 30 30 30 30 30 30 30 30 30 0d 0a
              0x0205B929  Status idx=4 dev=41

    4482.1ms  RX  ◄──  [1.3]  54 30 32 30 35 62 39 36 39 38 30 30 30 30 30 30 30 30 30 30 30 30 30 30 30 30 0d 0a
              0x0205B969  Status idx=5 dev=41

    4482.3ms  RX  ◄──  [1.3]  54 30 32 30 35 62 39 61 39 38 30 30 30 30 66 66 66 66 30 31 30 30 30 30 30 30 0d 0a
              0x0205B9A9  Status idx=6 dev=41

    4483.9ms  TX  ──►  [1.3]  54 30 32 30 35 32 63 38 30 38 30 30 30 30 30 30 30 30 30 30 30 32 30 30 30 30 0d
              0x02052C80  cls=0x0b idx=2 dev=0

    4484.0ms  TX  ──►  [1.3]  54 30 30 30 35 30 32 63 30 31 30 31 0d
              0x000502C0  cls=0x00 idx=11 dev=0

    4484.1ms  TX  ──►  [1.3]  54 30 32 30 35 30 31 32 39 38 32 64 62 32 33 62 34 31 30 30 30 30 30 30 30 30 0d
              0x02050129  cls=0x00 idx=4 dev=41

    4500.3ms  RX  ◄──  [1.3]  54 30 32 30 35 62 38 32 39 38 63 33 31 39 39 39 30 36 30 30 31 63 38 30 30 30 0d 0a
              0x0205B829  Status idx=0 dev=41

    4500.5ms  RX  ◄──  [1.3]  54 30 32 30 35 62 38 61 39 38 30 30 63 30 38 39 33 61 61 35 66 66 33 62 63 32 0d 0a
              0x0205B8A9  Status idx=2 dev=41

    4500.6ms  RX  ◄──  [1.3]  54 30 32 30 35 62 38 65 39 38 33 31 30 30 30 30 30 30 38 36 33 62 37 61 33 65 0d 0a
              0x0205B8E9  Status idx=3 dev=41

    4500.8ms  RX  ◄──  [1.3]  54 30 32 30 35 62 39 32 39 38 30 30 30 30 30 30 30 30 30 30 30 30 30 30 30 30 0d 0a
              0x0205B929  Status idx=4 dev=41

    4502.0ms  RX  ◄──  [1.3]  54 30 32 30 35 62 39 36 39 38 30 30 30 30 30 30 30 30 30 30 30 30 30 30 30 30 0d 0a
              0x0205B969  Status idx=5 dev=41

    4502.2ms  RX  ◄──  [1.3]  54 30 32 30 35 62 39 61 39 38 30 30 30 30 66 66 66 66 30 31 30 30 30 30 30 30 0d 0a
              0x0205B9A9  Status idx=6 dev=41

    4512.2ms  TX  ──►  [1.3]  54 30 32 30 35 32 63 38 30 38 30 30 30 30 30 30 30 30 30 30 30 32 30 30 30 30 0d
              0x02052C80  cls=0x0b idx=2 dev=0

    4512.5ms  TX  ──►  [1.3]  54 30 30 30 35 30 32 63 30 31 30 31 0d
              0x000502C0  cls=0x00 idx=11 dev=0

    4512.7ms  TX  ──►  [1.3]  54 30 32 30 35 30 31 32 39 38 32 64 62 32 33 62 34 31 30 30 30 30 30 30 30 30 0d
              0x02050129  cls=0x00 idx=4 dev=41

    4520.4ms  RX  ◄──  [1.3]  54 30 32 30 35 62 38 32 39 38 63 33 31 39 39 39 30 36 30 30 31 63 38 30 30 30 0d 0a
              0x0205B829  Status idx=0 dev=41

    4520.5ms  RX  ◄──  [1.3]  54 30 32 30 35 62 38 61 39 38 30 30 63 30 38 39 33 61 61 35 66 66 33 62 63 32 0d 0a
              0x0205B8A9  Status idx=2 dev=41

    4520.7ms  RX  ◄──  [1.3]  54 30 32 30 35 62 38 65 39 38 33 32 30 30 30 30 30 30 34 38 35 36 37 64 33 65 0d 0a
              0x0205B8E9  Status idx=3 dev=41

    4521.3ms  RX  ◄──  [1.3]  54 30 32 30 35 62 39 32 39 38 30 30 30 30 30 30 30 30 30 30 30 30 30 30 30 30 0d 0a
              0x0205B929  Status idx=4 dev=41

    4522.2ms  RX  ◄──  [1.3]  54 30 32 30 35 62 39 36 39 38 30 30 30 30 30 30 30 30 30 30 30 30 30 30 30 30 0d 0a
              0x0205B969  Status idx=5 dev=41

    4522.3ms  RX  ◄──  [1.3]  54 30 32 30 35 62 39 61 39 38 30 30 30 30 66 66 66 66 30 31 30 30 30 30 30 30 0d 0a
              0x0205B9A9  Status idx=6 dev=41

    4532.8ms  TX  ──►  [1.3]  54 30 32 30 35 30 31 32 39 38 32 64 62 32 33 62 34 31 30 30 30 30 30 30 30 30 0d
              0x02050129  cls=0x00 idx=4 dev=41

    4540.4ms  RX  ◄──  [1.3]  54 30 32 30 35 62 38 32 39 38 63 31 31 39 61 30 30 36 30 30 31 63 38 30 30 30 0d 0a
              0x0205B829  Status idx=0 dev=41

    4540.6ms  RX  ◄──  [1.3]  54 30 32 30 35 62 38 61 39 38 30 30 63 30 38 39 33 61 61 35 66 66 33 62 63 32 0d 0a
              0x0205B8A9  Status idx=2 dev=41

    4540.8ms  RX  ◄──  [1.3]  54 30 32 30 35 62 38 65 39 38 33 32 30 30 30 30 30 30 37 30 63 35 37 63 33 65 0d 0a
              0x0205B8E9  Status idx=3 dev=41

    4540.9ms  RX  ◄──  [1.3]  54 30 32 30 35 62 39 32 39 38 30 30 30 30 30 30 30 30 30 30 30 30 30 30 30 30 0d 0a
              0x0205B929  Status idx=4 dev=41

    4542.0ms  RX  ◄──  [1.3]  54 30 32 30 35 62 39 36 39 38 30 30 30 30 30 30 30 30 30 30 30 30 30 30 30 30 0d 0a
              0x0205B969  Status idx=5 dev=41

    4542.2ms  RX  ◄──  [1.3]  54 30 32 30 35 62 39 61 39 38 30 30 30 30 66 66 66 66 30 31 30 30 30 30 30 30 0d 0a
              0x0205B9A9  Status idx=6 dev=41

    4542.3ms  TX  ──►  [1.3]  54 30 32 30 35 32 63 38 30 38 30 30 30 30 30 30 30 30 30 30 30 32 30 30 30 30 0d
              0x02052C80  cls=0x0b idx=2 dev=0

    4542.4ms  TX  ──►  [1.3]  54 30 30 30 35 30 32 63 30 31 30 31 0d
              0x000502C0  cls=0x00 idx=11 dev=0

    4552.5ms  TX  ──►  [1.3]  54 30 32 30 35 30 31 32 39 38 32 64 62 32 33 62 34 31 30 30 30 30 30 30 30 30 0d
              0x02050129  cls=0x00 idx=4 dev=41

    4560.3ms  RX  ◄──  [1.3]  54 30 32 30 35 62 38 32 39 38 63 33 31 39 39 37 30 36 30 30 31 63 38 30 30 30 0d 0a
              0x0205B829  Status idx=0 dev=41

    4560.4ms  RX  ◄──  [1.3]  54 30 32 30 35 62 38 61 39 38 30 30 63 30 38 39 33 61 61 35 66 66 33 62 63 32 0d 0a
              0x0205B8A9  Status idx=2 dev=41

    4560.6ms  RX  ◄──  [1.3]  54 30 32 30 35 62 38 65 39 38 33 32 30 30 30 30 30 30 38 38 37 65 37 64 33 65 0d 0a
              0x0205B8E9  Status idx=3 dev=41

    4560.8ms  RX  ◄──  [1.3]  54 30 32 30 35 62 39 32 39 38 30 30 30 30 30 30 30 30 30 30 30 30 30 30 30 30 0d 0a
              0x0205B929  Status idx=4 dev=41

    4562.2ms  RX  ◄──  [1.3]  54 30 32 30 35 62 39 36 39 38 30 30 30 30 30 30 30 30 30 30 30 30 30 30 30 30 0d 0a
              0x0205B969  Status idx=5 dev=41

    4562.3ms  RX  ◄──  [1.3]  54 30 32 30 35 62 39 61 39 38 30 30 30 30 66 66 66 66 30 31 30 30 30 30 30 30 0d 0a
              0x0205B9A9  Status idx=6 dev=41

    4572.8ms  TX  ──►  [1.3]  54 30 32 30 35 32 63 38 30 38 30 30 30 30 30 30 30 30 30 30 30 32 30 30 30 30 0d
              0x02052C80  cls=0x0b idx=2 dev=0

    4572.9ms  TX  ──►  [1.3]  54 30 30 30 35 30 32 63 30 31 30 31 0d
              0x000502C0  cls=0x00 idx=11 dev=0

    4573.2ms  TX  ──►  [1.3]  54 30 32 30 35 30 31 32 39 38 32 64 62 32 33 62 34 31 30 30 30 30 30 30 30 30 0d
              0x02050129  cls=0x00 idx=4 dev=41

    4580.4ms  RX  ◄──  [1.3]  54 30 32 30 35 62 38 32 39 38 63 33 31 39 39 39 30 36 30 30 31 63 38 30 30 30 0d 0a
              0x0205B829  Status idx=0 dev=41

    4580.6ms  RX  ◄──  [1.3]  54 30 32 30 35 62 38 61 39 38 30 30 63 30 38 39 33 61 61 35 66 66 33 62 63 32 0d 0a
              0x0205B8A9  Status idx=2 dev=41

    4580.8ms  RX  ◄──  [1.3]  54 30 32 30 35 62 38 65 39 38 33 31 30 30 30 30 30 30 32 65 36 36 37 39 33 65 0d 0a
              0x0205B8E9  Status idx=3 dev=41

    4581.5ms  RX  ◄──  [1.3]  54 30 32 30 35 62 39 32 39 38 30 30 30 30 30 30 30 30 30 30 30 30 30 30 30 30 0d 0a
              0x0205B929  Status idx=4 dev=41

    4582.2ms  RX  ◄──  [1.3]  54 30 32 30 35 62 39 36 39 38 30 30 30 30 30 30 30 30 30 30 30 30 30 30 30 30 0d 0a
              0x0205B969  Status idx=5 dev=41

    4582.4ms  RX  ◄──  [1.3]  54 30 32 30 35 62 39 61 39 38 30 30 30 30 66 66 66 66 30 31 30 30 30 30 30 30 0d 0a
              0x0205B9A9  Status idx=6 dev=41

    4599.6ms  TX  ──►  [1.3]  54 30 32 30 35 32 63 38 30 38 30 30 30 30 30 30 30 30 30 30 30 32 30 30 30 30 0d
              0x02052C80  cls=0x0b idx=2 dev=0

    4599.8ms  TX  ──►  [1.3]  54 30 30 30 35 30 32 63 30 31 30 31 0d
              0x000502C0  cls=0x00 idx=11 dev=0

    4600.0ms  TX  ──►  [1.3]  54 30 32 30 35 30 31 32 39 38 32 64 62 32 33 62 34 31 30 30 30 30 30 30 30 30 0d
              0x02050129  cls=0x00 idx=4 dev=41

    4600.9ms  RX  ◄──  [1.3]  54 30 32 30 35 62 38 32 39 38 63 32 31 39 39 65 30 36 30 30 31 63 38 30 30 30 0d 0a
              0x0205B829  Status idx=0 dev=41

    4601.2ms  RX  ◄──  [1.3]  54 30 32 30 35 62 38 61 39 38 30 30 63 30 38 39 33 61 61 35 66 66 33 62 63 32 0d 0a
              0x0205B8A9  Status idx=2 dev=41

    4601.3ms  RX  ◄──  [1.3]  54 30 32 30 35 62 38 65 39 38 33 32 30 30 30 30 30 30 37 37 31 31 38 30 33 65 0d 0a
              0x0205B8E9  Status idx=3 dev=41

    4601.4ms  RX  ◄──  [1.3]  54 30 32 30 35 62 39 32 39 38 30 30 30 30 30 30 30 30 30 30 30 30 30 30 30 30 0d 0a
              0x0205B929  Status idx=4 dev=41

    4602.2ms  RX  ◄──  [1.3]  54 30 32 30 35 62 39 36 39 38 30 30 30 30 30 30 30 30 30 30 30 30 30 30 30 30 0d 0a
              0x0205B969  Status idx=5 dev=41

    4602.3ms  RX  ◄──  [1.3]  54 30 32 30 35 62 39 61 39 38 30 30 30 30 66 66 66 66 30 31 30 30 30 30 30 30 0d 0a
              0x0205B9A9  Status idx=6 dev=41

    4610.0ms  RX  ◄──  [1.3]  54 30 32 30 35 62 38 36 39 38 30 30 30 30 30 30 30 30 30 30 30 30 30 30 30 30 0d 0a
              0x0205B869  Status idx=1 dev=41

    4612.0ms  RX  ◄──  [1.3]  54 30 32 30 35 62 63 32 39 34 34 32 35 64 31 31 62 38 0d 0a
              0x0205BC29  Status idx=0 dev=41

    4619.6ms  TX  ──►  [1.3]  54 30 32 30 35 30 31 32 39 38 32 64 62 32 33 62 34 31 30 30 30 30 30 30 30 30 0d
              0x02050129  cls=0x00 idx=4 dev=41

    4620.4ms  RX  ◄──  [1.3]  54 30 32 30 35 62 38 32 39 38 63 33 31 39 39 38 30 36 30 30 31 63 38 30 30 30 0d 0a
              0x0205B829  Status idx=0 dev=41

    4620.6ms  RX  ◄──  [1.3]  54 30 32 30 35 62 38 61 39 38 30 30 63 30 38 39 33 61 61 35 66 66 33 62 63 32 0d 0a
              0x0205B8A9  Status idx=2 dev=41

    4620.8ms  RX  ◄──  [1.3]  54 30 32 30 35 62 38 65 39 38 33 32 30 30 30 30 30 30 32 38 30 39 37 64 33 65 0d 0a
              0x0205B8E9  Status idx=3 dev=41

    4621.1ms  RX  ◄──  [1.3]  54 30 32 30 35 62 39 32 39 38 30 30 30 30 30 30 30 30 30 30 30 30 30 30 30 30 0d 0a
              0x0205B929  Status idx=4 dev=41

    4622.1ms  RX  ◄──  [1.3]  54 30 32 30 35 62 39 36 39 38 30 30 30 30 30 30 30 30 30 30 30 30 30 30 30 30 0d 0a
              0x0205B969  Status idx=5 dev=41

    4622.3ms  RX  ◄──  [1.3]  54 30 32 30 35 62 39 61 39 38 30 30 30 30 66 66 66 66 30 31 30 30 30 30 30 30 0d 0a
              0x0205B9A9  Status idx=6 dev=41

    4628.5ms  TX  ──►  [1.3]  54 30 32 30 35 32 63 38 30 38 30 30 30 30 30 30 30 30 30 30 30 32 30 30 30 30 0d
              0x02052C80  cls=0x0b idx=2 dev=0

    4628.8ms  TX  ──►  [1.3]  54 30 30 30 35 30 32 63 30 31 30 31 0d
              0x000502C0  cls=0x00 idx=11 dev=0

    4640.1ms  RX  ◄──  [1.3]  54 30 32 30 35 62 38 32 39 38 63 33 31 39 39 38 30 36 30 30 31 63 38 30 30 30 0d 0a
              0x0205B829  Status idx=0 dev=41

    4640.3ms  RX  ◄──  [1.3]  54 30 32 30 35 62 38 61 39 38 30 30 63 30 38 39 33 61 61 35 66 66 33 62 63 32 0d 0a
              0x0205B8A9  Status idx=2 dev=41

    4640.4ms  RX  ◄──  [1.3]  54 30 32 30 35 62 38 65 39 38 33 32 30 30 30 30 30 30 31 36 37 39 37 63 33 65 0d 0a
              0x0205B8E9  Status idx=3 dev=41

    4641.8ms  RX  ◄──  [1.3]  54 30 32 30 35 62 39 32 39 38 30 30 30 30 30 30 30 30 30 30 30 30 30 30 30 30 0d 0a
              0x0205B929  Status idx=4 dev=41

    4642.2ms  RX  ◄──  [1.3]  54 30 32 30 35 62 39 36 39 38 30 30 30 30 30 30 30 30 30 30 30 30 30 30 30 30 0d 0a
              0x0205B969  Status idx=5 dev=41

    4642.4ms  RX  ◄──  [1.3]  54 30 32 30 35 62 39 61 39 38 30 30 30 30 66 66 66 66 30 31 30 30 30 30 30 30 0d 0a
              0x0205B9A9  Status idx=6 dev=41

    4655.1ms  TX  ──►  [1.3]  54 30 32 30 35 32 63 38 30 38 30 30 30 30 30 30 30 30 30 30 30 32 30 30 30 30 0d
              0x02052C80  cls=0x0b idx=2 dev=0

    4655.3ms  TX  ──►  [1.3]  54 30 30 30 35 30 32 63 30 31 30 31 0d
              0x000502C0  cls=0x00 idx=11 dev=0

    4655.7ms  TX  ──►  [1.3]  54 30 32 30 35 30 31 32 39 38 32 64 62 32 33 62 34 31 30 30 30 30 30 30 30 30 0d
              0x02050129  cls=0x00 idx=4 dev=41

    4660.3ms  RX  ◄──  [1.3]  54 30 32 30 35 62 38 32 39 38 63 32 31 39 39 65 30 36 30 30 31 63 38 30 30 30 0d 0a
              0x0205B829  Status idx=0 dev=41

    4660.4ms  RX  ◄──  [1.3]  54 30 32 30 35 62 38 61 39 38 30 30 63 30 38 39 33 61 61 35 66 66 33 62 63 32 0d 0a
              0x0205B8A9  Status idx=2 dev=41

    4660.5ms  RX  ◄──  [1.3]  54 30 32 30 35 62 38 65 39 38 33 32 30 30 30 30 30 30 61 61 63 39 37 64 33 65 0d 0a
              0x0205B8E9  Status idx=3 dev=41

    4660.9ms  RX  ◄──  [1.3]  54 30 32 30 35 62 39 32 39 38 30 30 30 30 30 30 30 30 30 30 30 30 30 30 30 30 0d 0a
              0x0205B929  Status idx=4 dev=41

    4662.1ms  RX  ◄──  [1.3]  54 30 32 30 35 62 39 36 39 38 30 30 30 30 30 30 30 30 30 30 30 30 30 30 30 30 0d 0a
              0x0205B969  Status idx=5 dev=41

    4662.2ms  RX  ◄──  [1.3]  54 30 32 30 35 62 39 61 39 38 30 30 30 30 66 66 66 66 30 31 30 30 30 30 30 30 0d 0a
              0x0205B9A9  Status idx=6 dev=41

    4680.2ms  RX  ◄──  [1.3]  54 30 32 30 35 62 38 32 39 38 63 33 31 39 39 38 30 36 30 30 31 63 38 30 30 30 0d 0a
              0x0205B829  Status idx=0 dev=41

    4680.3ms  RX  ◄──  [1.3]  54 30 32 30 35 62 38 61 39 38 30 30 63 30 38 39 33 61 61 35 66 66 33 62 63 32 0d 0a
              0x0205B8A9  Status idx=2 dev=41

    4680.5ms  RX  ◄──  [1.3]  54 30 32 30 35 62 38 65 39 38 33 32 30 30 30 30 30 30 30 38 39 34 37 39 33 65 0d 0a
              0x0205B8E9  Status idx=3 dev=41

    4681.0ms  RX  ◄──  [1.3]  54 30 32 30 35 62 39 32 39 38 30 30 30 30 30 30 30 30 30 30 30 30 30 30 30 30 0d 0a
              0x0205B929  Status idx=4 dev=41

    4681.6ms  TX  ──►  [1.3]  54 30 32 30 35 32 63 38 30 38 30 30 30 30 30 30 30 30 30 30 30 32 30 30 30 30 0d
              0x02052C80  cls=0x0b idx=2 dev=0

    4681.8ms  TX  ──►  [1.3]  54 30 30 30 35 30 32 63 30 31 30 31 0d
              0x000502C0  cls=0x00 idx=11 dev=0

    4681.9ms  TX  ──►  [1.3]  54 30 32 30 35 30 31 32 39 38 32 64 62 32 33 62 34 31 30 30 30 30 30 30 30 30 0d
              0x02050129  cls=0x00 idx=4 dev=41

    4682.4ms  RX  ◄──  [1.3]  54 30 32 30 35 62 39 36 39 38 30 30 30 30 30 30 30 30 30 30 30 30 30 30 30 30 0d 0a
              0x0205B969  Status idx=5 dev=41

    4682.5ms  RX  ◄──  [1.3]  54 30 32 30 35 62 39 61 39 38 30 30 30 30 66 66 66 66 30 31 30 30 30 30 30 30 0d 0a
              0x0205B9A9  Status idx=6 dev=41

    4700.2ms  RX  ◄──  [1.3]  54 30 32 30 35 62 38 32 39 38 63 33 31 39 39 38 30 36 30 30 31 63 38 30 30 30 0d 0a
              0x0205B829  Status idx=0 dev=41

    4700.3ms  RX  ◄──  [1.3]  54 30 32 30 35 62 38 61 39 38 30 30 63 30 38 39 33 61 61 35 66 66 33 62 63 32 0d 0a
              0x0205B8A9  Status idx=2 dev=41

    4700.5ms  RX  ◄──  [1.3]  54 30 32 30 35 62 38 65 39 38 33 32 30 30 30 30 30 30 35 38 35 31 37 61 33 65 0d 0a
              0x0205B8E9  Status idx=3 dev=41

    4701.9ms  RX  ◄──  [1.3]  54 30 32 30 35 62 39 32 39 38 30 30 30 30 30 30 30 30 30 30 30 30 30 30 30 30 0d 0a
              0x0205B929  Status idx=4 dev=41

    4702.1ms  TX  ──►  [1.3]  54 30 32 30 35 30 31 32 39 38 32 64 62 32 33 62 34 31 30 30 30 30 30 30 30 30 0d
              0x02050129  cls=0x00 idx=4 dev=41

    4702.3ms  RX  ◄──  [1.3]  54 30 32 30 35 62 39 36 39 38 30 30 30 30 30 30 30 30 30 30 30 30 30 30 30 30 0d 0a
              0x0205B969  Status idx=5 dev=41

    4702.5ms  RX  ◄──  [1.3]  54 30 32 30 35 62 39 61 39 38 30 30 30 30 66 66 66 66 30 31 30 30 30 30 30 30 0d 0a
              0x0205B9A9  Status idx=6 dev=41

    4712.6ms  TX  ──►  [1.3]  54 30 32 30 35 32 63 38 30 38 30 30 30 30 30 30 30 30 30 30 30 32 30 30 30 30 0d
              0x02052C80  cls=0x0b idx=2 dev=0

    4712.8ms  TX  ──►  [1.3]  54 30 30 30 35 30 32 63 30 31 30 31 0d
              0x000502C0  cls=0x00 idx=11 dev=0

    4720.3ms  RX  ◄──  [1.3]  54 30 32 30 35 62 38 32 39 38 63 32 31 39 39 66 30 36 30 30 31 63 38 30 30 30 0d 0a
              0x0205B829  Status idx=0 dev=41

    4720.4ms  RX  ◄──  [1.3]  54 30 32 30 35 62 38 61 39 38 30 30 63 30 38 39 33 61 61 35 66 66 33 62 63 32 0d 0a
              0x0205B8A9  Status idx=2 dev=41

    4720.5ms  RX  ◄──  [1.3]  54 30 32 30 35 62 38 65 39 38 33 32 30 30 30 30 30 30 61 34 63 64 37 61 33 65 0d 0a
              0x0205B8E9  Status idx=3 dev=41

    4721.0ms  RX  ◄──  [1.3]  54 30 32 30 35 62 39 32 39 38 30 30 30 30 30 30 30 30 30 30 30 30 30 30 30 30 0d 0a
              0x0205B929  Status idx=4 dev=41

    4722.1ms  RX  ◄──  [1.3]  54 30 32 30 35 62 39 36 39 38 30 30 30 30 30 30 30 30 30 30 30 30 30 30 30 30 0d 0a
              0x0205B969  Status idx=5 dev=41

    4722.3ms  RX  ◄──  [1.3]  54 30 32 30 35 62 39 61 39 38 30 30 30 30 66 66 66 66 30 31 30 30 30 30 30 30 0d 0a
              0x0205B9A9  Status idx=6 dev=41

    4722.9ms  TX  ──►  [1.3]  54 30 32 30 35 30 31 32 39 38 32 64 62 32 33 62 34 31 30 30 30 30 30 30 30 30 0d
              0x02050129  cls=0x00 idx=4 dev=41

    4740.2ms  RX  ◄──  [1.3]  54 30 32 30 35 62 38 32 39 38 63 33 31 39 39 38 30 36 30 30 31 63 38 30 30 30 0d 0a
              0x0205B829  Status idx=0 dev=41

    4740.3ms  RX  ◄──  [1.3]  54 30 32 30 35 62 38 61 39 38 30 30 63 30 38 39 33 61 61 35 66 66 33 62 63 32 0d 0a
              0x0205B8A9  Status idx=2 dev=41

    4740.5ms  RX  ◄──  [1.3]  54 30 32 30 35 62 38 65 39 38 33 31 30 30 30 30 30 30 30 36 36 37 37 38 33 65 0d 0a
              0x0205B8E9  Status idx=3 dev=41

    4741.0ms  RX  ◄──  [1.3]  54 30 32 30 35 62 39 32 39 38 30 30 30 30 30 30 30 30 30 30 30 30 30 30 30 30 0d 0a
              0x0205B929  Status idx=4 dev=41

    4742.0ms  RX  ◄──  [1.3]  54 30 32 30 35 62 39 36 39 38 30 30 30 30 30 30 30 30 30 30 30 30 30 30 30 30 0d 0a
              0x0205B969  Status idx=5 dev=41

    4742.2ms  RX  ◄──  [1.3]  54 30 32 30 35 62 39 61 39 38 30 30 30 30 66 66 66 66 30 31 30 30 30 30 30 30 0d 0a
              0x0205B9A9  Status idx=6 dev=41

    4743.3ms  TX  ──►  [1.3]  54 30 32 30 35 32 63 38 30 38 30 30 30 30 30 30 30 30 30 30 30 32 30 30 30 30 0d
              0x02052C80  cls=0x0b idx=2 dev=0

    4743.4ms  TX  ──►  [1.3]  54 30 30 30 35 30 32 63 30 31 30 31 0d
              0x000502C0  cls=0x00 idx=11 dev=0

    4743.5ms  TX  ──►  [1.3]  54 30 32 30 35 30 31 32 39 38 32 64 62 32 33 62 34 31 30 30 30 30 30 30 30 30 0d
              0x02050129  cls=0x00 idx=4 dev=41

    4760.2ms  RX  ◄──  [1.3]  54 30 32 30 35 62 38 32 39 38 63 33 31 39 39 37 30 36 30 30 31 63 38 30 30 30 0d 0a
              0x0205B829  Status idx=0 dev=41

    4760.3ms  RX  ◄──  [1.3]  54 30 32 30 35 62 38 61 39 38 30 30 63 30 38 39 33 61 61 35 66 66 33 62 63 32 0d 0a
              0x0205B8A9  Status idx=2 dev=41

    4760.5ms  RX  ◄──  [1.3]  54 30 32 30 35 62 38 65 39 38 33 31 30 30 30 30 30 30 66 61 63 33 37 39 33 65 0d 0a
              0x0205B8E9  Status idx=3 dev=41

    4761.8ms  RX  ◄──  [1.3]  54 30 32 30 35 62 39 32 39 38 30 30 30 30 30 30 30 30 30 30 30 30 30 30 30 30 0d 0a
              0x0205B929  Status idx=4 dev=41

    4762.2ms  RX  ◄──  [1.3]  54 30 32 30 35 62 39 36 39 38 30 30 30 30 30 30 30 30 30 30 30 30 30 30 30 30 0d 0a
              0x0205B969  Status idx=5 dev=41

    4762.4ms  RX  ◄──  [1.3]  54 30 32 30 35 62 39 61 39 38 30 30 30 30 66 66 66 66 30 31 30 30 30 30 30 30 0d 0a
              0x0205B9A9  Status idx=6 dev=41

    4763.6ms  TX  ──►  [1.3]  54 30 32 30 35 30 31 32 39 38 32 64 62 32 33 62 34 31 30 30 30 30 30 30 30 30 0d
              0x02050129  cls=0x00 idx=4 dev=41

    4773.7ms  TX  ──►  [1.3]  54 30 32 30 35 32 63 38 30 38 30 30 30 30 30 30 30 30 30 30 30 32 30 30 30 30 0d
              0x02052C80  cls=0x0b idx=2 dev=0

    4773.9ms  TX  ──►  [1.3]  54 30 30 30 35 30 32 63 30 31 30 31 0d
              0x000502C0  cls=0x00 idx=11 dev=0

    4780.3ms  RX  ◄──  [1.3]  54 30 32 30 35 62 38 32 39 38 63 32 31 39 39 66 30 36 30 30 31 63 38 30 30 30 0d 0a
              0x0205B829  Status idx=0 dev=41

    4780.5ms  RX  ◄──  [1.3]  54 30 32 30 35 62 38 61 39 38 30 30 63 30 38 39 33 61 61 35 66 66 33 62 63 32 0d 0a
              0x0205B8A9  Status idx=2 dev=41

    4780.5ms  RX  ◄──  [1.3]  54 30 32 30 35 62 38 65 39 38 33 32 30 30 30 30 30 30 34 61 34 37 37 65 33 65 0d 0a
              0x0205B8E9  Status idx=3 dev=41

    4781.0ms  RX  ◄──  [1.3]  54 30 32 30 35 62 39 32 39 38 30 30 30 30 30 30 30 30 30 30 30 30 30 30 30 30 0d 0a
              0x0205B929  Status idx=4 dev=41

    4782.1ms  RX  ◄──  [1.3]  54 30 32 30 35 62 39 36 39 38 30 30 30 30 30 30 30 30 30 30 30 30 30 30 30 30 0d 0a
              0x0205B969  Status idx=5 dev=41

    4782.3ms  RX  ◄──  [1.3]  54 30 32 30 35 62 39 61 39 38 30 30 30 30 66 66 66 66 30 31 30 30 30 30 30 30 0d 0a
              0x0205B9A9  Status idx=6 dev=41

    4783.3ms  TX  ──►  [1.3]  54 30 32 30 35 30 31 32 39 38 32 64 62 32 33 62 34 31 30 30 30 30 30 30 30 30 0d
              0x02050129  cls=0x00 idx=4 dev=41

    4800.3ms  RX  ◄──  [1.3]  54 30 32 30 35 62 38 32 39 38 63 33 31 39 39 38 30 36 30 30 31 63 38 30 30 30 0d 0a
              0x0205B829  Status idx=0 dev=41

    4800.4ms  RX  ◄──  [1.3]  54 30 32 30 35 62 38 61 39 38 30 30 63 30 38 39 33 61 61 35 66 66 33 62 63 32 0d 0a
              0x0205B8A9  Status idx=2 dev=41

    4800.5ms  RX  ◄──  [1.3]  54 30 32 30 35 62 38 65 39 38 33 32 30 30 30 30 30 30 64 36 35 36 37 62 33 65 0d 0a
              0x0205B8E9  Status idx=3 dev=41

    4801.0ms  RX  ◄──  [1.3]  54 30 32 30 35 62 39 32 39 38 30 30 30 30 30 30 30 30 30 30 30 30 30 30 30 30 0d 0a
              0x0205B929  Status idx=4 dev=41

    4802.0ms  RX  ◄──  [1.3]  54 30 32 30 35 62 39 36 39 38 30 30 30 30 30 30 30 30 30 30 30 30 30 30 30 30 0d 0a
              0x0205B969  Status idx=5 dev=41

    4802.1ms  RX  ◄──  [1.3]  54 30 32 30 35 62 39 61 39 38 30 30 30 30 66 66 66 66 30 31 30 30 30 30 30 30 0d 0a
              0x0205B9A9  Status idx=6 dev=41

    4803.2ms  TX  ──►  [1.3]  54 30 32 30 35 32 63 38 30 38 30 30 30 30 30 30 30 30 30 30 30 32 30 30 30 30 0d
              0x02052C80  cls=0x0b idx=2 dev=0

    4803.3ms  TX  ──►  [1.3]  54 30 30 30 35 30 32 63 30 31 30 31 0d
              0x000502C0  cls=0x00 idx=11 dev=0

    4813.4ms  TX  ──►  [1.3]  54 30 32 30 35 30 31 32 39 38 32 64 62 32 33 62 34 31 30 30 30 30 30 30 30 30 0d
              0x02050129  cls=0x00 idx=4 dev=41

    4820.2ms  RX  ◄──  [1.3]  54 30 32 30 35 62 38 32 39 38 63 33 31 39 39 36 30 36 30 30 31 63 38 30 30 30 0d 0a
              0x0205B829  Status idx=0 dev=41

    4820.3ms  RX  ◄──  [1.3]  54 30 32 30 35 62 38 61 39 38 30 30 63 30 38 39 33 61 61 35 66 66 33 62 63 32 0d 0a
              0x0205B8A9  Status idx=2 dev=41

    4820.5ms  RX  ◄──  [1.3]  54 30 32 30 35 62 38 65 39 38 33 32 30 30 30 30 30 30 33 61 37 66 37 62 33 65 0d 0a
              0x0205B8E9  Status idx=3 dev=41

    4821.8ms  RX  ◄──  [1.3]  54 30 32 30 35 62 39 32 39 38 30 30 30 30 30 30 30 30 30 30 30 30 30 30 30 30 0d 0a
              0x0205B929  Status idx=4 dev=41

    4822.2ms  RX  ◄──  [1.3]  54 30 32 30 35 62 39 36 39 38 30 30 30 30 30 30 30 30 30 30 30 30 30 30 30 30 0d 0a
              0x0205B969  Status idx=5 dev=41

    4822.4ms  RX  ◄──  [1.3]  54 30 32 30 35 62 39 61 39 38 30 30 30 30 66 66 66 66 30 31 30 30 30 30 30 30 0d 0a
              0x0205B9A9  Status idx=6 dev=41

    4833.8ms  TX  ──►  [1.3]  54 30 32 30 35 32 63 38 30 38 30 30 30 30 30 30 30 30 30 30 30 32 30 30 30 30 0d
              0x02052C80  cls=0x0b idx=2 dev=0

    4834.0ms  TX  ──►  [1.3]  54 30 30 30 35 30 32 63 30 31 30 31 0d
              0x000502C0  cls=0x00 idx=11 dev=0

    4834.2ms  TX  ──►  [1.3]  54 30 32 30 35 30 31 32 39 38 32 64 62 32 33 62 34 31 30 30 30 30 30 30 30 30 0d
              0x02050129  cls=0x00 idx=4 dev=41

    4840.3ms  RX  ◄──  [1.3]  54 30 32 30 35 62 38 32 39 38 63 32 31 39 39 66 30 36 30 30 31 63 38 30 30 30 0d 0a
              0x0205B829  Status idx=0 dev=41

    4840.4ms  RX  ◄──  [1.3]  54 30 32 30 35 62 38 61 39 38 30 30 63 30 38 39 33 61 61 35 66 66 33 62 63 32 0d 0a
              0x0205B8A9  Status idx=2 dev=41

    4840.5ms  RX  ◄──  [1.3]  54 30 32 30 35 62 38 65 39 38 33 32 30 30 30 30 30 30 32 36 63 61 37 65 33 65 0d 0a
              0x0205B8E9  Status idx=3 dev=41

    4841.0ms  RX  ◄──  [1.3]  54 30 32 30 35 62 39 32 39 38 30 30 30 30 30 30 30 30 30 30 30 30 30 30 30 30 0d 0a
              0x0205B929  Status idx=4 dev=41

    4842.1ms  RX  ◄──  [1.3]  54 30 32 30 35 62 39 36 39 38 30 30 30 30 30 30 30 30 30 30 30 30 30 30 30 30 0d 0a
              0x0205B969  Status idx=5 dev=41

    4842.2ms  RX  ◄──  [1.3]  54 30 32 30 35 62 39 61 39 38 30 30 30 30 66 66 66 66 30 31 30 30 30 30 30 30 0d 0a
              0x0205B9A9  Status idx=6 dev=41

    4853.6ms  TX  ──►  [1.3]  54 30 32 30 35 30 31 32 39 38 32 64 62 32 33 62 34 31 30 30 30 30 30 30 30 30 0d
              0x02050129  cls=0x00 idx=4 dev=41

    4860.3ms  RX  ◄──  [1.3]  54 30 32 30 35 62 38 32 39 38 63 33 31 39 39 37 30 36 30 30 31 63 38 30 30 30 0d 0a
              0x0205B829  Status idx=0 dev=41

    4860.5ms  RX  ◄──  [1.3]  54 30 32 30 35 62 38 36 39 38 30 30 30 30 30 30 30 30 30 30 30 30 30 30 30 30 0d 0a
              0x0205B869  Status idx=1 dev=41

    4860.6ms  RX  ◄──  [1.3]  54 30 32 30 35 62 38 61 39 38 30 30 63 30 38 39 33 61 61 35 66 66 33 62 63 32 0d 0a
              0x0205B8A9  Status idx=2 dev=41

    4860.9ms  RX  ◄──  [1.3]  54 30 32 30 35 62 38 65 39 38 33 31 30 30 30 30 30 30 33 30 35 61 37 39 33 65 0d 0a
              0x0205B8E9  Status idx=3 dev=41

    4861.1ms  RX  ◄──  [1.3]  54 30 32 30 35 62 39 32 39 38 30 30 30 30 30 30 30 30 30 30 30 30 30 30 30 30 0d 0a
              0x0205B929  Status idx=4 dev=41

    4862.0ms  RX  ◄──  [1.3]  54 30 32 30 35 62 39 36 39 38 30 30 30 30 30 30 30 30 30 30 30 30 30 30 30 30 0d 0a
              0x0205B969  Status idx=5 dev=41

    4862.2ms  RX  ◄──  [1.3]  54 30 32 30 35 62 39 61 39 38 30 30 30 30 66 66 66 66 30 31 30 30 30 30 30 30 0d 0a
              0x0205B9A9  Status idx=6 dev=41

    4863.6ms  TX  ──►  [1.3]  54 30 32 30 35 32 63 38 30 38 30 30 30 30 30 30 30 30 30 30 30 32 30 30 30 30 0d
              0x02052C80  cls=0x0b idx=2 dev=0

    4863.7ms  TX  ──►  [1.3]  54 30 30 30 35 30 32 63 30 31 30 31 0d
              0x000502C0  cls=0x00 idx=11 dev=0

    4874.1ms  TX  ──►  [1.3]  54 30 32 30 35 30 31 32 39 38 32 64 62 32 33 62 34 31 30 30 30 30 30 30 30 30 0d
              0x02050129  cls=0x00 idx=4 dev=41

    4880.2ms  RX  ◄──  [1.3]  54 30 32 30 35 62 38 32 39 38 63 33 31 39 39 37 30 36 30 30 31 63 38 30 30 30 0d 0a
              0x0205B829  Status idx=0 dev=41

    4880.4ms  RX  ◄──  [1.3]  54 30 32 30 35 62 38 61 39 38 30 30 63 30 38 39 33 61 61 35 66 66 33 62 63 32 0d 0a
              0x0205B8A9  Status idx=2 dev=41

    4880.5ms  RX  ◄──  [1.3]  54 30 32 30 35 62 38 65 39 38 33 32 30 34 30 30 30 30 65 61 30 31 37 65 33 65 0d 0a
              0x0205B8E9  Status idx=3 dev=41

    4881.8ms  RX  ◄──  [1.3]  54 30 32 30 35 62 39 32 39 38 30 30 30 30 30 30 30 30 30 30 30 30 30 30 30 30 0d 0a
              0x0205B929  Status idx=4 dev=41

    4882.1ms  RX  ◄──  [1.3]  54 30 32 30 35 62 39 36 39 38 30 30 30 30 30 30 30 30 30 30 30 30 30 30 30 30 0d 0a
              0x0205B969  Status idx=5 dev=41

    4882.3ms  RX  ◄──  [1.3]  54 30 32 30 35 62 39 61 39 38 30 30 30 30 66 66 66 66 30 31 30 30 30 30 30 30 0d 0a
              0x0205B9A9  Status idx=6 dev=41

    4893.8ms  TX  ──►  [1.3]  54 30 32 30 35 32 63 38 30 38 30 30 30 30 30 30 30 30 30 30 30 32 30 30 30 30 0d
              0x02052C80  cls=0x0b idx=2 dev=0

    4893.9ms  TX  ──►  [1.3]  54 30 30 30 35 30 32 63 30 31 30 31 0d
              0x000502C0  cls=0x00 idx=11 dev=0

    4894.0ms  TX  ──►  [1.3]  54 30 32 30 35 30 31 32 39 38 32 64 62 32 33 62 34 31 30 30 30 30 30 30 30 30 0d
              0x02050129  cls=0x00 idx=4 dev=41

    4900.3ms  RX  ◄──  [1.3]  54 30 32 30 35 62 38 32 39 38 63 32 31 39 39 65 30 36 30 30 31 63 38 30 30 30 0d 0a
              0x0205B829  Status idx=0 dev=41

    4900.4ms  RX  ◄──  [1.3]  54 30 32 30 35 62 38 61 39 38 30 30 63 30 38 39 33 61 61 35 66 66 33 62 63 32 0d 0a
              0x0205B8A9  Status idx=2 dev=41

    4900.5ms  RX  ◄──  [1.3]  54 30 32 30 35 62 38 65 39 38 33 32 30 34 30 30 30 30 38 63 61 35 37 66 33 65 0d 0a
              0x0205B8E9  Status idx=3 dev=41

    4901.0ms  RX  ◄──  [1.3]  54 30 32 30 35 62 39 32 39 38 30 30 30 30 30 30 30 30 30 30 30 30 30 30 30 30 0d 0a
              0x0205B929  Status idx=4 dev=41

    4902.0ms  RX  ◄──  [1.3]  54 30 32 30 35 62 39 36 39 38 30 30 30 30 30 30 30 30 30 30 30 30 30 30 30 30 0d 0a
              0x0205B969  Status idx=5 dev=41

    4902.2ms  RX  ◄──  [1.3]  54 30 32 30 35 62 39 61 39 38 30 30 30 30 66 66 66 66 30 31 30 30 30 30 30 30 0d 0a
              0x0205B9A9  Status idx=6 dev=41

    4913.7ms  TX  ──►  [1.3]  54 30 32 30 35 30 31 32 39 38 32 64 62 32 33 62 34 31 30 30 30 30 30 30 30 30 0d
              0x02050129  cls=0x00 idx=4 dev=41

    4920.3ms  RX  ◄──  [1.3]  54 30 32 30 35 62 38 32 39 38 63 33 31 39 39 36 30 36 30 30 31 63 38 30 30 30 0d 0a
              0x0205B829  Status idx=0 dev=41

    4920.4ms  RX  ◄──  [1.3]  54 30 32 30 35 62 38 61 39 38 30 30 63 30 38 39 33 61 61 35 66 66 33 62 63 32 0d 0a
              0x0205B8A9  Status idx=2 dev=41

    4920.5ms  RX  ◄──  [1.3]  54 30 32 30 35 62 38 65 39 38 33 32 30 30 30 30 30 30 37 61 61 63 37 64 33 65 0d 0a
              0x0205B8E9  Status idx=3 dev=41

    4920.9ms  RX  ◄──  [1.3]  54 30 32 30 35 62 39 32 39 38 30 30 30 30 30 30 30 30 30 30 30 30 30 30 30 30 0d 0a
              0x0205B929  Status idx=4 dev=41

    4922.1ms  RX  ◄──  [1.3]  54 30 32 30 35 62 39 36 39 38 30 30 30 30 30 30 30 30 30 30 30 30 30 30 30 30 0d 0a
              0x0205B969  Status idx=5 dev=41

    4922.3ms  RX  ◄──  [1.3]  54 30 32 30 35 62 39 61 39 38 30 30 30 30 66 66 66 66 30 31 30 30 30 30 30 30 0d 0a
              0x0205B9A9  Status idx=6 dev=41

    4923.7ms  TX  ──►  [1.3]  54 30 32 30 35 32 63 38 30 38 30 30 30 30 30 30 30 30 30 30 30 32 30 30 30 30 0d
              0x02052C80  cls=0x0b idx=2 dev=0

    4923.8ms  TX  ──►  [1.3]  54 30 30 30 35 30 32 63 30 31 30 31 0d
              0x000502C0  cls=0x00 idx=11 dev=0

    4934.1ms  TX  ──►  [1.3]  54 30 32 30 35 30 31 32 39 38 32 64 62 32 33 62 34 31 30 30 30 30 30 30 30 30 0d
              0x02050129  cls=0x00 idx=4 dev=41

    4940.3ms  RX  ◄──  [1.3]  54 30 32 30 35 62 38 32 39 38 63 33 31 39 39 37 30 36 30 30 31 63 38 30 30 30 0d 0a
              0x0205B829  Status idx=0 dev=41

    4940.4ms  RX  ◄──  [1.3]  54 30 32 30 35 62 38 61 39 38 30 30 63 30 38 39 33 61 61 35 66 66 33 62 63 32 0d 0a
              0x0205B8A9  Status idx=2 dev=41

    4940.5ms  RX  ◄──  [1.3]  54 30 32 30 35 62 38 65 39 38 33 32 30 30 30 30 30 30 32 65 38 32 37 62 33 65 0d 0a
              0x0205B8E9  Status idx=3 dev=41

    4942.0ms  RX  ◄──  [1.3]  54 30 32 30 35 62 39 32 39 38 30 30 30 30 30 30 30 30 30 30 30 30 30 30 30 30 0d 0a
              0x0205B929  Status idx=4 dev=41

    4942.3ms  RX  ◄──  [1.3]  54 30 32 30 35 62 39 36 39 38 30 30 30 30 30 30 30 30 30 30 30 30 30 30 30 30 0d 0a
              0x0205B969  Status idx=5 dev=41

    4942.4ms  RX  ◄──  [1.3]  54 30 32 30 35 62 39 61 39 38 30 30 30 30 66 66 66 66 30 31 30 30 30 30 30 30 0d 0a
              0x0205B9A9  Status idx=6 dev=41

    4954.4ms  TX  ──►  [1.3]  54 30 32 30 35 32 63 38 30 38 30 30 30 30 30 30 30 30 30 30 30 32 30 30 30 30 0d
              0x02052C80  cls=0x0b idx=2 dev=0

    4954.6ms  TX  ──►  [1.3]  54 30 30 30 35 30 32 63 30 31 30 31 0d
              0x000502C0  cls=0x00 idx=11 dev=0

    4954.7ms  TX  ──►  [1.3]  54 30 32 30 35 30 31 32 39 38 32 64 62 32 33 62 34 31 30 30 30 30 30 30 30 30 0d
              0x02050129  cls=0x00 idx=4 dev=41

    4960.3ms  RX  ◄──  [1.3]  54 30 32 30 35 62 38 32 39 38 63 32 31 39 39 65 30 36 30 30 31 63 38 30 30 30 0d 0a
              0x0205B829  Status idx=0 dev=41

    4960.4ms  RX  ◄──  [1.3]  54 30 32 30 35 62 38 61 39 38 30 30 63 30 38 39 33 61 61 35 66 66 33 62 63 32 0d 0a
              0x0205B8A9  Status idx=2 dev=41

    4960.6ms  RX  ◄──  [1.3]  54 30 32 30 35 62 38 65 39 38 33 32 30 30 30 30 30 30 35 34 65 35 37 65 33 65 0d 0a
              0x0205B8E9  Status idx=3 dev=41

    4961.0ms  RX  ◄──  [1.3]  54 30 32 30 35 62 39 32 39 38 30 30 30 30 30 30 30 30 30 30 30 30 30 30 30 30 0d 0a
              0x0205B929  Status idx=4 dev=41

    4962.1ms  RX  ◄──  [1.3]  54 30 32 30 35 62 39 36 39 38 30 30 30 30 30 30 30 30 30 30 30 30 30 30 30 30 0d 0a
              0x0205B969  Status idx=5 dev=41

    4962.2ms  RX  ◄──  [1.3]  54 30 32 30 35 62 39 61 39 38 30 30 30 30 66 66 66 66 30 31 30 30 30 30 30 30 0d 0a
              0x0205B9A9  Status idx=6 dev=41

    4975.3ms  TX  ──►  [1.3]  54 30 32 30 35 30 31 32 39 38 32 64 62 32 33 62 34 31 30 30 30 30 30 30 30 30 0d
              0x02050129  cls=0x00 idx=4 dev=41

    4980.3ms  RX  ◄──  [1.3]  54 30 32 30 35 62 38 32 39 38 63 33 31 39 39 37 30 36 30 30 31 63 38 30 30 30 0d 0a
              0x0205B829  Status idx=0 dev=41

    4980.4ms  RX  ◄──  [1.3]  54 30 32 30 35 62 38 61 39 38 30 30 63 30 38 39 33 61 61 35 66 66 33 62 63 32 0d 0a
              0x0205B8A9  Status idx=2 dev=41

    4980.5ms  RX  ◄──  [1.3]  54 30 32 30 35 62 38 65 39 38 33 32 30 30 30 30 30 30 36 32 39 37 37 61 33 65 0d 0a
              0x0205B8E9  Status idx=3 dev=41

    4980.9ms  RX  ◄──  [1.3]  54 30 32 30 35 62 39 32 39 38 30 30 30 30 30 30 30 30 30 30 30 30 30 30 30 30 0d 0a
              0x0205B929  Status idx=4 dev=41

    4982.1ms  RX  ◄──  [1.3]  54 30 32 30 35 62 39 36 39 38 30 30 30 30 30 30 30 30 30 30 30 30 30 30 30 30 0d 0a
              0x0205B969  Status idx=5 dev=41

    4982.2ms  RX  ◄──  [1.3]  54 30 32 30 35 62 39 61 39 38 30 30 30 30 66 66 66 66 30 31 30 30 30 30 30 30 0d 0a
              0x0205B9A9  Status idx=6 dev=41

    4985.2ms  TX  ──►  [1.3]  54 30 32 30 35 32 63 38 30 38 30 30 30 30 30 30 30 30 30 30 30 32 30 30 30 30 0d
              0x02052C80  cls=0x0b idx=2 dev=0

    4985.4ms  TX  ──►  [1.3]  54 30 30 30 35 30 32 63 30 31 30 31 0d
              0x000502C0  cls=0x00 idx=11 dev=0

    4995.3ms  TX  ──►  [1.3]  54 30 32 30 35 30 31 32 39 38 32 64 62 32 33 62 34 31 30 30 30 30 30 30 30 30 0d
              0x02050129  cls=0x00 idx=4 dev=41

    5000.2ms  RX  ◄──  [1.3]  54 30 32 30 35 62 38 32 39 38 63 33 31 39 39 35 30 36 30 30 31 63 38 30 30 30 0d 0a
              0x0205B829  Status idx=0 dev=41

    5000.3ms  RX  ◄──  [1.3]  54 30 32 30 35 62 38 61 39 38 30 30 63 30 38 39 33 61 61 35 66 66 33 62 63 32 0d 0a
              0x0205B8A9  Status idx=2 dev=41

    5000.5ms  RX  ◄──  [1.3]  54 30 32 30 35 62 38 65 39 38 33 32 30 30 30 30 30 30 62 36 35 66 37 62 33 65 0d 0a
              0x0205B8E9  Status idx=3 dev=41

    5001.8ms  RX  ◄──  [1.3]  54 30 32 30 35 62 39 32 39 38 30 30 30 30 30 30 30 30 30 30 30 30 30 30 30 30 0d 0a
              0x0205B929  Status idx=4 dev=41

    5002.3ms  RX  ◄──  [1.3]  54 30 32 30 35 62 39 36 39 38 30 30 30 30 30 30 30 30 30 30 30 30 30 30 30 30 0d 0a
              0x0205B969  Status idx=5 dev=41

    5002.4ms  RX  ◄──  [1.3]  54 30 32 30 35 62 39 61 39 38 30 30 30 30 66 66 66 66 30 31 30 30 30 30 30 30 0d 0a
              0x0205B9A9  Status idx=6 dev=41

    5016.0ms  TX  ──►  [1.3]  54 30 32 30 35 32 63 38 30 38 30 30 30 30 30 30 30 30 30 30 30 32 30 30 30 30 0d
              0x02052C80  cls=0x0b idx=2 dev=0

    5016.1ms  TX  ──►  [1.3]  54 30 30 30 35 30 32 63 30 31 30 31 0d
              0x000502C0  cls=0x00 idx=11 dev=0

    5016.2ms  TX  ──►  [1.3]  54 30 32 30 35 30 31 32 39 38 32 64 62 32 33 62 34 31 30 30 30 30 30 30 30 30 0d
              0x02050129  cls=0x00 idx=4 dev=41

    5020.3ms  RX  ◄──  [1.3]  54 30 32 30 35 62 38 32 39 38 63 32 31 39 39 64 30 36 30 30 31 63 38 30 30 30 0d 0a
              0x0205B829  Status idx=0 dev=41

    5020.4ms  RX  ◄──  [1.3]  54 30 32 30 35 62 38 61 39 38 30 30 63 30 38 39 33 61 61 35 66 66 33 62 63 32 0d 0a
              0x0205B8A9  Status idx=2 dev=41

    5020.6ms  RX  ◄──  [1.3]  54 30 32 30 35 62 38 65 39 38 33 32 30 30 30 30 30 30 62 63 63 36 37 63 33 65 0d 0a
              0x0205B8E9  Status idx=3 dev=41

    5021.0ms  RX  ◄──  [1.3]  54 30 32 30 35 62 39 32 39 38 30 30 30 30 30 30 30 30 30 30 30 30 30 30 30 30 0d 0a
              0x0205B929  Status idx=4 dev=41

    5022.1ms  RX  ◄──  [1.3]  54 30 32 30 35 62 39 36 39 38 30 30 30 30 30 30 30 30 30 30 30 30 30 30 30 30 0d 0a
              0x0205B969  Status idx=5 dev=41

    5022.2ms  RX  ◄──  [1.3]  54 30 32 30 35 62 39 61 39 38 30 30 30 30 66 66 66 66 30 31 30 30 30 30 30 30 0d 0a
              0x0205B9A9  Status idx=6 dev=41

    5036.3ms  TX  ──►  [1.3]  54 30 32 30 35 30 31 32 39 38 32 64 62 32 33 62 34 31 30 30 30 30 30 30 30 30 0d
              0x02050129  cls=0x00 idx=4 dev=41

    5040.2ms  RX  ◄──  [1.3]  54 30 32 30 35 62 38 32 39 38 63 33 31 39 39 35 30 36 30 30 31 63 38 30 30 30 0d 0a
              0x0205B829  Status idx=0 dev=41

    5040.3ms  RX  ◄──  [1.3]  54 30 32 30 35 62 38 61 39 38 30 30 63 30 38 39 33 61 61 35 66 66 33 62 63 32 0d 0a
              0x0205B8A9  Status idx=2 dev=41

    5040.5ms  RX  ◄──  [1.3]  54 30 32 30 35 62 38 65 39 38 33 32 30 30 30 30 30 30 36 34 33 34 37 66 33 65 0d 0a
              0x0205B8E9  Status idx=3 dev=41

    5041.0ms  RX  ◄──  [1.3]  54 30 32 30 35 62 39 32 39 38 30 30 30 30 30 30 30 30 30 30 30 30 30 30 30 30 0d 0a
              0x0205B929  Status idx=4 dev=41

    5042.1ms  RX  ◄──  [1.3]  54 30 32 30 35 62 39 36 39 38 30 30 30 30 30 30 30 30 30 30 30 30 30 30 30 30 0d 0a
              0x0205B969  Status idx=5 dev=41

    5042.3ms  RX  ◄──  [1.3]  54 30 32 30 35 62 39 61 39 38 30 30 30 30 66 66 66 66 30 31 30 30 30 30 30 30 0d 0a
              0x0205B9A9  Status idx=6 dev=41

    5046.5ms  TX  ──►  [1.3]  54 30 32 30 35 32 63 38 30 38 30 30 30 30 30 30 30 30 30 30 30 32 30 30 30 30 0d
              0x02052C80  cls=0x0b idx=2 dev=0

    5046.8ms  TX  ──►  [1.3]  54 30 30 30 35 30 32 63 30 31 30 31 0d
              0x000502C0  cls=0x00 idx=11 dev=0

    5056.8ms  TX  ──►  [1.3]  54 30 32 30 35 30 31 32 39 38 32 64 62 32 33 62 34 31 30 30 30 30 30 30 30 30 0d
              0x02050129  cls=0x00 idx=4 dev=41

    5060.2ms  RX  ◄──  [1.3]  54 30 32 30 35 62 38 32 39 38 63 33 31 39 39 35 30 36 30 30 31 63 38 30 30 30 0d 0a
              0x0205B829  Status idx=0 dev=41

    5060.3ms  RX  ◄──  [1.3]  54 30 32 30 35 62 38 61 39 38 30 30 63 30 38 39 33 61 61 35 66 66 33 62 63 32 0d 0a
              0x0205B8A9  Status idx=2 dev=41

    5060.4ms  RX  ◄──  [1.3]  54 30 32 30 35 62 38 65 39 38 33 31 30 30 30 30 30 30 31 34 38 35 37 39 33 65 0d 0a
              0x0205B8E9  Status idx=3 dev=41

    5061.8ms  RX  ◄──  [1.3]  54 30 32 30 35 62 39 32 39 38 30 30 30 30 30 30 30 30 30 30 30 30 30 30 30 30 0d 0a
              0x0205B929  Status idx=4 dev=41

    5062.2ms  RX  ◄──  [1.3]  54 30 32 30 35 62 39 36 39 38 30 30 30 30 30 30 30 30 30 30 30 30 30 30 30 30 0d 0a
              0x0205B969  Status idx=5 dev=41

    5062.3ms  RX  ◄──  [1.3]  54 30 32 30 35 62 39 61 39 38 30 30 30 30 66 66 66 66 30 31 30 30 30 30 30 30 0d 0a
              0x0205B9A9  Status idx=6 dev=41

    5077.3ms  TX  ──►  [1.3]  54 30 32 30 35 32 63 38 30 38 30 30 30 30 30 30 30 30 30 30 30 32 30 30 30 30 0d
              0x02052C80  cls=0x0b idx=2 dev=0

    5077.5ms  TX  ──►  [1.3]  54 30 30 30 35 30 32 63 30 31 30 31 0d
              0x000502C0  cls=0x00 idx=11 dev=0

    5077.7ms  TX  ──►  [1.3]  54 30 32 30 35 30 31 32 39 38 32 64 62 32 33 62 34 31 30 30 30 30 30 30 30 30 0d
              0x02050129  cls=0x00 idx=4 dev=41

    5080.3ms  RX  ◄──  [1.3]  54 30 32 30 35 62 38 32 39 38 63 32 31 39 39 63 30 36 30 30 31 63 38 30 30 30 0d 0a
              0x0205B829  Status idx=0 dev=41

    5080.4ms  RX  ◄──  [1.3]  54 30 32 30 35 62 38 61 39 38 30 30 63 30 38 39 33 61 61 35 66 66 33 62 63 32 0d 0a
              0x0205B8A9  Status idx=2 dev=41

    5080.5ms  RX  ◄──  [1.3]  54 30 32 30 35 62 38 65 39 38 33 32 30 30 30 30 30 30 65 38 64 63 37 64 33 65 0d 0a
              0x0205B8E9  Status idx=3 dev=41

    5080.9ms  RX  ◄──  [1.3]  54 30 32 30 35 62 39 32 39 38 30 30 30 30 30 30 30 30 30 30 30 30 30 30 30 30 0d 0a
              0x0205B929  Status idx=4 dev=41

    5082.1ms  RX  ◄──  [1.3]  54 30 32 30 35 62 39 36 39 38 30 30 30 30 30 30 30 30 30 30 30 30 30 30 30 30 0d 0a
              0x0205B969  Status idx=5 dev=41

    5082.2ms  RX  ◄──  [1.3]  54 30 32 30 35 62 39 61 39 38 30 30 30 30 66 66 66 66 30 31 30 30 30 30 30 30 0d 0a
              0x0205B9A9  Status idx=6 dev=41

    5097.8ms  TX  ──►  [1.3]  54 30 32 30 35 30 31 32 39 38 32 64 62 32 33 62 34 31 30 30 30 30 30 30 30 30 0d
              0x02050129  cls=0x00 idx=4 dev=41

    5100.3ms  RX  ◄──  [1.3]  54 30 32 30 35 62 38 32 39 38 63 33 31 39 39 36 30 36 30 30 31 63 38 30 30 30 0d 0a
              0x0205B829  Status idx=0 dev=41

    5100.4ms  RX  ◄──  [1.3]  54 30 32 30 35 62 38 61 39 38 30 30 63 30 38 39 33 61 61 35 66 66 33 62 63 32 0d 0a
              0x0205B8A9  Status idx=2 dev=41

    5100.5ms  RX  ◄──  [1.3]  54 30 32 30 35 62 38 65 39 38 33 32 30 30 30 30 30 30 62 65 61 34 37 63 33 65 0d 0a
              0x0205B8E9  Status idx=3 dev=41

    5101.0ms  RX  ◄──  [1.3]  54 30 32 30 35 62 39 32 39 38 30 30 30 30 30 30 30 30 30 30 30 30 30 30 30 30 0d 0a
              0x0205B929  Status idx=4 dev=41

    5102.1ms  RX  ◄──  [1.3]  54 30 32 30 35 62 39 36 39 38 30 30 30 30 30 30 30 30 30 30 30 30 30 30 30 30 0d 0a
              0x0205B969  Status idx=5 dev=41

    5102.3ms  RX  ◄──  [1.3]  54 30 32 30 35 62 39 61 39 38 30 30 30 30 66 66 66 66 30 31 30 30 30 30 30 30 0d 0a
              0x0205B9A9  Status idx=6 dev=41

    5108.1ms  TX  ──►  [1.3]  54 30 32 30 35 32 63 38 30 38 30 30 30 30 30 30 30 30 30 30 30 32 30 30 30 30 0d
              0x02052C80  cls=0x0b idx=2 dev=0

    5108.2ms  TX  ──►  [1.3]  54 30 30 30 35 30 32 63 30 31 30 31 0d
              0x000502C0  cls=0x00 idx=11 dev=0

    5110.0ms  RX  ◄──  [1.3]  54 30 32 30 35 62 38 36 39 38 30 30 30 30 30 30 30 30 30 30 30 30 30 30 30 30 0d 0a
              0x0205B869  Status idx=1 dev=41

    5118.4ms  TX  ──►  [1.3]  54 30 32 30 35 30 31 32 39 38 32 64 62 32 33 62 34 31 30 30 30 30 30 30 30 30 0d
              0x02050129  cls=0x00 idx=4 dev=41

    5120.3ms  RX  ◄──  [1.3]  54 30 32 30 35 62 38 32 39 38 63 33 31 39 39 36 30 36 30 30 31 63 38 30 30 30 0d 0a
              0x0205B829  Status idx=0 dev=41

    5120.4ms  RX  ◄──  [1.3]  54 30 32 30 35 62 38 61 39 38 30 30 63 30 38 39 33 61 61 35 66 66 33 62 63 32 0d 0a
              0x0205B8A9  Status idx=2 dev=41

    5120.5ms  RX  ◄──  [1.3]  54 30 32 30 35 62 38 65 39 38 33 32 30 30 30 30 30 30 37 65 39 61 37 62 33 65 0d 0a
              0x0205B8E9  Status idx=3 dev=41

    5121.8ms  RX  ◄──  [1.3]  54 30 32 30 35 62 39 32 39 38 30 30 30 30 30 30 30 30 30 30 30 30 30 30 30 30 0d 0a
              0x0205B929  Status idx=4 dev=41

    5122.1ms  RX  ◄──  [1.3]  54 30 32 30 35 62 39 36 39 38 30 30 30 30 30 30 30 30 30 30 30 30 30 30 30 30 0d 0a
              0x0205B969  Status idx=5 dev=41

    5122.3ms  RX  ◄──  [1.3]  54 30 32 30 35 62 39 61 39 38 30 30 30 30 66 66 66 66 30 31 30 30 30 30 30 30 0d 0a
              0x0205B9A9  Status idx=6 dev=41

    5139.0ms  TX  ──►  [1.3]  54 30 32 30 35 32 63 38 30 38 30 30 30 30 30 30 30 30 30 30 30 32 30 30 30 30 0d
              0x02052C80  cls=0x0b idx=2 dev=0

    5139.2ms  TX  ──►  [1.3]  54 30 30 30 35 30 32 63 30 31 30 31 0d
              0x000502C0  cls=0x00 idx=11 dev=0

    5139.3ms  TX  ──►  [1.3]  54 30 32 30 35 30 31 32 39 38 32 64 62 32 33 62 34 31 30 30 30 30 30 30 30 30 0d
              0x02050129  cls=0x00 idx=4 dev=41

    5140.6ms  RX  ◄──  [1.3]  54 30 32 30 35 62 38 32 39 38 63 32 31 39 39 62 30 36 30 30 31 63 38 30 30 30 0d 0a
              0x0205B829  Status idx=0 dev=41

    5140.8ms  RX  ◄──  [1.3]  54 30 32 30 35 62 38 61 39 38 30 30 63 30 38 39 33 61 61 35 66 66 33 62 63 32 0d 0a
              0x0205B8A9  Status idx=2 dev=41

    5141.1ms  RX  ◄──  [1.3]  54 30 32 30 35 62 38 65 39 38 33 32 30 30 30 30 30 30 31 36 35 38 37 64 33 65 0d 0a
              0x0205B8E9  Status idx=3 dev=41

    5141.3ms  RX  ◄──  [1.3]  54 30 32 30 35 62 39 32 39 38 30 30 30 30 30 30 30 30 30 30 30 30 30 30 30 30 0d 0a
              0x0205B929  Status idx=4 dev=41

    5142.0ms  RX  ◄──  [1.3]  54 30 32 30 35 62 39 36 39 38 30 30 30 30 30 30 30 30 30 30 30 30 30 30 30 30 0d 0a
              0x0205B969  Status idx=5 dev=41

    5142.2ms  RX  ◄──  [1.3]  54 30 32 30 35 62 39 61 39 38 30 30 30 30 66 66 66 66 30 31 30 30 30 30 30 30 0d 0a
              0x0205B9A9  Status idx=6 dev=41

    5159.7ms  TX  ──►  [1.3]  54 30 32 30 35 30 31 32 39 38 32 64 62 32 33 62 34 31 30 30 30 30 30 30 30 30 0d
              0x02050129  cls=0x00 idx=4 dev=41

    5160.4ms  RX  ◄──  [1.3]  54 30 32 30 35 62 38 32 39 38 63 33 31 39 39 35 30 36 30 30 31 63 38 30 30 30 0d 0a
              0x0205B829  Status idx=0 dev=41

    5160.5ms  RX  ◄──  [1.3]  54 30 32 30 35 62 38 61 39 38 30 30 63 30 38 39 33 61 61 35 66 66 33 62 63 32 0d 0a
              0x0205B8A9  Status idx=2 dev=41

    5160.8ms  RX  ◄──  [1.3]  54 30 32 30 35 62 38 65 39 38 33 31 30 34 30 30 30 30 32 38 65 64 37 62 33 65 0d 0a
              0x0205B8E9  Status idx=3 dev=41

    5161.0ms  RX  ◄──  [1.3]  54 30 32 30 35 62 39 32 39 38 30 30 30 30 30 30 30 30 30 30 30 30 30 30 30 30 0d 0a
              0x0205B929  Status idx=4 dev=41

    5162.1ms  RX  ◄──  [1.3]  54 30 32 30 35 62 39 36 39 38 30 30 30 30 30 30 30 30 30 30 30 30 30 30 30 30 0d 0a
              0x0205B969  Status idx=5 dev=41

    5162.3ms  RX  ◄──  [1.3]  54 30 32 30 35 62 39 61 39 38 30 30 30 30 66 66 66 66 30 31 30 30 30 30 30 30 0d 0a
              0x0205B9A9  Status idx=6 dev=41

    5169.3ms  TX  ──►  [1.3]  54 30 32 30 35 32 63 38 30 38 30 30 30 30 30 30 30 30 30 30 30 32 30 30 30 30 0d
              0x02052C80  cls=0x0b idx=2 dev=0

    5169.5ms  TX  ──►  [1.3]  54 30 30 30 35 30 32 63 30 31 30 31 0d
              0x000502C0  cls=0x00 idx=11 dev=0

    5179.6ms  TX  ──►  [1.3]  54 30 32 30 35 30 31 32 39 38 32 64 62 32 33 62 34 31 30 30 30 30 30 30 30 30 0d
              0x02050129  cls=0x00 idx=4 dev=41

    5180.5ms  RX  ◄──  [1.3]  54 30 32 30 35 62 38 32 39 38 63 33 31 39 39 36 30 36 30 30 31 63 38 30 30 30 0d 0a
              0x0205B829  Status idx=0 dev=41

    5180.6ms  RX  ◄──  [1.3]  54 30 32 30 35 62 38 61 39 38 30 30 63 30 38 39 33 61 61 35 66 66 33 62 63 32 0d 0a
              0x0205B8A9  Status idx=2 dev=41

    5180.8ms  RX  ◄──  [1.3]  54 30 32 30 35 62 38 65 39 38 33 32 30 30 30 30 30 30 30 30 33 34 37 63 33 65 0d 0a
              0x0205B8E9  Status idx=3 dev=41

    5181.9ms  RX  ◄──  [1.3]  54 30 32 30 35 62 39 32 39 38 30 30 30 30 30 30 30 30 30 30 30 30 30 30 30 30 0d 0a
              0x0205B929  Status idx=4 dev=41

    5182.3ms  RX  ◄──  [1.3]  54 30 32 30 35 62 39 36 39 38 30 30 30 30 30 30 30 30 30 30 30 30 30 30 30 30 0d 0a
              0x0205B969  Status idx=5 dev=41

    5182.4ms  RX  ◄──  [1.3]  54 30 32 30 35 62 39 61 39 38 30 30 30 30 66 66 66 66 30 31 30 30 30 30 30 30 0d 0a
              0x0205B9A9  Status idx=6 dev=41

    5200.2ms  TX  ──►  [1.3]  54 30 32 30 35 32 63 38 30 38 30 30 30 30 30 30 30 30 30 30 30 32 30 30 30 30 0d
              0x02052C80  cls=0x0b idx=2 dev=0

    5200.2ms  RX  ◄──  [1.3]  54 30 32 30 35 62 38 32 39 38 63 32 31 39 39 63 30 36 30 30 31 63 38 30 30 30 0d 0a
              0x0205B829  Status idx=0 dev=41

    5200.3ms  TX  ──►  [1.3]  54 30 30 30 35 30 32 63 30 31 30 31 0d
              0x000502C0  cls=0x00 idx=11 dev=0

    5200.4ms  TX  ──►  [1.3]  54 30 32 30 35 30 31 32 39 38 32 64 62 32 33 62 34 31 30 30 30 30 30 30 30 30 0d
              0x02050129  cls=0x00 idx=4 dev=41

    5200.7ms  RX  ◄──  [1.3]  54 30 32 30 35 62 38 61 39 38 30 30 63 30 38 39 33 61 61 35 66 66 33 62 63 32 0d 0a
              0x0205B8A9  Status idx=2 dev=41

    5201.0ms  RX  ◄──  [1.3]  54 30 32 30 35 62 38 65 39 38 33 32 30 30 30 30 30 30 34 38 39 30 37 65 33 65 0d 0a
              0x0205B8E9  Status idx=3 dev=41

    5201.3ms  RX  ◄──  [1.3]  54 30 32 30 35 62 39 32 39 38 30 30 30 30 30 30 30 30 30 30 30 30 30 30 30 30 0d 0a
              0x0205B929  Status idx=4 dev=41

    5202.1ms  RX  ◄──  [1.3]  54 30 32 30 35 62 39 36 39 38 30 30 30 30 30 30 30 30 30 30 30 30 30 30 30 30 0d 0a
              0x0205B969  Status idx=5 dev=41

    5202.2ms  RX  ◄──  [1.3]  54 30 32 30 35 62 39 61 39 38 30 30 30 30 66 66 66 66 30 31 30 30 30 30 30 30 0d 0a
              0x0205B9A9  Status idx=6 dev=41

    5220.3ms  RX  ◄──  [1.3]  54 30 32 30 35 62 38 32 39 38 63 33 31 39 39 35 30 36 30 30 31 63 38 30 30 30 0d 0a
              0x0205B829  Status idx=0 dev=41

    5220.4ms  RX  ◄──  [1.3]  54 30 32 30 35 62 38 61 39 38 30 30 63 30 38 39 33 61 61 35 66 66 33 62 63 32 0d 0a
              0x0205B8A9  Status idx=2 dev=41

    5220.5ms  RX  ◄──  [1.3]  54 30 32 30 35 62 38 65 39 38 33 32 30 30 30 30 30 30 31 61 64 30 37 62 33 65 0d 0a
              0x0205B8E9  Status idx=3 dev=41

    5220.6ms  TX  ──►  [1.3]  54 30 32 30 35 30 31 32 39 38 32 64 62 32 33 62 34 31 30 30 30 30 30 30 30 30 0d
              0x02050129  cls=0x00 idx=4 dev=41

    5221.1ms  RX  ◄──  [1.3]  54 30 32 30 35 62 39 32 39 38 30 30 30 30 30 30 30 30 30 30 30 30 30 30 30 30 0d 0a
              0x0205B929  Status idx=4 dev=41

    5222.0ms  RX  ◄──  [1.3]  54 30 32 30 35 62 39 36 39 38 30 30 30 30 30 30 30 30 30 30 30 30 30 30 30 30 0d 0a
              0x0205B969  Status idx=5 dev=41

    5222.2ms  RX  ◄──  [1.3]  54 30 32 30 35 62 39 61 39 38 30 30 30 30 66 66 66 66 30 31 30 30 30 30 30 30 0d 0a
              0x0205B9A9  Status idx=6 dev=41

    5230.6ms  TX  ──►  [1.3]  54 30 32 30 35 32 63 38 30 38 30 30 30 30 30 30 30 30 30 30 30 32 30 30 30 30 0d
              0x02052C80  cls=0x0b idx=2 dev=0

    5230.7ms  TX  ──►  [1.3]  54 30 30 30 35 30 32 63 30 31 30 31 0d
              0x000502C0  cls=0x00 idx=11 dev=0

    5240.3ms  RX  ◄──  [1.3]  54 30 32 30 35 62 38 32 39 38 63 33 31 39 39 36 30 36 30 30 31 63 38 30 30 30 0d 0a
              0x0205B829  Status idx=0 dev=41

    5240.4ms  RX  ◄──  [1.3]  54 30 32 30 35 62 38 61 39 38 30 30 63 30 38 39 33 61 61 35 66 66 33 62 63 32 0d 0a
              0x0205B8A9  Status idx=2 dev=41

    5240.5ms  RX  ◄──  [1.3]  54 30 32 30 35 62 38 65 39 38 33 32 30 30 30 30 30 30 33 34 39 32 37 61 33 65 0d 0a
              0x0205B8E9  Status idx=3 dev=41

    5241.1ms  TX  ──►  [1.3]  54 30 32 30 35 30 31 32 39 38 32 64 62 32 33 62 34 31 30 30 30 30 30 30 30 30 0d
              0x02050129  cls=0x00 idx=4 dev=41

    5242.2ms  RX  ◄──  [1.3]  54 30 32 30 35 62 39 32 39 38 30 30 30 30 30 30 30 30 30 30 30 30 30 30 30 30 0d 0a
              0x0205B929  Status idx=4 dev=41

    5242.4ms  RX  ◄──  [1.3]  54 30 32 30 35 62 39 36 39 38 30 30 30 30 30 30 30 30 30 30 30 30 30 30 30 30 0d 0a
              0x0205B969  Status idx=5 dev=41

    5242.6ms  RX  ◄──  [1.3]  54 30 32 30 35 62 39 61 39 38 30 30 30 30 66 66 66 66 30 31 30 30 30 30 30 30 0d 0a
              0x0205B9A9  Status idx=6 dev=41

    5260.3ms  RX  ◄──  [1.3]  54 30 32 30 35 62 38 32 39 38 63 32 31 39 39 63 30 36 30 30 31 63 38 30 30 30 0d 0a
              0x0205B829  Status idx=0 dev=41

    5260.4ms  RX  ◄──  [1.3]  54 30 32 30 35 62 38 61 39 38 30 30 63 30 38 39 33 61 61 35 66 66 33 62 63 32 0d 0a
              0x0205B8A9  Status idx=2 dev=41

    5260.6ms  RX  ◄──  [1.3]  54 30 32 30 35 62 38 65 39 38 33 32 30 30 30 30 30 30 62 36 38 35 37 66 33 65 0d 0a
              0x0205B8E9  Status idx=3 dev=41

    5261.3ms  TX  ──►  [1.3]  54 30 32 30 35 32 63 38 30 38 30 30 30 30 30 30 30 30 30 30 30 32 30 30 30 30 0d
              0x02052C80  cls=0x0b idx=2 dev=0

    5261.5ms  TX  ──►  [1.3]  54 30 30 30 35 30 32 63 30 31 30 31 0d
              0x000502C0  cls=0x00 idx=11 dev=0

    5261.6ms  TX  ──►  [1.3]  54 30 32 30 35 30 31 32 39 38 32 64 62 32 33 62 34 31 30 30 30 30 30 30 30 30 0d
              0x02050129  cls=0x00 idx=4 dev=41

    5262.5ms  RX  ◄──  [1.3]  54 30 32 30 35 62 39 32 39 38 30 30 30 30 30 30 30 30 30 30 30 30 30 30 30 30 0d 0a
              0x0205B929  Status idx=4 dev=41

    5262.7ms  RX  ◄──  [1.3]  54 30 32 30 35 62 39 36 39 38 30 30 30 30 30 30 30 30 30 30 30 30 30 30 30 30 0d 0a
              0x0205B969  Status idx=5 dev=41

    5262.9ms  RX  ◄──  [1.3]  54 30 32 30 35 62 39 61 39 38 30 30 30 30 66 66 66 66 30 31 30 30 30 30 30 30 0d 0a
              0x0205B9A9  Status idx=6 dev=41

    5280.3ms  RX  ◄──  [1.3]  54 30 32 30 35 62 38 32 39 38 63 33 31 39 39 35 30 36 30 30 31 63 38 30 30 30 0d 0a
              0x0205B829  Status idx=0 dev=41

    5280.4ms  RX  ◄──  [1.3]  54 30 32 30 35 62 38 61 39 38 30 30 63 30 38 39 33 61 61 35 66 66 33 62 63 32 0d 0a
              0x0205B8A9  Status idx=2 dev=41

    5280.6ms  RX  ◄──  [1.3]  54 30 32 30 35 62 38 65 39 38 33 31 30 30 30 30 30 30 34 61 64 38 37 38 33 65 0d 0a
              0x0205B8E9  Status idx=3 dev=41

    5281.9ms  TX  ──►  [1.3]  54 30 32 30 35 30 31 32 39 38 32 64 62 32 33 62 34 31 30 30 30 30 30 30 30 30 0d
              0x02050129  cls=0x00 idx=4 dev=41

    5282.4ms  RX  ◄──  [1.3]  54 30 32 30 35 62 39 32 39 38 30 30 30 30 30 30 30 30 30 30 30 30 30 30 30 30 0d 0a
              0x0205B929  Status idx=4 dev=41

    5282.5ms  RX  ◄──  [1.3]  54 30 32 30 35 62 39 36 39 38 30 30 30 30 30 30 30 30 30 30 30 30 30 30 30 30 0d 0a
              0x0205B969  Status idx=5 dev=41

    5282.6ms  RX  ◄──  [1.3]  54 30 32 30 35 62 39 61 39 38 30 30 30 30 66 66 66 66 30 31 30 30 30 30 30 30 0d 0a
              0x0205B9A9  Status idx=6 dev=41

    5292.0ms  TX  ──►  [1.3]  54 30 32 30 35 32 63 38 30 38 30 30 30 30 30 30 30 30 30 30 30 32 30 30 30 30 0d
              0x02052C80  cls=0x0b idx=2 dev=0

    5292.1ms  TX  ──►  [1.3]  54 30 30 30 35 30 32 63 30 31 30 31 0d
              0x000502C0  cls=0x00 idx=11 dev=0

    5300.3ms  RX  ◄──  [1.3]  54 30 32 30 35 62 38 32 39 38 63 33 31 39 39 35 30 36 30 30 31 63 38 30 30 30 0d 0a
              0x0205B829  Status idx=0 dev=41

    5300.4ms  RX  ◄──  [1.3]  54 30 32 30 35 62 38 61 39 38 30 30 63 30 38 39 33 61 61 35 66 66 33 62 63 32 0d 0a
              0x0205B8A9  Status idx=2 dev=41

    5300.5ms  RX  ◄──  [1.3]  54 30 32 30 35 62 38 65 39 38 33 32 30 30 30 30 30 30 32 32 66 64 37 63 33 65 0d 0a
              0x0205B8E9  Status idx=3 dev=41

    5301.9ms  TX  ──►  [1.3]  54 30 32 30 35 30 31 32 39 38 32 64 62 32 33 62 34 31 30 30 30 30 30 30 30 30 0d
              0x02050129  cls=0x00 idx=4 dev=41

    5302.5ms  RX  ◄──  [1.3]  54 30 32 30 35 62 39 32 39 38 30 30 30 30 30 30 30 30 30 30 30 30 30 30 30 30 0d 0a
              0x0205B929  Status idx=4 dev=41

    5302.5ms  RX  ◄──  [1.3]  54 30 32 30 35 62 39 36 39 38 30 30 30 30 30 30 30 30 30 30 30 30 30 30 30 30 0d 0a
              0x0205B969  Status idx=5 dev=41

    5302.7ms  RX  ◄──  [1.3]  54 30 32 30 35 62 39 61 39 38 30 30 30 30 66 66 66 66 30 31 30 30 30 30 30 30 0d 0a
              0x0205B9A9  Status idx=6 dev=41

    5320.3ms  RX  ◄──  [1.3]  54 30 32 30 35 62 38 32 39 38 63 32 31 39 39 63 30 36 30 30 31 63 38 30 30 30 0d 0a
              0x0205B829  Status idx=0 dev=41

    5320.5ms  RX  ◄──  [1.3]  54 30 32 30 35 62 38 61 39 38 30 30 63 30 38 39 33 61 61 35 66 66 33 62 63 32 0d 0a
              0x0205B8A9  Status idx=2 dev=41

    5320.6ms  RX  ◄──  [1.3]  54 30 32 30 35 62 38 65 39 38 33 33 30 30 30 30 30 30 30 34 33 37 38 30 33 65 0d 0a
              0x0205B8E9  Status idx=3 dev=41

    5321.9ms  TX  ──►  [1.3]  54 30 32 30 35 32 63 38 30 38 30 30 30 30 30 30 30 30 30 30 30 32 30 30 30 30 0d
              0x02052C80  cls=0x0b idx=2 dev=0

    5322.1ms  TX  ──►  [1.3]  54 30 30 30 35 30 32 63 30 31 30 31 0d
              0x000502C0  cls=0x00 idx=11 dev=0

    5322.2ms  TX  ──►  [1.3]  54 30 32 30 35 30 31 32 39 38 32 64 62 32 33 62 34 31 30 30 30 30 30 30 30 30 0d
              0x02050129  cls=0x00 idx=4 dev=41

    5322.5ms  RX  ◄──  [1.3]  54 30 32 30 35 62 39 32 39 38 30 30 30 30 30 30 30 30 30 30 30 30 30 30 30 30 0d 0a
              0x0205B929  Status idx=4 dev=41

    5322.8ms  RX  ◄──  [1.3]  54 30 32 30 35 62 39 36 39 38 30 30 30 30 30 30 30 30 30 30 30 30 30 30 30 30 0d 0a
              0x0205B969  Status idx=5 dev=41

    5323.0ms  RX  ◄──  [1.3]  54 30 32 30 35 62 39 61 39 38 30 30 30 30 66 66 66 66 30 31 30 30 30 30 30 30 0d 0a
              0x0205B9A9  Status idx=6 dev=41

    5340.3ms  RX  ◄──  [1.3]  54 30 32 30 35 62 38 32 39 38 63 33 31 39 39 35 30 36 30 30 31 63 38 30 30 30 0d 0a
              0x0205B829  Status idx=0 dev=41

    5340.4ms  RX  ◄──  [1.3]  54 30 32 30 35 62 38 61 39 38 30 30 63 30 38 39 33 61 61 35 66 66 33 62 63 32 0d 0a
              0x0205B8A9  Status idx=2 dev=41

    5340.5ms  RX  ◄──  [1.3]  54 30 32 30 35 62 38 65 39 38 33 31 30 30 30 30 30 30 36 65 38 64 37 61 33 65 0d 0a
              0x0205B8E9  Status idx=3 dev=41

    5342.1ms  RX  ◄──  [1.3]  54 30 32 30 35 62 39 32 39 38 30 30 30 30 30 30 30 30 30 30 30 30 30 30 30 30 0d 0a
              0x0205B929  Status idx=4 dev=41

    5342.3ms  RX  ◄──  [1.3]  54 30 32 30 35 62 39 36 39 38 30 30 30 30 30 30 30 30 30 30 30 30 30 30 30 30 0d 0a
              0x0205B969  Status idx=5 dev=41

    5342.4ms  RX  ◄──  [1.3]  54 30 32 30 35 62 39 61 39 38 30 30 30 30 66 66 66 66 30 31 30 30 30 30 30 30 0d 0a
              0x0205B9A9  Status idx=6 dev=41

    5342.6ms  TX  ──►  [1.3]  54 30 32 30 35 30 31 32 39 38 32 64 62 32 33 62 34 31 30 30 30 30 30 30 30 30 0d
              0x02050129  cls=0x00 idx=4 dev=41

    5353.0ms  TX  ──►  [1.3]  54 30 32 30 35 32 63 38 30 38 30 30 30 30 30 30 30 30 30 30 30 32 30 30 30 30 0d
              0x02052C80  cls=0x0b idx=2 dev=0

    5353.2ms  TX  ──►  [1.3]  54 30 30 30 35 30 32 63 30 31 30 31 0d
              0x000502C0  cls=0x00 idx=11 dev=0

    5360.4ms  RX  ◄──  [1.3]  54 30 32 30 35 62 38 32 39 38 63 33 31 39 39 35 30 36 30 30 31 63 38 30 30 30 0d 0a
              0x0205B829  Status idx=0 dev=41

    5360.5ms  RX  ◄──  [1.3]  54 30 32 30 35 62 38 36 39 38 30 30 30 30 30 30 30 30 30 30 30 30 30 30 30 30 0d 0a
              0x0205B869  Status idx=1 dev=41

    5360.6ms  RX  ◄──  [1.3]  54 30 32 30 35 62 38 61 39 38 30 30 63 30 38 39 33 61 61 35 66 66 33 62 63 32 0d 0a
              0x0205B8A9  Status idx=2 dev=41

    5360.8ms  RX  ◄──  [1.3]  54 30 32 30 35 62 38 65 39 38 33 32 30 30 30 30 30 30 64 30 63 66 37 63 33 65 0d 0a
              0x0205B8E9  Status idx=3 dev=41

    5362.4ms  RX  ◄──  [1.3]  54 30 32 30 35 62 39 32 39 38 30 30 30 30 30 30 30 30 30 30 30 30 30 30 30 30 0d 0a
              0x0205B929  Status idx=4 dev=41

    5362.5ms  RX  ◄──  [1.3]  54 30 32 30 35 62 39 36 39 38 30 30 30 30 30 30 30 30 30 30 30 30 30 30 30 30 0d 0a
              0x0205B969  Status idx=5 dev=41

    5362.6ms  RX  ◄──  [1.3]  54 30 32 30 35 62 39 61 39 38 30 30 30 30 66 66 66 66 30 31 30 30 30 30 30 30 0d 0a
              0x0205B9A9  Status idx=6 dev=41

    5363.0ms  TX  ──►  [1.3]  54 30 32 30 35 30 31 32 39 38 32 64 62 32 33 62 34 31 30 30 30 30 30 30 30 30 0d
              0x02050129  cls=0x00 idx=4 dev=41

    5380.3ms  RX  ◄──  [1.3]  54 30 32 30 35 62 38 32 39 38 63 32 31 39 39 63 30 36 30 30 31 63 38 30 30 30 0d 0a
              0x0205B829  Status idx=0 dev=41

    5380.4ms  RX  ◄──  [1.3]  54 30 32 30 35 62 38 61 39 38 30 30 63 30 38 39 33 61 61 35 66 66 33 62 63 32 0d 0a
              0x0205B8A9  Status idx=2 dev=41

    5380.6ms  RX  ◄──  [1.3]  54 30 32 30 35 62 38 65 39 38 33 32 30 30 30 30 30 30 34 65 64 38 37 65 33 65 0d 0a
              0x0205B8E9  Status idx=3 dev=41

    5382.3ms  RX  ◄──  [1.3]  54 30 32 30 35 62 39 32 39 38 30 30 30 30 30 30 30 30 30 30 30 30 30 30 30 30 0d 0a
              0x0205B929  Status idx=4 dev=41

    5382.4ms  RX  ◄──  [1.3]  54 30 32 30 35 62 39 36 39 38 30 30 30 30 30 30 30 30 30 30 30 30 30 30 30 30 0d 0a
              0x0205B969  Status idx=5 dev=41

    5382.5ms  RX  ◄──  [1.3]  54 30 32 30 35 62 39 61 39 38 30 30 30 30 66 66 66 66 30 31 30 30 30 30 30 30 0d 0a
              0x0205B9A9  Status idx=6 dev=41

    5383.3ms  TX  ──►  [1.3]  54 30 32 30 35 32 63 38 30 38 30 30 30 30 30 30 30 30 30 30 30 32 30 30 30 30 0d
              0x02052C80  cls=0x0b idx=2 dev=0

    5383.5ms  TX  ──►  [1.3]  54 30 30 30 35 30 32 63 30 31 30 31 0d
              0x000502C0  cls=0x00 idx=11 dev=0

    5383.6ms  TX  ──►  [1.3]  54 30 32 30 35 30 31 32 39 38 32 64 62 32 33 62 34 31 30 30 30 30 30 30 30 30 0d
              0x02050129  cls=0x00 idx=4 dev=41

    5400.2ms  RX  ◄──  [1.3]  54 30 32 30 35 62 38 32 39 38 63 33 31 39 39 35 30 36 30 30 31 63 38 30 30 30 0d 0a
              0x0205B829  Status idx=0 dev=41

    5400.3ms  RX  ◄──  [1.3]  54 30 32 30 35 62 38 61 39 38 30 30 63 30 38 39 33 61 61 35 66 66 33 62 63 32 0d 0a
              0x0205B8A9  Status idx=2 dev=41

    5400.4ms  RX  ◄──  [1.3]  54 30 32 30 35 62 38 65 39 38 33 32 30 30 30 30 30 30 30 61 66 64 37 62 33 65 0d 0a
              0x0205B8E9  Status idx=3 dev=41

    5402.2ms  RX  ◄──  [1.3]  54 30 32 30 35 62 39 32 39 38 30 30 30 30 30 30 30 30 30 30 30 30 30 30 30 30 0d 0a
              0x0205B929  Status idx=4 dev=41

    5402.4ms  RX  ◄──  [1.3]  54 30 32 30 35 62 39 36 39 38 30 30 30 30 30 30 30 30 30 30 30 30 30 30 30 30 0d 0a
              0x0205B969  Status idx=5 dev=41

    5402.5ms  RX  ◄──  [1.3]  54 30 32 30 35 62 39 61 39 38 30 30 30 30 66 66 66 66 30 31 30 30 30 30 30 30 0d 0a
              0x0205B9A9  Status idx=6 dev=41

    5404.0ms  TX  ──►  [1.3]  54 30 32 30 35 30 31 32 39 38 32 64 62 32 33 62 34 31 30 30 30 30 30 30 30 30 0d
              0x02050129  cls=0x00 idx=4 dev=41

    5414.5ms  TX  ──►  [1.3]  54 30 32 30 35 32 63 38 30 38 30 30 30 30 30 30 30 30 30 30 30 32 30 30 30 30 0d
              0x02052C80  cls=0x0b idx=2 dev=0

    5414.7ms  TX  ──►  [1.3]  54 30 30 30 35 30 32 63 30 31 30 31 0d
              0x000502C0  cls=0x00 idx=11 dev=0

    5420.3ms  RX  ◄──  [1.3]  54 30 32 30 35 62 38 32 39 38 63 33 31 39 39 35 30 36 30 30 31 63 38 30 30 30 0d 0a
              0x0205B829  Status idx=0 dev=41

    5420.4ms  RX  ◄──  [1.3]  54 30 32 30 35 62 38 61 39 38 30 30 63 30 38 39 33 61 61 35 66 66 33 62 63 32 0d 0a
              0x0205B8A9  Status idx=2 dev=41

    5420.5ms  RX  ◄──  [1.3]  54 30 32 30 35 62 38 65 39 38 33 32 30 30 30 30 30 30 37 36 61 66 37 64 33 65 0d 0a
              0x0205B8E9  Status idx=3 dev=41

    5422.3ms  RX  ◄──  [1.3]  54 30 32 30 35 62 39 32 39 38 30 30 30 30 30 30 30 30 30 30 30 30 30 30 30 30 0d 0a
              0x0205B929  Status idx=4 dev=41

    5422.4ms  RX  ◄──  [1.3]  54 30 32 30 35 62 39 36 39 38 30 30 30 30 30 30 30 30 30 30 30 30 30 30 30 30 0d 0a
              0x0205B969  Status idx=5 dev=41

    5422.5ms  RX  ◄──  [1.3]  54 30 32 30 35 62 39 61 39 38 30 30 30 30 66 66 66 66 30 31 30 30 30 30 30 30 0d 0a
              0x0205B9A9  Status idx=6 dev=41

    5424.7ms  TX  ──►  [1.3]  54 30 32 30 35 30 31 32 39 38 32 64 62 32 33 62 34 31 30 30 30 30 30 30 30 30 0d
              0x02050129  cls=0x00 idx=4 dev=41

    5440.3ms  RX  ◄──  [1.3]  54 30 32 30 35 62 38 32 39 38 63 32 31 39 39 63 30 36 30 30 31 63 38 30 30 30 0d 0a
              0x0205B829  Status idx=0 dev=41

    5440.4ms  RX  ◄──  [1.3]  54 30 32 30 35 62 38 61 39 38 30 30 63 30 38 39 33 61 61 35 66 66 33 62 63 32 0d 0a
              0x0205B8A9  Status idx=2 dev=41

    5440.5ms  RX  ◄──  [1.3]  54 30 32 30 35 62 38 65 39 38 33 32 30 30 30 30 30 30 33 32 65 30 37 64 33 65 0d 0a
              0x0205B8E9  Status idx=3 dev=41

    5442.2ms  RX  ◄──  [1.3]  54 30 32 30 35 62 39 32 39 38 30 30 30 30 30 30 30 30 30 30 30 30 30 30 30 30 0d 0a
              0x0205B929  Status idx=4 dev=41

    5442.4ms  RX  ◄──  [1.3]  54 30 32 30 35 62 39 36 39 38 30 30 30 30 30 30 30 30 30 30 30 30 30 30 30 30 0d 0a
              0x0205B969  Status idx=5 dev=41

    5442.5ms  RX  ◄──  [1.3]  54 30 32 30 35 62 39 61 39 38 30 30 30 30 66 66 66 66 30 31 30 30 30 30 30 30 0d 0a
              0x0205B9A9  Status idx=6 dev=41

    5445.2ms  TX  ──►  [1.3]  54 30 32 30 35 32 63 38 30 38 30 30 30 30 30 30 30 30 30 30 30 32 30 30 30 30 0d
              0x02052C80  cls=0x0b idx=2 dev=0

    5445.4ms  TX  ──►  [1.3]  54 30 30 30 35 30 32 63 30 31 30 31 0d
              0x000502C0  cls=0x00 idx=11 dev=0

    5445.5ms  TX  ──►  [1.3]  54 30 32 30 35 30 31 32 39 38 32 64 62 32 33 62 34 31 30 30 30 30 30 30 30 30 0d
              0x02050129  cls=0x00 idx=4 dev=41

    5460.2ms  RX  ◄──  [1.3]  54 30 32 30 35 62 38 32 39 38 63 33 31 39 39 35 30 36 30 30 31 63 38 30 30 30 0d 0a
              0x0205B829  Status idx=0 dev=41

    5460.4ms  RX  ◄──  [1.3]  54 30 32 30 35 62 38 61 39 38 30 30 63 30 38 39 33 61 61 35 66 66 33 62 63 32 0d 0a
              0x0205B8A9  Status idx=2 dev=41

    5460.5ms  RX  ◄──  [1.3]  54 30 32 30 35 62 38 65 39 38 33 31 30 30 30 30 30 30 39 36 65 32 37 61 33 65 0d 0a
              0x0205B8E9  Status idx=3 dev=41

    5462.2ms  RX  ◄──  [1.3]  54 30 32 30 35 62 39 32 39 38 30 30 30 30 30 30 30 30 30 30 30 30 30 30 30 30 0d 0a
              0x0205B929  Status idx=4 dev=41

    5462.4ms  RX  ◄──  [1.3]  54 30 32 30 35 62 39 36 39 38 30 30 30 30 30 30 30 30 30 30 30 30 30 30 30 30 0d 0a
              0x0205B969  Status idx=5 dev=41

    5462.5ms  RX  ◄──  [1.3]  54 30 32 30 35 62 39 61 39 38 30 30 30 30 66 66 66 66 30 31 30 30 30 30 30 30 0d 0a
              0x0205B9A9  Status idx=6 dev=41

    5466.1ms  TX  ──►  [1.3]  54 30 32 30 35 30 31 32 39 38 32 64 62 32 33 62 34 31 30 30 30 30 30 30 30 30 0d
              0x02050129  cls=0x00 idx=4 dev=41

    5476.5ms  TX  ──►  [1.3]  54 30 32 30 35 32 63 38 30 38 30 30 30 30 30 30 30 30 30 30 30 32 30 30 30 30 0d
              0x02052C80  cls=0x0b idx=2 dev=0

    5476.7ms  TX  ──►  [1.3]  54 30 30 30 35 30 32 63 30 31 30 31 0d
              0x000502C0  cls=0x00 idx=11 dev=0

    5480.3ms  RX  ◄──  [1.3]  54 30 32 30 35 62 38 32 39 38 63 33 31 39 39 35 30 36 30 30 31 63 38 30 30 30 0d 0a
              0x0205B829  Status idx=0 dev=41

    5480.4ms  RX  ◄──  [1.3]  54 30 32 30 35 62 38 61 39 38 30 30 63 30 38 39 33 61 61 35 66 66 33 62 63 32 0d 0a
              0x0205B8A9  Status idx=2 dev=41

    5480.5ms  RX  ◄──  [1.3]  54 30 32 30 35 62 38 65 39 38 33 31 30 30 30 30 30 30 66 32 65 61 37 39 33 65 0d 0a
              0x0205B8E9  Status idx=3 dev=41

    5482.3ms  RX  ◄──  [1.3]  54 30 32 30 35 62 39 32 39 38 30 30 30 30 30 30 30 30 30 30 30 30 30 30 30 30 0d 0a
              0x0205B929  Status idx=4 dev=41

    5482.4ms  RX  ◄──  [1.3]  54 30 32 30 35 62 39 36 39 38 30 30 30 30 30 30 30 30 30 30 30 30 30 30 30 30 0d 0a
              0x0205B969  Status idx=5 dev=41

    5482.5ms  RX  ◄──  [1.3]  54 30 32 30 35 62 39 61 39 38 30 30 30 30 66 66 66 66 30 31 30 30 30 30 30 30 0d 0a
              0x0205B9A9  Status idx=6 dev=41

    5486.9ms  TX  ──►  [1.3]  54 30 32 30 35 30 31 32 39 38 32 64 62 32 33 62 34 31 30 30 30 30 30 30 30 30 0d
              0x02050129  cls=0x00 idx=4 dev=41

    5500.4ms  RX  ◄──  [1.3]  54 30 32 30 35 62 38 32 39 38 63 32 31 39 39 62 30 36 30 30 31 63 38 30 30 30 0d 0a
              0x0205B829  Status idx=0 dev=41

    5500.5ms  RX  ◄──  [1.3]  54 30 32 30 35 62 38 61 39 38 30 30 63 30 38 39 33 61 61 35 66 66 33 62 63 32 0d 0a
              0x0205B8A9  Status idx=2 dev=41

    5500.8ms  RX  ◄──  [1.3]  54 30 32 30 35 62 38 65 39 38 33 33 30 30 30 30 30 30 32 36 31 33 37 66 33 65 0d 0a
              0x0205B8E9  Status idx=3 dev=41

    5502.3ms  RX  ◄──  [1.3]  54 30 32 30 35 62 39 32 39 38 30 30 30 30 30 30 30 30 30 30 30 30 30 30 30 30 0d 0a
              0x0205B929  Status idx=4 dev=41

    5502.5ms  RX  ◄──  [1.3]  54 30 32 30 35 62 39 36 39 38 30 30 30 30 30 30 30 30 30 30 30 30 30 30 30 30 0d 0a
              0x0205B969  Status idx=5 dev=41

    5502.6ms  RX  ◄──  [1.3]  54 30 32 30 35 62 39 61 39 38 30 30 30 30 66 66 66 66 30 31 30 30 30 30 30 30 0d 0a
              0x0205B9A9  Status idx=6 dev=41

    5507.7ms  TX  ──►  [1.3]  54 30 32 30 35 32 63 38 30 38 30 30 30 30 30 30 30 30 30 30 30 32 30 30 30 30 0d
              0x02052C80  cls=0x0b idx=2 dev=0

    5507.9ms  TX  ──►  [1.3]  54 30 30 30 35 30 32 63 30 31 30 31 0d
              0x000502C0  cls=0x00 idx=11 dev=0

    5508.0ms  TX  ──►  [1.3]  54 30 32 30 35 30 31 32 39 38 32 64 62 32 33 62 34 31 30 30 30 30 30 30 30 30 0d
              0x02050129  cls=0x00 idx=4 dev=41

    5520.3ms  RX  ◄──  [1.3]  54 30 32 30 35 62 38 32 39 38 63 33 31 39 39 35 30 36 30 30 31 63 38 30 30 30 0d 0a
              0x0205B829  Status idx=0 dev=41

    5520.4ms  RX  ◄──  [1.3]  54 30 32 30 35 62 38 61 39 38 30 30 63 30 38 39 33 61 61 35 66 66 33 62 63 32 0d 0a
              0x0205B8A9  Status idx=2 dev=41

    5520.5ms  RX  ◄──  [1.3]  54 30 32 30 35 62 38 65 39 38 33 32 30 30 30 30 30 30 30 30 63 33 37 61 33 65 0d 0a
              0x0205B8E9  Status idx=3 dev=41

    5522.2ms  RX  ◄──  [1.3]  54 30 32 30 35 62 39 32 39 38 30 30 30 30 30 30 30 30 30 30 30 30 30 30 30 30 0d 0a
              0x0205B929  Status idx=4 dev=41

    5522.4ms  RX  ◄──  [1.3]  54 30 32 30 35 62 39 36 39 38 30 30 30 30 30 30 30 30 30 30 30 30 30 30 30 30 0d 0a
              0x0205B969  Status idx=5 dev=41

    5522.5ms  RX  ◄──  [1.3]  54 30 32 30 35 62 39 61 39 38 30 30 30 30 66 66 66 66 30 31 30 30 30 30 30 30 0d 0a
              0x0205B9A9  Status idx=6 dev=41

    5535.1ms  TX  ──►  [1.3]  54 30 32 30 35 32 63 38 30 38 30 30 30 30 30 30 30 30 30 30 30 32 30 30 30 30 0d
              0x02052C80  cls=0x0b idx=2 dev=0

    5535.3ms  TX  ──►  [1.3]  54 30 30 30 35 30 32 63 30 31 30 31 0d
              0x000502C0  cls=0x00 idx=11 dev=0

    5535.4ms  TX  ──►  [1.3]  54 30 32 30 35 30 31 32 39 38 32 64 62 32 33 62 34 31 30 30 30 30 30 30 30 30 0d
              0x02050129  cls=0x00 idx=4 dev=41

    5540.3ms  RX  ◄──  [1.3]  54 30 32 30 35 62 38 32 39 38 63 33 31 39 39 35 30 36 30 30 31 63 38 30 30 30 0d 0a
              0x0205B829  Status idx=0 dev=41

    5540.4ms  RX  ◄──  [1.3]  54 30 32 30 35 62 38 61 39 38 30 30 63 30 38 39 33 61 61 35 66 66 33 62 63 32 0d 0a
              0x0205B8A9  Status idx=2 dev=41

    5540.5ms  RX  ◄──  [1.3]  54 30 32 30 35 62 38 65 39 38 33 32 30 30 30 30 30 30 61 34 38 35 37 62 33 65 0d 0a
              0x0205B8E9  Status idx=3 dev=41

    5542.3ms  RX  ◄──  [1.3]  54 30 32 30 35 62 39 32 39 38 30 30 30 30 30 30 30 30 30 30 30 30 30 30 30 30 0d 0a
              0x0205B929  Status idx=4 dev=41

    5542.4ms  RX  ◄──  [1.3]  54 30 32 30 35 62 39 36 39 38 30 30 30 30 30 30 30 30 30 30 30 30 30 30 30 30 0d 0a
              0x0205B969  Status idx=5 dev=41

    5542.6ms  RX  ◄──  [1.3]  54 30 32 30 35 62 39 61 39 38 30 30 30 30 66 66 66 66 30 31 30 30 30 30 30 30 0d 0a
              0x0205B9A9  Status idx=6 dev=41

    5560.4ms  RX  ◄──  [1.3]  54 30 32 30 35 62 38 32 39 38 63 32 31 39 39 62 30 36 30 30 31 63 38 30 30 30 0d 0a
              0x0205B829  Status idx=0 dev=41

    5560.5ms  RX  ◄──  [1.3]  54 30 32 30 35 62 38 61 39 38 30 30 63 30 38 39 33 61 61 35 66 66 33 62 63 32 0d 0a
              0x0205B8A9  Status idx=2 dev=41

    5560.7ms  RX  ◄──  [1.3]  54 30 32 30 35 62 38 65 39 38 33 33 30 30 30 30 30 30 38 36 36 38 38 30 33 65 0d 0a
              0x0205B8E9  Status idx=3 dev=41

    5561.9ms  TX  ──►  [1.3]  54 30 32 30 35 32 63 38 30 38 30 30 30 30 30 30 30 30 30 30 30 32 30 30 30 30 0d
              0x02052C80  cls=0x0b idx=2 dev=0

    5562.1ms  TX  ──►  [1.3]  54 30 30 30 35 30 32 63 30 31 30 31 0d
              0x000502C0  cls=0x00 idx=11 dev=0

    5562.3ms  TX  ──►  [1.3]  54 30 32 30 35 30 31 32 39 38 32 64 62 32 33 62 34 31 30 30 30 30 30 30 30 30 0d
              0x02050129  cls=0x00 idx=4 dev=41

    5562.5ms  RX  ◄──  [1.3]  54 30 32 30 35 62 39 32 39 38 30 30 30 30 30 30 30 30 30 30 30 30 30 30 30 30 0d 0a
              0x0205B929  Status idx=4 dev=41

    5562.8ms  RX  ◄──  [1.3]  54 30 32 30 35 62 39 36 39 38 30 30 30 30 30 30 30 30 30 30 30 30 30 30 30 30 0d 0a
              0x0205B969  Status idx=5 dev=41

    5563.0ms  RX  ◄──  [1.3]  54 30 32 30 35 62 39 61 39 38 30 30 30 30 66 66 66 66 30 31 30 30 30 30 30 30 0d 0a
              0x0205B9A9  Status idx=6 dev=41

    5580.3ms  RX  ◄──  [1.3]  54 30 32 30 35 62 38 32 39 38 63 33 31 39 39 35 30 36 30 30 31 63 38 30 30 30 0d 0a
              0x0205B829  Status idx=0 dev=41

    5580.4ms  RX  ◄──  [1.3]  54 30 32 30 35 62 38 61 39 38 30 30 63 30 38 39 33 61 61 35 66 66 33 62 63 32 0d 0a
              0x0205B8A9  Status idx=2 dev=41

    5580.5ms  RX  ◄──  [1.3]  54 30 32 30 35 62 38 65 39 38 33 32 30 30 30 30 30 30 64 32 34 32 37 63 33 65 0d 0a
              0x0205B8E9  Status idx=3 dev=41

    5582.2ms  RX  ◄──  [1.3]  54 30 32 30 35 62 39 32 39 38 30 30 30 30 30 30 30 30 30 30 30 30 30 30 30 30 0d 0a
              0x0205B929  Status idx=4 dev=41

    5582.4ms  RX  ◄──  [1.3]  54 30 32 30 35 62 39 36 39 38 30 30 30 30 30 30 30 30 30 30 30 30 30 30 30 30 0d 0a
              0x0205B969  Status idx=5 dev=41

    5582.5ms  RX  ◄──  [1.3]  54 30 32 30 35 62 39 61 39 38 30 30 30 30 66 66 66 66 30 31 30 30 30 30 30 30 0d 0a
              0x0205B9A9  Status idx=6 dev=41

    5582.6ms  TX  ──►  [1.3]  54 30 32 30 35 30 31 32 39 38 32 64 62 32 33 62 34 31 30 30 30 30 30 30 30 30 0d
              0x02050129  cls=0x00 idx=4 dev=41

    5592.2ms  TX  ──►  [1.3]  54 30 32 30 35 32 63 38 30 38 30 30 30 30 30 30 30 30 30 30 30 32 30 30 30 30 0d
              0x02052C80  cls=0x0b idx=2 dev=0

    5592.4ms  TX  ──►  [1.3]  54 30 30 30 35 30 32 63 30 31 30 31 0d
              0x000502C0  cls=0x00 idx=11 dev=0

    5600.2ms  RX  ◄──  [1.3]  54 30 32 30 35 62 38 32 39 38 63 33 31 39 39 36 30 36 30 30 31 63 38 30 30 30 0d 0a
              0x0205B829  Status idx=0 dev=41

    5600.4ms  RX  ◄──  [1.3]  54 30 32 30 35 62 38 61 39 38 30 30 63 30 38 39 33 61 61 35 66 66 33 62 63 32 0d 0a
              0x0205B8A9  Status idx=2 dev=41

    5600.5ms  RX  ◄──  [1.3]  54 30 32 30 35 62 38 65 39 38 33 32 30 30 30 30 30 30 33 36 36 35 37 63 33 65 0d 0a
              0x0205B8E9  Status idx=3 dev=41

    5602.3ms  RX  ◄──  [1.3]  54 30 32 30 35 62 39 32 39 38 30 30 30 30 30 30 30 30 30 30 30 30 30 30 30 30 0d 0a
              0x0205B929  Status idx=4 dev=41

    5602.4ms  RX  ◄──  [1.3]  54 30 32 30 35 62 39 36 39 38 30 30 30 30 30 30 30 30 30 30 30 30 30 30 30 30 0d 0a
              0x0205B969  Status idx=5 dev=41

    5602.5ms  RX  ◄──  [1.3]  54 30 32 30 35 62 39 61 39 38 30 30 30 30 66 66 66 66 30 31 30 30 30 30 30 30 0d 0a
              0x0205B9A9  Status idx=6 dev=41

    5602.7ms  TX  ──►  [1.3]  54 30 32 30 35 30 31 32 39 38 32 64 62 32 33 62 34 31 30 30 30 30 30 30 30 30 0d
              0x02050129  cls=0x00 idx=4 dev=41

    5610.0ms  RX  ◄──  [1.3]  54 30 32 30 35 62 38 36 39 38 30 30 30 30 30 30 30 30 30 30 30 30 30 30 30 30 0d 0a
              0x0205B869  Status idx=1 dev=41

    5612.0ms  RX  ◄──  [1.3]  54 30 32 30 35 62 63 32 39 34 34 32 35 64 31 31 62 38 0d 0a
              0x0205BC29  Status idx=0 dev=41

    5620.4ms  RX  ◄──  [1.3]  54 30 32 30 35 62 38 32 39 38 63 32 31 39 39 63 30 36 30 30 31 63 38 30 30 30 0d 0a
              0x0205B829  Status idx=0 dev=41

    5620.5ms  RX  ◄──  [1.3]  54 30 32 30 35 62 38 61 39 38 30 30 63 30 38 39 33 61 61 35 66 66 33 62 63 32 0d 0a
              0x0205B8A9  Status idx=2 dev=41

    5620.7ms  RX  ◄──  [1.3]  54 30 32 30 35 62 38 65 39 38 33 33 30 30 30 30 30 30 37 65 65 64 37 65 33 65 0d 0a
              0x0205B8E9  Status idx=3 dev=41

    5621.5ms  TX  ──►  [1.3]  54 30 32 30 35 32 63 38 30 38 30 30 30 30 30 30 30 30 30 30 30 32 30 30 30 30 0d
              0x02052C80  cls=0x0b idx=2 dev=0

    5621.6ms  TX  ──►  [1.3]  54 30 30 30 35 30 32 63 30 31 30 31 0d
              0x000502C0  cls=0x00 idx=11 dev=0

    5622.5ms  RX  ◄──  [1.3]  54 30 32 30 35 62 39 32 39 38 30 30 30 30 30 30 30 30 30 30 30 30 30 30 30 30 0d 0a
              0x0205B929  Status idx=4 dev=41

    5622.7ms  RX  ◄──  [1.3]  54 30 32 30 35 62 39 36 39 38 30 30 30 30 30 30 30 30 30 30 30 30 30 30 30 30 0d 0a
              0x0205B969  Status idx=5 dev=41

    5622.9ms  RX  ◄──  [1.3]  54 30 32 30 35 62 39 61 39 38 30 30 30 30 66 66 66 66 30 31 30 30 30 30 30 30 0d 0a
              0x0205B9A9  Status idx=6 dev=41

    5629.9ms  TX  ──►  [1.3]  54 30 32 30 35 30 31 32 39 38 32 64 62 32 33 62 34 31 30 30 30 30 30 30 30 30 0d
              0x02050129  cls=0x00 idx=4 dev=41

    5640.3ms  RX  ◄──  [1.3]  54 30 32 30 35 62 38 32 39 38 63 33 31 39 39 34 30 36 30 30 31 63 38 30 30 30 0d 0a
              0x0205B829  Status idx=0 dev=41

    5640.4ms  RX  ◄──  [1.3]  54 30 32 30 35 62 38 61 39 38 30 30 63 30 38 39 33 61 61 35 66 66 33 62 63 32 0d 0a
              0x0205B8A9  Status idx=2 dev=41

    5640.5ms  RX  ◄──  [1.3]  54 30 32 30 35 62 38 65 39 38 33 32 30 30 30 30 30 30 33 34 34 64 37 63 33 65 0d 0a
              0x0205B8E9  Status idx=3 dev=41

    5642.2ms  RX  ◄──  [1.3]  54 30 32 30 35 62 39 32 39 38 30 30 30 30 30 30 30 30 30 30 30 30 30 30 30 30 0d 0a
              0x0205B929  Status idx=4 dev=41

    5642.3ms  RX  ◄──  [1.3]  54 30 32 30 35 62 39 36 39 38 30 30 30 30 30 30 30 30 30 30 30 30 30 30 30 30 0d 0a
              0x0205B969  Status idx=5 dev=41

    5642.5ms  RX  ◄──  [1.3]  54 30 32 30 35 62 39 61 39 38 30 30 30 30 66 66 66 66 30 31 30 30 30 30 30 30 0d 0a
              0x0205B9A9  Status idx=6 dev=41

    5660.2ms  RX  ◄──  [1.3]  54 30 32 30 35 62 38 32 39 38 63 33 31 39 39 35 30 36 30 30 31 63 38 30 30 30 0d 0a
              0x0205B829  Status idx=0 dev=41

    5660.4ms  RX  ◄──  [1.3]  54 30 32 30 35 62 38 61 39 38 30 30 63 30 38 39 33 61 61 35 66 66 33 62 63 32 0d 0a
              0x0205B8A9  Status idx=2 dev=41

    5660.5ms  RX  ◄──  [1.3]  54 30 32 30 35 62 38 65 39 38 33 32 30 30 30 30 30 30 62 34 64 32 37 62 33 65 0d 0a
              0x0205B8E9  Status idx=3 dev=41

    5662.1ms  TX  ──►  [1.3]  54 30 32 30 35 32 63 38 30 38 30 30 30 30 30 30 30 30 30 30 30 30 30 30 30 30 0d
              0x02052C80  cls=0x0b idx=2 dev=0

    5662.3ms  RX  ◄──  [1.3]  54 30 32 30 35 62 39 32 39 38 30 30 30 30 30 30 30 30 30 30 30 30 30 30 30 30 0d 0a
              0x0205B929  Status idx=4 dev=41

    5662.3ms  TX  ──►  [1.3]  54 30 30 30 35 30 32 63 30 31 30 31 0d
              0x000502C0  cls=0x00 idx=11 dev=0

    5662.5ms  TX  ──►  [1.3]  54 30 32 30 35 30 31 32 39 38 32 64 62 32 33 62 34 31 30 30 30 30 30 30 30 30 0d
              0x02050129  cls=0x00 idx=4 dev=41

    5662.8ms  RX  ◄──  [1.3]  54 30 32 30 35 62 39 36 39 38 30 30 30 30 30 30 30 30 30 30 30 30 30 30 30 30 0d 0a
              0x0205B969  Status idx=5 dev=41

    5662.9ms  RX  ◄──  [1.3]  54 30 32 30 35 62 39 61 39 38 30 30 30 30 66 66 66 66 30 31 30 30 30 30 30 30 0d 0a
              0x0205B9A9  Status idx=6 dev=41

    5680.1ms  RX  ◄──  [1.3]  54 30 32 30 35 62 38 32 39 38 30 30 30 30 39 38 30 36 30 30 31 63 38 30 30 30 0d 0a
              0x0205B829  Status idx=0 dev=41

    5680.2ms  RX  ◄──  [1.3]  54 30 32 30 35 62 38 61 39 38 30 30 63 30 38 39 33 61 61 35 66 66 33 62 63 32 0d 0a
              0x0205B8A9  Status idx=2 dev=41

    5680.3ms  RX  ◄──  [1.3]  54 30 32 30 35 62 38 65 39 38 31 39 30 30 30 30 30 30 64 65 38 38 66 64 33 64 0d 0a
              0x0205B8E9  Status idx=3 dev=41

    5681.9ms  RX  ◄──  [1.3]  54 30 32 30 35 62 39 32 39 38 30 30 30 30 30 30 30 30 30 30 30 30 30 30 30 30 0d 0a
              0x0205B929  Status idx=4 dev=41

    5682.1ms  RX  ◄──  [1.3]  54 30 32 30 35 62 39 36 39 38 30 30 30 30 30 30 30 30 30 30 30 30 30 30 30 30 0d 0a
              0x0205B969  Status idx=5 dev=41

    5682.1ms  RX  ◄──  [1.3]  54 30 32 30 35 62 39 61 39 38 30 30 30 30 66 66 66 66 30 31 30 30 30 30 30 30 0d 0a
              0x0205B9A9  Status idx=6 dev=41

    5691.4ms  TX  ──►  [1.3]  54 30 32 30 35 32 63 38 30 38 30 30 30 30 30 30 30 30 30 30 30 30 30 30 30 30 0d
              0x02052C80  cls=0x0b idx=2 dev=0

    5691.6ms  TX  ──►  [1.3]  54 30 30 30 35 30 32 63 30 31 30 31 0d
              0x000502C0  cls=0x00 idx=11 dev=0

    5691.7ms  TX  ──►  [1.3]  54 30 32 30 35 30 31 32 39 38 32 64 62 32 33 62 34 31 30 30 30 30 30 30 30 30 0d
              0x02050129  cls=0x00 idx=4 dev=41

    5699.9ms  RX  ◄──  [1.3]  54 30 32 30 35 62 38 32 39 38 30 30 30 30 39 34 30 36 30 30 31 63 38 30 30 30 0d 0a
              0x0205B829  Status idx=0 dev=41

    5700.1ms  RX  ◄──  [1.3]  54 30 32 30 35 62 38 61 39 38 30 30 63 30 38 39 33 61 61 35 66 66 33 62 63 32 0d 0a
              0x0205B8A9  Status idx=2 dev=41

    5700.1ms  RX  ◄──  [1.3]  54 30 32 30 35 62 38 65 39 38 31 39 30 30 30 30 30 30 38 36 39 61 66 62 33 64 0d 0a
              0x0205B8E9  Status idx=3 dev=41

    5702.0ms  RX  ◄──  [1.3]  54 30 32 30 35 62 39 32 39 38 30 30 30 30 30 30 30 30 30 30 30 30 30 30 30 30 0d 0a
              0x0205B929  Status idx=4 dev=41

    5702.2ms  RX  ◄──  [1.3]  54 30 32 30 35 62 39 36 39 38 30 30 30 30 30 30 30 30 30 30 30 30 30 30 30 30 0d 0a
              0x0205B969  Status idx=5 dev=41

    5702.3ms  RX  ◄──  [1.3]  54 30 32 30 35 62 39 61 39 38 30 30 30 30 66 66 66 66 30 31 30 30 30 30 30 30 0d 0a
              0x0205B9A9  Status idx=6 dev=41

    5716.4ms  TX  ──►  [1.3]  54 30 32 30 35 32 63 38 30 38 30 30 30 30 30 30 30 30 30 30 30 30 30 30 30 30 0d
              0x02052C80  cls=0x0b idx=2 dev=0

    5716.6ms  TX  ──►  [1.3]  54 30 30 30 35 30 32 63 30 31 30 31 0d
              0x000502C0  cls=0x00 idx=11 dev=0

    5716.7ms  TX  ──►  [1.3]  54 30 32 30 35 30 31 32 39 38 32 64 62 32 33 62 34 31 30 30 30 30 30 30 30 30 0d
              0x02050129  cls=0x00 idx=4 dev=41

    5720.0ms  RX  ◄──  [1.3]  54 30 32 30 35 62 38 32 39 38 30 30 30 30 39 35 30 36 30 30 31 63 38 30 30 30 0d 0a
              0x0205B829  Status idx=0 dev=41

    5720.2ms  RX  ◄──  [1.3]  54 30 32 30 35 62 38 61 39 38 30 30 63 30 38 39 33 61 61 35 66 66 33 62 63 32 0d 0a
              0x0205B8A9  Status idx=2 dev=41

    5720.4ms  RX  ◄──  [1.3]  54 30 32 30 35 62 38 65 39 38 31 39 30 30 30 30 30 30 33 65 37 64 66 62 33 64 0d 0a
              0x0205B8E9  Status idx=3 dev=41

    5721.9ms  RX  ◄──  [1.3]  54 30 32 30 35 62 39 32 39 38 30 30 30 30 30 30 30 30 30 30 30 30 30 30 30 30 0d 0a
              0x0205B929  Status idx=4 dev=41

    5722.1ms  RX  ◄──  [1.3]  54 30 32 30 35 62 39 36 39 38 30 30 30 30 30 30 30 30 30 30 30 30 30 30 30 30 0d 0a
              0x0205B969  Status idx=5 dev=41

    5722.2ms  RX  ◄──  [1.3]  54 30 32 30 35 62 39 61 39 38 30 30 30 30 66 66 66 66 30 31 30 30 30 30 30 30 0d 0a
              0x0205B9A9  Status idx=6 dev=41

    5739.9ms  RX  ◄──  [1.3]  54 30 32 30 35 62 38 32 39 38 30 30 30 30 39 61 30 36 30 30 31 63 38 30 30 30 0d 0a
              0x0205B829  Status idx=0 dev=41

    5740.1ms  RX  ◄──  [1.3]  54 30 32 30 35 62 38 61 39 38 30 30 63 30 38 39 33 61 61 35 66 66 33 62 63 32 0d 0a
              0x0205B8A9  Status idx=2 dev=41

    5740.1ms  RX  ◄──  [1.3]  54 30 32 30 35 62 38 65 39 38 31 39 30 30 30 30 30 30 66 34 61 61 66 64 33 64 0d 0a
              0x0205B8E9  Status idx=3 dev=41

    5741.1ms  TX  ──►  [1.3]  54 30 32 30 35 30 31 32 39 38 32 64 62 32 33 62 34 31 30 30 30 30 30 30 30 30 0d
              0x02050129  cls=0x00 idx=4 dev=41

    5742.0ms  RX  ◄──  [1.3]  54 30 32 30 35 62 39 32 39 38 30 30 30 30 30 30 30 30 30 30 30 30 30 30 30 30 0d 0a
              0x0205B929  Status idx=4 dev=41

    5742.1ms  RX  ◄──  [1.3]  54 30 32 30 35 62 39 36 39 38 30 30 30 30 30 30 30 30 30 30 30 30 30 30 30 30 0d 0a
              0x0205B969  Status idx=5 dev=41

    5742.2ms  RX  ◄──  [1.3]  54 30 32 30 35 62 39 61 39 38 30 30 30 30 66 66 66 66 30 31 30 30 30 30 30 30 0d 0a
              0x0205B9A9  Status idx=6 dev=41

    5750.5ms  TX  ──►  [1.3]  54 30 32 30 35 32 63 38 30 38 30 30 30 30 30 30 30 30 30 30 30 30 30 30 30 30 0d
              0x02052C80  cls=0x0b idx=2 dev=0

    5750.7ms  TX  ──►  [1.3]  54 30 30 30 35 30 32 63 30 31 30 31 0d
              0x000502C0  cls=0x00 idx=11 dev=0

    5760.0ms  RX  ◄──  [1.3]  54 30 32 30 35 62 38 32 39 38 30 30 30 30 39 61 30 36 30 30 31 63 38 30 30 30 0d 0a
              0x0205B829  Status idx=0 dev=41

    5760.1ms  RX  ◄──  [1.3]  54 30 32 30 35 62 38 61 39 38 30 30 63 30 38 39 33 61 61 35 66 66 33 62 63 32 0d 0a
              0x0205B8A9  Status idx=2 dev=41

    5760.3ms  RX  ◄──  [1.3]  54 30 32 30 35 62 38 65 39 38 31 39 30 30 30 30 30 30 36 63 66 32 66 61 33 64 0d 0a
              0x0205B8E9  Status idx=3 dev=41

    5762.0ms  RX  ◄──  [1.3]  54 30 32 30 35 62 39 32 39 38 30 30 30 30 30 30 30 30 30 30 30 30 30 30 30 30 0d 0a
              0x0205B929  Status idx=4 dev=41

    5762.1ms  RX  ◄──  [1.3]  54 30 32 30 35 62 39 36 39 38 30 30 30 30 30 30 30 30 30 30 30 30 30 30 30 30 0d 0a
              0x0205B969  Status idx=5 dev=41

    5762.2ms  RX  ◄──  [1.3]  54 30 32 30 35 62 39 61 39 38 30 30 30 30 66 66 66 66 30 31 30 30 30 30 30 30 0d 0a
              0x0205B9A9  Status idx=6 dev=41

    5775.1ms  TX  ──►  [1.3]  54 30 32 30 35 30 31 32 39 38 32 64 62 32 33 62 34 31 30 30 30 30 30 30 30 30 0d
              0x02050129  cls=0x00 idx=4 dev=41

    5780.0ms  RX  ◄──  [1.3]  54 30 32 30 35 62 38 32 39 38 30 30 30 30 39 39 30 36 30 30 31 63 38 30 30 30 0d 0a
              0x0205B829  Status idx=0 dev=41

    5780.2ms  RX  ◄──  [1.3]  54 30 32 30 35 62 38 61 39 38 30 30 63 30 38 39 33 61 61 35 66 66 33 62 63 32 0d 0a
              0x0205B8A9  Status idx=2 dev=41

    5780.3ms  RX  ◄──  [1.3]  54 30 32 30 35 62 38 65 39 38 31 39 30 30 30 30 30 30 65 30 31 61 66 62 33 64 0d 0a
              0x0205B8E9  Status idx=3 dev=41

    5781.9ms  RX  ◄──  [1.3]  54 30 32 30 35 62 39 32 39 38 30 30 30 30 30 30 30 30 30 30 30 30 30 30 30 30 0d 0a
              0x0205B929  Status idx=4 dev=41

    5782.1ms  RX  ◄──  [1.3]  54 30 32 30 35 62 39 36 39 38 30 30 30 30 30 30 30 30 30 30 30 30 30 30 30 30 0d 0a
              0x0205B969  Status idx=5 dev=41

    5782.2ms  RX  ◄──  [1.3]  54 30 32 30 35 62 39 61 39 38 30 30 30 30 66 66 66 66 30 31 30 30 30 30 30 30 0d 0a
              0x0205B9A9  Status idx=6 dev=41

    5783.6ms  TX  ──►  [1.3]  54 30 32 30 35 32 63 38 30 38 30 30 30 30 30 30 30 30 30 30 30 30 30 30 30 30 0d
              0x02052C80  cls=0x0b idx=2 dev=0

    5783.8ms  TX  ──►  [1.3]  54 30 30 30 35 30 32 63 30 31 30 31 0d
              0x000502C0  cls=0x00 idx=11 dev=0

    5800.0ms  RX  ◄──  [1.3]  54 30 32 30 35 62 38 32 39 38 30 30 30 30 39 37 30 36 30 30 31 63 38 30 30 30 0d 0a
              0x0205B829  Status idx=0 dev=41

    5800.2ms  RX  ◄──  [1.3]  54 30 32 30 35 62 38 61 39 38 30 30 63 30 38 39 33 61 61 35 66 66 33 62 63 32 0d 0a
              0x0205B8A9  Status idx=2 dev=41

    5800.2ms  RX  ◄──  [1.3]  54 30 32 30 35 62 38 65 39 38 31 39 30 30 30 30 30 30 66 61 31 38 66 64 33 64 0d 0a
              0x0205B8E9  Status idx=3 dev=41

    5801.9ms  RX  ◄──  [1.3]  54 30 32 30 35 62 39 32 39 38 30 30 30 30 30 30 30 30 30 30 30 30 30 30 30 30 0d 0a
              0x0205B929  Status idx=4 dev=41

    5802.1ms  RX  ◄──  [1.3]  54 30 32 30 35 62 39 36 39 38 30 30 30 30 30 30 30 30 30 30 30 30 30 30 30 30 0d 0a
              0x0205B969  Status idx=5 dev=41

    5802.1ms  RX  ◄──  [1.3]  54 30 32 30 35 62 39 61 39 38 30 30 30 30 66 66 66 66 30 31 30 30 30 30 30 30 0d 0a
              0x0205B9A9  Status idx=6 dev=41

    5806.4ms  TX  ──►  [1.3]  54 30 32 30 35 30 31 32 39 38 32 64 62 32 33 62 34 31 30 30 30 30 30 30 30 30 0d
              0x02050129  cls=0x00 idx=4 dev=41

    5820.0ms  RX  ◄──  [1.3]  54 30 32 30 35 62 38 32 39 38 30 30 30 30 39 35 30 36 30 30 31 63 38 30 30 30 0d 0a
              0x0205B829  Status idx=0 dev=41

    5820.1ms  RX  ◄──  [1.3]  54 30 32 30 35 62 38 61 39 38 30 30 63 30 38 39 33 61 61 35 66 66 33 62 63 32 0d 0a
              0x0205B8A9  Status idx=2 dev=41

    5820.2ms  RX  ◄──  [1.3]  54 30 32 30 35 62 38 65 39 38 31 39 30 30 30 30 30 30 33 38 32 64 66 62 33 64 0d 0a
              0x0205B8E9  Status idx=3 dev=41

    5821.9ms  RX  ◄──  [1.3]  54 30 32 30 35 62 39 32 39 38 30 30 30 30 30 30 30 30 30 30 30 30 30 30 30 30 0d 0a
              0x0205B929  Status idx=4 dev=41

    5822.0ms  RX  ◄──  [1.3]  54 30 32 30 35 62 39 36 39 38 30 30 30 30 30 30 30 30 30 30 30 30 30 30 30 30 0d 0a
              0x0205B969  Status idx=5 dev=41

    5822.1ms  RX  ◄──  [1.3]  54 30 32 30 35 62 39 61 39 38 30 30 30 30 66 66 66 66 30 31 30 30 30 30 30 30 0d 0a
              0x0205B9A9  Status idx=6 dev=41

    5822.5ms  TX  ──►  [1.3]  54 30 32 30 35 32 63 38 30 38 30 30 30 30 30 30 30 30 30 30 30 30 30 30 30 30 0d
              0x02052C80  cls=0x0b idx=2 dev=0

    5822.6ms  TX  ──►  [1.3]  54 30 30 30 35 30 32 63 30 31 30 31 0d
              0x000502C0  cls=0x00 idx=11 dev=0

    5833.0ms  TX  ──►  [1.3]  54 30 32 30 35 30 31 32 39 38 32 64 62 32 33 62 34 31 30 30 30 30 30 30 30 30 0d
              0x02050129  cls=0x00 idx=4 dev=41

    5840.0ms  RX  ◄──  [1.3]  54 30 32 30 35 62 38 32 39 38 30 30 30 30 39 35 30 36 30 30 31 63 38 30 30 30 0d 0a
              0x0205B829  Status idx=0 dev=41

    5840.1ms  RX  ◄──  [1.3]  54 30 32 30 35 62 38 61 39 38 30 30 63 30 38 39 33 61 61 35 66 66 33 62 63 32 0d 0a
              0x0205B8A9  Status idx=2 dev=41

    5840.2ms  RX  ◄──  [1.3]  54 30 32 30 35 62 38 65 39 38 31 39 30 30 30 30 30 30 33 63 64 61 66 62 33 64 0d 0a
              0x0205B8E9  Status idx=3 dev=41

    5841.9ms  RX  ◄──  [1.3]  54 30 32 30 35 62 39 32 39 38 30 30 30 30 30 30 30 30 30 30 30 30 30 30 30 30 0d 0a
              0x0205B929  Status idx=4 dev=41

    5842.1ms  RX  ◄──  [1.3]  54 30 32 30 35 62 39 36 39 38 30 30 30 30 30 30 30 30 30 30 30 30 30 30 30 30 0d 0a
              0x0205B969  Status idx=5 dev=41

    5842.1ms  RX  ◄──  [1.3]  54 30 32 30 35 62 39 61 39 38 30 30 30 30 66 66 66 66 30 31 30 30 30 30 30 30 0d 0a
              0x0205B9A9  Status idx=6 dev=41

    5852.5ms  TX  ──►  [1.3]  54 30 32 30 35 32 63 38 30 38 30 30 30 30 30 30 30 30 30 30 30 30 30 30 30 30 0d
              0x02052C80  cls=0x0b idx=2 dev=0

    5852.7ms  TX  ──►  [1.3]  54 30 30 30 35 30 32 63 30 31 30 31 0d
              0x000502C0  cls=0x00 idx=11 dev=0

    5852.9ms  TX  ──►  [1.3]  54 30 32 30 35 30 31 32 39 38 32 64 62 32 33 62 34 31 30 30 30 30 30 30 30 30 0d
              0x02050129  cls=0x00 idx=4 dev=41

    5860.0ms  RX  ◄──  [1.3]  54 30 32 30 35 62 38 32 39 38 30 30 30 30 39 62 30 36 30 30 31 63 38 30 30 30 0d 0a
              0x0205B829  Status idx=0 dev=41

    5860.1ms  RX  ◄──  [1.3]  54 30 32 30 35 62 38 36 39 38 30 30 30 30 30 30 30 30 30 30 30 30 30 30 30 30 0d 0a
              0x0205B869  Status idx=1 dev=41

    5860.2ms  RX  ◄──  [1.3]  54 30 32 30 35 62 38 61 39 38 30 30 63 30 38 39 33 61 61 35 66 66 33 62 63 32 0d 0a
              0x0205B8A9  Status idx=2 dev=41

    5860.3ms  RX  ◄──  [1.3]  54 30 32 30 35 62 38 65 39 38 31 39 30 30 30 30 30 30 31 63 30 35 66 65 33 64 0d 0a
              0x0205B8E9  Status idx=3 dev=41

    5862.0ms  RX  ◄──  [1.3]  54 30 32 30 35 62 39 32 39 38 30 30 30 30 30 30 30 30 30 30 30 30 30 30 30 30 0d 0a
              0x0205B929  Status idx=4 dev=41

    5862.1ms  RX  ◄──  [1.3]  54 30 32 30 35 62 39 36 39 38 30 30 30 30 30 30 30 30 30 30 30 30 30 30 30 30 0d 0a
              0x0205B969  Status idx=5 dev=41

    5862.2ms  RX  ◄──  [1.3]  54 30 32 30 35 62 39 61 39 38 30 30 30 30 66 66 66 66 30 31 30 30 30 30 30 30 0d 0a
              0x0205B9A9  Status idx=6 dev=41

    5879.9ms  RX  ◄──  [1.3]  54 30 32 30 35 62 38 32 39 38 30 30 30 30 39 34 30 36 30 30 31 63 38 30 30 30 0d 0a
              0x0205B829  Status idx=0 dev=41

    5880.0ms  RX  ◄──  [1.3]  54 30 32 30 35 62 38 61 39 38 30 30 63 30 38 39 33 61 61 35 66 66 33 62 63 32 0d 0a
              0x0205B8A9  Status idx=2 dev=41

    5880.1ms  RX  ◄──  [1.3]  54 30 32 30 35 62 38 65 39 38 31 39 30 30 30 30 30 30 32 32 33 35 66 63 33 64 0d 0a
              0x0205B8E9  Status idx=3 dev=41

    5882.0ms  RX  ◄──  [1.3]  54 30 32 30 35 62 39 32 39 38 30 30 30 30 30 30 30 30 30 30 30 30 30 30 30 30 0d 0a
              0x0205B929  Status idx=4 dev=41

    5882.1ms  RX  ◄──  [1.3]  54 30 32 30 35 62 39 36 39 38 30 30 30 30 30 30 30 30 30 30 30 30 30 30 30 30 0d 0a
              0x0205B969  Status idx=5 dev=41

    5882.2ms  RX  ◄──  [1.3]  54 30 32 30 35 62 39 61 39 38 30 30 30 30 66 66 66 66 30 31 30 30 30 30 30 30 0d 0a
              0x0205B9A9  Status idx=6 dev=41

    5887.9ms  TX  ──►  [1.3]  54 30 32 30 35 32 63 38 30 38 30 30 30 30 30 30 30 30 30 30 30 30 30 30 30 30 0d
              0x02052C80  cls=0x0b idx=2 dev=0

    5888.1ms  TX  ──►  [1.3]  54 30 30 30 35 30 32 63 30 31 30 31 0d
              0x000502C0  cls=0x00 idx=11 dev=0

    5888.2ms  TX  ──►  [1.3]  54 30 32 30 35 30 31 32 39 38 32 64 62 32 33 62 34 31 30 30 30 30 30 30 30 30 0d
              0x02050129  cls=0x00 idx=4 dev=41

    5900.0ms  RX  ◄──  [1.3]  54 30 32 30 35 62 38 32 39 38 30 30 30 30 39 35 30 36 30 30 31 63 38 30 30 30 0d 0a
              0x0205B829  Status idx=0 dev=41

    5900.1ms  RX  ◄──  [1.3]  54 30 32 30 35 62 38 61 39 38 30 30 63 30 38 39 33 61 61 35 66 66 33 62 63 32 0d 0a
              0x0205B8A9  Status idx=2 dev=41

    5900.2ms  RX  ◄──  [1.3]  54 30 32 30 35 62 38 65 39 38 31 39 30 30 30 30 30 30 39 61 65 34 66 62 33 64 0d 0a
              0x0205B8E9  Status idx=3 dev=41

    5902.0ms  RX  ◄──  [1.3]  54 30 32 30 35 62 39 32 39 38 30 30 30 30 30 30 30 30 30 30 30 30 30 30 30 30 0d 0a
              0x0205B929  Status idx=4 dev=41

    5902.1ms  RX  ◄──  [1.3]  54 30 32 30 35 62 39 36 39 38 30 30 30 30 30 30 30 30 30 30 30 30 30 30 30 30 0d 0a
              0x0205B969  Status idx=5 dev=41

    5902.2ms  RX  ◄──  [1.3]  54 30 32 30 35 62 39 61 39 38 30 30 30 30 66 66 66 66 30 31 30 30 30 30 30 30 0d 0a
              0x0205B9A9  Status idx=6 dev=41

    5909.9ms  TX  ──►  [1.3]  54 30 32 30 35 30 31 32 39 38 32 64 62 32 33 62 34 31 30 30 30 30 30 30 30 30 0d
              0x02050129  cls=0x00 idx=4 dev=41

    5920.0ms  RX  ◄──  [1.3]  54 30 32 30 35 62 38 32 39 38 30 30 30 30 39 61 30 36 30 30 31 63 38 30 30 30 0d 0a
              0x0205B829  Status idx=0 dev=41

    5920.1ms  RX  ◄──  [1.3]  54 30 32 30 35 62 38 61 39 38 30 30 63 30 38 39 33 61 61 35 66 66 33 62 63 32 0d 0a
              0x0205B8A9  Status idx=2 dev=41

    5920.2ms  RX  ◄──  [1.3]  54 30 32 30 35 62 38 65 39 38 31 39 30 30 30 30 30 30 30 34 32 62 66 65 33 64 0d 0a
              0x0205B8E9  Status idx=3 dev=41

    5920.3ms  TX  ──►  [1.3]  54 30 32 30 35 32 63 38 30 38 30 30 30 30 30 30 30 30 30 30 30 30 30 30 30 30 0d
              0x02052C80  cls=0x0b idx=2 dev=0

    5920.4ms  TX  ──►  [1.3]  54 30 30 30 35 30 32 63 30 31 30 31 0d
              0x000502C0  cls=0x00 idx=11 dev=0

    5922.0ms  RX  ◄──  [1.3]  54 30 32 30 35 62 39 32 39 38 30 30 30 30 30 30 30 30 30 30 30 30 30 30 30 30 0d 0a
              0x0205B929  Status idx=4 dev=41

    5922.0ms  RX  ◄──  [1.3]  54 30 32 30 35 62 39 36 39 38 30 30 30 30 30 30 30 30 30 30 30 30 30 30 30 30 0d 0a
              0x0205B969  Status idx=5 dev=41

    5922.1ms  RX  ◄──  [1.3]  54 30 32 30 35 62 39 61 39 38 30 30 30 30 66 66 66 66 30 31 30 30 30 30 30 30 0d 0a
              0x0205B9A9  Status idx=6 dev=41

    5937.7ms  TX  ──►  [1.3]  54 30 32 30 35 30 31 32 39 38 32 64 62 32 33 62 34 31 30 30 30 30 30 30 30 30 0d
              0x02050129  cls=0x00 idx=4 dev=41

    5940.0ms  RX  ◄──  [1.3]  54 30 32 30 35 62 38 32 39 38 30 30 30 30 39 39 30 36 30 30 31 63 38 30 30 30 0d 0a
              0x0205B829  Status idx=0 dev=41

    5940.0ms  RX  ◄──  [1.3]  54 30 32 30 35 62 38 61 39 38 30 30 63 30 38 39 33 61 61 35 66 66 33 62 63 32 0d 0a
              0x0205B8A9  Status idx=2 dev=41

    5940.1ms  RX  ◄──  [1.3]  54 30 32 30 35 62 38 65 39 38 31 39 30 30 30 30 30 30 64 32 62 35 66 62 33 64 0d 0a
              0x0205B8E9  Status idx=3 dev=41

    5942.0ms  RX  ◄──  [1.3]  54 30 32 30 35 62 39 32 39 38 30 30 30 30 30 30 30 30 30 30 30 30 30 30 30 30 0d 0a
              0x0205B929  Status idx=4 dev=41

    5942.0ms  RX  ◄──  [1.3]  54 30 32 30 35 62 39 36 39 38 30 30 30 30 30 30 30 30 30 30 30 30 30 30 30 30 0d 0a
              0x0205B969  Status idx=5 dev=41

    5942.1ms  RX  ◄──  [1.3]  54 30 32 30 35 62 39 61 39 38 30 30 30 30 66 66 66 66 30 31 30 30 30 30 30 30 0d 0a
              0x0205B9A9  Status idx=6 dev=41

    5947.2ms  TX  ──►  [1.3]  54 30 32 30 35 32 63 38 30 38 30 30 30 30 30 30 30 30 30 30 30 30 30 30 30 30 0d
              0x02052C80  cls=0x0b idx=2 dev=0

    5947.4ms  TX  ──►  [1.3]  54 30 30 30 35 30 32 63 30 31 30 31 0d
              0x000502C0  cls=0x00 idx=11 dev=0

    5960.0ms  RX  ◄──  [1.3]  54 30 32 30 35 62 38 32 39 38 30 30 30 30 39 61 30 36 30 30 31 63 38 30 30 30 0d 0a
              0x0205B829  Status idx=0 dev=41

    5960.1ms  RX  ◄──  [1.3]  54 30 32 30 35 62 38 61 39 38 30 30 63 30 38 39 33 61 61 35 66 66 33 62 63 32 0d 0a
              0x0205B8A9  Status idx=2 dev=41

    5960.1ms  RX  ◄──  [1.3]  54 30 32 30 35 62 38 65 39 38 31 39 30 30 30 30 30 30 65 36 31 34 66 62 33 64 0d 0a
              0x0205B8E9  Status idx=3 dev=41

    5961.9ms  RX  ◄──  [1.3]  54 30 32 30 35 62 39 32 39 38 30 30 30 30 30 30 30 30 30 30 30 30 30 30 30 30 0d 0a
              0x0205B929  Status idx=4 dev=41

    5962.1ms  RX  ◄──  [1.3]  54 30 32 30 35 62 39 36 39 38 30 30 30 30 30 30 30 30 30 30 30 30 30 30 30 30 0d 0a
              0x0205B969  Status idx=5 dev=41

    5962.2ms  RX  ◄──  [1.3]  54 30 32 30 35 62 39 61 39 38 30 30 30 30 66 66 66 66 30 31 30 30 30 30 30 30 0d 0a
              0x0205B9A9  Status idx=6 dev=41

    5970.4ms  TX  ──►  [1.3]  54 30 32 30 35 30 31 32 39 38 32 64 62 32 33 62 34 31 30 30 30 30 30 30 30 30 0d
              0x02050129  cls=0x00 idx=4 dev=41

    5980.0ms  RX  ◄──  [1.3]  54 30 32 30 35 62 38 32 39 38 30 30 30 30 39 39 30 36 30 30 31 63 38 30 30 30 0d 0a
              0x0205B829  Status idx=0 dev=41

    5980.1ms  RX  ◄──  [1.3]  54 30 32 30 35 62 38 61 39 38 30 30 63 30 38 39 33 61 61 35 66 66 33 62 63 32 0d 0a
              0x0205B8A9  Status idx=2 dev=41

    5980.2ms  RX  ◄──  [1.3]  54 30 32 30 35 62 38 65 39 38 31 39 30 30 30 30 30 30 30 30 63 65 66 64 33 64 0d 0a
              0x0205B8E9  Status idx=3 dev=41

    5982.0ms  RX  ◄──  [1.3]  54 30 32 30 35 62 39 32 39 38 30 30 30 30 30 30 30 30 30 30 30 30 30 30 30 30 0d 0a
              0x0205B929  Status idx=4 dev=41

    5982.0ms  RX  ◄──  [1.3]  54 30 32 30 35 62 39 36 39 38 30 30 30 30 30 30 30 30 30 30 30 30 30 30 30 30 0d 0a
              0x0205B969  Status idx=5 dev=41

    5982.1ms  RX  ◄──  [1.3]  54 30 32 30 35 62 39 61 39 38 30 30 30 30 66 66 66 66 30 31 30 30 30 30 30 30 0d 0a
              0x0205B9A9  Status idx=6 dev=41

    5983.3ms  TX  ──►  [1.3]  54 30 32 30 35 32 63 38 30 38 30 30 30 30 30 30 30 30 30 30 30 30 30 30 30 30 0d
              0x02052C80  cls=0x0b idx=2 dev=0

    5983.4ms  TX  ──►  [1.3]  54 30 30 30 35 30 32 63 30 31 30 31 0d
              0x000502C0  cls=0x00 idx=11 dev=0

    5992.3ms  TX  ──►  [1.3]  54 30 32 30 35 30 31 32 39 38 32 64 62 32 33 62 34 31 30 30 30 30 30 30 30 30 0d
              0x02050129  cls=0x00 idx=4 dev=41

    6000.0ms  RX  ◄──  [1.3]  54 30 32 30 35 62 38 32 39 38 30 30 30 30 39 36 30 36 30 30 31 63 38 30 30 30 0d 0a
              0x0205B829  Status idx=0 dev=41

    6000.1ms  RX  ◄──  [1.3]  54 30 32 30 35 62 38 61 39 38 30 30 63 30 38 39 33 61 61 35 66 66 33 62 63 32 0d 0a
              0x0205B8A9  Status idx=2 dev=41

    6000.2ms  RX  ◄──  [1.3]  54 30 32 30 35 62 38 65 39 38 31 39 30 30 30 30 30 30 32 34 36 37 66 62 33 64 0d 0a
              0x0205B8E9  Status idx=3 dev=41

    6001.9ms  RX  ◄──  [1.3]  54 30 32 30 35 62 39 32 39 38 30 30 30 30 30 30 30 30 30 30 30 30 30 30 30 30 0d 0a
              0x0205B929  Status idx=4 dev=41

    6002.0ms  RX  ◄──  [1.3]  54 30 32 30 35 62 39 36 39 38 30 30 30 30 30 30 30 30 30 30 30 30 30 30 30 30 0d 0a
              0x0205B969  Status idx=5 dev=41

    6002.1ms  RX  ◄──  [1.3]  54 30 32 30 35 62 39 61 39 38 30 30 30 30 66 66 66 66 30 31 30 30 30 30 30 30 0d 0a
              0x0205B9A9  Status idx=6 dev=41

    6012.5ms  TX  ──►  [1.3]  54 30 32 30 35 32 63 38 30 38 30 30 30 30 30 30 30 30 30 30 30 30 30 30 30 30 0d
              0x02052C80  cls=0x0b idx=2 dev=0

    6012.7ms  TX  ──►  [1.3]  54 30 30 30 35 30 32 63 30 31 30 31 0d
              0x000502C0  cls=0x00 idx=11 dev=0

    6012.8ms  TX  ──►  [1.3]  54 30 32 30 35 30 31 32 39 38 32 64 62 32 33 62 34 31 30 30 30 30 30 30 30 30 0d
              0x02050129  cls=0x00 idx=4 dev=41

    6020.0ms  RX  ◄──  [1.3]  54 30 32 30 35 62 38 32 39 38 30 30 30 30 39 35 30 36 30 30 31 63 38 30 30 30 0d 0a
              0x0205B829  Status idx=0 dev=41

    6020.1ms  RX  ◄──  [1.3]  54 30 32 30 35 62 38 61 39 38 30 30 63 30 38 39 33 61 61 35 66 66 33 62 63 32 0d 0a
              0x0205B8A9  Status idx=2 dev=41

    6020.2ms  RX  ◄──  [1.3]  54 30 32 30 35 62 38 65 39 38 31 39 30 30 30 30 30 30 66 38 36 63 66 62 33 64 0d 0a
              0x0205B8E9  Status idx=3 dev=41

    6022.0ms  RX  ◄──  [1.3]  54 30 32 30 35 62 39 32 39 38 30 30 30 30 30 30 30 30 30 30 30 30 30 30 30 30 0d 0a
              0x0205B929  Status idx=4 dev=41

    6022.1ms  RX  ◄──  [1.3]  54 30 32 30 35 62 39 36 39 38 30 30 30 30 30 30 30 30 30 30 30 30 30 30 30 30 0d 0a
              0x0205B969  Status idx=5 dev=41

    6022.2ms  RX  ◄──  [1.3]  54 30 32 30 35 62 39 61 39 38 30 30 30 30 66 66 66 66 30 31 30 30 30 30 30 30 0d 0a
              0x0205B9A9  Status idx=6 dev=41

    6032.7ms  TX  ──►  [1.3]  54 30 32 30 35 30 31 32 39 38 32 64 62 32 33 62 34 31 30 30 30 30 30 30 30 30 0d
              0x02050129  cls=0x00 idx=4 dev=41

    6040.0ms  RX  ◄──  [1.3]  54 30 32 30 35 62 38 32 39 38 30 30 30 30 39 37 30 36 30 30 31 63 38 30 30 30 0d 0a
              0x0205B829  Status idx=0 dev=41

    6040.1ms  RX  ◄──  [1.3]  54 30 32 30 35 62 38 61 39 38 30 30 63 30 38 39 33 61 61 35 66 66 33 62 63 32 0d 0a
              0x0205B8A9  Status idx=2 dev=41

    6040.2ms  RX  ◄──  [1.3]  54 30 32 30 35 62 38 65 39 38 31 39 30 30 30 30 30 30 64 32 65 38 66 64 33 64 0d 0a
              0x0205B8E9  Status idx=3 dev=41

    6041.9ms  RX  ◄──  [1.3]  54 30 32 30 35 62 39 32 39 38 30 30 30 30 30 30 30 30 30 30 30 30 30 30 30 30 0d 0a
              0x0205B929  Status idx=4 dev=41

    6042.1ms  RX  ◄──  [1.3]  54 30 32 30 35 62 39 36 39 38 30 30 30 30 30 30 30 30 30 30 30 30 30 30 30 30 0d 0a
              0x0205B969  Status idx=5 dev=41

    6042.1ms  RX  ◄──  [1.3]  54 30 32 30 35 62 39 61 39 38 30 30 30 30 66 66 66 66 30 31 30 30 30 30 30 30 0d 0a
              0x0205B9A9  Status idx=6 dev=41

    6042.2ms  TX  ──►  [1.3]  54 30 32 30 35 32 63 38 30 38 30 30 30 30 30 30 30 30 30 30 30 30 30 30 30 30 0d
              0x02052C80  cls=0x0b idx=2 dev=0

    6042.3ms  TX  ──►  [1.3]  54 30 30 30 35 30 32 63 30 31 30 31 0d
              0x000502C0  cls=0x00 idx=11 dev=0

    6052.7ms  TX  ──►  [1.3]  54 30 32 30 35 30 31 32 39 38 32 64 62 32 33 62 34 31 30 30 30 30 30 30 30 30 0d
              0x02050129  cls=0x00 idx=4 dev=41

    6059.9ms  RX  ◄──  [1.3]  54 30 32 30 35 62 38 61 39 38 30 30 63 30 38 39 33 61 61 35 66 66 33 62 63 32 0d 0a
              0x0205B8A9  Status idx=2 dev=41

    6060.1ms  RX  ◄──  [1.3]  54 30 32 30 35 62 38 65 39 38 31 39 30 30 30 30 30 30 66 32 61 34 66 62 33 64 0d 0a
              0x0205B8E9  Status idx=3 dev=41

    6060.2ms  RX  ◄──  [1.3]  54 30 32 30 35 62 38 32 39 38 30 30 30 30 39 36 30 36 30 30 31 63 38 30 30 30 0d 0a
              0x0205B829  Status idx=0 dev=41

    6061.9ms  RX  ◄──  [1.3]  54 30 32 30 35 62 39 32 39 38 30 30 30 30 30 30 30 30 30 30 30 30 30 30 30 30 0d 0a
              0x0205B929  Status idx=4 dev=41

    6062.1ms  RX  ◄──  [1.3]  54 30 32 30 35 62 39 36 39 38 30 30 30 30 30 30 30 30 30 30 30 30 30 30 30 30 0d 0a
              0x0205B969  Status idx=5 dev=41

    6062.3ms  RX  ◄──  [1.3]  54 30 32 30 35 62 39 61 39 38 30 30 30 30 66 66 66 66 30 31 30 30 30 30 30 30 0d 0a
              0x0205B9A9  Status idx=6 dev=41

    6071.0ms  TX  ──►  [1.3]  54 30 32 30 35 32 63 38 30 38 30 30 30 30 30 30 30 30 30 30 30 30 30 30 30 30 0d
              0x02052C80  cls=0x0b idx=2 dev=0

    6071.2ms  TX  ──►  [1.3]  54 30 30 30 35 30 32 63 30 31 30 31 0d
              0x000502C0  cls=0x00 idx=11 dev=0

    6080.0ms  RX  ◄──  [1.3]  54 30 32 30 35 62 38 32 39 38 30 30 30 30 39 39 30 36 30 30 31 63 38 30 30 30 0d 0a
              0x0205B829  Status idx=0 dev=41

    6080.1ms  RX  ◄──  [1.3]  54 30 32 30 35 62 38 61 39 38 30 30 63 30 38 39 33 61 61 35 66 66 33 62 63 32 0d 0a
              0x0205B8A9  Status idx=2 dev=41

    6080.2ms  RX  ◄──  [1.3]  54 30 32 30 35 62 38 65 39 38 31 39 30 30 30 30 30 30 37 38 62 38 66 62 33 64 0d 0a
              0x0205B8E9  Status idx=3 dev=41

    6082.0ms  RX  ◄──  [1.3]  54 30 32 30 35 62 39 32 39 38 30 30 30 30 30 30 30 30 30 30 30 30 30 30 30 30 0d 0a
              0x0205B929  Status idx=4 dev=41

    6082.2ms  RX  ◄──  [1.3]  54 30 32 30 35 62 39 36 39 38 30 30 30 30 30 30 30 30 30 30 30 30 30 30 30 30 0d 0a
              0x0205B969  Status idx=5 dev=41

    6082.4ms  RX  ◄──  [1.3]  54 30 32 30 35 62 39 61 39 38 30 30 30 30 66 66 66 66 30 31 30 30 30 30 30 30 0d 0a
              0x0205B9A9  Status idx=6 dev=41

    6089.8ms  TX  ──►  [1.3]  54 30 32 30 35 30 31 32 39 38 32 64 62 32 33 62 34 31 30 30 30 30 30 30 30 30 0d
              0x02050129  cls=0x00 idx=4 dev=41

    6099.9ms  RX  ◄──  [1.3]  54 30 32 30 35 62 38 32 39 38 30 30 30 30 39 39 30 36 30 30 31 63 38 30 30 30 0d 0a
              0x0205B829  Status idx=0 dev=41

    6100.1ms  RX  ◄──  [1.3]  54 30 32 30 35 62 38 61 39 38 30 30 63 30 38 39 33 61 61 35 66 66 33 62 63 32 0d 0a
              0x0205B8A9  Status idx=2 dev=41

    6100.2ms  RX  ◄──  [1.3]  54 30 32 30 35 62 38 65 39 38 31 39 30 30 30 30 30 30 30 36 33 36 66 65 33 64 0d 0a
              0x0205B8E9  Status idx=3 dev=41

    6100.2ms  TX  ──►  [1.3]  54 30 32 30 35 32 63 38 30 38 30 30 30 30 30 30 30 30 30 30 30 30 30 30 30 30 0d
              0x02052C80  cls=0x0b idx=2 dev=0

    6100.4ms  TX  ──►  [1.3]  54 30 30 30 35 30 32 63 30 31 30 31 0d
              0x000502C0  cls=0x00 idx=11 dev=0

    6102.0ms  RX  ◄──  [1.3]  54 30 32 30 35 62 39 32 39 38 30 30 30 30 30 30 30 30 30 30 30 30 30 30 30 30 0d 0a
              0x0205B929  Status idx=4 dev=41

    6102.1ms  RX  ◄──  [1.3]  54 30 32 30 35 62 39 36 39 38 30 30 30 30 30 30 30 30 30 30 30 30 30 30 30 30 0d 0a
              0x0205B969  Status idx=5 dev=41

    6102.2ms  RX  ◄──  [1.3]  54 30 32 30 35 62 39 61 39 38 30 30 30 30 66 66 66 66 30 31 30 30 30 30 30 30 0d 0a
              0x0205B9A9  Status idx=6 dev=41

    6109.8ms  RX  ◄──  [1.3]  54 30 32 30 35 62 38 36 39 38 30 30 30 30 30 30 30 30 30 30 30 30 30 30 30 30 0d 0a
              0x0205B869  Status idx=1 dev=41

    6119.3ms  TX  ──►  [1.3]  54 30 32 30 35 30 31 32 39 38 32 64 62 32 33 62 34 31 30 30 30 30 30 30 30 30 0d
              0x02050129  cls=0x00 idx=4 dev=41

    6119.9ms  RX  ◄──  [1.3]  54 30 32 30 35 62 38 32 39 38 30 30 30 30 39 38 30 36 30 30 31 63 38 30 30 30 0d 0a
              0x0205B829  Status idx=0 dev=41

    6120.0ms  RX  ◄──  [1.3]  54 30 32 30 35 62 38 61 39 38 30 30 63 30 38 39 33 61 61 35 66 66 33 62 63 32 0d 0a
              0x0205B8A9  Status idx=2 dev=41

    6120.1ms  RX  ◄──  [1.3]  54 30 32 30 35 62 38 65 39 38 31 39 30 30 30 30 30 30 37 63 35 38 66 63 33 64 0d 0a
              0x0205B8E9  Status idx=3 dev=41

    6121.9ms  RX  ◄──  [1.3]  54 30 32 30 35 62 39 32 39 38 30 30 30 30 30 30 30 30 30 30 30 30 30 30 30 30 0d 0a
              0x0205B929  Status idx=4 dev=41

    6122.1ms  RX  ◄──  [1.3]  54 30 32 30 35 62 39 36 39 38 30 30 30 30 30 30 30 30 30 30 30 30 30 30 30 30 0d 0a
              0x0205B969  Status idx=5 dev=41

    6122.1ms  RX  ◄──  [1.3]  54 30 32 30 35 62 39 61 39 38 30 30 30 30 66 66 66 66 30 31 30 30 30 30 30 30 0d 0a
              0x0205B9A9  Status idx=6 dev=41

    6138.2ms  TX  ──►  [1.3]  54 30 32 30 35 32 63 38 30 38 30 30 30 30 30 30 30 30 30 30 30 30 30 30 30 30 0d
              0x02052C80  cls=0x0b idx=2 dev=0

    6138.5ms  TX  ──►  [1.3]  54 30 30 30 35 30 32 63 30 31 30 31 0d
              0x000502C0  cls=0x00 idx=11 dev=0

    6139.9ms  RX  ◄──  [1.3]  54 30 32 30 35 62 38 32 39 38 30 30 30 30 39 61 30 36 30 30 31 63 38 30 30 30 0d 0a
              0x0205B829  Status idx=0 dev=41

    6140.1ms  RX  ◄──  [1.3]  54 30 32 30 35 62 38 61 39 38 30 30 63 30 38 39 33 61 61 35 66 66 33 62 63 32 0d 0a
              0x0205B8A9  Status idx=2 dev=41

    6140.2ms  RX  ◄──  [1.3]  54 30 32 30 35 62 38 65 39 38 31 39 30 30 30 30 30 30 37 65 64 64 66 62 33 64 0d 0a
              0x0205B8E9  Status idx=3 dev=41

    6141.9ms  RX  ◄──  [1.3]  54 30 32 30 35 62 39 32 39 38 30 30 30 30 30 30 30 30 30 30 30 30 30 30 30 30 0d 0a
              0x0205B929  Status idx=4 dev=41

    6142.1ms  RX  ◄──  [1.3]  54 30 32 30 35 62 39 36 39 38 30 30 30 30 30 30 30 30 30 30 30 30 30 30 30 30 0d 0a
              0x0205B969  Status idx=5 dev=41

    6142.1ms  RX  ◄──  [1.3]  54 30 32 30 35 62 39 61 39 38 30 30 30 30 66 66 66 66 30 31 30 30 30 30 30 30 0d 0a
              0x0205B9A9  Status idx=6 dev=41

    6154.5ms  TX  ──►  [1.3]  54 30 32 30 35 30 31 32 39 38 32 64 62 32 33 62 34 31 30 30 30 30 30 30 30 30 0d
              0x02050129  cls=0x00 idx=4 dev=41

    6160.1ms  RX  ◄──  [1.3]  54 30 32 30 35 62 38 32 39 38 30 30 30 30 39 39 30 36 30 30 31 63 38 30 30 30 0d 0a
              0x0205B829  Status idx=0 dev=41

    6160.4ms  RX  ◄──  [1.3]  54 30 32 30 35 62 38 61 39 38 30 30 63 30 38 39 33 61 61 35 66 66 33 62 63 32 0d 0a
              0x0205B8A9  Status idx=2 dev=41

    6160.5ms  RX  ◄──  [1.3]  54 30 32 30 35 62 38 65 39 38 31 39 30 30 30 30 30 30 31 61 38 33 66 64 33 64 0d 0a
              0x0205B8E9  Status idx=3 dev=41

    6161.9ms  RX  ◄──  [1.3]  54 30 32 30 35 62 39 32 39 38 30 30 30 30 30 30 30 30 30 30 30 30 30 30 30 30 0d 0a
              0x0205B929  Status idx=4 dev=41

    6162.0ms  RX  ◄──  [1.3]  54 30 32 30 35 62 39 36 39 38 30 30 30 30 30 30 30 30 30 30 30 30 30 30 30 30 0d 0a
              0x0205B969  Status idx=5 dev=41

    6162.1ms  RX  ◄──  [1.3]  54 30 32 30 35 62 39 61 39 38 30 30 30 30 66 66 66 66 30 31 30 30 30 30 30 30 0d 0a
              0x0205B9A9  Status idx=6 dev=41

    6162.8ms  TX  ──►  [1.3]  54 30 32 30 35 32 63 38 30 38 30 30 30 30 30 30 30 30 30 30 30 30 30 30 30 30 0d
              0x02052C80  cls=0x0b idx=2 dev=0

    6162.9ms  TX  ──►  [1.3]  54 30 30 30 35 30 32 63 30 31 30 31 0d
              0x000502C0  cls=0x00 idx=11 dev=0

    6175.9ms  TX  ──►  [1.3]  54 30 32 30 35 30 31 32 39 38 32 64 62 32 33 62 34 31 30 30 30 30 30 30 30 30 0d
              0x02050129  cls=0x00 idx=4 dev=41

    6180.0ms  RX  ◄──  [1.3]  54 30 32 30 35 62 38 32 39 38 30 30 30 30 39 35 30 36 30 30 31 63 38 30 30 30 0d 0a
              0x0205B829  Status idx=0 dev=41

    6180.2ms  RX  ◄──  [1.3]  54 30 32 30 35 62 38 61 39 38 30 30 63 30 38 39 33 61 61 35 66 66 33 62 63 32 0d 0a
              0x0205B8A9  Status idx=2 dev=41

    6180.3ms  RX  ◄──  [1.3]  54 30 32 30 35 62 38 65 39 38 31 39 30 30 30 30 30 30 61 34 33 37 66 62 33 64 0d 0a
              0x0205B8E9  Status idx=3 dev=41

    6181.9ms  RX  ◄──  [1.3]  54 30 32 30 35 62 39 32 39 38 30 30 30 30 30 30 30 30 30 30 30 30 30 30 30 30 0d 0a
              0x0205B929  Status idx=4 dev=41

    6182.0ms  RX  ◄──  [1.3]  54 30 32 30 35 62 39 36 39 38 30 30 30 30 30 30 30 30 30 30 30 30 30 30 30 30 0d 0a
              0x0205B969  Status idx=5 dev=41

    6182.2ms  RX  ◄──  [1.3]  54 30 32 30 35 62 39 61 39 38 30 30 30 30 66 66 66 66 30 31 30 30 30 30 30 30 0d 0a
              0x0205B9A9  Status idx=6 dev=41

    6191.4ms  TX  ──►  [1.3]  54 30 32 30 35 32 63 38 30 38 30 30 30 30 30 30 30 30 30 30 30 30 30 30 30 30 0d
              0x02052C80  cls=0x0b idx=2 dev=0

    6191.5ms  TX  ──►  [1.3]  54 30 30 30 35 30 32 63 30 31 30 31 0d
              0x000502C0  cls=0x00 idx=11 dev=0

    6200.0ms  RX  ◄──  [1.3]  54 30 32 30 35 62 38 32 39 38 30 30 30 30 39 35 30 36 30 30 31 63 38 30 30 30 0d 0a
              0x0205B829  Status idx=0 dev=41

    6200.1ms  RX  ◄──  [1.3]  54 30 32 30 35 62 38 61 39 38 30 30 63 30 38 39 33 61 61 35 66 66 33 62 63 32 0d 0a
              0x0205B8A9  Status idx=2 dev=41

    6200.2ms  RX  ◄──  [1.3]  54 30 32 30 35 62 38 65 39 38 31 39 30 30 30 30 30 30 64 61 30 63 66 63 33 64 0d 0a
              0x0205B8E9  Status idx=3 dev=41

    6201.5ms  TX  ──►  [1.3]  54 30 32 30 35 30 31 32 39 38 32 64 62 32 33 62 34 31 30 30 30 30 30 30 30 30 0d
              0x02050129  cls=0x00 idx=4 dev=41

    6202.0ms  RX  ◄──  [1.3]  54 30 32 30 35 62 39 32 39 38 30 30 30 30 30 30 30 30 30 30 30 30 30 30 30 30 0d 0a
              0x0205B929  Status idx=4 dev=41

    6202.1ms  RX  ◄──  [1.3]  54 30 32 30 35 62 39 36 39 38 30 30 30 30 30 30 30 30 30 30 30 30 30 30 30 30 0d 0a
              0x0205B969  Status idx=5 dev=41

    6202.2ms  RX  ◄──  [1.3]  54 30 32 30 35 62 39 61 39 38 30 30 30 30 66 66 66 66 30 31 30 30 30 30 30 30 0d 0a
              0x0205B9A9  Status idx=6 dev=41

    6220.0ms  RX  ◄──  [1.3]  54 30 32 30 35 62 38 32 39 38 30 30 30 30 39 61 30 36 30 30 31 63 38 30 30 30 0d 0a
              0x0205B829  Status idx=0 dev=41

    6220.1ms  RX  ◄──  [1.3]  54 30 32 30 35 62 38 61 39 38 30 30 63 30 38 39 33 61 61 35 66 66 33 62 63 32 0d 0a
              0x0205B8A9  Status idx=2 dev=41

    6220.3ms  RX  ◄──  [1.3]  54 30 32 30 35 62 38 65 39 38 31 39 30 30 30 30 30 30 36 65 62 64 66 64 33 64 0d 0a
              0x0205B8E9  Status idx=3 dev=41

    6222.0ms  RX  ◄──  [1.3]  54 30 32 30 35 62 39 32 39 38 30 30 30 30 30 30 30 30 30 30 30 30 30 30 30 30 0d 0a
              0x0205B929  Status idx=4 dev=41

    6222.0ms  TX  ──►  [1.3]  54 30 32 30 35 32 63 38 30 38 30 30 30 30 30 30 30 30 30 30 30 30 30 30 30 30 0d
              0x02052C80  cls=0x0b idx=2 dev=0

    6222.1ms  RX  ◄──  [1.3]  54 30 32 30 35 62 39 36 39 38 30 30 30 30 30 30 30 30 30 30 30 30 30 30 30 30 0d 0a
              0x0205B969  Status idx=5 dev=41

    6222.2ms  RX  ◄──  [1.3]  54 30 32 30 35 62 39 61 39 38 30 30 30 30 66 66 66 66 30 31 30 30 30 30 30 30 0d 0a
              0x0205B9A9  Status idx=6 dev=41

    6222.2ms  TX  ──►  [1.3]  54 30 30 30 35 30 32 63 30 31 30 31 0d
              0x000502C0  cls=0x00 idx=11 dev=0

    6222.3ms  TX  ──►  [1.3]  54 30 32 30 35 30 31 32 39 38 32 64 62 32 33 62 34 31 30 30 30 30 30 30 30 30 0d
              0x02050129  cls=0x00 idx=4 dev=41

    6239.9ms  RX  ◄──  [1.3]  54 30 32 30 35 62 38 32 39 38 30 30 30 30 39 39 30 36 30 30 31 63 38 30 30 30 0d 0a
              0x0205B829  Status idx=0 dev=41

    6240.0ms  RX  ◄──  [1.3]  54 30 32 30 35 62 38 61 39 38 30 30 63 30 38 39 33 61 61 35 66 66 33 62 63 32 0d 0a
              0x0205B8A9  Status idx=2 dev=41

    6240.1ms  RX  ◄──  [1.3]  54 30 32 30 35 62 38 65 39 38 31 39 30 30 30 30 30 30 61 34 39 30 66 62 33 64 0d 0a
              0x0205B8E9  Status idx=3 dev=41

    6241.9ms  RX  ◄──  [1.3]  54 30 32 30 35 62 39 32 39 38 30 30 30 30 30 30 30 30 30 30 30 30 30 30 30 30 0d 0a
              0x0205B929  Status idx=4 dev=41

    6242.0ms  RX  ◄──  [1.3]  54 30 32 30 35 62 39 36 39 38 30 30 30 30 30 30 30 30 30 30 30 30 30 30 30 30 0d 0a
              0x0205B969  Status idx=5 dev=41

    6242.1ms  RX  ◄──  [1.3]  54 30 32 30 35 62 39 61 39 38 30 30 30 30 66 66 66 66 30 31 30 30 30 30 30 30 0d 0a
              0x0205B9A9  Status idx=6 dev=41

    6242.2ms  TX  ──►  [1.3]  54 30 32 30 35 30 31 32 39 38 32 64 62 32 33 62 34 31 30 30 30 30 30 30 30 30 0d
              0x02050129  cls=0x00 idx=4 dev=41

    6252.7ms  TX  ──►  [1.3]  54 30 32 30 35 32 63 38 30 38 30 30 30 30 30 30 30 30 30 30 30 30 30 30 30 30 0d
              0x02052C80  cls=0x0b idx=2 dev=0

    6253.0ms  TX  ──►  [1.3]  54 30 30 30 35 30 32 63 30 31 30 31 0d
              0x000502C0  cls=0x00 idx=11 dev=0

    6260.0ms  RX  ◄──  [1.3]  54 30 32 30 35 62 38 32 39 38 30 30 30 30 39 39 30 36 30 30 31 63 38 30 30 30 0d 0a
              0x0205B829  Status idx=0 dev=41

    6260.2ms  RX  ◄──  [1.3]  54 30 32 30 35 62 38 61 39 38 30 30 63 30 38 39 33 61 61 35 66 66 33 62 63 32 0d 0a
              0x0205B8A9  Status idx=2 dev=41

    6260.3ms  RX  ◄──  [1.3]  54 30 32 30 35 62 38 65 39 38 31 39 30 30 30 30 30 30 32 61 65 62 66 62 33 64 0d 0a
              0x0205B8E9  Status idx=3 dev=41

    6262.0ms  RX  ◄──  [1.3]  54 30 32 30 35 62 39 32 39 38 30 30 30 30 30 30 30 30 30 30 30 30 30 30 30 30 0d 0a
              0x0205B929  Status idx=4 dev=41

    6262.1ms  RX  ◄──  [1.3]  54 30 32 30 35 62 39 36 39 38 30 30 30 30 30 30 30 30 30 30 30 30 30 30 30 30 0d 0a
              0x0205B969  Status idx=5 dev=41

    6262.2ms  RX  ◄──  [1.3]  54 30 32 30 35 62 39 61 39 38 30 30 30 30 66 66 66 66 30 31 30 30 30 30 30 30 0d 0a
              0x0205B9A9  Status idx=6 dev=41

    6263.1ms  TX  ──►  [1.3]  54 30 32 30 35 30 31 32 39 38 32 64 62 32 33 62 34 31 30 30 30 30 30 30 30 30 0d
              0x02050129  cls=0x00 idx=4 dev=41

    6280.0ms  RX  ◄──  [1.3]  54 30 32 30 35 62 38 32 39 38 30 30 30 30 39 39 30 36 30 30 31 63 38 30 30 30 0d 0a
              0x0205B829  Status idx=0 dev=41

    6280.1ms  RX  ◄──  [1.3]  54 30 32 30 35 62 38 61 39 38 30 30 63 30 38 39 33 61 61 35 66 66 33 62 63 32 0d 0a
              0x0205B8A9  Status idx=2 dev=41

    6280.2ms  RX  ◄──  [1.3]  54 30 32 30 35 62 38 65 39 38 31 39 30 30 30 30 30 30 38 63 65 38 66 64 33 64 0d 0a
              0x0205B8E9  Status idx=3 dev=41

    6282.0ms  RX  ◄──  [1.3]  54 30 32 30 35 62 39 32 39 38 30 30 30 30 30 30 30 30 30 30 30 30 30 30 30 30 0d 0a
              0x0205B929  Status idx=4 dev=41

    6282.2ms  RX  ◄──  [1.3]  54 30 32 30 35 62 39 36 39 38 30 30 30 30 30 30 30 30 30 30 30 30 30 30 30 30 0d 0a
              0x0205B969  Status idx=5 dev=41

    6282.3ms  RX  ◄──  [1.3]  54 30 32 30 35 62 39 61 39 38 30 30 30 30 66 66 66 66 30 31 30 30 30 30 30 30 0d 0a
              0x0205B9A9  Status idx=6 dev=41

    6283.0ms  TX  ──►  [1.3]  54 30 32 30 35 32 63 38 30 38 30 30 30 30 30 30 30 30 30 30 30 30 30 30 30 30 0d
              0x02052C80  cls=0x0b idx=2 dev=0

    6283.3ms  TX  ──►  [1.3]  54 30 30 30 35 30 32 63 30 31 30 31 0d
              0x000502C0  cls=0x00 idx=11 dev=0

    6283.4ms  TX  ──►  [1.3]  54 30 32 30 35 30 31 32 39 38 32 64 62 32 33 62 34 31 30 30 30 30 30 30 30 30 0d
              0x02050129  cls=0x00 idx=4 dev=41

    6299.8ms  RX  ◄──  [1.3]  54 30 32 30 35 62 38 65 39 38 31 39 30 30 30 30 30 30 36 32 62 61 66 62 33 64 0d 0a
              0x0205B8E9  Status idx=3 dev=41

    6300.0ms  RX  ◄──  [1.3]  54 30 32 30 35 62 38 32 39 38 30 30 30 30 39 35 30 36 30 30 31 63 38 30 30 30 0d 0a
              0x0205B829  Status idx=0 dev=41

    6300.1ms  RX  ◄──  [1.3]  54 30 32 30 35 62 38 61 39 38 30 30 63 30 38 39 33 61 61 35 66 66 33 62 63 32 0d 0a
              0x0205B8A9  Status idx=2 dev=41

    6302.0ms  RX  ◄──  [1.3]  54 30 32 30 35 62 39 32 39 38 30 30 30 30 30 30 30 30 30 30 30 30 30 30 30 30 0d 0a
              0x0205B929  Status idx=4 dev=41

    6302.1ms  RX  ◄──  [1.3]  54 30 32 30 35 62 39 36 39 38 30 30 30 30 30 30 30 30 30 30 30 30 30 30 30 30 0d 0a
              0x0205B969  Status idx=5 dev=41

    6302.3ms  RX  ◄──  [1.3]  54 30 32 30 35 62 39 61 39 38 30 30 30 30 66 66 66 66 30 31 30 30 30 30 30 30 0d 0a
              0x0205B9A9  Status idx=6 dev=41

    6303.7ms  TX  ──►  [1.3]  54 30 32 30 35 30 31 32 39 38 32 64 62 32 33 62 34 31 30 30 30 30 30 30 30 30 0d
              0x02050129  cls=0x00 idx=4 dev=41

    6313.9ms  TX  ──►  [1.3]  54 30 32 30 35 32 63 38 30 38 30 30 30 30 30 30 30 30 30 30 30 30 30 30 30 30 0d
              0x02052C80  cls=0x0b idx=2 dev=0

    6314.1ms  TX  ──►  [1.3]  54 30 30 30 35 30 32 63 30 31 30 31 0d
              0x000502C0  cls=0x00 idx=11 dev=0

    6320.0ms  RX  ◄──  [1.3]  54 30 32 30 35 62 38 32 39 38 30 30 30 30 39 35 30 36 30 30 31 63 38 30 30 30 0d 0a
              0x0205B829  Status idx=0 dev=41

    6320.1ms  RX  ◄──  [1.3]  54 30 32 30 35 62 38 61 39 38 30 30 63 30 38 39 33 61 61 35 66 66 33 62 63 32 0d 0a
              0x0205B8A9  Status idx=2 dev=41

    6320.2ms  RX  ◄──  [1.3]  54 30 32 30 35 62 38 65 39 38 31 39 30 30 30 30 30 30 39 36 64 37 66 62 33 64 0d 0a
              0x0205B8E9  Status idx=3 dev=41

    6322.0ms  RX  ◄──  [1.3]  54 30 32 30 35 62 39 32 39 38 30 30 30 30 30 30 30 30 30 30 30 30 30 30 30 30 0d 0a
              0x0205B929  Status idx=4 dev=41

    6322.1ms  RX  ◄──  [1.3]  54 30 32 30 35 62 39 36 39 38 30 30 30 30 30 30 30 30 30 30 30 30 30 30 30 30 0d 0a
              0x0205B969  Status idx=5 dev=41

    6322.2ms  RX  ◄──  [1.3]  54 30 32 30 35 62 39 61 39 38 30 30 30 30 66 66 66 66 30 31 30 30 30 30 30 30 0d 0a
              0x0205B9A9  Status idx=6 dev=41

    6324.0ms  TX  ──►  [1.3]  54 30 32 30 35 30 31 32 39 38 32 64 62 32 33 62 34 31 30 30 30 30 30 30 30 30 0d
              0x02050129  cls=0x00 idx=4 dev=41

    6339.9ms  RX  ◄──  [1.3]  54 30 32 30 35 62 38 32 39 38 30 30 30 30 39 39 30 36 30 30 31 63 38 30 30 30 0d 0a
              0x0205B829  Status idx=0 dev=41

    6340.0ms  RX  ◄──  [1.3]  54 30 32 30 35 62 38 61 39 38 30 30 63 30 38 39 33 61 61 35 66 66 33 62 63 32 0d 0a
              0x0205B8A9  Status idx=2 dev=41

    6340.1ms  RX  ◄──  [1.3]  54 30 32 30 35 62 38 65 39 38 31 39 30 30 30 30 30 30 31 36 35 33 66 65 33 64 0d 0a
              0x0205B8E9  Status idx=3 dev=41

    6341.9ms  RX  ◄──  [1.3]  54 30 32 30 35 62 39 32 39 38 30 30 30 30 30 30 30 30 30 30 30 30 30 30 30 30 0d 0a
              0x0205B929  Status idx=4 dev=41

    6342.0ms  RX  ◄──  [1.3]  54 30 32 30 35 62 39 36 39 38 30 30 30 30 30 30 30 30 30 30 30 30 30 30 30 30 0d 0a
              0x0205B969  Status idx=5 dev=41

    6342.1ms  RX  ◄──  [1.3]  54 30 32 30 35 62 39 61 39 38 30 30 30 30 66 66 66 66 30 31 30 30 30 30 30 30 0d 0a
              0x0205B9A9  Status idx=6 dev=41

    6348.7ms  TX  ──►  [1.3]  54 30 32 30 35 32 63 38 30 38 30 30 30 30 30 30 30 30 30 30 30 30 30 30 30 30 0d
              0x02052C80  cls=0x0b idx=2 dev=0

    6348.9ms  TX  ──►  [1.3]  54 30 30 30 35 30 32 63 30 31 30 31 0d
              0x000502C0  cls=0x00 idx=11 dev=0

    6349.0ms  TX  ──►  [1.3]  54 30 32 30 35 30 31 32 39 38 32 64 62 32 33 62 34 31 30 30 30 30 30 30 30 30 0d
              0x02050129  cls=0x00 idx=4 dev=41

    6360.0ms  RX  ◄──  [1.3]  54 30 32 30 35 62 38 32 39 38 30 30 30 30 39 37 30 36 30 30 31 63 38 30 30 30 0d 0a
              0x0205B829  Status idx=0 dev=41

    6360.4ms  RX  ◄──  [1.3]  54 30 32 30 35 62 38 36 39 38 30 30 30 30 30 30 30 30 30 30 30 30 30 30 30 30 0d 0a
              0x0205B869  Status idx=1 dev=41

    6360.4ms  RX  ◄──  [1.3]  54 30 32 30 35 62 38 61 39 38 30 30 63 30 38 39 33 61 61 35 66 66 33 62 63 32 0d 0a
              0x0205B8A9  Status idx=2 dev=41

    6360.5ms  RX  ◄──  [1.3]  54 30 32 30 35 62 38 65 39 38 31 39 30 30 30 30 30 30 31 38 35 39 66 63 33 64 0d 0a
              0x0205B8E9  Status idx=3 dev=41

    6361.9ms  RX  ◄──  [1.3]  54 30 32 30 35 62 39 32 39 38 30 30 30 30 30 30 30 30 30 30 30 30 30 30 30 30 0d 0a
              0x0205B929  Status idx=4 dev=41

    6362.0ms  RX  ◄──  [1.3]  54 30 32 30 35 62 39 36 39 38 30 30 30 30 30 30 30 30 30 30 30 30 30 30 30 30 0d 0a
              0x0205B969  Status idx=5 dev=41

    6362.1ms  RX  ◄──  [1.3]  54 30 32 30 35 62 39 61 39 38 30 30 30 30 66 66 66 66 30 31 30 30 30 30 30 30 0d 0a
              0x0205B9A9  Status idx=6 dev=41

    6380.0ms  RX  ◄──  [1.3]  54 30 32 30 35 62 38 32 39 38 30 30 30 30 39 34 30 36 30 30 31 63 38 30 30 30 0d 0a
              0x0205B829  Status idx=0 dev=41

    6380.2ms  RX  ◄──  [1.3]  54 30 32 30 35 62 38 61 39 38 30 30 63 30 38 39 33 61 61 35 66 66 33 62 63 32 0d 0a
              0x0205B8A9  Status idx=2 dev=41

    6380.3ms  RX  ◄──  [1.3]  54 30 32 30 35 62 38 65 39 38 31 39 30 30 30 30 30 30 62 65 36 34 66 63 33 64 0d 0a
              0x0205B8E9  Status idx=3 dev=41

    6381.7ms  TX  ──►  [1.3]  54 30 32 30 35 32 63 38 30 38 30 30 30 30 30 30 30 30 30 30 30 30 30 30 30 30 0d
              0x02052C80  cls=0x0b idx=2 dev=0

    6381.9ms  TX  ──►  [1.3]  54 30 30 30 35 30 32 63 30 31 30 31 0d
              0x000502C0  cls=0x00 idx=11 dev=0

    6382.0ms  TX  ──►  [1.3]  54 30 32 30 35 30 31 32 39 38 32 64 62 32 33 62 34 31 30 30 30 30 30 30 30 30 0d
              0x02050129  cls=0x00 idx=4 dev=41

    6382.3ms  RX  ◄──  [1.3]  54 30 32 30 35 62 39 32 39 38 30 30 30 30 30 30 30 30 30 30 30 30 30 30 30 30 0d 0a
              0x0205B929  Status idx=4 dev=41

    6382.4ms  RX  ◄──  [1.3]  54 30 32 30 35 62 39 36 39 38 30 30 30 30 30 30 30 30 30 30 30 30 30 30 30 30 0d 0a
              0x0205B969  Status idx=5 dev=41

    6382.4ms  RX  ◄──  [1.3]  54 30 32 30 35 62 39 61 39 38 30 30 30 30 66 66 66 66 30 31 30 30 30 30 30 30 0d 0a
              0x0205B9A9  Status idx=6 dev=41

    6399.9ms  RX  ◄──  [1.3]  54 30 32 30 35 62 38 32 39 38 30 30 30 30 39 61 30 36 30 30 31 63 38 30 30 30 0d 0a
              0x0205B829  Status idx=0 dev=41

    6400.0ms  RX  ◄──  [1.3]  54 30 32 30 35 62 38 61 39 38 30 30 63 30 38 39 33 61 61 35 66 66 33 62 63 32 0d 0a
              0x0205B8A9  Status idx=2 dev=41

    6400.1ms  RX  ◄──  [1.3]  54 30 32 30 35 62 38 65 39 38 31 39 30 30 30 30 30 30 66 65 31 37 66 65 33 64 0d 0a
              0x0205B8E9  Status idx=3 dev=41

    6402.0ms  RX  ◄──  [1.3]  54 30 32 30 35 62 39 32 39 38 30 30 30 30 30 30 30 30 30 30 30 30 30 30 30 30 0d 0a
              0x0205B929  Status idx=4 dev=41

    6402.1ms  RX  ◄──  [1.3]  54 30 32 30 35 62 39 36 39 38 30 30 30 30 30 30 30 30 30 30 30 30 30 30 30 30 0d 0a
              0x0205B969  Status idx=5 dev=41

    6402.2ms  RX  ◄──  [1.3]  54 30 32 30 35 62 39 61 39 38 30 30 30 30 66 66 66 66 30 31 30 30 30 30 30 30 0d 0a
              0x0205B9A9  Status idx=6 dev=41

    6405.3ms  TX  ──►  [1.3]  54 30 32 30 35 30 31 32 39 38 32 64 62 32 33 62 34 31 30 30 30 30 30 30 30 30 0d
              0x02050129  cls=0x00 idx=4 dev=41

    6416.7ms  TX  ──►  [1.3]  54 30 32 30 35 32 63 38 30 38 30 30 30 30 30 30 30 30 30 30 30 30 30 30 30 30 0d
              0x02052C80  cls=0x0b idx=2 dev=0

    6417.0ms  TX  ──►  [1.3]  54 30 30 30 35 30 32 63 30 31 30 31 0d
              0x000502C0  cls=0x00 idx=11 dev=0

    6419.9ms  RX  ◄──  [1.3]  54 30 32 30 35 62 38 32 39 38 30 30 30 30 39 39 30 36 30 30 31 63 38 30 30 30 0d 0a
              0x0205B829  Status idx=0 dev=41

    6420.1ms  RX  ◄──  [1.3]  54 30 32 30 35 62 38 61 39 38 30 30 63 30 38 39 33 61 61 35 66 66 33 62 63 32 0d 0a
              0x0205B8A9  Status idx=2 dev=41

    6420.1ms  RX  ◄──  [1.3]  54 30 32 30 35 62 38 65 39 38 31 39 30 30 30 30 30 30 38 61 62 64 66 62 33 64 0d 0a
              0x0205B8E9  Status idx=3 dev=41

    6422.0ms  RX  ◄──  [1.3]  54 30 32 30 35 62 39 32 39 38 30 30 30 30 30 30 30 30 30 30 30 30 30 30 30 30 0d 0a
              0x0205B929  Status idx=4 dev=41

    6422.1ms  RX  ◄──  [1.3]  54 30 32 30 35 62 39 36 39 38 30 30 30 30 30 30 30 30 30 30 30 30 30 30 30 30 0d 0a
              0x0205B969  Status idx=5 dev=41

    6422.2ms  RX  ◄──  [1.3]  54 30 32 30 35 62 39 61 39 38 30 30 30 30 66 66 66 66 30 31 30 30 30 30 30 30 0d 0a
              0x0205B9A9  Status idx=6 dev=41

    6433.0ms  TX  ──►  [1.3]  54 30 32 30 35 30 31 32 39 38 32 64 62 32 33 62 34 31 30 30 30 30 30 30 30 30 0d
              0x02050129  cls=0x00 idx=4 dev=41

    6440.0ms  RX  ◄──  [1.3]  54 30 32 30 35 62 38 32 39 38 30 30 30 30 39 38 30 36 30 30 31 63 38 30 30 30 0d 0a
              0x0205B829  Status idx=0 dev=41

    6440.1ms  RX  ◄──  [1.3]  54 30 32 30 35 62 38 61 39 38 30 30 63 30 38 39 33 61 61 35 66 66 33 62 63 32 0d 0a
              0x0205B8A9  Status idx=2 dev=41

    6440.1ms  RX  ◄──  [1.3]  54 30 32 30 35 62 38 65 39 38 31 39 30 30 30 30 30 30 65 38 64 38 66 62 33 64 0d 0a
              0x0205B8E9  Status idx=3 dev=41

    6441.9ms  RX  ◄──  [1.3]  54 30 32 30 35 62 39 36 39 38 30 30 30 30 30 30 30 30 30 30 30 30 30 30 30 30 0d 0a
              0x0205B969  Status idx=5 dev=41

    6442.1ms  RX  ◄──  [1.3]  54 30 32 30 35 62 39 61 39 38 30 30 30 30 66 66 66 66 30 31 30 30 30 30 30 30 0d 0a
              0x0205B9A9  Status idx=6 dev=41

    6442.2ms  RX  ◄──  [1.3]  54 30 32 30 35 62 39 32 39 38 30 30 30 30 30 30 30 30 30 30 30 30 30 30 30 30 0d 0a
              0x0205B929  Status idx=4 dev=41

    6442.9ms  TX  ──►  [1.3]  54 30 32 30 35 32 63 38 30 38 30 30 30 30 30 30 30 30 30 30 30 30 30 30 30 30 0d
              0x02052C80  cls=0x0b idx=2 dev=0

    6443.0ms  TX  ──►  [1.3]  54 30 30 30 35 30 32 63 30 31 30 31 0d
              0x000502C0  cls=0x00 idx=11 dev=0

    6460.0ms  RX  ◄──  [1.3]  54 30 32 30 35 62 38 32 39 38 30 30 30 30 39 38 30 36 30 30 31 63 38 30 30 30 0d 0a
              0x0205B829  Status idx=0 dev=41

    6460.1ms  RX  ◄──  [1.3]  54 30 32 30 35 62 38 61 39 38 30 30 63 30 38 39 33 61 61 35 66 66 33 62 63 32 0d 0a
              0x0205B8A9  Status idx=2 dev=41

    6460.2ms  RX  ◄──  [1.3]  54 30 32 30 35 62 38 65 39 38 31 39 30 30 30 30 30 30 34 30 62 65 66 64 33 64 0d 0a
              0x0205B8E9  Status idx=3 dev=41

    6462.0ms  RX  ◄──  [1.3]  54 30 32 30 35 62 39 32 39 38 30 30 30 30 30 30 30 30 30 30 30 30 30 30 30 30 0d 0a
              0x0205B929  Status idx=4 dev=41

    6462.1ms  RX  ◄──  [1.3]  54 30 32 30 35 62 39 36 39 38 30 30 30 30 30 30 30 30 30 30 30 30 30 30 30 30 0d 0a
              0x0205B969  Status idx=5 dev=41

    6462.2ms  RX  ◄──  [1.3]  54 30 32 30 35 62 39 61 39 38 30 30 30 30 66 66 66 66 30 31 30 30 30 30 30 30 0d 0a
              0x0205B9A9  Status idx=6 dev=41

    6464.8ms  TX  ──►  [1.3]  54 30 32 30 35 30 31 32 39 38 32 64 62 32 33 62 34 31 30 30 30 30 30 30 30 30 0d
              0x02050129  cls=0x00 idx=4 dev=41

    6471.1ms  TX  ──►  [1.3]  54 30 32 30 35 32 63 38 30 38 30 30 30 30 30 30 30 30 30 30 30 30 30 30 30 30 0d
              0x02052C80  cls=0x0b idx=2 dev=0

    6471.3ms  TX  ──►  [1.3]  54 30 30 30 35 30 32 63 30 31 30 31 0d
              0x000502C0  cls=0x00 idx=11 dev=0

    6480.0ms  RX  ◄──  [1.3]  54 30 32 30 35 62 38 32 39 38 30 30 30 30 39 38 30 36 30 30 31 63 38 30 30 30 0d 0a
              0x0205B829  Status idx=0 dev=41

    6480.2ms  RX  ◄──  [1.3]  54 30 32 30 35 62 38 61 39 38 30 30 63 30 38 39 33 61 61 35 66 66 33 62 63 32 0d 0a
              0x0205B8A9  Status idx=2 dev=41

    6480.3ms  RX  ◄──  [1.3]  54 30 32 30 35 62 38 65 39 38 31 39 30 30 30 30 30 30 65 61 62 33 66 62 33 64 0d 0a
              0x0205B8E9  Status idx=3 dev=41

    6482.0ms  RX  ◄──  [1.3]  54 30 32 30 35 62 39 32 39 38 30 30 30 30 30 30 30 30 30 30 30 30 30 30 30 30 0d 0a
              0x0205B929  Status idx=4 dev=41

    6482.2ms  RX  ◄──  [1.3]  54 30 32 30 35 62 39 36 39 38 30 30 30 30 30 30 30 30 30 30 30 30 30 30 30 30 0d 0a
              0x0205B969  Status idx=5 dev=41

    6482.3ms  RX  ◄──  [1.3]  54 30 32 30 35 62 39 61 39 38 30 30 30 30 66 66 66 66 30 31 30 30 30 30 30 30 0d 0a
              0x0205B9A9  Status idx=6 dev=41

    6492.2ms  TX  ──►  [1.3]  54 30 32 30 35 30 31 32 39 38 32 64 62 32 33 62 34 31 30 30 30 30 30 30 30 30 0d
              0x02050129  cls=0x00 idx=4 dev=41

    6500.0ms  RX  ◄──  [1.3]  54 30 32 30 35 62 38 32 39 38 30 30 30 30 39 35 30 36 30 30 31 63 38 30 30 30 0d 0a
              0x0205B829  Status idx=0 dev=41

    6500.1ms  RX  ◄──  [1.3]  54 30 32 30 35 62 38 61 39 38 30 30 63 30 38 39 33 61 61 35 66 66 33 62 63 32 0d 0a
              0x0205B8A9  Status idx=2 dev=41

    6500.2ms  RX  ◄──  [1.3]  54 30 32 30 35 62 38 65 39 38 31 39 30 30 30 30 30 30 37 34 33 66 66 62 33 64 0d 0a
              0x0205B8E9  Status idx=3 dev=41

    6501.3ms  TX  ──►  [1.3]  54 30 32 30 35 32 63 38 30 38 30 30 30 30 30 30 30 30 30 30 30 30 30 30 30 30 0d
              0x02052C80  cls=0x0b idx=2 dev=0

    6501.5ms  TX  ──►  [1.3]  54 30 30 30 35 30 32 63 30 31 30 31 0d
              0x000502C0  cls=0x00 idx=11 dev=0

    6502.0ms  RX  ◄──  [1.3]  54 30 32 30 35 62 39 32 39 38 30 30 30 30 30 30 30 30 30 30 30 30 30 30 30 30 0d 0a
              0x0205B929  Status idx=4 dev=41

    6502.1ms  RX  ◄──  [1.3]  54 30 32 30 35 62 39 36 39 38 30 30 30 30 30 30 30 30 30 30 30 30 30 30 30 30 0d 0a
              0x0205B969  Status idx=5 dev=41

    6502.2ms  RX  ◄──  [1.3]  54 30 32 30 35 62 39 61 39 38 30 30 30 30 66 66 66 66 30 31 30 30 30 30 30 30 0d 0a
              0x0205B9A9  Status idx=6 dev=41

    6517.3ms  TX  ──►  [1.3]  54 30 32 30 35 30 31 32 39 38 32 64 62 32 33 62 34 31 30 30 30 30 30 30 30 30 0d
              0x02050129  cls=0x00 idx=4 dev=41

    6519.9ms  RX  ◄──  [1.3]  54 30 32 30 35 62 38 32 39 38 30 30 30 30 39 39 30 36 30 30 31 63 38 30 30 30 0d 0a
              0x0205B829  Status idx=0 dev=41

    6520.0ms  RX  ◄──  [1.3]  54 30 32 30 35 62 38 61 39 38 30 30 63 30 38 39 33 61 61 35 66 66 33 62 63 32 0d 0a
              0x0205B8A9  Status idx=2 dev=41

    6520.1ms  RX  ◄──  [1.3]  54 30 32 30 35 62 38 65 39 38 31 39 30 30 30 30 30 30 39 38 35 35 66 65 33 64 0d 0a
              0x0205B8E9  Status idx=3 dev=41

    6522.0ms  RX  ◄──  [1.3]  54 30 32 30 35 62 39 32 39 38 30 30 30 30 30 30 30 30 30 30 30 30 30 30 30 30 0d 0a
              0x0205B929  Status idx=4 dev=41

    6522.2ms  RX  ◄──  [1.3]  54 30 32 30 35 62 39 36 39 38 30 30 30 30 30 30 30 30 30 30 30 30 30 30 30 30 0d 0a
              0x0205B969  Status idx=5 dev=41

    6522.2ms  RX  ◄──  [1.3]  54 30 32 30 35 62 39 61 39 38 30 30 30 30 66 66 66 66 30 31 30 30 30 30 30 30 0d 0a
              0x0205B9A9  Status idx=6 dev=41

    6527.6ms  TX  ──►  [1.3]  54 30 32 30 35 32 63 38 30 38 30 30 30 30 30 30 30 30 30 30 30 30 30 30 30 30 0d
              0x02052C80  cls=0x0b idx=2 dev=0

    6527.7ms  TX  ──►  [1.3]  54 30 30 30 35 30 32 63 30 31 30 31 0d
              0x000502C0  cls=0x00 idx=11 dev=0

    6540.0ms  RX  ◄──  [1.3]  54 30 32 30 35 62 38 32 39 38 30 30 30 30 39 61 30 36 30 30 31 63 38 30 30 30 0d 0a
              0x0205B829  Status idx=0 dev=41

    6540.1ms  RX  ◄──  [1.3]  54 30 32 30 35 62 38 61 39 38 30 30 63 30 38 39 33 61 61 35 66 66 33 62 63 32 0d 0a
              0x0205B8A9  Status idx=2 dev=41

    6540.1ms  RX  ◄──  [1.3]  54 30 32 30 35 62 38 65 39 38 31 39 30 30 30 30 30 30 61 32 35 64 66 63 33 64 0d 0a
              0x0205B8E9  Status idx=3 dev=41

    6542.0ms  RX  ◄──  [1.3]  54 30 32 30 35 62 39 32 39 38 30 30 30 30 30 30 30 30 30 30 30 30 30 30 30 30 0d 0a
              0x0205B929  Status idx=4 dev=41

    6542.1ms  RX  ◄──  [1.3]  54 30 32 30 35 62 39 36 39 38 30 30 30 30 30 30 30 30 30 30 30 30 30 30 30 30 0d 0a
              0x0205B969  Status idx=5 dev=41

    6542.2ms  RX  ◄──  [1.3]  54 30 32 30 35 62 39 61 39 38 30 30 30 30 66 66 66 66 30 31 30 30 30 30 30 30 0d 0a
              0x0205B9A9  Status idx=6 dev=41

    6543.8ms  TX  ──►  [1.3]  54 30 32 30 35 30 31 32 39 38 32 64 62 32 33 62 34 31 30 30 30 30 30 30 30 30 0d
              0x02050129  cls=0x00 idx=4 dev=41

    6553.8ms  TX  ──►  [1.3]  54 30 32 30 35 32 63 38 30 38 30 30 30 30 30 30 30 30 30 30 30 30 30 30 30 30 0d
              0x02052C80  cls=0x0b idx=2 dev=0

    6554.0ms  TX  ──►  [1.3]  54 30 30 30 35 30 32 63 30 31 30 31 0d
              0x000502C0  cls=0x00 idx=11 dev=0

    6559.9ms  RX  ◄──  [1.3]  54 30 32 30 35 62 38 32 39 38 30 30 30 30 39 61 30 36 30 30 31 63 38 30 30 30 0d 0a
              0x0205B829  Status idx=0 dev=41

    6560.1ms  RX  ◄──  [1.3]  54 30 32 30 35 62 38 61 39 38 30 30 63 30 38 39 33 61 61 35 66 66 33 62 63 32 0d 0a
              0x0205B8A9  Status idx=2 dev=41

    6560.1ms  RX  ◄──  [1.3]  54 30 32 30 35 62 38 65 39 38 31 39 30 30 30 30 30 30 30 38 37 30 66 62 33 64 0d 0a
              0x0205B8E9  Status idx=3 dev=41

    6562.0ms  RX  ◄──  [1.3]  54 30 32 30 35 62 39 32 39 38 30 30 30 30 30 30 30 30 30 30 30 30 30 30 30 30 0d 0a
              0x0205B929  Status idx=4 dev=41

    6562.2ms  RX  ◄──  [1.3]  54 30 32 30 35 62 39 36 39 38 30 30 30 30 30 30 30 30 30 30 30 30 30 30 30 30 0d 0a
              0x0205B969  Status idx=5 dev=41

    6562.4ms  RX  ◄──  [1.3]  54 30 32 30 35 62 39 61 39 38 30 30 30 30 66 66 66 66 30 31 30 30 30 30 30 30 0d 0a
              0x0205B9A9  Status idx=6 dev=41

    6569.8ms  TX  ──►  [1.3]  54 30 32 30 35 30 31 32 39 38 32 64 62 32 33 62 34 31 30 30 30 30 30 30 30 30 0d
              0x02050129  cls=0x00 idx=4 dev=41

    6580.0ms  RX  ◄──  [1.3]  54 30 32 30 35 62 38 32 39 38 30 30 30 30 39 38 30 36 30 30 31 63 38 30 30 30 0d 0a
              0x0205B829  Status idx=0 dev=41

    6580.2ms  RX  ◄──  [1.3]  54 30 32 30 35 62 38 61 39 38 30 30 63 30 38 39 33 61 61 35 66 66 33 62 63 32 0d 0a
              0x0205B8A9  Status idx=2 dev=41

    6580.3ms  TX  ──►  [1.3]  54 30 32 30 35 32 63 38 30 38 30 30 30 30 30 30 30 30 30 30 30 30 30 30 30 30 0d
              0x02052C80  cls=0x0b idx=2 dev=0

    6580.3ms  RX  ◄──  [1.3]  54 30 32 30 35 62 38 65 39 38 31 39 30 30 30 30 30 30 36 63 34 65 66 65 33 64 0d 0a
              0x0205B8E9  Status idx=3 dev=41

    6580.5ms  TX  ──►  [1.3]  54 30 30 30 35 30 32 63 30 31 30 31 0d
              0x000502C0  cls=0x00 idx=11 dev=0

    6582.0ms  RX  ◄──  [1.3]  54 30 32 30 35 62 39 32 39 38 30 30 30 30 30 30 30 30 30 30 30 30 30 30 30 30 0d 0a
              0x0205B929  Status idx=4 dev=41

    6582.2ms  RX  ◄──  [1.3]  54 30 32 30 35 62 39 36 39 38 30 30 30 30 30 30 30 30 30 30 30 30 30 30 30 30 0d 0a
              0x0205B969  Status idx=5 dev=41

    6582.3ms  RX  ◄──  [1.3]  54 30 32 30 35 62 39 61 39 38 30 30 30 30 66 66 66 66 30 31 30 30 30 30 30 30 0d 0a
              0x0205B9A9  Status idx=6 dev=41

    6590.2ms  TX  ──►  [1.3]  54 30 32 30 35 30 31 32 39 38 32 64 62 32 33 62 34 31 30 30 30 30 30 30 30 30 0d
              0x02050129  cls=0x00 idx=4 dev=41

    6600.0ms  RX  ◄──  [1.3]  54 30 32 30 35 62 38 32 39 38 30 30 30 30 39 36 30 36 30 30 31 63 38 30 30 30 0d 0a
              0x0205B829  Status idx=0 dev=41

    6600.1ms  RX  ◄──  [1.3]  54 30 32 30 35 62 38 61 39 38 30 30 63 30 38 39 33 61 61 35 66 66 33 62 63 32 0d 0a
              0x0205B8A9  Status idx=2 dev=41

    6600.2ms  RX  ◄──  [1.3]  54 30 32 30 35 62 38 65 39 38 31 39 30 30 30 30 30 30 62 32 65 39 66 62 33 64 0d 0a
              0x0205B8E9  Status idx=3 dev=41

    6602.0ms  RX  ◄──  [1.3]  54 30 32 30 35 62 39 32 39 38 30 30 30 30 30 30 30 30 30 30 30 30 30 30 30 30 0d 0a
              0x0205B929  Status idx=4 dev=41

    6602.1ms  RX  ◄──  [1.3]  54 30 32 30 35 62 39 36 39 38 30 30 30 30 30 30 30 30 30 30 30 30 30 30 30 30 0d 0a
              0x0205B969  Status idx=5 dev=41

    6602.1ms  RX  ◄──  [1.3]  54 30 32 30 35 62 39 61 39 38 30 30 30 30 66 66 66 66 30 31 30 30 30 30 30 30 0d 0a
              0x0205B9A9  Status idx=6 dev=41

    6609.8ms  RX  ◄──  [1.3]  54 30 32 30 35 62 38 36 39 38 30 30 30 30 30 30 30 30 30 30 30 30 30 30 30 30 0d 0a
              0x0205B869  Status idx=1 dev=41

    6610.7ms  TX  ──►  [1.3]  54 30 32 30 35 32 63 38 30 38 30 30 30 30 30 30 30 30 30 30 30 30 30 30 30 30 0d
              0x02052C80  cls=0x0b idx=2 dev=0

    6610.9ms  TX  ──►  [1.3]  54 30 30 30 35 30 32 63 30 31 30 31 0d
              0x000502C0  cls=0x00 idx=11 dev=0

    6611.0ms  TX  ──►  [1.3]  54 30 32 30 35 30 31 32 39 38 32 64 62 32 33 62 34 31 30 30 30 30 30 30 30 30 0d
              0x02050129  cls=0x00 idx=4 dev=41

    6611.8ms  RX  ◄──  [1.3]  54 30 32 30 35 62 63 32 39 34 34 32 35 64 31 31 62 38 0d 0a
              0x0205BC29  Status idx=0 dev=41

    6620.0ms  RX  ◄──  [1.3]  54 30 32 30 35 62 38 32 39 38 30 30 30 30 39 37 30 36 30 30 31 63 38 30 30 30 0d 0a
              0x0205B829  Status idx=0 dev=41

    6620.1ms  RX  ◄──  [1.3]  54 30 32 30 35 62 38 61 39 38 30 30 63 30 38 39 33 61 61 35 66 66 33 62 63 32 0d 0a
              0x0205B8A9  Status idx=2 dev=41

    6620.2ms  RX  ◄──  [1.3]  54 30 32 30 35 62 38 65 39 38 31 39 30 30 30 30 30 30 36 34 36 63 66 62 33 64 0d 0a
              0x0205B8E9  Status idx=3 dev=41

    6622.0ms  RX  ◄──  [1.3]  54 30 32 30 35 62 39 32 39 38 30 30 30 30 30 30 30 30 30 30 30 30 30 30 30 30 0d 0a
              0x0205B929  Status idx=4 dev=41

    6622.1ms  RX  ◄──  [1.3]  54 30 32 30 35 62 39 36 39 38 30 30 30 30 30 30 30 30 30 30 30 30 30 30 30 30 0d 0a
              0x0205B969  Status idx=5 dev=41

    6622.2ms  RX  ◄──  [1.3]  54 30 32 30 35 62 39 61 39 38 30 30 30 30 66 66 66 66 30 31 30 30 30 30 30 30 0d 0a
              0x0205B9A9  Status idx=6 dev=41

    6631.4ms  TX  ──►  [1.3]  54 30 32 30 35 30 31 32 39 38 32 64 62 32 33 62 34 31 30 30 30 30 30 30 30 30 0d
              0x02050129  cls=0x00 idx=4 dev=41

    6640.0ms  RX  ◄──  [1.3]  54 30 32 30 35 62 38 32 39 38 30 30 30 30 39 39 30 36 30 30 31 63 38 30 30 30 0d 0a
              0x0205B829  Status idx=0 dev=41

    6640.1ms  RX  ◄──  [1.3]  54 30 32 30 35 62 38 61 39 38 30 30 63 30 38 39 33 61 61 35 66 66 33 62 63 32 0d 0a
              0x0205B8A9  Status idx=2 dev=41

    6640.2ms  RX  ◄──  [1.3]  54 30 32 30 35 62 38 65 39 38 31 39 30 30 30 30 30 30 31 38 35 62 66 65 33 64 0d 0a
              0x0205B8E9  Status idx=3 dev=41

    6641.9ms  TX  ──►  [1.3]  54 30 32 30 35 32 63 38 30 38 30 30 30 30 30 30 30 30 30 30 30 30 30 30 30 30 0d
              0x02052C80  cls=0x0b idx=2 dev=0

    6641.9ms  RX  ◄──  [1.3]  54 30 32 30 35 62 39 32 39 38 30 30 30 30 30 30 30 30 30 30 30 30 30 30 30 30 0d 0a
              0x0205B929  Status idx=4 dev=41

    6642.0ms  RX  ◄──  [1.3]  54 30 32 30 35 62 39 36 39 38 30 30 30 30 30 30 30 30 30 30 30 30 30 30 30 30 0d 0a
              0x0205B969  Status idx=5 dev=41

    6642.0ms  TX  ──►  [1.3]  54 30 30 30 35 30 32 63 30 31 30 31 0d
              0x000502C0  cls=0x00 idx=11 dev=0

    6642.2ms  RX  ◄──  [1.3]  54 30 32 30 35 62 39 61 39 38 30 30 30 30 66 66 66 66 30 31 30 30 30 30 30 30 0d 0a
              0x0205B9A9  Status idx=6 dev=41

    6652.3ms  TX  ──►  [1.3]  54 30 32 30 35 30 31 32 39 38 32 64 62 32 33 62 34 31 30 30 30 30 30 30 30 30 0d
              0x02050129  cls=0x00 idx=4 dev=41

    6659.9ms  RX  ◄──  [1.3]  54 30 32 30 35 62 38 32 39 38 30 30 30 30 39 38 30 36 30 30 31 63 38 30 30 30 0d 0a
              0x0205B829  Status idx=0 dev=41

    6660.1ms  RX  ◄──  [1.3]  54 30 32 30 35 62 38 61 39 38 30 30 63 30 38 39 33 61 61 35 66 66 33 62 63 32 0d 0a
              0x0205B8A9  Status idx=2 dev=41

    6660.2ms  RX  ◄──  [1.3]  54 30 32 30 35 62 38 65 39 38 31 39 30 30 30 30 30 30 37 65 61 33 66 62 33 64 0d 0a
              0x0205B8E9  Status idx=3 dev=41

    6662.0ms  RX  ◄──  [1.3]  54 30 32 30 35 62 39 32 39 38 30 30 30 30 30 30 30 30 30 30 30 30 30 30 30 30 0d 0a
              0x0205B929  Status idx=4 dev=41

    6662.1ms  RX  ◄──  [1.3]  54 30 32 30 35 62 39 36 39 38 30 30 30 30 30 30 30 30 30 30 30 30 30 30 30 30 0d 0a
              0x0205B969  Status idx=5 dev=41

    6662.2ms  RX  ◄──  [1.3]  54 30 32 30 35 62 39 61 39 38 30 30 30 30 66 66 66 66 30 31 30 30 30 30 30 30 0d 0a
              0x0205B9A9  Status idx=6 dev=41

    6672.5ms  TX  ──►  [1.3]  54 30 32 30 35 32 63 38 30 38 30 30 30 30 30 30 30 30 30 30 30 30 30 30 30 30 0d
              0x02052C80  cls=0x0b idx=2 dev=0

    6672.7ms  TX  ──►  [1.3]  54 30 30 30 35 30 32 63 30 31 30 31 0d
              0x000502C0  cls=0x00 idx=11 dev=0

    6672.8ms  TX  ──►  [1.3]  54 30 32 30 35 30 31 32 39 38 32 64 62 32 33 62 34 31 30 30 30 30 30 30 30 30 0d
              0x02050129  cls=0x00 idx=4 dev=41

    6680.0ms  RX  ◄──  [1.3]  54 30 32 30 35 62 38 32 39 38 30 30 30 30 39 39 30 36 30 30 31 63 38 30 30 30 0d 0a
              0x0205B829  Status idx=0 dev=41

    6680.1ms  RX  ◄──  [1.3]  54 30 32 30 35 62 38 61 39 38 30 30 63 30 38 39 33 61 61 35 66 66 33 62 63 32 0d 0a
              0x0205B8A9  Status idx=2 dev=41

    6680.2ms  RX  ◄──  [1.3]  54 30 32 30 35 62 38 65 39 38 31 39 30 30 30 30 30 30 36 30 66 30 66 62 33 64 0d 0a
              0x0205B8E9  Status idx=3 dev=41

    6682.0ms  RX  ◄──  [1.3]  54 30 32 30 35 62 39 32 39 38 30 30 30 30 30 30 30 30 30 30 30 30 30 30 30 30 0d 0a
              0x0205B929  Status idx=4 dev=41

    6682.2ms  RX  ◄──  [1.3]  54 30 32 30 35 62 39 36 39 38 30 30 30 30 30 30 30 30 30 30 30 30 30 30 30 30 0d 0a
              0x0205B969  Status idx=5 dev=41

    6682.3ms  RX  ◄──  [1.3]  54 30 32 30 35 62 39 61 39 38 30 30 30 30 66 66 66 66 30 31 30 30 30 30 30 30 0d 0a
              0x0205B9A9  Status idx=6 dev=41

    6700.1ms  RX  ◄──  [1.3]  54 30 32 30 35 62 38 32 39 38 30 30 30 30 39 38 30 36 30 30 31 63 38 30 30 30 0d 0a
              0x0205B829  Status idx=0 dev=41

    6700.3ms  RX  ◄──  [1.3]  54 30 32 30 35 62 38 61 39 38 30 30 63 30 38 39 33 61 61 35 66 66 33 62 63 32 0d 0a
              0x0205B8A9  Status idx=2 dev=41

    6700.4ms  RX  ◄──  [1.3]  54 30 32 30 35 62 38 65 39 38 31 39 30 30 30 30 30 30 31 32 38 39 66 65 33 64 0d 0a
              0x0205B8E9  Status idx=3 dev=41

    6702.0ms  RX  ◄──  [1.3]  54 30 32 30 35 62 39 32 39 38 30 30 30 30 30 30 30 30 30 30 30 30 30 30 30 30 0d 0a
              0x0205B929  Status idx=4 dev=41

    6702.1ms  RX  ◄──  [1.3]  54 30 32 30 35 62 39 36 39 38 30 30 30 30 30 30 30 30 30 30 30 30 30 30 30 30 0d 0a
              0x0205B969  Status idx=5 dev=41

    6702.2ms  RX  ◄──  [1.3]  54 30 32 30 35 62 39 61 39 38 30 30 30 30 66 66 66 66 30 31 30 30 30 30 30 30 0d 0a
              0x0205B9A9  Status idx=6 dev=41

    6702.5ms  TX  ──►  [1.3]  54 30 32 30 35 32 63 38 30 38 30 30 30 30 30 30 30 30 30 30 30 30 30 30 30 30 0d
              0x02052C80  cls=0x0b idx=2 dev=0

    6702.6ms  TX  ──►  [1.3]  54 30 30 30 35 30 32 63 30 31 30 31 0d
              0x000502C0  cls=0x00 idx=11 dev=0

    6702.8ms  TX  ──►  [1.3]  54 30 32 30 35 30 31 32 39 38 32 64 62 32 33 62 34 31 30 30 30 30 30 30 30 30 0d
              0x02050129  cls=0x00 idx=4 dev=41

    6720.0ms  RX  ◄──  [1.3]  54 30 32 30 35 62 38 32 39 38 30 30 30 30 39 35 30 36 30 30 31 63 38 30 30 30 0d 0a
              0x0205B829  Status idx=0 dev=41

    6720.1ms  RX  ◄──  [1.3]  54 30 32 30 35 62 38 61 39 38 30 30 63 30 38 39 33 61 61 35 66 66 33 62 63 32 0d 0a
              0x0205B8A9  Status idx=2 dev=41

    6720.2ms  RX  ◄──  [1.3]  54 30 32 30 35 62 38 65 39 38 31 39 30 30 30 30 30 30 34 36 39 37 66 62 33 64 0d 0a
              0x0205B8E9  Status idx=3 dev=41

    6722.0ms  RX  ◄──  [1.3]  54 30 32 30 35 62 39 32 39 38 30 30 30 30 30 30 30 30 30 30 30 30 30 30 30 30 0d 0a
              0x0205B929  Status idx=4 dev=41

    6722.1ms  RX  ◄──  [1.3]  54 30 32 30 35 62 39 36 39 38 30 30 30 30 30 30 30 30 30 30 30 30 30 30 30 30 0d 0a
              0x0205B969  Status idx=5 dev=41

    6722.1ms  RX  ◄──  [1.3]  54 30 32 30 35 62 39 61 39 38 30 30 30 30 66 66 66 66 30 31 30 30 30 30 30 30 0d 0a
              0x0205B9A9  Status idx=6 dev=41

    6723.3ms  TX  ──►  [1.3]  54 30 32 30 35 30 31 32 39 38 32 64 62 32 33 62 34 31 30 30 30 30 30 30 30 30 0d
              0x02050129  cls=0x00 idx=4 dev=41

    6733.8ms  TX  ──►  [1.3]  54 30 32 30 35 32 63 38 30 38 30 30 30 30 30 30 30 30 30 30 30 30 30 30 30 30 0d
              0x02052C80  cls=0x0b idx=2 dev=0

    6734.0ms  TX  ──►  [1.3]  54 30 30 30 35 30 32 63 30 31 30 31 0d
              0x000502C0  cls=0x00 idx=11 dev=0

    6739.9ms  RX  ◄──  [1.3]  54 30 32 30 35 62 38 32 39 38 30 30 30 30 39 39 30 36 30 30 31 63 38 30 30 30 0d 0a
              0x0205B829  Status idx=0 dev=41

    6740.1ms  RX  ◄──  [1.3]  54 30 32 30 35 62 38 61 39 38 30 30 63 30 38 39 33 61 61 35 66 66 33 62 63 32 0d 0a
              0x0205B8A9  Status idx=2 dev=41

    6740.2ms  RX  ◄──  [1.3]  54 30 32 30 35 62 38 65 39 38 31 39 30 30 30 30 30 30 36 30 61 30 66 62 33 64 0d 0a
              0x0205B8E9  Status idx=3 dev=41

    6741.9ms  RX  ◄──  [1.3]  54 30 32 30 35 62 39 32 39 38 30 30 30 30 30 30 30 30 30 30 30 30 30 30 30 30 0d 0a
              0x0205B929  Status idx=4 dev=41

    6742.1ms  RX  ◄──  [1.3]  54 30 32 30 35 62 39 36 39 38 30 30 30 30 30 30 30 30 30 30 30 30 30 30 30 30 0d 0a
              0x0205B969  Status idx=5 dev=41

    6742.1ms  RX  ◄──  [1.3]  54 30 32 30 35 62 39 61 39 38 30 30 30 30 66 66 66 66 30 31 30 30 30 30 30 30 0d 0a
              0x0205B9A9  Status idx=6 dev=41

    6744.2ms  TX  ──►  [1.3]  54 30 32 30 35 30 31 32 39 38 32 64 62 32 33 62 34 31 30 30 30 30 30 30 30 30 0d
              0x02050129  cls=0x00 idx=4 dev=41

    6760.0ms  RX  ◄──  [1.3]  54 30 32 30 35 62 38 32 39 38 30 30 30 30 39 39 30 36 30 30 31 63 38 30 30 30 0d 0a
              0x0205B829  Status idx=0 dev=41

    6760.1ms  RX  ◄──  [1.3]  54 30 32 30 35 62 38 61 39 38 30 30 63 30 38 39 33 61 61 35 66 66 33 62 63 32 0d 0a
              0x0205B8A9  Status idx=2 dev=41

    6760.2ms  RX  ◄──  [1.3]  54 30 32 30 35 62 38 65 39 38 31 39 30 30 30 30 30 30 62 61 34 30 66 65 33 64 0d 0a
              0x0205B8E9  Status idx=3 dev=41

    6761.8ms  RX  ◄──  [1.3]  54 30 32 30 35 62 39 61 39 38 30 30 30 30 66 66 66 66 30 31 30 30 30 30 30 30 0d 0a
              0x0205B9A9  Status idx=6 dev=41

    6762.0ms  RX  ◄──  [1.3]  54 30 32 30 35 62 39 32 39 38 30 30 30 30 30 30 30 30 30 30 30 30 30 30 30 30 0d 0a
              0x0205B929  Status idx=4 dev=41

    6762.1ms  RX  ◄──  [1.3]  54 30 32 30 35 62 39 36 39 38 30 30 30 30 30 30 30 30 30 30 30 30 30 30 30 30 0d 0a
              0x0205B969  Status idx=5 dev=41

    6765.0ms  TX  ──►  [1.3]  54 30 32 30 35 32 63 38 30 38 30 30 30 30 30 30 30 30 30 30 30 30 30 30 30 30 0d
              0x02052C80  cls=0x0b idx=2 dev=0

    6765.2ms  TX  ──►  [1.3]  54 30 30 30 35 30 32 63 30 31 30 31 0d
              0x000502C0  cls=0x00 idx=11 dev=0

    6765.3ms  TX  ──►  [1.3]  54 30 32 30 35 30 31 32 39 38 32 64 62 32 33 62 34 31 30 30 30 30 30 30 30 30 0d
              0x02050129  cls=0x00 idx=4 dev=41

    6780.0ms  RX  ◄──  [1.3]  54 30 32 30 35 62 38 32 39 38 30 30 30 30 39 37 30 36 30 30 31 63 38 30 30 30 0d 0a
              0x0205B829  Status idx=0 dev=41

    6780.1ms  RX  ◄──  [1.3]  54 30 32 30 35 62 38 61 39 38 30 30 63 30 38 39 33 61 61 35 66 66 33 62 63 32 0d 0a
              0x0205B8A9  Status idx=2 dev=41

    6780.2ms  RX  ◄──  [1.3]  54 30 32 30 35 62 38 65 39 38 31 39 30 30 30 30 30 30 31 36 64 34 66 61 33 64 0d 0a
              0x0205B8E9  Status idx=3 dev=41

    6782.0ms  RX  ◄──  [1.3]  54 30 32 30 35 62 39 32 39 38 30 30 30 30 30 30 30 30 30 30 30 30 30 30 30 30 0d 0a
              0x0205B929  Status idx=4 dev=41

    6782.1ms  RX  ◄──  [1.3]  54 30 32 30 35 62 39 36 39 38 30 30 30 30 30 30 30 30 30 30 30 30 30 30 30 30 0d 0a
              0x0205B969  Status idx=5 dev=41

    6782.2ms  RX  ◄──  [1.3]  54 30 32 30 35 62 39 61 39 38 30 30 30 30 66 66 66 66 30 31 30 30 30 30 30 30 0d 0a
              0x0205B9A9  Status idx=6 dev=41

    6784.5ms  TX  ──►  [1.3]  54 30 32 30 35 30 31 32 39 38 32 64 62 32 33 62 34 31 30 30 30 30 30 30 30 30 0d
              0x02050129  cls=0x00 idx=4 dev=41

    6800.0ms  RX  ◄──  [1.3]  54 30 32 30 35 62 38 32 39 38 30 30 30 30 39 36 30 36 30 30 31 63 38 30 30 30 0d 0a
              0x0205B829  Status idx=0 dev=41

    6800.1ms  RX  ◄──  [1.3]  54 30 32 30 35 62 38 61 39 38 30 30 63 30 38 39 33 61 61 35 66 66 33 62 63 32 0d 0a
              0x0205B8A9  Status idx=2 dev=41

    6800.2ms  RX  ◄──  [1.3]  54 30 32 30 35 62 38 65 39 38 31 39 30 30 30 30 30 30 31 30 65 32 66 62 33 64 0d 0a
              0x0205B8E9  Status idx=3 dev=41

    6801.1ms  TX  ──►  [1.3]  54 30 32 30 35 32 63 38 30 38 30 30 30 30 30 30 30 30 30 30 30 30 30 30 30 30 0d
              0x02052C80  cls=0x0b idx=2 dev=0

    6801.2ms  TX  ──►  [1.3]  54 30 30 30 35 30 32 63 30 31 30 31 0d
              0x000502C0  cls=0x00 idx=11 dev=0

    6801.9ms  RX  ◄──  [1.3]  54 30 32 30 35 62 39 32 39 38 30 30 30 30 30 30 30 30 30 30 30 30 30 30 30 30 0d 0a
              0x0205B929  Status idx=4 dev=41

    6802.0ms  RX  ◄──  [1.3]  54 30 32 30 35 62 39 36 39 38 30 30 30 30 30 30 30 30 30 30 30 30 30 30 30 30 0d 0a
              0x0205B969  Status idx=5 dev=41

    6802.1ms  RX  ◄──  [1.3]  54 30 32 30 35 62 39 61 39 38 30 30 30 30 66 66 66 66 30 31 30 30 30 30 30 30 0d 0a
              0x0205B9A9  Status idx=6 dev=41

    6812.9ms  TX  ──►  [1.3]  54 30 32 30 35 30 31 32 39 38 32 64 62 32 33 62 34 31 30 30 30 30 30 30 30 30 0d
              0x02050129  cls=0x00 idx=4 dev=41

    6819.9ms  RX  ◄──  [1.3]  54 30 32 30 35 62 38 32 39 38 30 30 30 30 39 38 30 36 30 30 31 63 38 30 30 30 0d 0a
              0x0205B829  Status idx=0 dev=41

    6820.0ms  RX  ◄──  [1.3]  54 30 32 30 35 62 38 61 39 38 30 30 63 30 38 39 33 61 61 35 66 66 33 62 63 32 0d 0a
              0x0205B8A9  Status idx=2 dev=41

    6820.1ms  RX  ◄──  [1.3]  54 30 32 30 35 62 38 65 39 38 31 39 30 30 30 30 30 30 32 32 66 65 66 65 33 64 0d 0a
              0x0205B8E9  Status idx=3 dev=41

    6821.9ms  RX  ◄──  [1.3]  54 30 32 30 35 62 39 32 39 38 30 30 30 30 30 30 30 30 30 30 30 30 30 30 30 30 0d 0a
              0x0205B929  Status idx=4 dev=41

    6822.0ms  RX  ◄──  [1.3]  54 30 32 30 35 62 39 36 39 38 30 30 30 30 30 30 30 30 30 30 30 30 30 30 30 30 0d 0a
              0x0205B969  Status idx=5 dev=41

    6822.1ms  RX  ◄──  [1.3]  54 30 32 30 35 62 39 61 39 38 30 30 30 30 66 66 66 66 30 31 30 30 30 30 30 30 0d 0a
              0x0205B9A9  Status idx=6 dev=41

    6833.3ms  TX  ──►  [1.3]  54 30 32 30 35 32 63 38 30 38 30 30 30 30 30 30 30 30 30 30 30 30 30 30 30 30 0d
              0x02052C80  cls=0x0b idx=2 dev=0

    6833.4ms  TX  ──►  [1.3]  54 30 30 30 35 30 32 63 30 31 30 31 0d
              0x000502C0  cls=0x00 idx=11 dev=0

    6833.6ms  TX  ──►  [1.3]  54 30 32 30 35 30 31 32 39 38 32 64 62 32 33 62 34 31 30 30 30 30 30 30 30 30 0d
              0x02050129  cls=0x00 idx=4 dev=41

    6839.9ms  RX  ◄──  [1.3]  54 30 32 30 35 62 38 32 39 38 30 30 30 30 39 37 30 36 30 30 31 63 38 30 30 30 0d 0a
              0x0205B829  Status idx=0 dev=41

    6840.0ms  RX  ◄──  [1.3]  54 30 32 30 35 62 38 61 39 38 30 30 63 30 38 39 33 61 61 35 66 66 33 62 63 32 0d 0a
              0x0205B8A9  Status idx=2 dev=41

    6840.1ms  RX  ◄──  [1.3]  54 30 32 30 35 62 38 65 39 38 31 39 30 30 30 30 30 30 62 61 62 62 66 62 33 64 0d 0a
              0x0205B8E9  Status idx=3 dev=41

    6841.9ms  RX  ◄──  [1.3]  54 30 32 30 35 62 39 32 39 38 30 30 30 30 30 30 30 30 30 30 30 30 30 30 30 30 0d 0a
              0x0205B929  Status idx=4 dev=41

    6842.0ms  RX  ◄──  [1.3]  54 30 32 30 35 62 39 36 39 38 30 30 30 30 30 30 30 30 30 30 30 30 30 30 30 30 0d 0a
              0x0205B969  Status idx=5 dev=41

    6842.1ms  RX  ◄──  [1.3]  54 30 32 30 35 62 39 61 39 38 30 30 30 30 66 66 66 66 30 31 30 30 30 30 30 30 0d 0a
              0x0205B9A9  Status idx=6 dev=41

    6860.1ms  RX  ◄──  [1.3]  54 30 32 30 35 62 38 32 39 38 30 30 30 30 39 61 30 36 30 30 31 63 38 30 30 30 0d 0a
              0x0205B829  Status idx=0 dev=41

    6860.2ms  RX  ◄──  [1.3]  54 30 32 30 35 62 38 36 39 38 30 30 30 30 30 30 30 30 30 30 30 30 30 30 30 30 0d 0a
              0x0205B869  Status idx=1 dev=41

    6860.2ms  RX  ◄──  [1.3]  54 30 32 30 35 62 38 61 39 38 30 30 63 30 38 39 33 61 61 35 66 66 33 62 63 32 0d 0a
              0x0205B8A9  Status idx=2 dev=41

    6860.4ms  RX  ◄──  [1.3]  54 30 32 30 35 62 38 65 39 38 31 39 30 30 30 30 30 30 36 36 36 32 66 62 33 64 0d 0a
              0x0205B8E9  Status idx=3 dev=41

    6862.0ms  RX  ◄──  [1.3]  54 30 32 30 35 62 39 32 39 38 30 30 30 30 30 30 30 30 30 30 30 30 30 30 30 30 0d 0a
              0x0205B929  Status idx=4 dev=41

    6862.1ms  TX  ──►  [1.3]  54 30 32 30 35 32 63 38 30 38 30 30 30 30 30 30 30 30 30 30 30 30 30 30 30 30 0d
              0x02052C80  cls=0x0b idx=2 dev=0

    6862.1ms  RX  ◄──  [1.3]  54 30 32 30 35 62 39 36 39 38 30 30 30 30 30 30 30 30 30 30 30 30 30 30 30 30 0d 0a
              0x0205B969  Status idx=5 dev=41

    6862.3ms  TX  ──►  [1.3]  54 30 30 30 35 30 32 63 30 31 30 31 0d
              0x000502C0  cls=0x00 idx=11 dev=0

    6862.3ms  RX  ◄──  [1.3]  54 30 32 30 35 62 39 61 39 38 30 30 30 30 66 66 66 66 30 31 30 30 30 30 30 30 0d 0a
              0x0205B9A9  Status idx=6 dev=41

    6862.5ms  TX  ──►  [1.3]  54 30 32 30 35 30 31 32 39 38 32 64 62 32 33 62 34 31 30 30 30 30 30 30 30 30 0d
              0x02050129  cls=0x00 idx=4 dev=41

    6880.0ms  RX  ◄──  [1.3]  54 30 32 30 35 62 38 32 39 38 30 30 30 30 39 61 30 36 30 30 31 63 38 30 30 30 0d 0a
              0x0205B829  Status idx=0 dev=41

    6880.1ms  RX  ◄──  [1.3]  54 30 32 30 35 62 38 61 39 38 30 30 63 30 38 39 33 61 61 35 66 66 33 62 63 32 0d 0a
              0x0205B8A9  Status idx=2 dev=41

    6880.2ms  RX  ◄──  [1.3]  54 30 32 30 35 62 38 65 39 38 31 39 30 30 30 30 30 30 62 38 33 61 66 65 33 64 0d 0a
              0x0205B8E9  Status idx=3 dev=41

    6882.0ms  RX  ◄──  [1.3]  54 30 32 30 35 62 39 32 39 38 30 30 30 30 30 30 30 30 30 30 30 30 30 30 30 30 0d 0a
              0x0205B929  Status idx=4 dev=41

    6882.1ms  RX  ◄──  [1.3]  54 30 32 30 35 62 39 36 39 38 30 30 30 30 30 30 30 30 30 30 30 30 30 30 30 30 0d 0a
              0x0205B969  Status idx=5 dev=41

    6882.2ms  RX  ◄──  [1.3]  54 30 32 30 35 62 39 61 39 38 30 30 30 30 66 66 66 66 30 31 30 30 30 30 30 30 0d 0a
              0x0205B9A9  Status idx=6 dev=41

    6882.6ms  TX  ──►  [1.3]  54 30 32 30 35 30 31 32 39 38 32 64 62 32 33 62 34 31 30 30 30 30 30 30 30 30 0d
              0x02050129  cls=0x00 idx=4 dev=41

    6892.5ms  TX  ──►  [1.3]  54 30 32 30 35 32 63 38 30 38 30 30 30 30 30 30 30 30 30 30 30 30 30 30 30 30 0d
              0x02052C80  cls=0x0b idx=2 dev=0

    6892.7ms  TX  ──►  [1.3]  54 30 30 30 35 30 32 63 30 31 30 31 0d
              0x000502C0  cls=0x00 idx=11 dev=0

    6900.0ms  RX  ◄──  [1.3]  54 30 32 30 35 62 38 32 39 38 30 30 30 30 39 38 30 36 30 30 31 63 38 30 30 30 0d 0a
              0x0205B829  Status idx=0 dev=41

    6900.1ms  RX  ◄──  [1.3]  54 30 32 30 35 62 38 61 39 38 30 30 63 30 38 39 33 61 61 35 66 66 33 62 63 32 0d 0a
              0x0205B8A9  Status idx=2 dev=41

    6900.2ms  RX  ◄──  [1.3]  54 30 32 30 35 62 38 65 39 38 31 39 30 30 30 30 30 30 63 36 63 38 66 62 33 64 0d 0a
              0x0205B8E9  Status idx=3 dev=41

    6902.0ms  RX  ◄──  [1.3]  54 30 32 30 35 62 39 32 39 38 30 30 30 30 30 30 30 30 30 30 30 30 30 30 30 30 0d 0a
              0x0205B929  Status idx=4 dev=41

    6902.1ms  RX  ◄──  [1.3]  54 30 32 30 35 62 39 36 39 38 30 30 30 30 30 30 30 30 30 30 30 30 30 30 30 30 0d 0a
              0x0205B969  Status idx=5 dev=41

    6902.2ms  RX  ◄──  [1.3]  54 30 32 30 35 62 39 61 39 38 30 30 30 30 66 66 66 66 30 31 30 30 30 30 30 30 0d 0a
              0x0205B9A9  Status idx=6 dev=41

    6902.6ms  TX  ──►  [1.3]  54 30 32 30 35 30 31 32 39 38 32 64 62 32 33 62 34 31 30 30 30 30 30 30 30 30 0d
              0x02050129  cls=0x00 idx=4 dev=41

    6920.0ms  RX  ◄──  [1.3]  54 30 32 30 35 62 38 32 39 38 30 30 30 30 39 37 30 36 30 30 31 63 38 30 30 30 0d 0a
              0x0205B829  Status idx=0 dev=41

    6920.1ms  RX  ◄──  [1.3]  54 30 32 30 35 62 38 61 39 38 30 30 63 30 38 39 33 61 61 35 66 66 33 62 63 32 0d 0a
              0x0205B8A9  Status idx=2 dev=41

    6920.2ms  RX  ◄──  [1.3]  54 30 32 30 35 62 38 65 39 38 31 39 30 30 30 30 30 30 36 38 65 31 66 62 33 64 0d 0a
              0x0205B8E9  Status idx=3 dev=41

    6922.0ms  RX  ◄──  [1.3]  54 30 32 30 35 62 39 32 39 38 30 30 30 30 30 30 30 30 30 30 30 30 30 30 30 30 0d 0a
              0x0205B929  Status idx=4 dev=41

    6922.1ms  RX  ◄──  [1.3]  54 30 32 30 35 62 39 36 39 38 30 30 30 30 30 30 30 30 30 30 30 30 30 30 30 30 0d 0a
              0x0205B969  Status idx=5 dev=41

    6922.2ms  RX  ◄──  [1.3]  54 30 32 30 35 62 39 61 39 38 30 30 30 30 66 66 66 66 30 31 30 30 30 30 30 30 0d 0a
              0x0205B9A9  Status idx=6 dev=41

    6923.4ms  TX  ──►  [1.3]  54 30 32 30 35 32 63 38 30 38 30 30 30 30 30 30 30 30 30 30 30 30 30 30 30 30 0d
              0x02052C80  cls=0x0b idx=2 dev=0

    6923.6ms  TX  ──►  [1.3]  54 30 30 30 35 30 32 63 30 31 30 31 0d
              0x000502C0  cls=0x00 idx=11 dev=0

    6923.7ms  TX  ──►  [1.3]  54 30 32 30 35 30 31 32 39 38 32 64 62 32 33 62 34 31 30 30 30 30 30 30 30 30 0d
              0x02050129  cls=0x00 idx=4 dev=41

    6940.0ms  RX  ◄──  [1.3]  54 30 32 30 35 62 38 32 39 38 30 30 30 30 39 38 30 36 30 30 31 63 38 30 30 30 0d 0a
              0x0205B829  Status idx=0 dev=41

    6940.1ms  RX  ◄──  [1.3]  54 30 32 30 35 62 38 61 39 38 30 30 63 30 38 39 33 61 61 35 66 66 33 62 63 32 0d 0a
              0x0205B8A9  Status idx=2 dev=41

    6940.2ms  RX  ◄──  [1.3]  54 30 32 30 35 62 38 65 39 38 31 39 30 30 30 30 30 30 64 32 63 38 66 65 33 64 0d 0a
              0x0205B8E9  Status idx=3 dev=41

    6942.0ms  RX  ◄──  [1.3]  54 30 32 30 35 62 39 32 39 38 30 30 30 30 30 30 30 30 30 30 30 30 30 30 30 30 0d 0a
              0x0205B929  Status idx=4 dev=41

    6942.1ms  RX  ◄──  [1.3]  54 30 32 30 35 62 39 36 39 38 30 30 30 30 30 30 30 30 30 30 30 30 30 30 30 30 0d 0a
              0x0205B969  Status idx=5 dev=41

    6942.2ms  RX  ◄──  [1.3]  54 30 32 30 35 62 39 61 39 38 30 30 30 30 66 66 66 66 30 31 30 30 30 30 30 30 0d 0a
              0x0205B9A9  Status idx=6 dev=41

    6952.4ms  TX  ──►  [1.3]  54 30 32 30 35 32 63 38 30 38 30 30 30 30 30 30 30 30 30 30 30 30 30 30 30 30 0d
              0x02052C80  cls=0x0b idx=2 dev=0

    6952.6ms  TX  ──►  [1.3]  54 30 30 30 35 30 32 63 30 31 30 31 0d
              0x000502C0  cls=0x00 idx=11 dev=0

    6952.8ms  TX  ──►  [1.3]  54 30 32 30 35 30 31 32 39 38 32 64 62 32 33 62 34 31 30 30 30 30 30 30 30 30 0d
              0x02050129  cls=0x00 idx=4 dev=41

    6960.0ms  RX  ◄──  [1.3]  54 30 32 30 35 62 38 32 39 38 30 30 30 30 39 61 30 36 30 30 31 63 38 30 30 30 0d 0a
              0x0205B829  Status idx=0 dev=41

    6960.1ms  RX  ◄──  [1.3]  54 30 32 30 35 62 38 61 39 38 30 30 63 30 38 39 33 61 61 35 66 66 33 62 63 32 0d 0a
              0x0205B8A9  Status idx=2 dev=41

    6960.2ms  RX  ◄──  [1.3]  54 30 32 30 35 62 38 65 39 38 31 39 30 30 30 30 30 30 32 36 37 64 66 62 33 64 0d 0a
              0x0205B8E9  Status idx=3 dev=41

    6962.0ms  RX  ◄──  [1.3]  54 30 32 30 35 62 39 32 39 38 30 30 30 30 30 30 30 30 30 30 30 30 30 30 30 30 0d 0a
              0x0205B929  Status idx=4 dev=41

    6962.1ms  RX  ◄──  [1.3]  54 30 32 30 35 62 39 36 39 38 30 30 30 30 30 30 30 30 30 30 30 30 30 30 30 30 0d 0a
              0x0205B969  Status idx=5 dev=41

    6962.2ms  RX  ◄──  [1.3]  54 30 32 30 35 62 39 61 39 38 30 30 30 30 66 66 66 66 30 31 30 30 30 30 30 30 0d 0a
              0x0205B9A9  Status idx=6 dev=41

    6973.1ms  TX  ──►  [1.3]  54 30 32 30 35 30 31 32 39 38 32 64 62 32 33 62 34 31 30 30 30 30 30 30 30 30 0d
              0x02050129  cls=0x00 idx=4 dev=41

    6979.9ms  RX  ◄──  [1.3]  54 30 32 30 35 62 38 32 39 38 30 30 30 30 39 61 30 36 30 30 31 63 38 30 30 30 0d 0a
              0x0205B829  Status idx=0 dev=41

    6980.0ms  RX  ◄──  [1.3]  54 30 32 30 35 62 38 61 39 38 30 30 63 30 38 39 33 61 61 35 66 66 33 62 63 32 0d 0a
              0x0205B8A9  Status idx=2 dev=41

    6980.1ms  RX  ◄──  [1.3]  54 30 32 30 35 62 38 65 39 38 31 39 30 30 30 30 30 30 62 32 32 32 66 62 33 64 0d 0a
              0x0205B8E9  Status idx=3 dev=41

    6981.9ms  RX  ◄──  [1.3]  54 30 32 30 35 62 39 32 39 38 30 30 30 30 30 30 30 30 30 30 30 30 30 30 30 30 0d 0a
              0x0205B929  Status idx=4 dev=41

    6982.1ms  RX  ◄──  [1.3]  54 30 32 30 35 62 39 36 39 38 30 30 30 30 30 30 30 30 30 30 30 30 30 30 30 30 0d 0a
              0x0205B969  Status idx=5 dev=41

    6982.2ms  RX  ◄──  [1.3]  54 30 32 30 35 62 39 61 39 38 30 30 30 30 66 66 66 66 30 31 30 30 30 30 30 30 0d 0a
              0x0205B9A9  Status idx=6 dev=41

    6983.2ms  TX  ──►  [1.3]  54 30 32 30 35 32 63 38 30 38 30 30 30 30 30 30 30 30 30 30 30 30 30 30 30 30 0d
              0x02052C80  cls=0x0b idx=2 dev=0

    6983.4ms  TX  ──►  [1.3]  54 30 30 30 35 30 32 63 30 31 30 31 0d
              0x000502C0  cls=0x00 idx=11 dev=0

    7000.0ms  RX  ◄──  [1.3]  54 30 32 30 35 62 38 32 39 38 30 30 30 30 39 37 30 36 30 30 31 63 38 30 30 30 0d 0a
              0x0205B829  Status idx=0 dev=41

    7000.1ms  RX  ◄──  [1.3]  54 30 32 30 35 62 38 61 39 38 30 30 63 30 38 39 33 61 61 35 66 66 33 62 63 32 0d 0a
              0x0205B8A9  Status idx=2 dev=41

    7000.2ms  RX  ◄──  [1.3]  54 30 32 30 35 62 38 65 39 38 31 39 30 30 30 30 30 30 35 34 37 36 66 65 33 64 0d 0a
              0x0205B8E9  Status idx=3 dev=41

    7001.9ms  RX  ◄──  [1.3]  54 30 32 30 35 62 39 32 39 38 30 30 30 30 30 30 30 30 30 30 30 30 30 30 30 30 0d 0a
              0x0205B929  Status idx=4 dev=41

    7002.0ms  RX  ◄──  [1.3]  54 30 32 30 35 62 39 36 39 38 30 30 30 30 30 30 30 30 30 30 30 30 30 30 30 30 0d 0a
              0x0205B969  Status idx=5 dev=41

    7002.1ms  RX  ◄──  [1.3]  54 30 32 30 35 62 39 61 39 38 30 30 30 30 66 66 66 66 30 31 30 30 30 30 30 30 0d 0a
              0x0205B9A9  Status idx=6 dev=41

    7002.2ms  TX  ──►  [1.3]  54 30 32 30 35 30 31 32 39 38 32 64 62 32 33 62 34 31 30 30 30 30 30 30 30 30 0d
              0x02050129  cls=0x00 idx=4 dev=41

    7012.2ms  TX  ──►  [1.3]  54 30 32 30 35 32 63 38 30 38 30 30 30 30 30 30 30 30 30 30 30 30 30 30 30 30 0d
              0x02052C80  cls=0x0b idx=2 dev=0

    7012.5ms  TX  ──►  [1.3]  54 30 30 30 35 30 32 63 30 31 30 31 0d
              0x000502C0  cls=0x00 idx=11 dev=0

    7020.0ms  RX  ◄──  [1.3]  54 30 32 30 35 62 38 32 39 38 30 30 30 30 39 35 30 36 30 30 31 63 38 30 30 30 0d 0a
              0x0205B829  Status idx=0 dev=41

    7020.0ms  RX  ◄──  [1.3]  54 30 32 30 35 62 38 61 39 38 30 30 63 30 38 39 33 61 61 35 66 66 33 62 63 32 0d 0a
              0x0205B8A9  Status idx=2 dev=41

    7020.1ms  RX  ◄──  [1.3]  54 30 32 30 35 62 38 65 39 38 31 39 30 30 30 30 30 30 62 36 31 34 66 63 33 64 0d 0a
              0x0205B8E9  Status idx=3 dev=41

    7022.0ms  RX  ◄──  [1.3]  54 30 32 30 35 62 39 32 39 38 30 30 30 30 30 30 30 30 30 30 30 30 30 30 30 30 0d 0a
              0x0205B929  Status idx=4 dev=41

    7022.1ms  RX  ◄──  [1.3]  54 30 32 30 35 62 39 36 39 38 30 30 30 30 30 30 30 30 30 30 30 30 30 30 30 30 0d 0a
              0x0205B969  Status idx=5 dev=41

    7022.2ms  RX  ◄──  [1.3]  54 30 32 30 35 62 39 61 39 38 30 30 30 30 66 66 66 66 30 31 30 30 30 30 30 30 0d 0a
              0x0205B9A9  Status idx=6 dev=41

    7022.2ms  TX  ──►  [1.3]  54 30 32 30 35 30 31 32 39 38 32 64 62 32 33 62 34 31 30 30 30 30 30 30 30 30 0d
              0x02050129  cls=0x00 idx=4 dev=41

    7039.9ms  RX  ◄──  [1.3]  54 30 32 30 35 62 38 32 39 38 30 30 30 30 39 37 30 36 30 30 31 63 38 30 30 30 0d 0a
              0x0205B829  Status idx=0 dev=41

    7040.0ms  RX  ◄──  [1.3]  54 30 32 30 35 62 38 61 39 38 30 30 63 30 38 39 33 61 61 35 66 66 33 62 63 32 0d 0a
              0x0205B8A9  Status idx=2 dev=41

    7040.1ms  RX  ◄──  [1.3]  54 30 32 30 35 62 38 65 39 38 31 39 30 30 30 30 30 30 61 34 66 65 66 62 33 64 0d 0a
              0x0205B8E9  Status idx=3 dev=41

    7042.0ms  RX  ◄──  [1.3]  54 30 32 30 35 62 39 32 39 38 30 30 30 30 30 30 30 30 30 30 30 30 30 30 30 30 0d 0a
              0x0205B929  Status idx=4 dev=41

    7042.1ms  RX  ◄──  [1.3]  54 30 32 30 35 62 39 36 39 38 30 30 30 30 30 30 30 30 30 30 30 30 30 30 30 30 0d 0a
              0x0205B969  Status idx=5 dev=41

    7042.1ms  RX  ◄──  [1.3]  54 30 32 30 35 62 39 61 39 38 30 30 30 30 66 66 66 66 30 31 30 30 30 30 30 30 0d 0a
              0x0205B9A9  Status idx=6 dev=41

    7042.2ms  TX  ──►  [1.3]  54 30 32 30 35 32 63 38 30 38 30 30 30 30 30 30 30 30 30 30 30 30 30 30 30 30 0d
              0x02052C80  cls=0x0b idx=2 dev=0

    7042.4ms  TX  ──►  [1.3]  54 30 30 30 35 30 32 63 30 31 30 31 0d
              0x000502C0  cls=0x00 idx=11 dev=0

    7042.5ms  TX  ──►  [1.3]  54 30 32 30 35 30 31 32 39 38 32 64 62 32 33 62 34 31 30 30 30 30 30 30 30 30 0d
              0x02050129  cls=0x00 idx=4 dev=41

    7060.0ms  RX  ◄──  [1.3]  54 30 32 30 35 62 38 32 39 38 30 30 30 30 39 61 30 36 30 30 31 63 38 30 30 30 0d 0a
              0x0205B829  Status idx=0 dev=41

    7060.1ms  RX  ◄──  [1.3]  54 30 32 30 35 62 38 61 39 38 30 30 63 30 38 39 33 61 61 35 66 66 33 62 63 32 0d 0a
              0x0205B8A9  Status idx=2 dev=41

    7060.1ms  RX  ◄──  [1.3]  54 30 32 30 35 62 38 65 39 38 31 39 30 30 30 30 30 30 63 65 65 64 66 65 33 64 0d 0a
              0x0205B8E9  Status idx=3 dev=41

    7062.0ms  RX  ◄──  [1.3]  54 30 32 30 35 62 39 32 39 38 30 30 30 30 30 30 30 30 30 30 30 30 30 30 30 30 0d 0a
              0x0205B929  Status idx=4 dev=41

    7062.1ms  TX  ──►  [1.3]  54 30 32 30 35 30 31 32 39 38 32 64 62 32 33 62 34 31 30 30 30 30 30 30 30 30 0d
              0x02050129  cls=0x00 idx=4 dev=41

    7062.2ms  RX  ◄──  [1.3]  54 30 32 30 35 62 39 36 39 38 30 30 30 30 30 30 30 30 30 30 30 30 30 30 30 30 0d 0a
              0x0205B969  Status idx=5 dev=41

    7062.3ms  RX  ◄──  [1.3]  54 30 32 30 35 62 39 61 39 38 30 30 30 30 66 66 66 66 30 31 30 30 30 30 30 30 0d 0a
              0x0205B9A9  Status idx=6 dev=41

    7072.4ms  TX  ──►  [1.3]  54 30 32 30 35 32 63 38 30 38 30 30 30 30 30 30 30 30 30 30 30 30 30 30 30 30 0d
              0x02052C80  cls=0x0b idx=2 dev=0

    7072.5ms  TX  ──►  [1.3]  54 30 30 30 35 30 32 63 30 31 30 31 0d
              0x000502C0  cls=0x00 idx=11 dev=0

    7080.0ms  RX  ◄──  [1.3]  54 30 32 30 35 62 38 32 39 38 30 30 30 30 39 39 30 36 30 30 31 63 38 30 30 30 0d 0a
              0x0205B829  Status idx=0 dev=41

    7080.1ms  RX  ◄──  [1.3]  54 30 32 30 35 62 38 61 39 38 30 30 63 30 38 39 33 61 61 35 66 66 33 62 63 32 0d 0a
              0x0205B8A9  Status idx=2 dev=41

    7080.2ms  RX  ◄──  [1.3]  54 30 32 30 35 62 38 65 39 38 31 39 30 30 30 30 30 30 32 34 33 33 66 62 33 64 0d 0a
              0x0205B8E9  Status idx=3 dev=41

    7082.0ms  RX  ◄──  [1.3]  54 30 32 30 35 62 39 32 39 38 30 30 30 30 30 30 30 30 30 30 30 30 30 30 30 30 0d 0a
              0x0205B929  Status idx=4 dev=41

    7082.1ms  RX  ◄──  [1.3]  54 30 32 30 35 62 39 36 39 38 30 30 30 30 30 30 30 30 30 30 30 30 30 30 30 30 0d 0a
              0x0205B969  Status idx=5 dev=41

    7082.2ms  RX  ◄──  [1.3]  54 30 32 30 35 62 39 61 39 38 30 30 30 30 66 66 66 66 30 31 30 30 30 30 30 30 0d 0a
              0x0205B9A9  Status idx=6 dev=41

    7082.4ms  TX  ──►  [1.3]  54 30 32 30 35 30 31 32 39 38 32 64 62 32 33 62 34 31 30 30 30 30 30 30 30 30 0d
              0x02050129  cls=0x00 idx=4 dev=41

    7100.0ms  RX  ◄──  [1.3]  54 30 32 30 35 62 38 32 39 38 30 30 30 30 39 39 30 36 30 30 31 63 38 30 30 30 0d 0a
              0x0205B829  Status idx=0 dev=41

    7100.1ms  RX  ◄──  [1.3]  54 30 32 30 35 62 38 61 39 38 30 30 63 30 38 39 33 61 61 35 66 66 33 62 63 32 0d 0a
              0x0205B8A9  Status idx=2 dev=41

    7100.2ms  RX  ◄──  [1.3]  54 30 32 30 35 62 38 65 39 38 31 39 30 30 30 30 30 30 39 61 63 38 66 62 33 64 0d 0a
              0x0205B8E9  Status idx=3 dev=41

    7102.0ms  RX  ◄──  [1.3]  54 30 32 30 35 62 39 32 39 38 30 30 30 30 30 30 30 30 30 30 30 30 30 30 30 30 0d 0a
              0x0205B929  Status idx=4 dev=41

    7102.1ms  RX  ◄──  [1.3]  54 30 32 30 35 62 39 36 39 38 30 30 30 30 30 30 30 30 30 30 30 30 30 30 30 30 0d 0a
              0x0205B969  Status idx=5 dev=41

    7102.1ms  RX  ◄──  [1.3]  54 30 32 30 35 62 39 61 39 38 30 30 30 30 66 66 66 66 30 31 30 30 30 30 30 30 0d 0a
              0x0205B9A9  Status idx=6 dev=41

    7102.4ms  TX  ──►  [1.3]  54 30 32 30 35 32 63 38 30 38 30 30 30 30 30 30 30 30 30 30 30 30 30 30 30 30 0d
              0x02052C80  cls=0x0b idx=2 dev=0

    7102.5ms  TX  ──►  [1.3]  54 30 30 30 35 30 32 63 30 31 30 31 0d
              0x000502C0  cls=0x00 idx=11 dev=0

    7102.6ms  TX  ──►  [1.3]  54 30 32 30 35 30 31 32 39 38 32 64 62 32 33 62 34 31 30 30 30 30 30 30 30 30 0d
              0x02050129  cls=0x00 idx=4 dev=41

    7109.9ms  RX  ◄──  [1.3]  54 30 32 30 35 62 38 36 39 38 30 30 30 30 30 30 30 30 30 30 30 30 30 30 30 30 0d 0a
              0x0205B869  Status idx=1 dev=41

    7120.0ms  RX  ◄──  [1.3]  54 30 32 30 35 62 38 32 39 38 30 30 30 30 39 39 30 36 30 30 31 63 38 30 30 30 0d 0a
              0x0205B829  Status idx=0 dev=41

    7120.1ms  RX  ◄──  [1.3]  54 30 32 30 35 62 38 61 39 38 30 30 63 30 38 39 33 61 61 35 66 66 33 62 63 32 0d 0a
              0x0205B8A9  Status idx=2 dev=41

    7120.2ms  RX  ◄──  [1.3]  54 30 32 30 35 62 38 65 39 38 31 39 30 30 30 30 30 30 64 30 33 38 66 65 33 64 0d 0a
              0x0205B8E9  Status idx=3 dev=41

    7122.0ms  RX  ◄──  [1.3]  54 30 32 30 35 62 39 32 39 38 30 30 30 30 30 30 30 30 30 30 30 30 30 30 30 30 0d 0a
              0x0205B929  Status idx=4 dev=41

    7122.2ms  RX  ◄──  [1.3]  54 30 32 30 35 62 39 36 39 38 30 30 30 30 30 30 30 30 30 30 30 30 30 30 30 30 0d 0a
              0x0205B969  Status idx=5 dev=41

    7122.3ms  RX  ◄──  [1.3]  54 30 32 30 35 62 39 61 39 38 30 30 30 30 66 66 66 66 30 31 30 30 30 30 30 30 0d 0a
              0x0205B9A9  Status idx=6 dev=41

    7122.8ms  TX  ──►  [1.3]  54 30 32 30 35 30 31 32 39 38 32 64 62 32 33 62 34 31 30 30 30 30 30 30 30 30 0d
              0x02050129  cls=0x00 idx=4 dev=41

    7132.9ms  TX  ──►  [1.3]  54 30 32 30 35 32 63 38 30 38 30 30 30 30 30 30 30 30 30 30 30 30 30 30 30 30 0d
              0x02052C80  cls=0x0b idx=2 dev=0

    7133.1ms  TX  ──►  [1.3]  54 30 30 30 35 30 32 63 30 31 30 31 0d
              0x000502C0  cls=0x00 idx=11 dev=0

    7140.0ms  RX  ◄──  [1.3]  54 30 32 30 35 62 38 32 39 38 30 30 30 30 39 37 30 36 30 30 31 63 38 30 30 30 0d 0a
              0x0205B829  Status idx=0 dev=41

    7140.1ms  RX  ◄──  [1.3]  54 30 32 30 35 62 38 61 39 38 30 30 63 30 38 39 33 61 61 35 66 66 33 62 63 32 0d 0a
              0x0205B8A9  Status idx=2 dev=41

    7140.2ms  RX  ◄──  [1.3]  54 30 32 30 35 62 38 65 39 38 31 39 30 30 30 30 30 30 62 61 35 31 66 62 33 64 0d 0a
              0x0205B8E9  Status idx=3 dev=41

    7141.9ms  RX  ◄──  [1.3]  54 30 32 30 35 62 39 32 39 38 30 30 30 30 30 30 30 30 30 30 30 30 30 30 30 30 0d 0a
              0x0205B929  Status idx=4 dev=41

    7142.0ms  RX  ◄──  [1.3]  54 30 32 30 35 62 39 36 39 38 30 30 30 30 30 30 30 30 30 30 30 30 30 30 30 30 0d 0a
              0x0205B969  Status idx=5 dev=41

    7142.1ms  RX  ◄──  [1.3]  54 30 32 30 35 62 39 61 39 38 30 30 30 30 66 66 66 66 30 31 30 30 30 30 30 30 0d 0a
              0x0205B9A9  Status idx=6 dev=41

    7142.2ms  TX  ──►  [1.3]  54 30 32 30 35 30 31 32 39 38 32 64 62 32 33 62 34 31 30 30 30 30 30 30 30 30 0d
              0x02050129  cls=0x00 idx=4 dev=41

    7160.0ms  RX  ◄──  [1.3]  54 30 32 30 35 62 38 32 39 38 30 30 30 30 39 36 30 36 30 30 31 63 38 30 30 30 0d 0a
              0x0205B829  Status idx=0 dev=41

    7160.1ms  RX  ◄──  [1.3]  54 30 32 30 35 62 38 61 39 38 30 30 63 30 38 39 33 61 61 35 66 66 33 62 63 32 0d 0a
              0x0205B8A9  Status idx=2 dev=41

    7160.2ms  RX  ◄──  [1.3]  54 30 32 30 35 62 38 65 39 38 31 39 30 30 30 30 30 30 31 32 66 32 66 61 33 64 0d 0a
              0x0205B8E9  Status idx=3 dev=41

    7162.0ms  RX  ◄──  [1.3]  54 30 32 30 35 62 39 32 39 38 30 30 30 30 30 30 30 30 30 30 30 30 30 30 30 30 0d 0a
              0x0205B929  Status idx=4 dev=41

    7162.1ms  RX  ◄──  [1.3]  54 30 32 30 35 62 39 36 39 38 30 30 30 30 30 30 30 30 30 30 30 30 30 30 30 30 0d 0a
              0x0205B969  Status idx=5 dev=41

    7162.2ms  RX  ◄──  [1.3]  54 30 32 30 35 62 39 61 39 38 30 30 30 30 66 66 66 66 30 31 30 30 30 30 30 30 0d 0a
              0x0205B9A9  Status idx=6 dev=41

    7162.8ms  TX  ──►  [1.3]  54 30 32 30 35 32 63 38 30 38 30 30 30 30 30 30 30 30 30 30 30 30 30 30 30 30 0d
              0x02052C80  cls=0x0b idx=2 dev=0

    7163.0ms  TX  ──►  [1.3]  54 30 30 30 35 30 32 63 30 31 30 31 0d
              0x000502C0  cls=0x00 idx=11 dev=0

    7163.1ms  TX  ──►  [1.3]  54 30 32 30 35 30 31 32 39 38 32 64 62 32 33 62 34 31 30 30 30 30 30 30 30 30 0d
              0x02050129  cls=0x00 idx=4 dev=41

    7180.0ms  RX  ◄──  [1.3]  54 30 32 30 35 62 38 32 39 38 30 30 30 30 39 61 30 36 30 30 31 63 38 30 30 30 0d 0a
              0x0205B829  Status idx=0 dev=41

    7180.1ms  RX  ◄──  [1.3]  54 30 32 30 35 62 38 61 39 38 30 30 63 30 38 39 33 61 61 35 66 66 33 62 63 32 0d 0a
              0x0205B8A9  Status idx=2 dev=41

    7180.2ms  RX  ◄──  [1.3]  54 30 32 30 35 62 38 65 39 38 31 39 30 30 30 30 30 30 36 34 37 30 66 65 33 64 0d 0a
              0x0205B8E9  Status idx=3 dev=41

    7182.0ms  RX  ◄──  [1.3]  54 30 32 30 35 62 39 32 39 38 30 30 30 30 30 30 30 30 30 30 30 30 30 30 30 30 0d 0a
              0x0205B929  Status idx=4 dev=41

    7182.1ms  RX  ◄──  [1.3]  54 30 32 30 35 62 39 36 39 38 30 30 30 30 30 30 30 30 30 30 30 30 30 30 30 30 0d 0a
              0x0205B969  Status idx=5 dev=41

    7182.2ms  RX  ◄──  [1.3]  54 30 32 30 35 62 39 61 39 38 30 30 30 30 66 66 66 66 30 31 30 30 30 30 30 30 0d 0a
              0x0205B9A9  Status idx=6 dev=41

    7183.0ms  TX  ──►  [1.3]  54 30 32 30 35 30 31 32 39 38 32 64 62 32 33 62 34 31 30 30 30 30 30 30 30 30 0d
              0x02050129  cls=0x00 idx=4 dev=41

    7192.2ms  TX  ──►  [1.3]  54 30 32 30 35 32 63 38 30 38 30 30 30 30 30 30 30 30 30 30 30 30 30 30 30 30 0d
              0x02052C80  cls=0x0b idx=2 dev=0

    7192.4ms  TX  ──►  [1.3]  54 30 30 30 35 30 32 63 30 31 30 31 0d
              0x000502C0  cls=0x00 idx=11 dev=0

    7200.0ms  RX  ◄──  [1.3]  54 30 32 30 35 62 38 32 39 38 30 30 30 30 39 38 30 36 30 30 31 63 38 30 30 30 0d 0a
              0x0205B829  Status idx=0 dev=41

    7200.1ms  RX  ◄──  [1.3]  54 30 32 30 35 62 38 61 39 38 30 30 63 30 38 39 33 61 61 35 66 66 33 62 63 32 0d 0a
              0x0205B8A9  Status idx=2 dev=41

    7200.3ms  RX  ◄──  [1.3]  54 30 32 30 35 62 38 65 39 38 31 39 30 30 30 30 30 30 61 65 66 33 66 62 33 64 0d 0a
              0x0205B8E9  Status idx=3 dev=41

    7202.0ms  RX  ◄──  [1.3]  54 30 32 30 35 62 39 32 39 38 30 30 30 30 30 30 30 30 30 30 30 30 30 30 30 30 0d 0a
              0x0205B929  Status idx=4 dev=41

    7202.1ms  RX  ◄──  [1.3]  54 30 32 30 35 62 39 36 39 38 30 30 30 30 30 30 30 30 30 30 30 30 30 30 30 30 0d 0a
              0x0205B969  Status idx=5 dev=41

    7202.2ms  RX  ◄──  [1.3]  54 30 32 30 35 62 39 61 39 38 30 30 30 30 66 66 66 66 30 31 30 30 30 30 30 30 0d 0a
              0x0205B9A9  Status idx=6 dev=41

    7202.4ms  TX  ──►  [1.3]  54 30 32 30 35 30 31 32 39 38 32 64 62 32 33 62 34 31 30 30 30 30 30 30 30 30 0d
              0x02050129  cls=0x00 idx=4 dev=41

    7220.0ms  RX  ◄──  [1.3]  54 30 32 30 35 62 38 32 39 38 30 30 30 30 39 38 30 36 30 30 31 63 38 30 30 30 0d 0a
              0x0205B829  Status idx=0 dev=41

    7220.1ms  RX  ◄──  [1.3]  54 30 32 30 35 62 38 61 39 38 30 30 63 30 38 39 33 61 61 35 66 66 33 62 63 32 0d 0a
              0x0205B8A9  Status idx=2 dev=41

    7220.2ms  RX  ◄──  [1.3]  54 30 32 30 35 62 38 65 39 38 31 39 30 30 30 30 30 30 35 30 39 33 66 62 33 64 0d 0a
              0x0205B8E9  Status idx=3 dev=41

    7221.9ms  RX  ◄──  [1.3]  54 30 32 30 35 62 39 32 39 38 30 30 30 30 30 30 30 30 30 30 30 30 30 30 30 30 0d 0a
              0x0205B929  Status idx=4 dev=41

    7222.0ms  RX  ◄──  [1.3]  54 30 32 30 35 62 39 36 39 38 30 30 30 30 30 30 30 30 30 30 30 30 30 30 30 30 0d 0a
              0x0205B969  Status idx=5 dev=41

    7222.1ms  RX  ◄──  [1.3]  54 30 32 30 35 62 39 61 39 38 30 30 30 30 66 66 66 66 30 31 30 30 30 30 30 30 0d 0a
              0x0205B9A9  Status idx=6 dev=41

    7222.5ms  TX  ──►  [1.3]  54 30 32 30 35 32 63 38 30 38 30 30 30 30 30 30 30 30 30 30 30 30 30 30 30 30 0d
              0x02052C80  cls=0x0b idx=2 dev=0

    7222.7ms  TX  ──►  [1.3]  54 30 30 30 35 30 32 63 30 31 30 31 0d
              0x000502C0  cls=0x00 idx=11 dev=0

    7222.8ms  TX  ──►  [1.3]  54 30 32 30 35 30 31 32 39 38 32 64 62 32 33 62 34 31 30 30 30 30 30 30 30 30 0d
              0x02050129  cls=0x00 idx=4 dev=41

    7240.0ms  RX  ◄──  [1.3]  54 30 32 30 35 62 38 32 39 38 30 30 30 30 39 38 30 36 30 30 31 63 38 30 30 30 0d 0a
              0x0205B829  Status idx=0 dev=41

    7240.1ms  RX  ◄──  [1.3]  54 30 32 30 35 62 38 61 39 38 30 30 63 30 38 39 33 61 61 35 66 66 33 62 63 32 0d 0a
              0x0205B8A9  Status idx=2 dev=41

    7240.2ms  RX  ◄──  [1.3]  54 30 32 30 35 62 38 65 39 38 31 39 30 30 30 30 30 30 37 63 64 33 66 64 33 64 0d 0a
              0x0205B8E9  Status idx=3 dev=41

    7241.9ms  RX  ◄──  [1.3]  54 30 32 30 35 62 39 32 39 38 30 30 30 30 30 30 30 30 30 30 30 30 30 30 30 30 0d 0a
              0x0205B929  Status idx=4 dev=41

    7242.1ms  RX  ◄──  [1.3]  54 30 32 30 35 62 39 36 39 38 30 30 30 30 30 30 30 30 30 30 30 30 30 30 30 30 0d 0a
              0x0205B969  Status idx=5 dev=41

    7242.1ms  RX  ◄──  [1.3]  54 30 32 30 35 62 39 61 39 38 30 30 30 30 66 66 66 66 30 31 30 30 30 30 30 30 0d 0a
              0x0205B9A9  Status idx=6 dev=41

    7242.3ms  TX  ──►  [1.3]  54 30 32 30 35 30 31 32 39 38 32 64 62 32 33 62 34 31 30 30 30 30 30 30 30 30 0d
              0x02050129  cls=0x00 idx=4 dev=41

    7252.6ms  TX  ──►  [1.3]  54 30 32 30 35 32 63 38 30 38 30 30 30 30 30 30 30 30 30 30 30 30 30 30 30 30 0d
              0x02052C80  cls=0x0b idx=2 dev=0

    7252.7ms  TX  ──►  [1.3]  54 30 30 30 35 30 32 63 30 31 30 31 0d
              0x000502C0  cls=0x00 idx=11 dev=0

    7260.0ms  RX  ◄──  [1.3]  54 30 32 30 35 62 38 32 39 38 30 30 30 30 39 36 30 36 30 30 31 63 38 30 30 30 0d 0a
              0x0205B829  Status idx=0 dev=41

    7260.1ms  RX  ◄──  [1.3]  54 30 32 30 35 62 38 61 39 38 30 30 63 30 38 39 33 61 61 35 66 66 33 62 63 32 0d 0a
              0x0205B8A9  Status idx=2 dev=41

    7260.2ms  RX  ◄──  [1.3]  54 30 32 30 35 62 38 65 39 38 31 39 30 30 30 30 30 30 34 32 61 34 66 62 33 64 0d 0a
              0x0205B8E9  Status idx=3 dev=41

    7262.0ms  RX  ◄──  [1.3]  54 30 32 30 35 62 39 32 39 38 30 30 30 30 30 30 30 30 30 30 30 30 30 30 30 30 0d 0a
              0x0205B929  Status idx=4 dev=41

    7262.1ms  RX  ◄──  [1.3]  54 30 32 30 35 62 39 36 39 38 30 30 30 30 30 30 30 30 30 30 30 30 30 30 30 30 0d 0a
              0x0205B969  Status idx=5 dev=41

    7262.2ms  RX  ◄──  [1.3]  54 30 32 30 35 62 39 61 39 38 30 30 30 30 66 66 66 66 30 31 30 30 30 30 30 30 0d 0a
              0x0205B9A9  Status idx=6 dev=41

    7263.0ms  TX  ──►  [1.3]  54 30 32 30 35 30 31 32 39 38 32 64 62 32 33 62 34 31 30 30 30 30 30 30 30 30 0d
              0x02050129  cls=0x00 idx=4 dev=41

    7279.9ms  RX  ◄──  [1.3]  54 30 32 30 35 62 38 32 39 38 30 30 30 30 39 61 30 36 30 30 31 63 38 30 30 30 0d 0a
              0x0205B829  Status idx=0 dev=41

    7280.0ms  RX  ◄──  [1.3]  54 30 32 30 35 62 38 61 39 38 30 30 63 30 38 39 33 61 61 35 66 66 33 62 63 32 0d 0a
              0x0205B8A9  Status idx=2 dev=41

    7280.1ms  RX  ◄──  [1.3]  54 30 32 30 35 62 38 65 39 38 31 39 30 30 30 30 30 30 38 30 30 61 66 63 33 64 0d 0a
              0x0205B8E9  Status idx=3 dev=41

    7281.9ms  RX  ◄──  [1.3]  54 30 32 30 35 62 39 32 39 38 30 30 30 30 30 30 30 30 30 30 30 30 30 30 30 30 0d 0a
              0x0205B929  Status idx=4 dev=41

    7282.0ms  RX  ◄──  [1.3]  54 30 32 30 35 62 39 36 39 38 30 30 30 30 30 30 30 30 30 30 30 30 30 30 30 30 0d 0a
              0x0205B969  Status idx=5 dev=41

    7282.1ms  RX  ◄──  [1.3]  54 30 32 30 35 62 39 61 39 38 30 30 30 30 66 66 66 66 30 31 30 30 30 30 30 30 0d 0a
              0x0205B9A9  Status idx=6 dev=41

    7283.3ms  TX  ──►  [1.3]  54 30 32 30 35 32 63 38 30 38 30 30 30 30 30 30 30 30 30 30 30 30 30 30 30 30 0d
              0x02052C80  cls=0x0b idx=2 dev=0

    7283.5ms  TX  ──►  [1.3]  54 30 30 30 35 30 32 63 30 31 30 31 0d
              0x000502C0  cls=0x00 idx=11 dev=0

    7283.6ms  TX  ──►  [1.3]  54 30 32 30 35 30 31 32 39 38 32 64 62 32 33 62 34 31 30 30 30 30 30 30 30 30 0d
              0x02050129  cls=0x00 idx=4 dev=41

    7300.0ms  RX  ◄──  [1.3]  54 30 32 30 35 62 38 32 39 38 30 30 30 30 39 61 30 36 30 30 31 63 38 30 30 30 0d 0a
              0x0205B829  Status idx=0 dev=41

    7300.1ms  RX  ◄──  [1.3]  54 30 32 30 35 62 38 61 39 38 30 30 63 30 38 39 33 61 61 35 66 66 33 62 63 32 0d 0a
              0x0205B8A9  Status idx=2 dev=41

    7300.2ms  RX  ◄──  [1.3]  54 30 32 30 35 62 38 65 39 38 31 39 30 30 30 30 30 30 63 30 37 38 66 65 33 64 0d 0a
              0x0205B8E9  Status idx=3 dev=41

    7302.0ms  RX  ◄──  [1.3]  54 30 32 30 35 62 39 32 39 38 30 30 30 30 30 30 30 30 30 30 30 30 30 30 30 30 0d 0a
              0x0205B929  Status idx=4 dev=41

    7302.1ms  RX  ◄──  [1.3]  54 30 32 30 35 62 39 36 39 38 30 30 30 30 30 30 30 30 30 30 30 30 30 30 30 30 0d 0a
              0x0205B969  Status idx=5 dev=41

    7302.2ms  RX  ◄──  [1.3]  54 30 32 30 35 62 39 61 39 38 30 30 30 30 66 66 66 66 30 31 30 30 30 30 30 30 0d 0a
              0x0205B9A9  Status idx=6 dev=41

    7312.9ms  TX  ──►  [1.3]  54 30 32 30 35 32 63 38 30 38 30 30 30 30 30 30 30 30 30 30 30 30 30 30 30 30 0d
              0x02052C80  cls=0x0b idx=2 dev=0

    7313.1ms  TX  ──►  [1.3]  54 30 30 30 35 30 32 63 30 31 30 31 0d
              0x000502C0  cls=0x00 idx=11 dev=0

    7313.3ms  TX  ──►  [1.3]  54 30 32 30 35 30 31 32 39 38 32 64 62 32 33 62 34 31 30 30 30 30 30 30 30 30 0d
              0x02050129  cls=0x00 idx=4 dev=41

    7320.0ms  RX  ◄──  [1.3]  54 30 32 30 35 62 38 32 39 38 30 30 30 30 39 39 30 36 30 30 31 63 38 30 30 30 0d 0a
              0x0205B829  Status idx=0 dev=41

    7320.1ms  RX  ◄──  [1.3]  54 30 32 30 35 62 38 61 39 38 30 30 63 30 38 39 33 61 61 35 66 66 33 62 63 32 0d 0a
              0x0205B8A9  Status idx=2 dev=41

    7320.2ms  RX  ◄──  [1.3]  54 30 32 30 35 62 38 65 39 38 31 39 30 30 30 30 30 30 36 65 63 62 66 62 33 64 0d 0a
              0x0205B8E9  Status idx=3 dev=41

    7322.0ms  RX  ◄──  [1.3]  54 30 32 30 35 62 39 32 39 38 30 30 30 30 30 30 30 30 30 30 30 30 30 30 30 30 0d 0a
              0x0205B929  Status idx=4 dev=41

    7322.1ms  RX  ◄──  [1.3]  54 30 32 30 35 62 39 36 39 38 30 30 30 30 30 30 30 30 30 30 30 30 30 30 30 30 0d 0a
              0x0205B969  Status idx=5 dev=41

    7322.2ms  RX  ◄──  [1.3]  54 30 32 30 35 62 39 61 39 38 30 30 30 30 66 66 66 66 30 31 30 30 30 30 30 30 0d 0a
              0x0205B9A9  Status idx=6 dev=41

    7333.5ms  TX  ──►  [1.3]  54 30 32 30 35 30 31 32 39 38 32 64 62 32 33 62 34 31 30 30 30 30 30 30 30 30 0d
              0x02050129  cls=0x00 idx=4 dev=41

    7340.0ms  RX  ◄──  [1.3]  54 30 32 30 35 62 38 32 39 38 30 30 30 30 39 37 30 36 30 30 31 63 38 30 30 30 0d 0a
              0x0205B829  Status idx=0 dev=41

    7340.2ms  RX  ◄──  [1.3]  54 30 32 30 35 62 38 61 39 38 30 30 63 30 38 39 33 61 61 35 66 66 33 62 63 32 0d 0a
              0x0205B8A9  Status idx=2 dev=41

    7340.2ms  RX  ◄──  [1.3]  54 30 32 30 35 62 38 65 39 38 31 39 30 30 30 30 30 30 66 63 38 36 66 62 33 64 0d 0a
              0x0205B8E9  Status idx=3 dev=41

    7342.0ms  RX  ◄──  [1.3]  54 30 32 30 35 62 39 32 39 38 30 30 30 30 30 30 30 30 30 30 30 30 30 30 30 30 0d 0a
              0x0205B929  Status idx=4 dev=41

    7342.1ms  RX  ◄──  [1.3]  54 30 32 30 35 62 39 36 39 38 30 30 30 30 30 30 30 30 30 30 30 30 30 30 30 30 0d 0a
              0x0205B969  Status idx=5 dev=41

    7342.1ms  RX  ◄──  [1.3]  54 30 32 30 35 62 39 61 39 38 30 30 30 30 66 66 66 66 30 31 30 30 30 30 30 30 0d 0a
              0x0205B9A9  Status idx=6 dev=41

    7342.3ms  TX  ──►  [1.3]  54 30 32 30 35 32 63 38 30 38 30 30 30 30 30 30 30 30 30 30 30 30 30 30 30 30 0d
              0x02052C80  cls=0x0b idx=2 dev=0

    7342.5ms  TX  ──►  [1.3]  54 30 30 30 35 30 32 63 30 31 30 31 0d
              0x000502C0  cls=0x00 idx=11 dev=0

    7360.0ms  RX  ◄──  [1.3]  54 30 32 30 35 62 38 32 39 38 30 30 30 30 39 61 30 36 30 30 31 63 38 30 30 30 0d 0a
              0x0205B829  Status idx=0 dev=41

    7360.1ms  RX  ◄──  [1.3]  54 30 32 30 35 62 38 36 39 38 30 30 30 30 30 30 30 30 30 30 30 30 30 30 30 30 0d 0a
              0x0205B869  Status idx=1 dev=41

    7360.2ms  RX  ◄──  [1.3]  54 30 32 30 35 62 38 61 39 38 30 30 63 30 38 39 33 61 61 35 66 66 33 62 63 32 0d 0a
              0x0205B8A9  Status idx=2 dev=41

    7360.3ms  RX  ◄──  [1.3]  54 30 32 30 35 62 38 65 39 38 31 39 30 30 30 30 30 30 38 30 62 35 66 65 33 64 0d 0a
              0x0205B8E9  Status idx=3 dev=41

    7362.0ms  RX  ◄──  [1.3]  54 30 32 30 35 62 39 32 39 38 30 30 30 30 30 30 30 30 30 30 30 30 30 30 30 30 0d 0a
              0x0205B929  Status idx=4 dev=41

    7362.1ms  RX  ◄──  [1.3]  54 30 32 30 35 62 39 36 39 38 30 30 30 30 30 30 30 30 30 30 30 30 30 30 30 30 0d 0a
              0x0205B969  Status idx=5 dev=41

    7362.2ms  RX  ◄──  [1.3]  54 30 32 30 35 62 39 61 39 38 30 30 30 30 66 66 66 66 30 31 30 30 30 30 30 30 0d 0a
              0x0205B9A9  Status idx=6 dev=41

    7362.6ms  TX  ──►  [1.3]  54 30 32 30 35 30 31 32 39 38 32 64 62 32 33 62 34 31 30 30 30 30 30 30 30 30 0d
              0x02050129  cls=0x00 idx=4 dev=41

    7372.9ms  TX  ──►  [1.3]  54 30 32 30 35 32 63 38 30 38 30 30 30 30 30 30 30 30 30 30 30 30 30 30 30 30 0d
              0x02052C80  cls=0x0b idx=2 dev=0

    7373.0ms  TX  ──►  [1.3]  54 30 30 30 35 30 32 63 30 31 30 31 0d
              0x000502C0  cls=0x00 idx=11 dev=0

    7380.0ms  RX  ◄──  [1.3]  54 30 32 30 35 62 38 32 39 38 30 30 30 30 39 38 30 36 30 30 31 63 38 30 30 30 0d 0a
              0x0205B829  Status idx=0 dev=41

    7380.1ms  RX  ◄──  [1.3]  54 30 32 30 35 62 38 61 39 38 30 30 63 30 38 39 33 61 61 35 66 66 33 62 63 32 0d 0a
              0x0205B8A9  Status idx=2 dev=41

    7380.3ms  RX  ◄──  [1.3]  54 30 32 30 35 62 38 65 39 38 31 39 30 30 30 30 30 30 64 38 33 38 66 62 33 64 0d 0a
              0x0205B8E9  Status idx=3 dev=41

    7381.9ms  RX  ◄──  [1.3]  54 30 32 30 35 62 39 36 39 38 30 30 30 30 30 30 30 30 30 30 30 30 30 30 30 30 0d 0a
              0x0205B969  Status idx=5 dev=41

    7382.0ms  RX  ◄──  [1.3]  54 30 32 30 35 62 39 61 39 38 30 30 30 30 66 66 66 66 30 31 30 30 30 30 30 30 0d 0a
              0x0205B9A9  Status idx=6 dev=41

    7382.1ms  RX  ◄──  [1.3]  54 30 32 30 35 62 39 32 39 38 30 30 30 30 30 30 30 30 30 30 30 30 30 30 30 30 0d 0a
              0x0205B929  Status idx=4 dev=41

    7383.3ms  TX  ──►  [1.3]  54 30 32 30 35 30 31 32 39 38 32 64 62 32 33 62 34 31 30 30 30 30 30 30 30 30 0d
              0x02050129  cls=0x00 idx=4 dev=41

    7399.9ms  RX  ◄──  [1.3]  54 30 32 30 35 62 38 61 39 38 30 30 63 30 38 39 33 61 61 35 66 66 33 62 63 32 0d 0a
              0x0205B8A9  Status idx=2 dev=41

    7400.0ms  RX  ◄──  [1.3]  54 30 32 30 35 62 38 65 39 38 31 39 30 30 30 30 30 30 30 65 61 61 66 62 33 64 0d 0a
              0x0205B8E9  Status idx=3 dev=41

    7400.1ms  RX  ◄──  [1.3]  54 30 32 30 35 62 38 32 39 38 30 30 30 30 39 37 30 36 30 30 31 63 38 30 30 30 0d 0a
              0x0205B829  Status idx=0 dev=41

    7402.0ms  RX  ◄──  [1.3]  54 30 32 30 35 62 39 32 39 38 30 30 30 30 30 30 30 30 30 30 30 30 30 30 30 30 0d 0a
              0x0205B929  Status idx=4 dev=41

    7402.1ms  RX  ◄──  [1.3]  54 30 32 30 35 62 39 36 39 38 30 30 30 30 30 30 30 30 30 30 30 30 30 30 30 30 0d 0a
              0x0205B969  Status idx=5 dev=41

    7402.1ms  RX  ◄──  [1.3]  54 30 32 30 35 62 39 61 39 38 30 30 30 30 66 66 66 66 30 31 30 30 30 30 30 30 0d 0a
              0x0205B9A9  Status idx=6 dev=41

    7402.3ms  TX  ──►  [1.3]  54 30 32 30 35 32 63 38 30 38 30 30 30 30 30 30 30 30 30 30 30 30 30 30 30 30 0d
              0x02052C80  cls=0x0b idx=2 dev=0

    7402.4ms  TX  ──►  [1.3]  54 30 30 30 35 30 32 63 30 31 30 31 0d
              0x000502C0  cls=0x00 idx=11 dev=0

    7411.0ms  TX  ──►  [1.3]  54 30 32 30 35 30 31 32 39 38 32 64 62 32 33 62 34 31 30 30 30 30 30 30 30 30 0d
              0x02050129  cls=0x00 idx=4 dev=41

    7419.9ms  RX  ◄──  [1.3]  54 30 32 30 35 62 38 32 39 38 30 30 30 30 39 61 30 36 30 30 31 63 38 30 30 30 0d 0a
              0x0205B829  Status idx=0 dev=41

    7420.0ms  RX  ◄──  [1.3]  54 30 32 30 35 62 38 61 39 38 30 30 63 30 38 39 33 61 61 35 66 66 33 62 63 32 0d 0a
              0x0205B8A9  Status idx=2 dev=41

    7420.1ms  RX  ◄──  [1.3]  54 30 32 30 35 62 38 65 39 38 31 39 30 30 30 30 30 30 31 63 36 62 66 66 33 64 0d 0a
              0x0205B8E9  Status idx=3 dev=41

    7421.9ms  RX  ◄──  [1.3]  54 30 32 30 35 62 39 32 39 38 30 30 30 30 30 30 30 30 30 30 30 30 30 30 30 30 0d 0a
              0x0205B929  Status idx=4 dev=41

    7422.1ms  RX  ◄──  [1.3]  54 30 32 30 35 62 39 36 39 38 30 30 30 30 30 30 30 30 30 30 30 30 30 30 30 30 0d 0a
              0x0205B969  Status idx=5 dev=41

    7422.1ms  RX  ◄──  [1.3]  54 30 32 30 35 62 39 61 39 38 30 30 30 30 66 66 66 66 30 31 30 30 30 30 30 30 0d 0a
              0x0205B9A9  Status idx=6 dev=41

    7431.5ms  TX  ──►  [1.3]  54 30 32 30 35 32 63 38 30 38 30 30 30 30 30 30 30 30 30 30 30 30 30 30 30 30 0d
              0x02052C80  cls=0x0b idx=2 dev=0

    7431.6ms  TX  ──►  [1.3]  54 30 30 30 35 30 32 63 30 31 30 31 0d
              0x000502C0  cls=0x00 idx=11 dev=0

    7431.8ms  TX  ──►  [1.3]  54 30 32 30 35 30 31 32 39 38 32 64 62 32 33 62 34 31 30 30 30 30 30 30 30 30 0d
              0x02050129  cls=0x00 idx=4 dev=41

    7439.9ms  RX  ◄──  [1.3]  54 30 32 30 35 62 38 32 39 38 30 30 30 30 39 38 30 36 30 30 31 63 38 30 30 30 0d 0a
              0x0205B829  Status idx=0 dev=41

    7440.0ms  RX  ◄──  [1.3]  54 30 32 30 35 62 38 61 39 38 30 30 63 30 38 39 33 61 61 35 66 66 33 62 63 32 0d 0a
              0x0205B8A9  Status idx=2 dev=41

    7440.1ms  RX  ◄──  [1.3]  54 30 32 30 35 62 38 65 39 38 31 39 30 30 30 30 30 30 34 61 38 62 66 63 33 64 0d 0a
              0x0205B8E9  Status idx=3 dev=41

    7441.9ms  RX  ◄──  [1.3]  54 30 32 30 35 62 39 32 39 38 30 30 30 30 30 30 30 30 30 30 30 30 30 30 30 30 0d 0a
              0x0205B929  Status idx=4 dev=41

    7442.1ms  RX  ◄──  [1.3]  54 30 32 30 35 62 39 36 39 38 30 30 30 30 30 30 30 30 30 30 30 30 30 30 30 30 0d 0a
              0x0205B969  Status idx=5 dev=41

    7442.1ms  RX  ◄──  [1.3]  54 30 32 30 35 62 39 61 39 38 30 30 30 30 66 66 66 66 30 31 30 30 30 30 30 30 0d 0a
              0x0205B9A9  Status idx=6 dev=41

    7451.8ms  TX  ──►  [1.3]  54 30 32 30 35 30 31 32 39 38 32 64 62 32 33 62 34 31 30 30 30 30 30 30 30 30 0d
              0x02050129  cls=0x00 idx=4 dev=41

    7460.0ms  RX  ◄──  [1.3]  54 30 32 30 35 62 38 32 39 38 30 30 30 30 39 38 30 36 30 30 31 63 38 30 30 30 0d 0a
              0x0205B829  Status idx=0 dev=41

    7460.3ms  RX  ◄──  [1.3]  54 30 32 30 35 62 38 61 39 38 30 30 63 30 38 39 33 61 61 35 66 66 33 62 63 32 0d 0a
              0x0205B8A9  Status idx=2 dev=41

    7460.4ms  RX  ◄──  [1.3]  54 30 32 30 35 62 38 65 39 38 31 39 30 30 30 30 30 30 62 63 62 62 66 62 33 64 0d 0a
              0x0205B8E9  Status idx=3 dev=41

    7462.0ms  RX  ◄──  [1.3]  54 30 32 30 35 62 39 32 39 38 30 30 30 30 30 30 30 30 30 30 30 30 30 30 30 30 0d 0a
              0x0205B929  Status idx=4 dev=41

    7462.2ms  RX  ◄──  [1.3]  54 30 32 30 35 62 39 36 39 38 30 30 30 30 30 30 30 30 30 30 30 30 30 30 30 30 0d 0a
              0x0205B969  Status idx=5 dev=41

    7462.3ms  RX  ◄──  [1.3]  54 30 32 30 35 62 39 61 39 38 30 30 30 30 66 66 66 66 30 31 30 30 30 30 30 30 0d 0a
              0x0205B9A9  Status idx=6 dev=41

    7462.4ms  TX  ──►  [1.3]  54 30 32 30 35 32 63 38 30 38 30 30 30 30 30 30 30 30 30 30 30 30 30 30 30 30 0d
              0x02052C80  cls=0x0b idx=2 dev=0

    7462.6ms  TX  ──►  [1.3]  54 30 30 30 35 30 32 63 30 31 30 31 0d
              0x000502C0  cls=0x00 idx=11 dev=0

    7472.2ms  TX  ──►  [1.3]  54 30 32 30 35 30 31 32 39 38 32 64 62 32 33 62 34 31 30 30 30 30 30 30 30 30 0d
              0x02050129  cls=0x00 idx=4 dev=41

    7480.0ms  RX  ◄──  [1.3]  54 30 32 30 35 62 38 32 39 38 30 30 30 30 39 62 30 36 30 30 31 63 38 30 30 30 0d 0a
              0x0205B829  Status idx=0 dev=41

    7480.3ms  RX  ◄──  [1.3]  54 30 32 30 35 62 38 61 39 38 30 30 63 30 38 39 33 61 61 35 66 66 33 62 63 32 0d 0a
              0x0205B8A9  Status idx=2 dev=41

    7480.3ms  RX  ◄──  [1.3]  54 30 32 30 35 62 38 65 39 38 31 39 30 30 30 30 30 30 34 63 65 38 66 65 33 64 0d 0a
              0x0205B8E9  Status idx=3 dev=41

    7482.0ms  RX  ◄──  [1.3]  54 30 32 30 35 62 39 32 39 38 30 30 30 30 30 30 30 30 30 30 30 30 30 30 30 30 0d 0a
              0x0205B929  Status idx=4 dev=41

    7482.1ms  RX  ◄──  [1.3]  54 30 32 30 35 62 39 36 39 38 30 30 30 30 30 30 30 30 30 30 30 30 30 30 30 30 0d 0a
              0x0205B969  Status idx=5 dev=41

    7482.2ms  RX  ◄──  [1.3]  54 30 32 30 35 62 39 61 39 38 30 30 30 30 66 66 66 66 30 31 30 30 30 30 30 30 0d 0a
              0x0205B9A9  Status idx=6 dev=41

    7492.7ms  TX  ──►  [1.3]  54 30 32 30 35 32 63 38 30 38 30 30 30 30 30 30 30 30 30 30 30 30 30 30 30 30 0d
              0x02052C80  cls=0x0b idx=2 dev=0

    7492.9ms  TX  ──►  [1.3]  54 30 30 30 35 30 32 63 30 31 30 31 0d
              0x000502C0  cls=0x00 idx=11 dev=0

    7493.0ms  TX  ──►  [1.3]  54 30 32 30 35 30 31 32 39 38 32 64 62 32 33 62 34 31 30 30 30 30 30 30 30 30 0d
              0x02050129  cls=0x00 idx=4 dev=41

    7500.0ms  RX  ◄──  [1.3]  54 30 32 30 35 62 38 32 39 38 30 30 30 30 39 62 30 36 30 30 31 63 38 30 30 30 0d 0a
              0x0205B829  Status idx=0 dev=41

    7500.1ms  RX  ◄──  [1.3]  54 30 32 30 35 62 38 61 39 38 30 30 63 30 38 39 33 61 61 35 66 66 33 62 63 32 0d 0a
              0x0205B8A9  Status idx=2 dev=41

    7500.2ms  RX  ◄──  [1.3]  54 30 32 30 35 62 38 65 39 38 31 39 30 30 30 30 30 30 61 34 36 37 66 62 33 64 0d 0a
              0x0205B8E9  Status idx=3 dev=41

    7502.0ms  RX  ◄──  [1.3]  54 30 32 30 35 62 39 32 39 38 30 30 30 30 30 30 30 30 30 30 30 30 30 30 30 30 0d 0a
              0x0205B929  Status idx=4 dev=41

    7502.1ms  RX  ◄──  [1.3]  54 30 32 30 35 62 39 36 39 38 30 30 30 30 30 30 30 30 30 30 30 30 30 30 30 30 0d 0a
              0x0205B969  Status idx=5 dev=41

    7502.2ms  RX  ◄──  [1.3]  54 30 32 30 35 62 39 61 39 38 30 30 30 30 66 66 66 66 30 31 30 30 30 30 30 30 0d 0a
              0x0205B9A9  Status idx=6 dev=41

    7512.6ms  TX  ──►  [1.3]  54 30 32 30 35 30 31 32 39 38 32 64 62 32 33 62 34 31 30 30 30 30 30 30 30 30 0d
              0x02050129  cls=0x00 idx=4 dev=41

    7520.0ms  RX  ◄──  [1.3]  54 30 32 30 35 62 38 32 39 38 30 30 30 30 39 61 30 36 30 30 31 63 38 30 30 30 0d 0a
              0x0205B829  Status idx=0 dev=41

    7520.1ms  RX  ◄──  [1.3]  54 30 32 30 35 62 38 61 39 38 30 30 63 30 38 39 33 61 61 35 66 66 33 62 63 32 0d 0a
              0x0205B8A9  Status idx=2 dev=41

    7520.2ms  RX  ◄──  [1.3]  54 30 32 30 35 62 38 65 39 38 31 39 30 30 30 30 30 30 65 32 66 35 66 61 33 64 0d 0a
              0x0205B8E9  Status idx=3 dev=41

    7522.0ms  RX  ◄──  [1.3]  54 30 32 30 35 62 39 32 39 38 30 30 30 30 30 30 30 30 30 30 30 30 30 30 30 30 0d 0a
              0x0205B929  Status idx=4 dev=41

    7522.1ms  RX  ◄──  [1.3]  54 30 32 30 35 62 39 36 39 38 30 30 30 30 30 30 30 30 30 30 30 30 30 30 30 30 0d 0a
              0x0205B969  Status idx=5 dev=41

    7522.2ms  RX  ◄──  [1.3]  54 30 32 30 35 62 39 61 39 38 30 30 30 30 66 66 66 66 30 31 30 30 30 30 30 30 0d 0a
              0x0205B9A9  Status idx=6 dev=41

    7522.5ms  TX  ──►  [1.3]  54 30 32 30 35 32 63 38 30 38 30 30 30 30 30 30 30 30 30 30 30 30 30 30 30 30 0d
              0x02052C80  cls=0x0b idx=2 dev=0

    7522.7ms  TX  ──►  [1.3]  54 30 30 30 35 30 32 63 30 31 30 31 0d
              0x000502C0  cls=0x00 idx=11 dev=0

    7533.0ms  TX  ──►  [1.3]  54 30 32 30 35 30 31 32 39 38 32 64 62 32 33 62 34 31 30 30 30 30 30 30 30 30 0d
              0x02050129  cls=0x00 idx=4 dev=41

    7540.0ms  RX  ◄──  [1.3]  54 30 32 30 35 62 38 32 39 38 30 30 30 30 39 61 30 36 30 30 31 63 38 30 30 30 0d 0a
              0x0205B829  Status idx=0 dev=41

    7540.1ms  RX  ◄──  [1.3]  54 30 32 30 35 62 38 61 39 38 30 30 63 30 38 39 33 61 61 35 66 66 33 62 63 32 0d 0a
              0x0205B8A9  Status idx=2 dev=41

    7540.2ms  RX  ◄──  [1.3]  54 30 32 30 35 62 38 65 39 38 31 39 30 30 30 30 30 30 61 65 64 38 66 64 33 64 0d 0a
              0x0205B8E9  Status idx=3 dev=41

    7542.0ms  RX  ◄──  [1.3]  54 30 32 30 35 62 39 32 39 38 30 30 30 30 30 30 30 30 30 30 30 30 30 30 30 30 0d 0a
              0x0205B929  Status idx=4 dev=41

    7542.1ms  RX  ◄──  [1.3]  54 30 32 30 35 62 39 36 39 38 30 30 30 30 30 30 30 30 30 30 30 30 30 30 30 30 0d 0a
              0x0205B969  Status idx=5 dev=41

    7542.2ms  RX  ◄──  [1.3]  54 30 32 30 35 62 39 61 39 38 30 30 30 30 66 66 66 66 30 31 30 30 30 30 30 30 0d 0a
              0x0205B9A9  Status idx=6 dev=41

    7552.7ms  TX  ──►  [1.3]  54 30 32 30 35 32 63 38 30 38 30 30 30 30 30 30 30 30 30 30 30 30 30 30 30 30 0d
              0x02052C80  cls=0x0b idx=2 dev=0

    7552.9ms  TX  ──►  [1.3]  54 30 30 30 35 30 32 63 30 31 30 31 0d
              0x000502C0  cls=0x00 idx=11 dev=0

    7553.1ms  TX  ──►  [1.3]  54 30 32 30 35 30 31 32 39 38 32 64 62 32 33 62 34 31 30 30 30 30 30 30 30 30 0d
              0x02050129  cls=0x00 idx=4 dev=41

    7560.0ms  RX  ◄──  [1.3]  54 30 32 30 35 62 38 32 39 38 30 30 30 30 39 38 30 36 30 30 31 63 38 30 30 30 0d 0a
              0x0205B829  Status idx=0 dev=41

    7560.1ms  RX  ◄──  [1.3]  54 30 32 30 35 62 38 61 39 38 30 30 63 30 38 39 33 61 61 35 66 66 33 62 63 32 0d 0a
              0x0205B8A9  Status idx=2 dev=41

    7560.3ms  RX  ◄──  [1.3]  54 30 32 30 35 62 38 65 39 38 31 39 30 30 30 30 30 30 32 32 62 39 66 62 33 64 0d 0a
              0x0205B8E9  Status idx=3 dev=41

    7562.0ms  RX  ◄──  [1.3]  54 30 32 30 35 62 39 32 39 38 30 30 30 30 30 30 30 30 30 30 30 30 30 30 30 30 0d 0a
              0x0205B929  Status idx=4 dev=41

    7562.1ms  RX  ◄──  [1.3]  54 30 32 30 35 62 39 36 39 38 30 30 30 30 30 30 30 30 30 30 30 30 30 30 30 30 0d 0a
              0x0205B969  Status idx=5 dev=41

    7562.2ms  RX  ◄──  [1.3]  54 30 32 30 35 62 39 61 39 38 30 30 30 30 66 66 66 66 30 31 30 30 30 30 30 30 0d 0a
              0x0205B9A9  Status idx=6 dev=41

    7573.4ms  TX  ──►  [1.3]  54 30 32 30 35 30 31 32 39 38 32 64 62 32 33 62 34 31 30 30 30 30 30 30 30 30 0d
              0x02050129  cls=0x00 idx=4 dev=41

    7580.0ms  RX  ◄──  [1.3]  54 30 32 30 35 62 38 32 39 38 30 30 30 30 39 37 30 36 30 30 31 63 38 30 30 30 0d 0a
              0x0205B829  Status idx=0 dev=41

    7580.1ms  RX  ◄──  [1.3]  54 30 32 30 35 62 38 61 39 38 30 30 63 30 38 39 33 61 61 35 66 66 33 62 63 32 0d 0a
              0x0205B8A9  Status idx=2 dev=41

    7580.2ms  RX  ◄──  [1.3]  54 30 32 30 35 62 38 65 39 38 31 39 30 30 30 30 30 30 36 61 37 39 66 62 33 64 0d 0a
              0x0205B8E9  Status idx=3 dev=41

    7582.0ms  RX  ◄──  [1.3]  54 30 32 30 35 62 39 32 39 38 30 30 30 30 30 30 30 30 30 30 30 30 30 30 30 30 0d 0a
              0x0205B929  Status idx=4 dev=41

    7582.1ms  RX  ◄──  [1.3]  54 30 32 30 35 62 39 36 39 38 30 30 30 30 30 30 30 30 30 30 30 30 30 30 30 30 0d 0a
              0x0205B969  Status idx=5 dev=41

    7582.2ms  RX  ◄──  [1.3]  54 30 32 30 35 62 39 61 39 38 30 30 30 30 66 66 66 66 30 31 30 30 30 30 30 30 0d 0a
              0x0205B9A9  Status idx=6 dev=41

    7583.5ms  TX  ──►  [1.3]  54 30 32 30 35 32 63 38 30 38 30 30 30 30 30 30 30 30 30 30 30 30 30 30 30 30 0d
              0x02052C80  cls=0x0b idx=2 dev=0

    7583.8ms  TX  ──►  [1.3]  54 30 30 30 35 30 32 63 30 31 30 31 0d
              0x000502C0  cls=0x00 idx=11 dev=0

    7600.0ms  RX  ◄──  [1.3]  54 30 32 30 35 62 38 32 39 38 30 30 30 30 39 62 30 36 30 30 31 63 38 30 30 30 0d 0a
              0x0205B829  Status idx=0 dev=41

    7600.1ms  RX  ◄──  [1.3]  54 30 32 30 35 62 38 61 39 38 30 30 63 30 38 39 33 61 61 35 66 66 33 62 63 32 0d 0a
              0x0205B8A9  Status idx=2 dev=41

    7600.3ms  RX  ◄──  [1.3]  54 30 32 30 35 62 38 65 39 38 31 39 30 30 30 30 30 30 61 61 35 32 66 65 33 64 0d 0a
              0x0205B8E9  Status idx=3 dev=41

    7602.0ms  RX  ◄──  [1.3]  54 30 32 30 35 62 39 32 39 38 30 30 30 30 30 30 30 30 30 30 30 30 30 30 30 30 0d 0a
              0x0205B929  Status idx=4 dev=41

    7602.1ms  RX  ◄──  [1.3]  54 30 32 30 35 62 39 36 39 38 30 30 30 30 30 30 30 30 30 30 30 30 30 30 30 30 0d 0a
              0x0205B969  Status idx=5 dev=41

    7602.1ms  RX  ◄──  [1.3]  54 30 32 30 35 62 39 61 39 38 30 30 30 30 66 66 66 66 30 31 30 30 30 30 30 30 0d 0a
              0x0205B9A9  Status idx=6 dev=41

    7602.5ms  TX  ──►  [1.3]  54 30 32 30 35 30 31 32 39 38 32 64 62 32 33 62 34 31 30 30 30 30 30 30 30 30 0d
              0x02050129  cls=0x00 idx=4 dev=41

    7609.8ms  RX  ◄──  [1.3]  54 30 32 30 35 62 38 36 39 38 30 30 30 30 30 30 30 30 30 30 30 30 30 30 30 30 0d 0a
              0x0205B869  Status idx=1 dev=41

    7611.9ms  RX  ◄──  [1.3]  54 30 32 30 35 62 63 32 39 34 34 32 35 64 31 31 62 38 0d 0a
              0x0205BC29  Status idx=0 dev=41

    7612.7ms  TX  ──►  [1.3]  54 30 32 30 35 32 63 38 30 38 30 30 30 30 30 30 30 30 30 30 30 30 30 30 30 30 0d
              0x02052C80  cls=0x0b idx=2 dev=0

    7612.8ms  TX  ──►  [1.3]  54 30 30 30 35 30 32 63 30 31 30 31 0d
              0x000502C0  cls=0x00 idx=11 dev=0

    7620.0ms  RX  ◄──  [1.3]  54 30 32 30 35 62 38 32 39 38 30 30 30 30 39 61 30 36 30 30 31 63 38 30 30 30 0d 0a
              0x0205B829  Status idx=0 dev=41

    7620.1ms  RX  ◄──  [1.3]  54 30 32 30 35 62 38 61 39 38 30 30 63 30 38 39 33 61 61 35 66 66 33 62 63 32 0d 0a
              0x0205B8A9  Status idx=2 dev=41

    7620.2ms  RX  ◄──  [1.3]  54 30 32 30 35 62 38 65 39 38 31 39 30 30 30 30 30 30 62 30 39 32 66 62 33 64 0d 0a
              0x0205B8E9  Status idx=3 dev=41

    7622.0ms  RX  ◄──  [1.3]  54 30 32 30 35 62 39 32 39 38 30 30 30 30 30 30 30 30 30 30 30 30 30 30 30 30 0d 0a
              0x0205B929  Status idx=4 dev=41

    7622.1ms  RX  ◄──  [1.3]  54 30 32 30 35 62 39 36 39 38 30 30 30 30 30 30 30 30 30 30 30 30 30 30 30 30 0d 0a
              0x0205B969  Status idx=5 dev=41

    7622.2ms  RX  ◄──  [1.3]  54 30 32 30 35 62 39 61 39 38 30 30 30 30 66 66 66 66 30 31 30 30 30 30 30 30 0d 0a
              0x0205B9A9  Status idx=6 dev=41

    7622.8ms  TX  ──►  [1.3]  54 30 32 30 35 30 31 32 39 38 32 64 62 32 33 62 34 31 30 30 30 30 30 30 30 30 0d
              0x02050129  cls=0x00 idx=4 dev=41

    7640.0ms  RX  ◄──  [1.3]  54 30 32 30 35 62 38 32 39 38 30 30 30 30 39 61 30 36 30 30 31 63 38 30 30 30 0d 0a
              0x0205B829  Status idx=0 dev=41

    7640.1ms  RX  ◄──  [1.3]  54 30 32 30 35 62 38 61 39 38 30 30 63 30 38 39 33 61 61 35 66 66 33 62 63 32 0d 0a
              0x0205B8A9  Status idx=2 dev=41

    7640.2ms  RX  ◄──  [1.3]  54 30 32 30 35 62 38 65 39 38 31 38 30 30 30 30 30 30 30 32 31 64 66 61 33 64 0d 0a
              0x0205B8E9  Status idx=3 dev=41

    7642.0ms  RX  ◄──  [1.3]  54 30 32 30 35 62 39 32 39 38 30 30 30 30 30 30 30 30 30 30 30 30 30 30 30 30 0d 0a
              0x0205B929  Status idx=4 dev=41

    7642.2ms  RX  ◄──  [1.3]  54 30 32 30 35 62 39 36 39 38 30 30 30 30 30 30 30 30 30 30 30 30 30 30 30 30 0d 0a
              0x0205B969  Status idx=5 dev=41

    7642.3ms  RX  ◄──  [1.3]  54 30 32 30 35 62 39 61 39 38 30 30 30 30 66 66 66 66 30 31 30 30 30 30 30 30 0d 0a
              0x0205B9A9  Status idx=6 dev=41

    7642.4ms  TX  ──►  [1.3]  54 30 32 30 35 32 63 38 30 38 30 30 30 30 30 30 30 30 30 30 30 30 30 30 30 30 0d
              0x02052C80  cls=0x0b idx=2 dev=0

    7642.5ms  TX  ──►  [1.3]  54 30 30 30 35 30 32 63 30 31 30 31 0d
              0x000502C0  cls=0x00 idx=11 dev=0

    7642.7ms  TX  ──►  [1.3]  54 30 32 30 35 30 31 32 39 38 32 64 62 32 33 62 34 31 30 30 30 30 30 30 30 30 0d
              0x02050129  cls=0x00 idx=4 dev=41

    7660.0ms  RX  ◄──  [1.3]  54 30 32 30 35 62 38 32 39 38 30 30 30 30 39 39 30 36 30 30 31 63 38 30 30 30 0d 0a
              0x0205B829  Status idx=0 dev=41

    7660.3ms  RX  ◄──  [1.3]  54 30 32 30 35 62 38 61 39 38 30 30 63 30 38 39 33 61 61 35 66 66 33 62 63 32 0d 0a
              0x0205B8A9  Status idx=2 dev=41

    7660.3ms  RX  ◄──  [1.3]  54 30 32 30 35 62 38 65 39 38 31 39 30 30 30 30 30 30 61 65 64 30 66 64 33 64 0d 0a
              0x0205B8E9  Status idx=3 dev=41

    7661.9ms  RX  ◄──  [1.3]  54 30 32 30 35 62 39 32 39 38 30 30 30 30 30 30 30 30 30 30 30 30 30 30 30 30 0d 0a
              0x0205B929  Status idx=4 dev=41

    7662.1ms  RX  ◄──  [1.3]  54 30 32 30 35 62 39 36 39 38 30 30 30 30 30 30 30 30 30 30 30 30 30 30 30 30 0d 0a
              0x0205B969  Status idx=5 dev=41

    7662.1ms  RX  ◄──  [1.3]  54 30 32 30 35 62 39 61 39 38 30 30 30 30 66 66 66 66 30 31 30 30 30 30 30 30 0d 0a
              0x0205B9A9  Status idx=6 dev=41

    7672.4ms  TX  ──►  [1.3]  54 30 32 30 35 32 63 38 30 38 30 30 30 30 30 30 30 30 30 30 30 30 30 30 30 30 0d
              0x02052C80  cls=0x0b idx=2 dev=0

    7672.8ms  TX  ──►  [1.3]  54 30 30 30 35 30 32 63 30 31 30 31 0d
              0x000502C0  cls=0x00 idx=11 dev=0

    7673.0ms  TX  ──►  [1.3]  54 30 32 30 35 30 31 32 39 38 32 64 62 32 33 62 34 31 30 30 30 30 30 30 30 30 0d
              0x02050129  cls=0x00 idx=4 dev=41

    7680.0ms  RX  ◄──  [1.3]  54 30 32 30 35 62 38 32 39 38 30 30 30 30 39 37 30 36 30 30 31 63 38 30 30 30 0d 0a
              0x0205B829  Status idx=0 dev=41

    7680.2ms  RX  ◄──  [1.3]  54 30 32 30 35 62 38 61 39 38 30 30 63 30 38 39 33 61 61 35 66 66 33 62 63 32 0d 0a
              0x0205B8A9  Status idx=2 dev=41

    7680.3ms  RX  ◄──  [1.3]  54 30 32 30 35 62 38 65 39 38 31 38 30 30 30 30 30 30 34 30 31 34 66 61 33 64 0d 0a
              0x0205B8E9  Status idx=3 dev=41

    7682.0ms  RX  ◄──  [1.3]  54 30 32 30 35 62 39 32 39 38 30 30 30 30 30 30 30 30 30 30 30 30 30 30 30 30 0d 0a
              0x0205B929  Status idx=4 dev=41

    7682.1ms  RX  ◄──  [1.3]  54 30 32 30 35 62 39 36 39 38 30 30 30 30 30 30 30 30 30 30 30 30 30 30 30 30 0d 0a
              0x0205B969  Status idx=5 dev=41

    7682.2ms  RX  ◄──  [1.3]  54 30 32 30 35 62 39 61 39 38 30 30 30 30 66 66 66 66 30 31 30 30 30 30 30 30 0d 0a
              0x0205B9A9  Status idx=6 dev=41

    7700.0ms  RX  ◄──  [1.3]  54 30 32 30 35 62 38 32 39 38 30 30 30 30 39 36 30 36 30 30 31 63 38 30 30 30 0d 0a
              0x0205B829  Status idx=0 dev=41

    7700.1ms  RX  ◄──  [1.3]  54 30 32 30 35 62 38 61 39 38 30 30 63 30 38 39 33 61 61 35 66 66 33 62 63 32 0d 0a
              0x0205B8A9  Status idx=2 dev=41

    7700.2ms  RX  ◄──  [1.3]  54 30 32 30 35 62 38 65 39 38 31 39 30 30 30 30 30 30 36 36 30 66 66 62 33 64 0d 0a
              0x0205B8E9  Status idx=3 dev=41

    7702.0ms  RX  ◄──  [1.3]  54 30 32 30 35 62 39 32 39 38 30 30 30 30 30 30 30 30 30 30 30 30 30 30 30 30 0d 0a
              0x0205B929  Status idx=4 dev=41

    7702.1ms  RX  ◄──  [1.3]  54 30 32 30 35 62 39 36 39 38 30 30 30 30 30 30 30 30 30 30 30 30 30 30 30 30 0d 0a
              0x0205B969  Status idx=5 dev=41

    7702.3ms  RX  ◄──  [1.3]  54 30 32 30 35 62 39 61 39 38 30 30 30 30 66 66 66 66 30 31 30 30 30 30 30 30 0d 0a
              0x0205B9A9  Status idx=6 dev=41

    7702.4ms  TX  ──►  [1.3]  54 30 32 30 35 32 63 38 30 38 30 30 30 30 30 30 30 30 30 30 30 30 30 30 30 30 0d
              0x02052C80  cls=0x0b idx=2 dev=0

    7702.5ms  TX  ──►  [1.3]  54 30 30 30 35 30 32 63 30 31 30 31 0d
              0x000502C0  cls=0x00 idx=11 dev=0

    7702.6ms  TX  ──►  [1.3]  54 30 32 30 35 30 31 32 39 38 32 64 62 32 33 62 34 31 30 30 30 30 30 30 30 30 0d
              0x02050129  cls=0x00 idx=4 dev=41

    7720.0ms  RX  ◄──  [1.3]  54 30 32 30 35 62 38 32 39 38 30 30 30 30 39 61 30 36 30 30 31 63 38 30 30 30 0d 0a
              0x0205B829  Status idx=0 dev=41

    7720.1ms  RX  ◄──  [1.3]  54 30 32 30 35 62 38 61 39 38 30 30 63 30 38 39 33 61 61 35 66 66 33 62 63 32 0d 0a
              0x0205B8A9  Status idx=2 dev=41

    7720.2ms  RX  ◄──  [1.3]  54 30 32 30 35 62 38 65 39 38 31 39 30 30 30 30 30 30 61 61 63 63 66 63 33 64 0d 0a
              0x0205B8E9  Status idx=3 dev=41

    7722.0ms  RX  ◄──  [1.3]  54 30 32 30 35 62 39 32 39 38 30 30 30 30 30 30 30 30 30 30 30 30 30 30 30 30 0d 0a
              0x0205B929  Status idx=4 dev=41

    7722.1ms  RX  ◄──  [1.3]  54 30 32 30 35 62 39 36 39 38 30 30 30 30 30 30 30 30 30 30 30 30 30 30 30 30 0d 0a
              0x0205B969  Status idx=5 dev=41

    7722.2ms  RX  ◄──  [1.3]  54 30 32 30 35 62 39 61 39 38 30 30 30 30 66 66 66 66 30 31 30 30 30 30 30 30 0d 0a
              0x0205B9A9  Status idx=6 dev=41

    7722.7ms  TX  ──►  [1.3]  54 30 32 30 35 30 31 32 39 38 32 64 62 32 33 62 34 31 30 30 30 30 30 30 30 30 0d
              0x02050129  cls=0x00 idx=4 dev=41

    7734.9ms  TX  ──►  [1.3]  54 30 32 30 35 32 63 38 30 38 30 30 30 30 30 30 30 30 30 30 30 30 30 30 30 30 0d
              0x02052C80  cls=0x0b idx=2 dev=0

    7735.1ms  TX  ──►  [1.3]  54 30 30 30 35 30 32 63 30 31 30 31 0d
              0x000502C0  cls=0x00 idx=11 dev=0

    7740.0ms  RX  ◄──  [1.3]  54 30 32 30 35 62 38 32 39 38 30 30 30 30 39 37 30 36 30 30 31 63 38 30 30 30 0d 0a
              0x0205B829  Status idx=0 dev=41

    7740.1ms  RX  ◄──  [1.3]  54 30 32 30 35 62 38 61 39 38 30 30 63 30 38 39 33 61 61 35 66 66 33 62 63 32 0d 0a
              0x0205B8A9  Status idx=2 dev=41

    7740.1ms  RX  ◄──  [1.3]  54 30 32 30 35 62 38 65 39 38 31 39 30 30 30 30 30 30 33 34 32 62 66 62 33 64 0d 0a
              0x0205B8E9  Status idx=3 dev=41

    7741.9ms  RX  ◄──  [1.3]  54 30 32 30 35 62 39 32 39 38 30 30 30 30 30 30 30 30 30 30 30 30 30 30 30 30 0d 0a
              0x0205B929  Status idx=4 dev=41

    7742.0ms  RX  ◄──  [1.3]  54 30 32 30 35 62 39 36 39 38 30 30 30 30 30 30 30 30 30 30 30 30 30 30 30 30 0d 0a
              0x0205B969  Status idx=5 dev=41

    7742.1ms  RX  ◄──  [1.3]  54 30 32 30 35 62 39 61 39 38 30 30 30 30 66 66 66 66 30 31 30 30 30 30 30 30 0d 0a
              0x0205B9A9  Status idx=6 dev=41

    7745.3ms  TX  ──►  [1.3]  54 30 32 30 35 30 31 32 39 38 32 64 62 32 33 62 34 31 30 30 30 30 30 30 30 30 0d
              0x02050129  cls=0x00 idx=4 dev=41

    7760.0ms  RX  ◄──  [1.3]  54 30 32 30 35 62 38 32 39 38 30 30 30 30 39 37 30 36 30 30 31 63 38 30 30 30 0d 0a
              0x0205B829  Status idx=0 dev=41

    7760.1ms  RX  ◄──  [1.3]  54 30 32 30 35 62 38 61 39 38 30 30 63 30 38 39 33 61 61 35 66 66 33 62 63 32 0d 0a
              0x0205B8A9  Status idx=2 dev=41

    7760.2ms  RX  ◄──  [1.3]  54 30 32 30 35 62 38 65 39 38 31 38 30 30 30 30 30 30 36 61 62 31 66 39 33 64 0d 0a
              0x0205B8E9  Status idx=3 dev=41

    7762.0ms  RX  ◄──  [1.3]  54 30 32 30 35 62 39 32 39 38 30 30 30 30 30 30 30 30 30 30 30 30 30 30 30 30 0d 0a
              0x0205B929  Status idx=4 dev=41

    7762.1ms  RX  ◄──  [1.3]  54 30 32 30 35 62 39 36 39 38 30 30 30 30 30 30 30 30 30 30 30 30 30 30 30 30 0d 0a
              0x0205B969  Status idx=5 dev=41

    7762.2ms  RX  ◄──  [1.3]  54 30 32 30 35 62 39 61 39 38 30 30 30 30 66 66 66 66 30 31 30 30 30 30 30 30 0d 0a
              0x0205B9A9  Status idx=6 dev=41

    7763.5ms  TX  ──►  [1.3]  54 30 32 30 35 32 63 38 30 38 30 30 30 30 30 30 30 30 30 30 30 30 30 30 30 30 0d
              0x02052C80  cls=0x0b idx=2 dev=0

    7764.1ms  TX  ──►  [1.3]  54 30 30 30 35 30 32 63 30 31 30 31 0d
              0x000502C0  cls=0x00 idx=11 dev=0

    7774.5ms  TX  ──►  [1.3]  54 30 32 30 35 30 31 32 39 38 32 64 62 32 33 62 34 31 30 30 30 30 30 30 30 30 0d
              0x02050129  cls=0x00 idx=4 dev=41

    7779.9ms  RX  ◄──  [1.3]  54 30 32 30 35 62 38 32 39 38 30 30 30 30 39 61 30 36 30 30 31 63 38 30 30 30 0d 0a
              0x0205B829  Status idx=0 dev=41

    7780.1ms  RX  ◄──  [1.3]  54 30 32 30 35 62 38 61 39 38 30 30 63 30 38 39 33 61 61 35 66 66 33 62 63 32 0d 0a
              0x0205B8A9  Status idx=2 dev=41

    7780.1ms  RX  ◄──  [1.3]  54 30 32 30 35 62 38 65 39 38 31 39 30 30 30 30 30 30 31 38 36 64 66 63 33 64 0d 0a
              0x0205B8E9  Status idx=3 dev=41

    7781.9ms  RX  ◄──  [1.3]  54 30 32 30 35 62 39 32 39 38 30 30 30 30 30 30 30 30 30 30 30 30 30 30 30 30 0d 0a
              0x0205B929  Status idx=4 dev=41

    7782.0ms  RX  ◄──  [1.3]  54 30 32 30 35 62 39 36 39 38 30 30 30 30 30 30 30 30 30 30 30 30 30 30 30 30 0d 0a
              0x0205B969  Status idx=5 dev=41

    7782.1ms  RX  ◄──  [1.3]  54 30 32 30 35 62 39 61 39 38 30 30 30 30 66 66 66 66 30 31 30 30 30 30 30 30 0d 0a
              0x0205B9A9  Status idx=6 dev=41

    7787.7ms  TX  ──►  [1.3]  54 30 32 30 35 32 63 38 30 38 30 30 30 30 30 30 30 30 30 30 30 30 30 30 30 30 0d
              0x02052C80  cls=0x0b idx=2 dev=0

    7787.9ms  TX  ──►  [1.3]  54 30 30 30 35 30 32 63 30 31 30 31 0d
              0x000502C0  cls=0x00 idx=11 dev=0

    7800.0ms  RX  ◄──  [1.3]  54 30 32 30 35 62 38 32 39 38 30 30 30 30 39 61 30 36 30 30 31 63 38 30 30 30 0d 0a
              0x0205B829  Status idx=0 dev=41

    7800.1ms  RX  ◄──  [1.3]  54 30 32 30 35 62 38 61 39 38 30 30 63 30 38 39 33 61 61 35 66 66 33 62 63 32 0d 0a
              0x0205B8A9  Status idx=2 dev=41

    7800.3ms  RX  ◄──  [1.3]  54 30 32 30 35 62 38 65 39 38 31 38 30 30 30 30 30 30 38 30 30 63 66 61 33 64 0d 0a
              0x0205B8E9  Status idx=3 dev=41

    7802.0ms  RX  ◄──  [1.3]  54 30 32 30 35 62 39 32 39 38 30 30 30 30 30 30 30 30 30 30 30 30 30 30 30 30 0d 0a
              0x0205B929  Status idx=4 dev=41

    7802.1ms  RX  ◄──  [1.3]  54 30 32 30 35 62 39 36 39 38 30 30 30 30 30 30 30 30 30 30 30 30 30 30 30 30 0d 0a
              0x0205B969  Status idx=5 dev=41

    7802.3ms  RX  ◄──  [1.3]  54 30 32 30 35 62 39 61 39 38 30 30 30 30 66 66 66 66 30 31 30 30 30 30 30 30 0d 0a
              0x0205B9A9  Status idx=6 dev=41

    7804.0ms  TX  ──►  [1.3]  54 30 32 30 35 30 31 32 39 38 32 64 62 32 33 62 34 31 30 30 30 30 30 30 30 30 0d
              0x02050129  cls=0x00 idx=4 dev=41

    7820.0ms  RX  ◄──  [1.3]  54 30 32 30 35 62 38 32 39 38 30 30 30 30 39 61 30 36 30 30 31 63 38 30 30 30 0d 0a
              0x0205B829  Status idx=0 dev=41

    7820.1ms  RX  ◄──  [1.3]  54 30 32 30 35 62 38 61 39 38 30 30 63 30 38 39 33 61 61 35 66 66 33 62 63 32 0d 0a
              0x0205B8A9  Status idx=2 dev=41

    7820.2ms  RX  ◄──  [1.3]  54 30 32 30 35 62 38 65 39 38 31 39 30 30 30 30 30 30 37 63 35 35 66 62 33 64 0d 0a
              0x0205B8E9  Status idx=3 dev=41

    7820.8ms  TX  ──►  [1.3]  54 30 32 30 35 32 63 38 30 38 30 30 30 30 30 30 30 30 30 30 30 30 30 30 30 30 0d
              0x02052C80  cls=0x0b idx=2 dev=0

    7821.0ms  TX  ──►  [1.3]  54 30 30 30 35 30 32 63 30 31 30 31 0d
              0x000502C0  cls=0x00 idx=11 dev=0

    7822.0ms  RX  ◄──  [1.3]  54 30 32 30 35 62 39 32 39 38 30 30 30 30 30 30 30 30 30 30 30 30 30 30 30 30 0d 0a
              0x0205B929  Status idx=4 dev=41

    7822.1ms  RX  ◄──  [1.3]  54 30 32 30 35 62 39 36 39 38 30 30 30 30 30 30 30 30 30 30 30 30 30 30 30 30 0d 0a
              0x0205B969  Status idx=5 dev=41

    7822.2ms  RX  ◄──  [1.3]  54 30 32 30 35 62 39 61 39 38 30 30 30 30 66 66 66 66 30 31 30 30 30 30 30 30 0d 0a
              0x0205B9A9  Status idx=6 dev=41

    7833.0ms  TX  ──►  [1.3]  54 30 32 30 35 30 31 32 39 38 32 64 62 32 33 62 34 31 30 30 30 30 30 30 30 30 0d
              0x02050129  cls=0x00 idx=4 dev=41

    7840.0ms  RX  ◄──  [1.3]  54 30 32 30 35 62 38 32 39 38 30 30 30 30 39 65 30 36 30 30 31 63 38 30 30 30 0d 0a
              0x0205B829  Status idx=0 dev=41

    7840.2ms  RX  ◄──  [1.3]  54 30 32 30 35 62 38 61 39 38 30 30 63 30 38 39 33 61 61 35 66 66 33 62 63 32 0d 0a
              0x0205B8A9  Status idx=2 dev=41

    7840.3ms  RX  ◄──  [1.3]  54 30 32 30 35 62 38 65 39 38 31 39 30 30 30 30 30 30 33 38 63 65 66 62 33 64 0d 0a
              0x0205B8E9  Status idx=3 dev=41

    7842.0ms  RX  ◄──  [1.3]  54 30 32 30 35 62 39 32 39 38 30 30 30 30 30 30 30 30 30 30 30 30 30 30 30 30 0d 0a
              0x0205B929  Status idx=4 dev=41

    7842.1ms  RX  ◄──  [1.3]  54 30 32 30 35 62 39 36 39 38 30 30 30 30 30 30 30 30 30 30 30 30 30 30 30 30 0d 0a
              0x0205B969  Status idx=5 dev=41

    7842.2ms  RX  ◄──  [1.3]  54 30 32 30 35 62 39 61 39 38 30 30 30 30 66 66 66 66 30 31 30 30 30 30 30 30 0d 0a
              0x0205B9A9  Status idx=6 dev=41

    7852.6ms  TX  ──►  [1.3]  54 30 32 30 35 32 63 38 30 38 30 30 30 30 30 30 30 30 30 30 30 30 30 30 30 30 0d
              0x02052C80  cls=0x0b idx=2 dev=0

    7852.8ms  TX  ──►  [1.3]  54 30 30 30 35 30 32 63 30 31 30 31 0d
              0x000502C0  cls=0x00 idx=11 dev=0

    7853.1ms  TX  ──►  [1.3]  54 30 32 30 35 30 31 32 39 38 32 64 62 32 33 62 34 31 30 30 30 30 30 30 30 30 0d
              0x02050129  cls=0x00 idx=4 dev=41

    7860.1ms  RX  ◄──  [1.3]  54 30 32 30 35 62 38 32 39 38 30 30 30 30 39 66 30 36 30 30 31 63 38 30 30 30 0d 0a
              0x0205B829  Status idx=0 dev=41

    7860.2ms  RX  ◄──  [1.3]  54 30 32 30 35 62 38 36 39 38 30 30 30 30 30 30 30 30 30 30 30 30 30 30 30 30 0d 0a
              0x0205B869  Status idx=1 dev=41

    7860.3ms  RX  ◄──  [1.3]  54 30 32 30 35 62 38 61 39 38 30 30 63 30 38 39 33 61 61 35 66 66 33 62 63 32 0d 0a
              0x0205B8A9  Status idx=2 dev=41

    7860.4ms  RX  ◄──  [1.3]  54 30 32 30 35 62 38 65 39 38 31 38 30 30 30 30 30 30 63 30 38 32 66 39 33 64 0d 0a
              0x0205B8E9  Status idx=3 dev=41

    7861.9ms  RX  ◄──  [1.3]  54 30 32 30 35 62 39 32 39 38 30 30 30 30 30 30 30 30 30 30 30 30 30 30 30 30 0d 0a
              0x0205B929  Status idx=4 dev=41

    7862.1ms  RX  ◄──  [1.3]  54 30 32 30 35 62 39 36 39 38 30 30 30 30 30 30 30 30 30 30 30 30 30 30 30 30 0d 0a
              0x0205B969  Status idx=5 dev=41

    7862.1ms  RX  ◄──  [1.3]  54 30 32 30 35 62 39 61 39 38 30 30 30 30 66 66 66 66 30 31 30 30 30 30 30 30 0d 0a
              0x0205B9A9  Status idx=6 dev=41

    7872.9ms  TX  ──►  [1.3]  54 30 32 30 35 30 31 32 39 38 32 64 62 32 33 62 34 31 30 30 30 30 30 30 30 30 0d
              0x02050129  cls=0x00 idx=4 dev=41

    7880.0ms  RX  ◄──  [1.3]  54 30 32 30 35 62 38 32 39 38 30 30 30 30 39 61 30 36 30 30 31 63 38 30 30 30 0d 0a
              0x0205B829  Status idx=0 dev=41

    7880.2ms  RX  ◄──  [1.3]  54 30 32 30 35 62 38 61 39 38 30 30 63 30 38 39 33 61 61 35 66 66 33 62 63 32 0d 0a
              0x0205B8A9  Status idx=2 dev=41

    7880.3ms  RX  ◄──  [1.3]  54 30 32 30 35 62 38 65 39 38 31 38 30 30 30 30 30 30 31 63 62 64 66 61 33 64 0d 0a
              0x0205B8E9  Status idx=3 dev=41

    7882.0ms  RX  ◄──  [1.3]  54 30 32 30 35 62 39 32 39 38 30 30 30 30 30 30 30 30 30 30 30 30 30 30 30 30 0d 0a
              0x0205B929  Status idx=4 dev=41

    7882.1ms  RX  ◄──  [1.3]  54 30 32 30 35 62 39 36 39 38 30 30 30 30 30 30 30 30 30 30 30 30 30 30 30 30 0d 0a
              0x0205B969  Status idx=5 dev=41

    7882.2ms  RX  ◄──  [1.3]  54 30 32 30 35 62 39 61 39 38 30 30 30 30 66 66 66 66 30 31 30 30 30 30 30 30 0d 0a
              0x0205B9A9  Status idx=6 dev=41

    7883.3ms  TX  ──►  [1.3]  54 30 32 30 35 32 63 38 30 38 30 30 30 30 30 30 30 30 30 30 30 30 30 30 30 30 0d
              0x02052C80  cls=0x0b idx=2 dev=0

    7883.4ms  TX  ──►  [1.3]  54 30 30 30 35 30 32 63 30 31 30 31 0d
              0x000502C0  cls=0x00 idx=11 dev=0

    7893.7ms  TX  ──►  [1.3]  54 30 32 30 35 30 31 32 39 38 32 64 62 32 33 62 34 31 30 30 30 30 30 30 30 30 0d
              0x02050129  cls=0x00 idx=4 dev=41

    7900.0ms  RX  ◄──  [1.3]  54 30 32 30 35 62 38 32 39 38 30 30 30 30 61 30 30 36 30 30 31 63 38 30 30 30 0d 0a
              0x0205B829  Status idx=0 dev=41

    7900.1ms  RX  ◄──  [1.3]  54 30 32 30 35 62 38 61 39 38 30 30 63 30 38 39 33 61 61 35 66 66 33 62 63 32 0d 0a
              0x0205B8A9  Status idx=2 dev=41

    7900.3ms  RX  ◄──  [1.3]  54 30 32 30 35 62 38 65 39 38 31 39 30 30 30 30 30 30 37 61 33 38 66 64 33 64 0d 0a
              0x0205B8E9  Status idx=3 dev=41

    7902.0ms  RX  ◄──  [1.3]  54 30 32 30 35 62 39 32 39 38 30 30 30 30 30 30 30 30 30 30 30 30 30 30 30 30 0d 0a
              0x0205B929  Status idx=4 dev=41

    7902.1ms  RX  ◄──  [1.3]  54 30 32 30 35 62 39 36 39 38 30 30 30 30 30 30 30 30 30 30 30 30 30 30 30 30 0d 0a
              0x0205B969  Status idx=5 dev=41

    7902.3ms  RX  ◄──  [1.3]  54 30 32 30 35 62 39 61 39 38 30 30 30 30 66 66 66 66 30 31 30 30 30 30 30 30 0d 0a
              0x0205B9A9  Status idx=6 dev=41

    7913.8ms  TX  ──►  [1.3]  54 30 32 30 35 32 63 38 30 38 30 30 30 30 30 30 30 30 30 30 30 30 30 30 30 30 0d
              0x02052C80  cls=0x0b idx=2 dev=0

    7914.0ms  TX  ──►  [1.3]  54 30 30 30 35 30 32 63 30 31 30 31 0d
              0x000502C0  cls=0x00 idx=11 dev=0

    7914.4ms  TX  ──►  [1.3]  54 30 32 30 35 30 31 32 39 38 32 64 62 32 33 62 34 31 30 30 30 30 30 30 30 30 0d
              0x02050129  cls=0x00 idx=4 dev=41

    7920.0ms  RX  ◄──  [1.3]  54 30 32 30 35 62 38 32 39 38 30 30 30 30 39 66 30 36 30 30 31 63 38 30 30 30 0d 0a
              0x0205B829  Status idx=0 dev=41

    7920.1ms  RX  ◄──  [1.3]  54 30 32 30 35 62 38 61 39 38 30 30 63 30 38 39 33 61 61 35 66 66 33 62 63 32 0d 0a
              0x0205B8A9  Status idx=2 dev=41

    7920.3ms  RX  ◄──  [1.3]  54 30 32 30 35 62 38 65 39 38 31 38 30 30 30 30 30 30 39 65 64 61 66 39 33 64 0d 0a
              0x0205B8E9  Status idx=3 dev=41

    7922.0ms  RX  ◄──  [1.3]  54 30 32 30 35 62 39 32 39 38 30 30 30 30 30 30 30 30 30 30 30 30 30 30 30 30 0d 0a
              0x0205B929  Status idx=4 dev=41

    7922.1ms  RX  ◄──  [1.3]  54 30 32 30 35 62 39 36 39 38 30 30 30 30 30 30 30 30 30 30 30 30 30 30 30 30 0d 0a
              0x0205B969  Status idx=5 dev=41

    7922.3ms  RX  ◄──  [1.3]  54 30 32 30 35 62 39 61 39 38 30 30 30 30 66 66 66 66 30 31 30 30 30 30 30 30 0d 0a
              0x0205B9A9  Status idx=6 dev=41

    7934.4ms  TX  ──►  [1.3]  54 30 32 30 35 30 31 32 39 38 32 64 62 32 33 62 34 31 30 30 30 30 30 30 30 30 0d
              0x02050129  cls=0x00 idx=4 dev=41

    7940.0ms  RX  ◄──  [1.3]  54 30 32 30 35 62 38 32 39 38 30 30 30 30 39 64 30 36 30 30 31 63 38 30 30 30 0d 0a
              0x0205B829  Status idx=0 dev=41

    7940.2ms  RX  ◄──  [1.3]  54 30 32 30 35 62 38 61 39 38 30 30 63 30 38 39 33 61 61 35 66 66 33 62 63 32 0d 0a
              0x0205B8A9  Status idx=2 dev=41

    7940.3ms  RX  ◄──  [1.3]  54 30 32 30 35 62 38 65 39 38 31 38 30 30 30 30 30 30 62 61 32 61 66 61 33 64 0d 0a
              0x0205B8E9  Status idx=3 dev=41

    7942.0ms  RX  ◄──  [1.3]  54 30 32 30 35 62 39 32 39 38 30 30 30 30 30 30 30 30 30 30 30 30 30 30 30 30 0d 0a
              0x0205B929  Status idx=4 dev=41

    7942.1ms  RX  ◄──  [1.3]  54 30 32 30 35 62 39 36 39 38 30 30 30 30 30 30 30 30 30 30 30 30 30 30 30 30 0d 0a
              0x0205B969  Status idx=5 dev=41

    7942.3ms  RX  ◄──  [1.3]  54 30 32 30 35 62 39 61 39 38 30 30 30 30 66 66 66 66 30 31 30 30 30 30 30 30 0d 0a
              0x0205B9A9  Status idx=6 dev=41

    7944.8ms  TX  ──►  [1.3]  54 30 32 30 35 32 63 38 30 38 30 30 30 30 30 30 30 30 30 30 30 30 30 30 30 30 0d
              0x02052C80  cls=0x0b idx=2 dev=0

    7945.1ms  TX  ──►  [1.3]  54 30 30 30 35 30 32 63 30 31 30 31 0d
              0x000502C0  cls=0x00 idx=11 dev=0

    7955.3ms  TX  ──►  [1.3]  54 30 32 30 35 30 31 32 39 38 32 64 62 32 33 62 34 31 30 30 30 30 30 30 30 30 0d
              0x02050129  cls=0x00 idx=4 dev=41

    7960.0ms  RX  ◄──  [1.3]  54 30 32 30 35 62 38 32 39 38 30 30 30 30 61 32 30 36 30 30 31 63 38 30 30 30 0d 0a
              0x0205B829  Status idx=0 dev=41

    7960.2ms  RX  ◄──  [1.3]  54 30 32 30 35 62 38 61 39 38 30 30 63 30 38 39 33 61 61 35 66 66 33 62 63 32 0d 0a
              0x0205B8A9  Status idx=2 dev=41

    7960.3ms  RX  ◄──  [1.3]  54 30 32 30 35 62 38 65 39 38 31 39 30 30 30 30 30 30 66 63 38 31 66 63 33 64 0d 0a
              0x0205B8E9  Status idx=3 dev=41

    7962.0ms  RX  ◄──  [1.3]  54 30 32 30 35 62 39 32 39 38 30 30 30 30 30 30 30 30 30 30 30 30 30 30 30 30 0d 0a
              0x0205B929  Status idx=4 dev=41

    7962.1ms  RX  ◄──  [1.3]  54 30 32 30 35 62 39 36 39 38 30 30 30 30 30 30 30 30 30 30 30 30 30 30 30 30 0d 0a
              0x0205B969  Status idx=5 dev=41

    7962.1ms  RX  ◄──  [1.3]  54 30 32 30 35 62 39 61 39 38 30 30 30 30 66 66 66 66 30 31 30 30 30 30 30 30 0d 0a
              0x0205B9A9  Status idx=6 dev=41

    7974.8ms  TX  ──►  [1.3]  54 30 32 30 35 32 63 38 30 38 30 30 30 30 30 30 30 30 30 30 30 30 30 30 30 30 0d
              0x02052C80  cls=0x0b idx=2 dev=0

    7975.0ms  TX  ──►  [1.3]  54 30 30 30 35 30 32 63 30 31 30 31 0d
              0x000502C0  cls=0x00 idx=11 dev=0

    7975.3ms  TX  ──►  [1.3]  54 30 32 30 35 30 31 32 39 38 32 64 62 32 33 62 34 31 30 30 30 30 30 30 30 30 0d
              0x02050129  cls=0x00 idx=4 dev=41

    7980.0ms  RX  ◄──  [1.3]  54 30 32 30 35 62 38 32 39 38 30 30 30 30 39 65 30 36 30 30 31 63 38 30 30 30 0d 0a
              0x0205B829  Status idx=0 dev=41

    7980.1ms  RX  ◄──  [1.3]  54 30 32 30 35 62 38 61 39 38 30 30 63 30 38 39 33 61 61 35 66 66 33 62 63 32 0d 0a
              0x0205B8A9  Status idx=2 dev=41

    7980.2ms  RX  ◄──  [1.3]  54 30 32 30 35 62 38 65 39 38 31 39 30 30 30 30 30 30 63 32 61 64 66 62 33 64 0d 0a
              0x0205B8E9  Status idx=3 dev=41

    7982.0ms  RX  ◄──  [1.3]  54 30 32 30 35 62 39 32 39 38 30 30 30 30 30 30 30 30 30 30 30 30 30 30 30 30 0d 0a
              0x0205B929  Status idx=4 dev=41

    7982.1ms  RX  ◄──  [1.3]  54 30 32 30 35 62 39 36 39 38 30 30 30 30 30 30 30 30 30 30 30 30 30 30 30 30 0d 0a
              0x0205B969  Status idx=5 dev=41

    7982.2ms  RX  ◄──  [1.3]  54 30 32 30 35 62 39 61 39 38 30 30 30 30 66 66 66 66 30 31 30 30 30 30 30 30 0d 0a
              0x0205B9A9  Status idx=6 dev=41

    7995.4ms  TX  ──►  [1.3]  54 30 32 30 35 30 31 32 39 38 32 64 62 32 33 62 34 31 30 30 30 30 30 30 30 30 0d
              0x02050129  cls=0x00 idx=4 dev=41

    8000.0ms  RX  ◄──  [1.3]  54 30 32 30 35 62 38 32 39 38 30 30 30 30 39 66 30 36 30 30 31 63 38 30 30 30 0d 0a
              0x0205B829  Status idx=0 dev=41

    8000.1ms  RX  ◄──  [1.3]  54 30 32 30 35 62 38 61 39 38 30 30 63 30 38 39 33 61 61 35 66 66 33 62 63 32 0d 0a
              0x0205B8A9  Status idx=2 dev=41

    8000.2ms  RX  ◄──  [1.3]  54 30 32 30 35 62 38 65 39 38 31 38 30 30 30 30 30 30 31 38 36 64 66 61 33 64 0d 0a
              0x0205B8E9  Status idx=3 dev=41

    8002.0ms  RX  ◄──  [1.3]  54 30 32 30 35 62 39 32 39 38 30 30 30 30 30 30 30 30 30 30 30 30 30 30 30 30 0d 0a
              0x0205B929  Status idx=4 dev=41

    8002.1ms  RX  ◄──  [1.3]  54 30 32 30 35 62 39 36 39 38 30 30 30 30 30 30 30 30 30 30 30 30 30 30 30 30 0d 0a
              0x0205B969  Status idx=5 dev=41

    8002.3ms  RX  ◄──  [1.3]  54 30 32 30 35 62 39 61 39 38 30 30 30 30 66 66 66 66 30 31 30 30 30 30 30 30 0d 0a
              0x0205B9A9  Status idx=6 dev=41

    8005.7ms  TX  ──►  [1.3]  54 30 32 30 35 32 63 38 30 38 30 30 30 30 30 30 30 30 30 30 30 30 30 30 30 30 0d
              0x02052C80  cls=0x0b idx=2 dev=0

    8005.9ms  TX  ──►  [1.3]  54 30 30 30 35 30 32 63 30 31 30 31 0d
              0x000502C0  cls=0x00 idx=11 dev=0

    8016.2ms  TX  ──►  [1.3]  54 30 32 30 35 30 31 32 39 38 32 64 62 32 33 62 34 31 30 30 30 30 30 30 30 30 0d
              0x02050129  cls=0x00 idx=4 dev=41

    8020.0ms  RX  ◄──  [1.3]  54 30 32 30 35 62 38 32 39 38 30 30 30 30 61 32 30 36 30 30 31 63 38 30 30 30 0d 0a
              0x0205B829  Status idx=0 dev=41

    8020.1ms  RX  ◄──  [1.3]  54 30 32 30 35 62 38 61 39 38 30 30 63 30 38 39 33 61 61 35 66 66 33 62 63 32 0d 0a
              0x0205B8A9  Status idx=2 dev=41

    8020.2ms  RX  ◄──  [1.3]  54 30 32 30 35 62 38 65 39 38 31 39 30 30 30 30 30 30 35 38 35 34 66 63 33 64 0d 0a
              0x0205B8E9  Status idx=3 dev=41

    8022.0ms  RX  ◄──  [1.3]  54 30 32 30 35 62 39 32 39 38 30 30 30 30 30 30 30 30 30 30 30 30 30 30 30 30 0d 0a
              0x0205B929  Status idx=4 dev=41

    8022.1ms  RX  ◄──  [1.3]  54 30 32 30 35 62 39 36 39 38 30 30 30 30 30 30 30 30 30 30 30 30 30 30 30 30 0d 0a
              0x0205B969  Status idx=5 dev=41

    8022.2ms  RX  ◄──  [1.3]  54 30 32 30 35 62 39 61 39 38 30 30 30 30 66 66 66 66 30 31 30 30 30 30 30 30 0d 0a
              0x0205B9A9  Status idx=6 dev=41

    8036.6ms  TX  ──►  [1.3]  54 30 32 30 35 32 63 38 30 38 30 30 30 30 30 30 30 30 30 30 30 30 30 30 30 30 0d
              0x02052C80  cls=0x0b idx=2 dev=0

    8036.9ms  TX  ──►  [1.3]  54 30 30 30 35 30 32 63 30 31 30 31 0d
              0x000502C0  cls=0x00 idx=11 dev=0

    8037.1ms  TX  ──►  [1.3]  54 30 32 30 35 30 31 32 39 38 32 64 62 32 33 62 34 31 30 30 30 30 30 30 30 30 0d
              0x02050129  cls=0x00 idx=4 dev=41

    8040.0ms  RX  ◄──  [1.3]  54 30 32 30 35 62 38 32 39 38 30 30 30 30 61 30 30 36 30 30 31 63 38 30 30 30 0d 0a
              0x0205B829  Status idx=0 dev=41

    8040.2ms  RX  ◄──  [1.3]  54 30 32 30 35 62 38 61 39 38 30 30 63 30 38 39 33 61 61 35 66 66 33 62 63 32 0d 0a
              0x0205B8A9  Status idx=2 dev=41

    8040.3ms  RX  ◄──  [1.3]  54 30 32 30 35 62 38 65 39 38 31 39 30 30 30 30 30 30 37 61 34 63 66 62 33 64 0d 0a
              0x0205B8E9  Status idx=3 dev=41

    8042.0ms  RX  ◄──  [1.3]  54 30 32 30 35 62 39 32 39 38 30 30 30 30 30 30 30 30 30 30 30 30 30 30 30 30 0d 0a
              0x0205B929  Status idx=4 dev=41

    8042.1ms  RX  ◄──  [1.3]  54 30 32 30 35 62 39 36 39 38 30 30 30 30 30 30 30 30 30 30 30 30 30 30 30 30 0d 0a
              0x0205B969  Status idx=5 dev=41

    8042.2ms  RX  ◄──  [1.3]  54 30 32 30 35 62 39 61 39 38 30 30 30 30 66 66 66 66 30 31 30 30 30 30 30 30 0d 0a
              0x0205B9A9  Status idx=6 dev=41

    8057.3ms  TX  ──►  [1.3]  54 30 32 30 35 30 31 32 39 38 32 64 62 32 33 62 34 31 30 30 30 30 30 30 30 30 0d
              0x02050129  cls=0x00 idx=4 dev=41

    8060.0ms  RX  ◄──  [1.3]  54 30 32 30 35 62 38 32 39 38 30 30 30 30 61 33 30 36 30 30 31 63 38 30 30 30 0d 0a
              0x0205B829  Status idx=0 dev=41

    8060.2ms  RX  ◄──  [1.3]  54 30 32 30 35 62 38 61 39 38 30 30 63 30 38 39 33 61 61 35 66 66 33 62 63 32 0d 0a
              0x0205B8A9  Status idx=2 dev=41

    8060.2ms  RX  ◄──  [1.3]  54 30 32 30 35 62 38 65 39 38 31 39 30 30 30 30 30 30 31 38 30 36 66 63 33 64 0d 0a
              0x0205B8E9  Status idx=3 dev=41

    8061.9ms  RX  ◄──  [1.3]  54 30 32 30 35 62 39 36 39 38 30 30 30 30 30 30 30 30 30 30 30 30 30 30 30 30 0d 0a
              0x0205B969  Status idx=5 dev=41

    8062.0ms  RX  ◄──  [1.3]  54 30 32 30 35 62 39 61 39 38 30 30 30 30 66 66 66 66 30 31 30 30 30 30 30 30 0d 0a
              0x0205B9A9  Status idx=6 dev=41

    8062.1ms  RX  ◄──  [1.3]  54 30 32 30 35 62 39 32 39 38 30 30 30 30 30 30 30 30 30 30 30 30 30 30 30 30 0d 0a
              0x0205B929  Status idx=4 dev=41

    8067.9ms  TX  ──►  [1.3]  54 30 32 30 35 32 63 38 30 38 30 30 30 30 30 30 30 30 30 30 30 30 30 30 30 30 0d
              0x02052C80  cls=0x0b idx=2 dev=0

    8068.3ms  TX  ──►  [1.3]  54 30 30 30 35 30 32 63 30 31 30 31 0d
              0x000502C0  cls=0x00 idx=11 dev=0

    8078.4ms  TX  ──►  [1.3]  54 30 32 30 35 30 31 32 39 38 32 64 62 32 33 62 34 31 30 30 30 30 30 30 30 30 0d
              0x02050129  cls=0x00 idx=4 dev=41

    8080.0ms  RX  ◄──  [1.3]  54 30 32 30 35 62 38 32 39 38 30 30 30 30 61 34 30 36 30 30 31 63 38 30 30 30 0d 0a
              0x0205B829  Status idx=0 dev=41

    8080.2ms  RX  ◄──  [1.3]  54 30 32 30 35 62 38 61 39 38 30 30 63 30 38 39 33 61 61 35 66 66 33 62 63 32 0d 0a
              0x0205B8A9  Status idx=2 dev=41

    8080.3ms  RX  ◄──  [1.3]  54 30 32 30 35 62 38 65 39 38 31 39 30 30 30 30 30 30 33 38 35 39 66 64 33 64 0d 0a
              0x0205B8E9  Status idx=3 dev=41

    8082.0ms  RX  ◄──  [1.3]  54 30 32 30 35 62 39 32 39 38 30 30 30 30 30 30 30 30 30 30 30 30 30 30 30 30 0d 0a
              0x0205B929  Status idx=4 dev=41

    8082.2ms  RX  ◄──  [1.3]  54 30 32 30 35 62 39 36 39 38 30 30 30 30 30 30 30 30 30 30 30 30 30 30 30 30 0d 0a
              0x0205B969  Status idx=5 dev=41

    8082.2ms  RX  ◄──  [1.3]  54 30 32 30 35 62 39 61 39 38 30 30 30 30 66 66 66 66 30 31 30 30 30 30 30 30 0d 0a
              0x0205B9A9  Status idx=6 dev=41

    8098.5ms  TX  ──►  [1.3]  54 30 32 30 35 32 63 38 30 38 30 30 30 30 30 30 30 30 30 30 30 30 30 30 30 30 0d
              0x02052C80  cls=0x0b idx=2 dev=0

    8098.7ms  TX  ──►  [1.3]  54 30 30 30 35 30 32 63 30 31 30 31 0d
              0x000502C0  cls=0x00 idx=11 dev=0

    8098.9ms  TX  ──►  [1.3]  54 30 32 30 35 30 31 32 39 38 32 64 62 32 33 62 34 31 30 30 30 30 30 30 30 30 0d
              0x02050129  cls=0x00 idx=4 dev=41

    8099.9ms  RX  ◄──  [1.3]  54 30 32 30 35 62 38 32 39 38 30 30 30 30 39 64 30 36 30 30 31 63 38 30 30 30 0d 0a
              0x0205B829  Status idx=0 dev=41

    8100.1ms  RX  ◄──  [1.3]  54 30 32 30 35 62 38 61 39 38 30 30 63 30 38 39 33 61 61 35 66 66 33 62 63 32 0d 0a
              0x0205B8A9  Status idx=2 dev=41

    8100.2ms  RX  ◄──  [1.3]  54 30 32 30 35 62 38 65 39 38 31 39 30 30 30 30 30 30 30 61 61 63 66 63 33 64 0d 0a
              0x0205B8E9  Status idx=3 dev=41

    8102.0ms  RX  ◄──  [1.3]  54 30 32 30 35 62 39 32 39 38 30 30 30 30 30 30 30 30 30 30 30 30 30 30 30 30 0d 0a
              0x0205B929  Status idx=4 dev=41

    8102.1ms  RX  ◄──  [1.3]  54 30 32 30 35 62 39 36 39 38 30 30 30 30 30 30 30 30 30 30 30 30 30 30 30 30 0d 0a
              0x0205B969  Status idx=5 dev=41

    8102.2ms  RX  ◄──  [1.3]  54 30 32 30 35 62 39 61 39 38 30 30 30 30 66 66 66 66 30 31 30 30 30 30 30 30 0d 0a
              0x0205B9A9  Status idx=6 dev=41

    8109.9ms  RX  ◄──  [1.3]  54 30 32 30 35 62 38 36 39 38 30 30 30 30 30 30 30 30 30 30 30 30 30 30 30 30 0d 0a
              0x0205B869  Status idx=1 dev=41

    8118.6ms  TX  ──►  [1.3]  54 30 32 30 35 30 31 32 39 38 32 64 62 32 33 62 34 31 30 30 30 30 30 30 30 30 0d
              0x02050129  cls=0x00 idx=4 dev=41

    8120.0ms  RX  ◄──  [1.3]  54 30 32 30 35 62 38 32 39 38 30 30 30 30 39 65 30 36 30 30 31 63 38 30 30 30 0d 0a
              0x0205B829  Status idx=0 dev=41

    8120.2ms  RX  ◄──  [1.3]  54 30 32 30 35 62 38 61 39 38 30 30 63 30 38 39 33 61 61 35 66 66 33 62 63 32 0d 0a
              0x0205B8A9  Status idx=2 dev=41

    8120.3ms  RX  ◄──  [1.3]  54 30 32 30 35 62 38 65 39 38 31 39 30 30 30 30 30 30 32 38 37 62 66 63 33 64 0d 0a
              0x0205B8E9  Status idx=3 dev=41

    8122.0ms  RX  ◄──  [1.3]  54 30 32 30 35 62 39 32 39 38 30 30 30 30 30 30 30 30 30 30 30 30 30 30 30 30 0d 0a
              0x0205B929  Status idx=4 dev=41

    8122.1ms  RX  ◄──  [1.3]  54 30 32 30 35 62 39 36 39 38 30 30 30 30 30 30 30 30 30 30 30 30 30 30 30 30 0d 0a
              0x0205B969  Status idx=5 dev=41

    8122.2ms  RX  ◄──  [1.3]  54 30 32 30 35 62 39 61 39 38 30 30 30 30 66 66 66 66 30 31 30 30 30 30 30 30 0d 0a
              0x0205B9A9  Status idx=6 dev=41

    8129.0ms  TX  ──►  [1.3]  54 30 32 30 35 32 63 38 30 38 30 30 30 30 30 30 30 30 30 30 30 30 30 30 30 30 0d
              0x02052C80  cls=0x0b idx=2 dev=0

    8129.4ms  TX  ──►  [1.3]  54 30 30 30 35 30 32 63 30 31 30 31 0d
              0x000502C0  cls=0x00 idx=11 dev=0

    8139.0ms  TX  ──►  [1.3]  54 30 32 30 35 30 31 32 39 38 32 64 62 32 33 62 34 31 30 30 30 30 30 30 30 30 0d
              0x02050129  cls=0x00 idx=4 dev=41

    8140.0ms  RX  ◄──  [1.3]  54 30 32 30 35 62 38 32 39 38 30 30 30 30 39 66 30 36 30 30 31 63 38 30 30 30 0d 0a
              0x0205B829  Status idx=0 dev=41

    8140.1ms  RX  ◄──  [1.3]  54 30 32 30 35 62 38 61 39 38 30 30 63 30 38 39 33 61 61 35 66 66 33 62 63 32 0d 0a
              0x0205B8A9  Status idx=2 dev=41

    8140.2ms  RX  ◄──  [1.3]  54 30 32 30 35 62 38 65 39 38 31 39 30 30 30 30 30 30 39 30 37 36 66 65 33 64 0d 0a
              0x0205B8E9  Status idx=3 dev=41

    8142.0ms  RX  ◄──  [1.3]  54 30 32 30 35 62 39 32 39 38 30 30 30 30 30 30 30 30 30 30 30 30 30 30 30 30 0d 0a
              0x0205B929  Status idx=4 dev=41

    8142.2ms  RX  ◄──  [1.3]  54 30 32 30 35 62 39 36 39 38 30 30 30 30 30 30 30 30 30 30 30 30 30 30 30 30 0d 0a
              0x0205B969  Status idx=5 dev=41

    8142.3ms  RX  ◄──  [1.3]  54 30 32 30 35 62 39 61 39 38 30 30 30 30 66 66 66 66 30 31 30 30 30 30 30 30 0d 0a
              0x0205B9A9  Status idx=6 dev=41

    8159.6ms  TX  ──►  [1.3]  54 30 32 30 35 32 63 38 30 38 30 30 30 30 30 30 30 30 30 30 30 30 30 30 30 30 0d
              0x02052C80  cls=0x0b idx=2 dev=0

    8159.9ms  TX  ──►  [1.3]  54 30 30 30 35 30 32 63 30 31 30 31 0d
              0x000502C0  cls=0x00 idx=11 dev=0

    8160.1ms  RX  ◄──  [1.3]  54 30 32 30 35 62 38 32 39 38 30 30 30 30 61 32 30 36 30 30 31 63 38 30 30 30 0d 0a
              0x0205B829  Status idx=0 dev=41

    8160.1ms  TX  ──►  [1.3]  54 30 32 30 35 30 31 32 39 38 32 64 62 32 33 62 34 31 30 30 30 30 30 30 30 30 0d
              0x02050129  cls=0x00 idx=4 dev=41

    8160.2ms  RX  ◄──  [1.3]  54 30 32 30 35 62 38 61 39 38 30 30 63 30 38 39 33 61 61 35 66 66 33 62 63 32 0d 0a
              0x0205B8A9  Status idx=2 dev=41

    8160.4ms  RX  ◄──  [1.3]  54 30 32 30 35 62 38 65 39 38 31 39 30 30 30 30 30 30 34 38 33 31 66 63 33 64 0d 0a
              0x0205B8E9  Status idx=3 dev=41

    8162.0ms  RX  ◄──  [1.3]  54 30 32 30 35 62 39 32 39 38 30 30 30 30 30 30 30 30 30 30 30 30 30 30 30 30 0d 0a
              0x0205B929  Status idx=4 dev=41

    8162.1ms  RX  ◄──  [1.3]  54 30 32 30 35 62 39 36 39 38 30 30 30 30 30 30 30 30 30 30 30 30 30 30 30 30 0d 0a
              0x0205B969  Status idx=5 dev=41

    8162.2ms  RX  ◄──  [1.3]  54 30 32 30 35 62 39 61 39 38 30 30 30 30 66 66 66 66 30 31 30 30 30 30 30 30 0d 0a
              0x0205B9A9  Status idx=6 dev=41

    8180.0ms  RX  ◄──  [1.3]  54 30 32 30 35 62 38 32 39 38 30 30 30 30 61 30 30 36 30 30 31 63 38 30 30 30 0d 0a
              0x0205B829  Status idx=0 dev=41

    8180.2ms  RX  ◄──  [1.3]  54 30 32 30 35 62 38 61 39 38 30 30 63 30 38 39 33 61 61 35 66 66 33 62 63 32 0d 0a
              0x0205B8A9  Status idx=2 dev=41

    8180.3ms  RX  ◄──  [1.3]  54 30 32 30 35 62 38 65 39 38 31 39 30 30 30 30 30 30 64 38 63 31 66 62 33 64 0d 0a
              0x0205B8E9  Status idx=3 dev=41

    8180.3ms  TX  ──►  [1.3]  54 30 32 30 35 30 31 32 39 38 32 64 62 32 33 62 34 31 30 30 30 30 30 30 30 30 0d
              0x02050129  cls=0x00 idx=4 dev=41

    8182.0ms  RX  ◄──  [1.3]  54 30 32 30 35 62 39 32 39 38 30 30 30 30 30 30 30 30 30 30 30 30 30 30 30 30 0d 0a
              0x0205B929  Status idx=4 dev=41

    8182.1ms  RX  ◄──  [1.3]  54 30 32 30 35 62 39 36 39 38 30 30 30 30 30 30 30 30 30 30 30 30 30 30 30 30 0d 0a
              0x0205B969  Status idx=5 dev=41

    8182.3ms  RX  ◄──  [1.3]  54 30 32 30 35 62 39 61 39 38 30 30 30 30 66 66 66 66 30 31 30 30 30 30 30 30 0d 0a
              0x0205B9A9  Status idx=6 dev=41

    8190.7ms  TX  ──►  [1.3]  54 30 32 30 35 32 63 38 30 38 30 30 30 30 30 30 30 30 30 30 30 30 30 30 30 30 0d
              0x02052C80  cls=0x0b idx=2 dev=0

    8191.1ms  TX  ──►  [1.3]  54 30 30 30 35 30 32 63 30 31 30 31 0d
              0x000502C0  cls=0x00 idx=11 dev=0

    8200.0ms  RX  ◄──  [1.3]  54 30 32 30 35 62 38 32 39 38 30 30 30 30 61 34 30 36 30 30 31 63 38 30 30 30 0d 0a
              0x0205B829  Status idx=0 dev=41

    8200.1ms  RX  ◄──  [1.3]  54 30 32 30 35 62 38 61 39 38 30 30 63 30 38 39 33 61 61 35 66 66 33 62 63 32 0d 0a
              0x0205B8A9  Status idx=2 dev=41

    8200.2ms  RX  ◄──  [1.3]  54 30 32 30 35 62 38 65 39 38 31 39 30 30 30 30 30 30 30 36 37 63 66 64 33 64 0d 0a
              0x0205B8E9  Status idx=3 dev=41

    8200.6ms  TX  ──►  [1.3]  54 30 32 30 35 30 31 32 39 38 32 64 62 32 33 62 34 31 30 30 30 30 30 30 30 30 0d
              0x02050129  cls=0x00 idx=4 dev=41

    8202.0ms  RX  ◄──  [1.3]  54 30 32 30 35 62 39 32 39 38 30 30 30 30 30 30 30 30 30 30 30 30 30 30 30 30 0d 0a
              0x0205B929  Status idx=4 dev=41

    8202.1ms  RX  ◄──  [1.3]  54 30 32 30 35 62 39 36 39 38 30 30 30 30 30 30 30 30 30 30 30 30 30 30 30 30 0d 0a
              0x0205B969  Status idx=5 dev=41

    8202.2ms  RX  ◄──  [1.3]  54 30 32 30 35 62 39 61 39 38 30 30 30 30 66 66 66 66 30 31 30 30 30 30 30 30 0d 0a
              0x0205B9A9  Status idx=6 dev=41

    8220.0ms  RX  ◄──  [1.3]  54 30 32 30 35 62 38 32 39 38 30 30 30 30 61 33 30 36 30 30 31 63 38 30 30 30 0d 0a
              0x0205B829  Status idx=0 dev=41

    8220.2ms  RX  ◄──  [1.3]  54 30 32 30 35 62 38 61 39 38 30 30 63 30 38 39 33 61 61 35 66 66 33 62 63 32 0d 0a
              0x0205B8A9  Status idx=2 dev=41

    8220.3ms  RX  ◄──  [1.3]  54 30 32 30 35 62 38 65 39 38 31 39 30 30 30 30 30 30 61 36 36 65 66 63 33 64 0d 0a
              0x0205B8E9  Status idx=3 dev=41

    8220.9ms  TX  ──►  [1.3]  54 30 32 30 35 32 63 38 30 38 30 30 30 30 30 30 30 30 30 30 30 30 30 30 30 30 0d
              0x02052C80  cls=0x0b idx=2 dev=0

    8221.0ms  TX  ──►  [1.3]  54 30 30 30 35 30 32 63 30 31 30 31 0d
              0x000502C0  cls=0x00 idx=11 dev=0

    8221.2ms  TX  ──►  [1.3]  54 30 32 30 35 30 31 32 39 38 32 64 62 32 33 62 34 31 30 30 30 30 30 30 30 30 0d
              0x02050129  cls=0x00 idx=4 dev=41

    8222.0ms  RX  ◄──  [1.3]  54 30 32 30 35 62 39 32 39 38 30 30 30 30 30 30 30 30 30 30 30 30 30 30 30 30 0d 0a
              0x0205B929  Status idx=4 dev=41

    8222.1ms  RX  ◄──  [1.3]  54 30 32 30 35 62 39 36 39 38 30 30 30 30 30 30 30 30 30 30 30 30 30 30 30 30 0d 0a
              0x0205B969  Status idx=5 dev=41

    8222.2ms  RX  ◄──  [1.3]  54 30 32 30 35 62 39 61 39 38 30 30 30 30 66 66 66 66 30 31 30 30 30 30 30 30 0d 0a
              0x0205B9A9  Status idx=6 dev=41

    8240.0ms  RX  ◄──  [1.3]  54 30 32 30 35 62 38 32 39 38 30 30 30 30 61 33 30 36 30 30 31 63 38 30 30 30 0d 0a
              0x0205B829  Status idx=0 dev=41

    8240.2ms  RX  ◄──  [1.3]  54 30 32 30 35 62 38 61 39 38 30 30 63 30 38 39 33 61 61 35 66 66 33 62 63 32 0d 0a
              0x0205B8A9  Status idx=2 dev=41

    8240.3ms  RX  ◄──  [1.3]  54 30 32 30 35 62 38 65 39 38 31 39 30 30 30 30 30 30 66 34 39 35 66 62 33 64 0d 0a
              0x0205B8E9  Status idx=3 dev=41

    8241.0ms  TX  ──►  [1.3]  54 30 32 30 35 30 31 32 39 38 32 64 62 32 33 62 34 31 30 30 30 30 30 30 30 30 0d
              0x02050129  cls=0x00 idx=4 dev=41

    8242.0ms  RX  ◄──  [1.3]  54 30 32 30 35 62 39 32 39 38 30 30 30 30 30 30 30 30 30 30 30 30 30 30 30 30 0d 0a
              0x0205B929  Status idx=4 dev=41

    8242.2ms  RX  ◄──  [1.3]  54 30 32 30 35 62 39 36 39 38 30 30 30 30 30 30 30 30 30 30 30 30 30 30 30 30 0d 0a
              0x0205B969  Status idx=5 dev=41

    8242.3ms  RX  ◄──  [1.3]  54 30 32 30 35 62 39 61 39 38 30 30 30 30 66 66 66 66 30 31 30 30 30 30 30 30 0d 0a
              0x0205B9A9  Status idx=6 dev=41

    8251.5ms  TX  ──►  [1.3]  54 30 32 30 35 32 63 38 30 38 30 30 30 30 30 30 30 30 30 30 30 30 30 30 30 30 0d
              0x02052C80  cls=0x0b idx=2 dev=0

    8251.7ms  TX  ──►  [1.3]  54 30 30 30 35 30 32 63 30 31 30 31 0d
              0x000502C0  cls=0x00 idx=11 dev=0

    8260.0ms  RX  ◄──  [1.3]  54 30 32 30 35 62 38 32 39 38 30 30 30 30 61 32 30 36 30 30 31 63 38 30 30 30 0d 0a
              0x0205B829  Status idx=0 dev=41

    8260.2ms  RX  ◄──  [1.3]  54 30 32 30 35 62 38 61 39 38 30 30 63 30 38 39 33 61 61 35 66 66 33 62 63 32 0d 0a
              0x0205B8A9  Status idx=2 dev=41

    8260.3ms  RX  ◄──  [1.3]  54 30 32 30 35 62 38 65 39 38 31 39 30 30 30 30 30 30 36 63 37 30 66 65 33 64 0d 0a
              0x0205B8E9  Status idx=3 dev=41

    8261.7ms  TX  ──►  [1.3]  54 30 32 30 35 30 31 32 39 38 32 64 62 32 33 62 34 31 30 30 30 30 30 30 30 30 0d
              0x02050129  cls=0x00 idx=4 dev=41

    8262.0ms  RX  ◄──  [1.3]  54 30 32 30 35 62 39 32 39 38 30 30 30 30 30 30 30 30 30 30 30 30 30 30 30 30 0d 0a
              0x0205B929  Status idx=4 dev=41

    8262.1ms  RX  ◄──  [1.3]  54 30 32 30 35 62 39 36 39 38 30 30 30 30 30 30 30 30 30 30 30 30 30 30 30 30 0d 0a
              0x0205B969  Status idx=5 dev=41

    8262.2ms  RX  ◄──  [1.3]  54 30 32 30 35 62 39 61 39 38 30 30 30 30 66 66 66 66 30 31 30 30 30 30 30 30 0d 0a
              0x0205B9A9  Status idx=6 dev=41

    8280.1ms  RX  ◄──  [1.3]  54 30 32 30 35 62 38 32 39 38 30 30 30 30 39 66 30 36 30 30 31 63 38 30 30 30 0d 0a
              0x0205B829  Status idx=0 dev=41

    8280.2ms  RX  ◄──  [1.3]  54 30 32 30 35 62 38 61 39 38 30 30 63 30 38 39 33 61 61 35 66 66 33 62 63 32 0d 0a
              0x0205B8A9  Status idx=2 dev=41

    8280.3ms  RX  ◄──  [1.3]  54 30 32 30 35 62 38 65 39 38 31 39 30 30 30 30 30 30 34 34 31 30 66 63 33 64 0d 0a
              0x0205B8E9  Status idx=3 dev=41

    8281.9ms  RX  ◄──  [1.3]  54 30 32 30 35 62 39 32 39 38 30 30 30 30 30 30 30 30 30 30 30 30 30 30 30 30 0d 0a
              0x0205B929  Status idx=4 dev=41

    8282.0ms  TX  ──►  [1.3]  54 30 32 30 35 32 63 38 30 38 30 30 30 30 30 30 30 30 30 30 30 30 30 30 30 30 0d
              0x02052C80  cls=0x0b idx=2 dev=0

    8282.0ms  RX  ◄──  [1.3]  54 30 32 30 35 62 39 36 39 38 30 30 30 30 30 30 30 30 30 30 30 30 30 30 30 30 0d 0a
              0x0205B969  Status idx=5 dev=41

    8282.2ms  RX  ◄──  [1.3]  54 30 32 30 35 62 39 61 39 38 30 30 30 30 66 66 66 66 30 31 30 30 30 30 30 30 0d 0a
              0x0205B9A9  Status idx=6 dev=41

    8282.2ms  TX  ──►  [1.3]  54 30 30 30 35 30 32 63 30 31 30 31 0d
              0x000502C0  cls=0x00 idx=11 dev=0

    8282.4ms  TX  ──►  [1.3]  54 30 32 30 35 30 31 32 39 38 32 64 62 32 33 62 34 31 30 30 30 30 30 30 30 30 0d
              0x02050129  cls=0x00 idx=4 dev=41

    8300.0ms  RX  ◄──  [1.3]  54 30 32 30 35 62 38 32 39 38 30 30 30 30 39 65 30 36 30 30 31 63 38 30 30 30 0d 0a
              0x0205B829  Status idx=0 dev=41

    8300.1ms  RX  ◄──  [1.3]  54 30 32 30 35 62 38 61 39 38 30 30 63 30 38 39 33 61 61 35 66 66 33 62 63 32 0d 0a
              0x0205B8A9  Status idx=2 dev=41

    8300.2ms  RX  ◄──  [1.3]  54 30 32 30 35 62 38 65 39 38 31 39 30 30 30 30 30 30 39 63 39 35 66 62 33 64 0d 0a
              0x0205B8E9  Status idx=3 dev=41

    8301.9ms  RX  ◄──  [1.3]  54 30 32 30 35 62 39 32 39 38 30 30 30 30 30 30 30 30 30 30 30 30 30 30 30 30 0d 0a
              0x0205B929  Status idx=4 dev=41

    8302.0ms  RX  ◄──  [1.3]  54 30 32 30 35 62 39 36 39 38 30 30 30 30 30 30 30 30 30 30 30 30 30 30 30 30 0d 0a
              0x0205B969  Status idx=5 dev=41

    8302.1ms  RX  ◄──  [1.3]  54 30 32 30 35 62 39 61 39 38 30 30 30 30 66 66 66 66 30 31 30 30 30 30 30 30 0d 0a
              0x0205B9A9  Status idx=6 dev=41

    8302.9ms  TX  ──►  [1.3]  54 30 32 30 35 30 31 32 39 38 32 64 62 32 33 62 34 31 30 30 30 30 30 30 30 30 0d
              0x02050129  cls=0x00 idx=4 dev=41

    8313.0ms  TX  ──►  [1.3]  54 30 32 30 35 32 63 38 30 38 30 30 30 30 30 30 30 30 30 30 30 30 30 30 30 30 0d
              0x02052C80  cls=0x0b idx=2 dev=0

    8313.2ms  TX  ──►  [1.3]  54 30 30 30 35 30 32 63 30 31 30 31 0d
              0x000502C0  cls=0x00 idx=11 dev=0

    8320.0ms  RX  ◄──  [1.3]  54 30 32 30 35 62 38 32 39 38 30 30 30 30 61 30 30 36 30 30 31 63 38 30 30 30 0d 0a
              0x0205B829  Status idx=0 dev=41

    8320.2ms  RX  ◄──  [1.3]  54 30 32 30 35 62 38 61 39 38 30 30 63 30 38 39 33 61 61 35 66 66 33 62 63 32 0d 0a
              0x0205B8A9  Status idx=2 dev=41

    8320.3ms  RX  ◄──  [1.3]  54 30 32 30 35 62 38 65 39 38 31 39 30 30 30 30 30 30 66 36 36 62 66 65 33 64 0d 0a
              0x0205B8E9  Status idx=3 dev=41

    8322.0ms  RX  ◄──  [1.3]  54 30 32 30 35 62 39 32 39 38 30 30 30 30 30 30 30 30 30 30 30 30 30 30 30 30 0d 0a
              0x0205B929  Status idx=4 dev=41

    8322.1ms  RX  ◄──  [1.3]  54 30 32 30 35 62 39 36 39 38 30 30 30 30 30 30 30 30 30 30 30 30 30 30 30 30 0d 0a
              0x0205B969  Status idx=5 dev=41

    8322.2ms  RX  ◄──  [1.3]  54 30 32 30 35 62 39 61 39 38 30 30 30 30 66 66 66 66 30 31 30 30 30 30 30 30 0d 0a
              0x0205B9A9  Status idx=6 dev=41

    8323.3ms  TX  ──►  [1.3]  54 30 32 30 35 30 31 32 39 38 32 64 62 32 33 62 34 31 30 30 30 30 30 30 30 30 0d
              0x02050129  cls=0x00 idx=4 dev=41

    8340.0ms  RX  ◄──  [1.3]  54 30 32 30 35 62 38 32 39 38 30 30 30 30 39 64 30 36 30 30 31 63 38 30 30 30 0d 0a
              0x0205B829  Status idx=0 dev=41

    8340.2ms  RX  ◄──  [1.3]  54 30 32 30 35 62 38 61 39 38 30 30 63 30 38 39 33 61 61 35 66 66 33 62 63 32 0d 0a
              0x0205B8A9  Status idx=2 dev=41

    8340.3ms  RX  ◄──  [1.3]  54 30 32 30 35 62 38 65 39 38 31 39 30 30 30 30 30 30 39 34 31 65 66 63 33 64 0d 0a
              0x0205B8E9  Status idx=3 dev=41

    8341.9ms  RX  ◄──  [1.3]  54 30 32 30 35 62 39 32 39 38 30 30 30 30 30 30 30 30 30 30 30 30 30 30 30 30 0d 0a
              0x0205B929  Status idx=4 dev=41

    8342.0ms  RX  ◄──  [1.3]  54 30 32 30 35 62 39 36 39 38 30 30 30 30 30 30 30 30 30 30 30 30 30 30 30 30 0d 0a
              0x0205B969  Status idx=5 dev=41

    8342.1ms  RX  ◄──  [1.3]  54 30 32 30 35 62 39 61 39 38 30 30 30 30 66 66 66 66 30 31 30 30 30 30 30 30 0d 0a
              0x0205B9A9  Status idx=6 dev=41

    8344.0ms  TX  ──►  [1.3]  54 30 32 30 35 32 63 38 30 38 30 30 30 30 30 30 30 30 30 30 30 30 30 30 30 30 0d
              0x02052C80  cls=0x0b idx=2 dev=0

    8344.2ms  TX  ──►  [1.3]  54 30 30 30 35 30 32 63 30 31 30 31 0d
              0x000502C0  cls=0x00 idx=11 dev=0

    8344.4ms  TX  ──►  [1.3]  54 30 32 30 35 30 31 32 39 38 32 64 62 32 33 62 34 31 30 30 30 30 30 30 30 30 0d
              0x02050129  cls=0x00 idx=4 dev=41

    8360.1ms  RX  ◄──  [1.3]  54 30 32 30 35 62 38 32 39 38 30 30 30 30 39 64 30 36 30 30 31 63 38 30 30 30 0d 0a
              0x0205B829  Status idx=0 dev=41

    8360.3ms  RX  ◄──  [1.3]  54 30 32 30 35 62 38 36 39 38 30 30 30 30 30 30 30 30 30 30 30 30 30 30 30 30 0d 0a
              0x0205B869  Status idx=1 dev=41

    8360.4ms  RX  ◄──  [1.3]  54 30 32 30 35 62 38 61 39 38 30 30 63 30 38 39 33 61 61 35 66 66 33 62 63 32 0d 0a
              0x0205B8A9  Status idx=2 dev=41

    8360.5ms  RX  ◄──  [1.3]  54 30 32 30 35 62 38 65 39 38 31 39 30 30 30 30 30 30 30 34 64 31 66 62 33 64 0d 0a
              0x0205B8E9  Status idx=3 dev=41

    8362.0ms  RX  ◄──  [1.3]  54 30 32 30 35 62 39 32 39 38 30 30 30 30 30 30 30 30 30 30 30 30 30 30 30 30 0d 0a
              0x0205B929  Status idx=4 dev=41

    8362.1ms  RX  ◄──  [1.3]  54 30 32 30 35 62 39 36 39 38 30 30 30 30 30 30 30 30 30 30 30 30 30 30 30 30 0d 0a
              0x0205B969  Status idx=5 dev=41

    8362.2ms  RX  ◄──  [1.3]  54 30 32 30 35 62 39 61 39 38 30 30 30 30 66 66 66 66 30 31 30 30 30 30 30 30 0d 0a
              0x0205B9A9  Status idx=6 dev=41

    8364.7ms  TX  ──►  [1.3]  54 30 32 30 35 30 31 32 39 38 32 64 62 32 33 62 34 31 30 30 30 30 30 30 30 30 0d
              0x02050129  cls=0x00 idx=4 dev=41

    8375.2ms  TX  ──►  [1.3]  54 30 32 30 35 32 63 38 30 38 30 30 30 30 30 30 30 30 30 30 30 30 30 30 30 30 0d
              0x02052C80  cls=0x0b idx=2 dev=0

    8375.5ms  TX  ──►  [1.3]  54 30 30 30 35 30 32 63 30 31 30 31 0d
              0x000502C0  cls=0x00 idx=11 dev=0

    8380.0ms  RX  ◄──  [1.3]  54 30 32 30 35 62 38 32 39 38 30 30 30 30 61 30 30 36 30 30 31 63 38 30 30 30 0d 0a
              0x0205B829  Status idx=0 dev=41

    8380.2ms  RX  ◄──  [1.3]  54 30 32 30 35 62 38 61 39 38 30 30 63 30 38 39 33 61 61 35 66 66 33 62 63 32 0d 0a
              0x0205B8A9  Status idx=2 dev=41

    8380.3ms  RX  ◄──  [1.3]  54 30 32 30 35 62 38 65 39 38 31 39 30 30 30 30 30 30 37 34 66 31 66 65 33 64 0d 0a
              0x0205B8E9  Status idx=3 dev=41

    8381.8ms  RX  ◄──  [1.3]  54 30 32 30 35 62 39 61 39 38 30 30 30 30 66 66 66 66 30 31 30 30 30 30 30 30 0d 0a
              0x0205B9A9  Status idx=6 dev=41

    8382.0ms  RX  ◄──  [1.3]  54 30 32 30 35 62 39 32 39 38 30 30 30 30 30 30 30 30 30 30 30 30 30 30 30 30 0d 0a
              0x0205B929  Status idx=4 dev=41

    8382.1ms  RX  ◄──  [1.3]  54 30 32 30 35 62 39 36 39 38 30 30 30 30 30 30 30 30 30 30 30 30 30 30 30 30 0d 0a
              0x0205B969  Status idx=5 dev=41

    8385.4ms  TX  ──►  [1.3]  54 30 32 30 35 30 31 32 39 38 32 64 62 32 33 62 34 31 30 30 30 30 30 30 30 30 0d
              0x02050129  cls=0x00 idx=4 dev=41

    8400.0ms  RX  ◄──  [1.3]  54 30 32 30 35 62 38 32 39 38 30 30 30 30 39 66 30 36 30 30 31 63 38 30 30 30 0d 0a
              0x0205B829  Status idx=0 dev=41

    8400.2ms  RX  ◄──  [1.3]  54 30 32 30 35 62 38 61 39 38 30 30 63 30 38 39 33 61 61 35 66 66 33 62 63 32 0d 0a
              0x0205B8A9  Status idx=2 dev=41

    8400.3ms  RX  ◄──  [1.3]  54 30 32 30 35 62 38 65 39 38 31 39 30 30 30 30 30 30 37 32 39 38 66 63 33 64 0d 0a
              0x0205B8E9  Status idx=3 dev=41

    8402.0ms  RX  ◄──  [1.3]  54 30 32 30 35 62 39 32 39 38 30 30 30 30 30 30 30 30 30 30 30 30 30 30 30 30 0d 0a
              0x0205B929  Status idx=4 dev=41

    8402.1ms  RX  ◄──  [1.3]  54 30 32 30 35 62 39 36 39 38 30 30 30 30 30 30 30 30 30 30 30 30 30 30 30 30 0d 0a
              0x0205B969  Status idx=5 dev=41

    8402.2ms  RX  ◄──  [1.3]  54 30 32 30 35 62 39 61 39 38 30 30 30 30 66 66 66 66 30 31 30 30 30 30 30 30 0d 0a
              0x0205B9A9  Status idx=6 dev=41

    8406.3ms  TX  ──►  [1.3]  54 30 32 30 35 32 63 38 30 38 30 30 30 30 30 30 30 30 30 30 30 30 30 30 30 30 0d
              0x02052C80  cls=0x0b idx=2 dev=0

    8406.5ms  TX  ──►  [1.3]  54 30 30 30 35 30 32 63 30 31 30 31 0d
              0x000502C0  cls=0x00 idx=11 dev=0

    8406.8ms  TX  ──►  [1.3]  54 30 32 30 35 30 31 32 39 38 32 64 62 32 33 62 34 31 30 30 30 30 30 30 30 30 0d
              0x02050129  cls=0x00 idx=4 dev=41

    8420.0ms  RX  ◄──  [1.3]  54 30 32 30 35 62 38 32 39 38 30 30 30 30 39 66 30 36 30 30 31 63 38 30 30 30 0d 0a
              0x0205B829  Status idx=0 dev=41

    8420.2ms  RX  ◄──  [1.3]  54 30 32 30 35 62 38 61 39 38 30 30 63 30 38 39 33 61 61 35 66 66 33 62 63 32 0d 0a
              0x0205B8A9  Status idx=2 dev=41

    8420.3ms  RX  ◄──  [1.3]  54 30 32 30 35 62 38 65 39 38 31 39 30 30 30 30 30 30 35 34 61 62 66 63 33 64 0d 0a
              0x0205B8E9  Status idx=3 dev=41

    8422.0ms  RX  ◄──  [1.3]  54 30 32 30 35 62 39 32 39 38 30 30 30 30 30 30 30 30 30 30 30 30 30 30 30 30 0d 0a
              0x0205B929  Status idx=4 dev=41

    8422.1ms  RX  ◄──  [1.3]  54 30 32 30 35 62 39 36 39 38 30 30 30 30 30 30 30 30 30 30 30 30 30 30 30 30 0d 0a
              0x0205B969  Status idx=5 dev=41

    8422.2ms  RX  ◄──  [1.3]  54 30 32 30 35 62 39 61 39 38 30 30 30 30 66 66 66 66 30 31 30 30 30 30 30 30 0d 0a
              0x0205B9A9  Status idx=6 dev=41

    8427.0ms  TX  ──►  [1.3]  54 30 32 30 35 30 31 32 39 38 32 64 62 32 33 62 34 31 30 30 30 30 30 30 30 30 0d
              0x02050129  cls=0x00 idx=4 dev=41

    8436.7ms  TX  ──►  [1.3]  54 30 32 30 35 32 63 38 30 38 30 30 30 30 30 30 30 30 30 30 30 30 30 30 30 30 0d
              0x02052C80  cls=0x0b idx=2 dev=0

    8437.1ms  TX  ──►  [1.3]  54 30 30 30 35 30 32 63 30 31 30 31 0d
              0x000502C0  cls=0x00 idx=11 dev=0

    8440.1ms  RX  ◄──  [1.3]  54 30 32 30 35 62 38 32 39 38 30 30 30 30 39 66 30 36 30 30 31 63 38 30 30 30 0d 0a
              0x0205B829  Status idx=0 dev=41

    8440.2ms  RX  ◄──  [1.3]  54 30 32 30 35 62 38 61 39 38 30 30 63 30 38 39 33 61 61 35 66 66 33 62 63 32 0d 0a
              0x0205B8A9  Status idx=2 dev=41

    8440.3ms  RX  ◄──  [1.3]  54 30 32 30 35 62 38 65 39 38 31 39 30 30 30 30 30 30 30 65 35 63 66 65 33 64 0d 0a
              0x0205B8E9  Status idx=3 dev=41

    8442.0ms  RX  ◄──  [1.3]  54 30 32 30 35 62 39 32 39 38 30 30 30 30 30 30 30 30 30 30 30 30 30 30 30 30 0d 0a
              0x0205B929  Status idx=4 dev=41

    8442.1ms  RX  ◄──  [1.3]  54 30 32 30 35 62 39 36 39 38 30 30 30 30 30 30 30 30 30 30 30 30 30 30 30 30 0d 0a
              0x0205B969  Status idx=5 dev=41

    8442.2ms  RX  ◄──  [1.3]  54 30 32 30 35 62 39 61 39 38 30 30 30 30 66 66 66 66 30 31 30 30 30 30 30 30 0d 0a
              0x0205B9A9  Status idx=6 dev=41

    8446.6ms  TX  ──►  [1.3]  54 30 32 30 35 30 31 32 39 38 32 64 62 32 33 62 34 31 30 30 30 30 30 30 30 30 0d
              0x02050129  cls=0x00 idx=4 dev=41

    8460.1ms  RX  ◄──  [1.3]  54 30 32 30 35 62 38 32 39 38 30 30 30 30 39 63 30 36 30 30 31 63 38 30 30 30 0d 0a
              0x0205B829  Status idx=0 dev=41

    8460.2ms  RX  ◄──  [1.3]  54 30 32 30 35 62 38 61 39 38 30 30 63 30 38 39 33 61 61 35 66 66 33 62 63 32 0d 0a
              0x0205B8A9  Status idx=2 dev=41

    8460.3ms  RX  ◄──  [1.3]  54 30 32 30 35 62 38 65 39 38 31 39 30 30 30 30 30 30 65 34 37 39 66 63 33 64 0d 0a
              0x0205B8E9  Status idx=3 dev=41

    8462.0ms  RX  ◄──  [1.3]  54 30 32 30 35 62 39 32 39 38 30 30 30 30 30 30 30 30 30 30 30 30 30 30 30 30 0d 0a
              0x0205B929  Status idx=4 dev=41

    8462.1ms  RX  ◄──  [1.3]  54 30 32 30 35 62 39 36 39 38 30 30 30 30 30 30 30 30 30 30 30 30 30 30 30 30 0d 0a
              0x0205B969  Status idx=5 dev=41

    8462.2ms  RX  ◄──  [1.3]  54 30 32 30 35 62 39 61 39 38 30 30 30 30 66 66 66 66 30 31 30 30 30 30 30 30 0d 0a
              0x0205B9A9  Status idx=6 dev=41

    8467.0ms  TX  ──►  [1.3]  54 30 32 30 35 32 63 38 30 38 30 30 30 30 30 30 30 30 30 30 30 30 30 30 30 30 0d
              0x02052C80  cls=0x0b idx=2 dev=0

