      26.0ms  TX  ──►  [2.34]  54 30 32 30 35 30 30 38 63 38 30 30 30 30 30 30 30 30 30 30 30 30 38 30 30 32 0d
              0x0205008C  cls=0x00 idx=2 dev=12

      57.2ms  TX  ──►  [2.34]  54 30 32 30 35 30 30 38 63 38 30 30 30 30 30 30 30 30 30 30 30 30 38 30 30 32 0d
              0x0205008C  cls=0x00 idx=2 dev=12

      80.0ms  TX  ──►  [2.34]  54 30 32 30 35 30 30 38 63 38 30 30 30 30 30 30 30 30 30 30 30 30 38 30 30 32 0d
              0x0205008C  cls=0x00 idx=2 dev=12

     110.4ms  TX  ──►  [2.34]  54 30 32 30 35 30 30 38 63 38 30 30 30 30 30 30 30 30 30 30 30 30 38 30 30 32 0d
              0x0205008C  cls=0x00 idx=2 dev=12

     141.1ms  TX  ──►  [2.34]  54 30 32 30 35 30 30 38 63 38 30 30 30 30 30 30 30 30 30 30 30 30 38 30 30 32 0d
              0x0205008C  cls=0x00 idx=2 dev=12

     164.4ms  TX  ──►  [2.34]  54 30 32 30 35 30 30 38 63 38 30 30 30 30 30 30 30 30 30 30 30 30 38 30 30 32 0d
              0x0205008C  cls=0x00 idx=2 dev=12

     195.1ms  TX  ──►  [2.34]  54 30 32 30 35 30 30 38 63 38 30 30 30 30 30 30 30 30 30 30 30 30 38 30 30 32 0d
              0x0205008C  cls=0x00 idx=2 dev=12

     225.7ms  TX  ──►  [2.34]  54 30 32 30 35 30 30 38 63 38 30 30 30 30 30 30 30 30 30 30 30 30 38 30 30 32 0d
              0x0205008C  cls=0x00 idx=2 dev=12

     256.4ms  TX  ──►  [2.34]  54 30 32 30 35 30 30 38 63 38 30 30 30 30 30 30 30 30 30 30 30 30 38 30 30 32 0d
              0x0205008C  cls=0x00 idx=2 dev=12

     286.8ms  TX  ──►  [2.34]  54 30 32 30 35 30 30 38 63 38 30 30 30 30 30 30 30 30 30 30 30 30 38 30 30 32 0d
              0x0205008C  cls=0x00 idx=2 dev=12

     317.0ms  TX  ──►  [2.34]  54 30 32 30 35 30 30 38 63 38 30 30 30 30 30 30 30 30 30 30 30 30 38 30 30 32 0d
              0x0205008C  cls=0x00 idx=2 dev=12

     348.3ms  TX  ──►  [2.34]  54 30 32 30 35 30 30 38 63 38 30 30 30 30 30 30 30 30 30 30 30 30 38 30 30 32 0d
              0x0205008C  cls=0x00 idx=2 dev=12

     380.1ms  TX  ──►  [2.34]  54 30 32 30 35 30 30 38 63 38 30 30 30 30 30 30 30 30 30 30 30 30 38 30 30 32 0d
              0x0205008C  cls=0x00 idx=2 dev=12

     410.7ms  TX  ──►  [2.34]  54 30 32 30 35 30 30 38 63 38 30 30 30 30 30 30 30 30 30 30 30 30 38 30 30 32 0d
              0x0205008C  cls=0x00 idx=2 dev=12

     441.5ms  TX  ──►  [2.34]  54 30 32 30 35 30 30 38 63 38 30 30 30 30 30 30 30 30 30 30 30 30 38 30 30 32 0d
              0x0205008C  cls=0x00 idx=2 dev=12

     471.7ms  TX  ──►  [2.34]  54 30 32 30 35 30 30 38 63 38 30 30 30 30 30 30 30 30 30 30 30 30 38 30 30 32 0d
              0x0205008C  cls=0x00 idx=2 dev=12

     496.3ms  TX  ──►  [2.34]  54 30 32 30 35 30 30 38 63 38 30 30 30 30 30 30 30 30 30 30 30 30 38 30 30 32 0d
              0x0205008C  cls=0x00 idx=2 dev=12

     526.9ms  TX  ──►  [2.34]  54 30 32 30 35 30 30 38 63 38 30 30 30 30 30 30 30 30 30 30 30 30 38 30 30 32 0d
              0x0205008C  cls=0x00 idx=2 dev=12

     557.3ms  TX  ──►  [2.34]  54 30 32 30 35 30 30 38 63 38 30 30 30 30 30 30 30 30 30 30 30 30 38 30 30 32 0d
              0x0205008C  cls=0x00 idx=2 dev=12

     588.0ms  TX  ──►  [2.34]  54 30 32 30 35 30 30 38 63 38 30 30 30 30 30 30 30 30 30 30 30 30 38 30 30 32 0d
              0x0205008C  cls=0x00 idx=2 dev=12

     612.7ms  TX  ──►  [2.34]  54 30 32 30 35 30 30 38 63 38 30 30 30 30 30 30 30 30 30 30 30 30 38 30 30 32 0d
              0x0205008C  cls=0x00 idx=2 dev=12

     643.4ms  TX  ──►  [2.34]  54 30 32 30 35 30 30 38 63 38 30 30 30 30 30 30 30 30 30 30 30 30 38 30 30 32 0d
              0x0205008C  cls=0x00 idx=2 dev=12

     673.9ms  TX  ──►  [2.34]  54 30 32 30 35 30 30 38 63 38 30 30 30 30 30 30 30 30 30 30 30 30 38 30 30 32 0d
              0x0205008C  cls=0x00 idx=2 dev=12

     704.8ms  TX  ──►  [2.34]  54 30 32 30 35 30 30 38 63 38 30 30 30 30 30 30 30 30 30 30 30 30 38 30 30 32 0d
              0x0205008C  cls=0x00 idx=2 dev=12

     735.2ms  TX  ──►  [2.34]  54 30 32 30 35 30 30 38 63 38 30 30 30 30 30 30 30 30 30 30 30 30 38 30 30 32 0d
              0x0205008C  cls=0x00 idx=2 dev=12

     760.8ms  TX  ──►  [2.34]  54 30 32 30 35 30 30 38 63 38 30 30 30 30 30 30 30 30 30 30 30 30 38 30 30 32 0d
              0x0205008C  cls=0x00 idx=2 dev=12

     791.4ms  TX  ──►  [2.34]  54 30 32 30 35 30 30 38 63 38 30 30 30 30 30 30 30 30 30 30 30 30 38 30 30 32 0d
              0x0205008C  cls=0x00 idx=2 dev=12

     822.6ms  TX  ──►  [2.34]  54 30 32 30 35 30 30 38 63 38 30 30 30 30 30 30 30 30 30 30 30 30 38 30 30 32 0d
              0x0205008C  cls=0x00 idx=2 dev=12

     845.9ms  TX  ──►  [2.34]  54 30 32 30 35 30 30 38 63 38 30 30 30 30 30 30 30 30 30 30 30 30 38 30 30 32 0d
              0x0205008C  cls=0x00 idx=2 dev=12

     877.3ms  TX  ──►  [2.34]  54 30 32 30 35 30 30 38 63 38 30 30 30 30 30 30 30 30 30 30 30 30 38 30 30 32 0d
              0x0205008C  cls=0x00 idx=2 dev=12

     908.3ms  TX  ──►  [2.34]  54 30 32 30 35 30 30 38 63 38 30 30 30 30 30 30 30 30 30 30 30 30 38 30 30 32 0d
              0x0205008C  cls=0x00 idx=2 dev=12

     938.2ms  TX  ──►  [2.34]  54 30 32 30 35 30 30 38 63 38 30 30 30 30 30 30 30 30 30 30 30 30 38 30 30 32 0d
              0x0205008C  cls=0x00 idx=2 dev=12

     968.9ms  TX  ──►  [2.34]  54 30 32 30 35 30 30 38 63 38 30 30 30 30 30 30 30 30 30 30 30 30 38 30 30 32 0d
              0x0205008C  cls=0x00 idx=2 dev=12

     996.2ms  TX  ──►  [2.34]  54 30 32 30 35 30 30 38 63 38 30 30 30 30 30 30 30 30 30 30 30 30 38 30 30 32 0d
              0x0205008C  cls=0x00 idx=2 dev=12

    1027.0ms  TX  ──►  [2.34]  54 30 32 30 35 30 30 38 63 38 30 30 30 30 30 30 30 30 30 30 30 30 38 30 30 32 0d
              0x0205008C  cls=0x00 idx=2 dev=12

    1057.8ms  TX  ──►  [2.34]  54 30 32 30 35 30 30 38 63 38 30 30 30 30 30 30 30 30 30 30 30 30 38 30 30 32 0d
              0x0205008C  cls=0x00 idx=2 dev=12

    1079.2ms  TX  ──►  [2.34]  54 30 32 30 35 30 30 38 63 38 30 30 30 30 30 30 30 30 30 30 30 30 38 30 30 32 0d
              0x0205008C  cls=0x00 idx=2 dev=12

    1109.9ms  TX  ──►  [2.34]  54 30 32 30 35 30 30 38 63 38 30 30 30 30 30 30 30 30 30 30 30 30 38 30 30 32 0d
              0x0205008C  cls=0x00 idx=2 dev=12

    1140.9ms  TX  ──►  [2.34]  54 30 32 30 35 30 30 38 63 38 30 30 30 30 30 30 30 30 30 30 30 30 38 30 30 32 0d
              0x0205008C  cls=0x00 idx=2 dev=12

    1166.3ms  TX  ──►  [2.34]  54 30 32 30 35 30 30 38 63 38 30 30 30 30 30 30 30 30 30 30 30 30 38 30 30 32 0d
              0x0205008C  cls=0x00 idx=2 dev=12

    1196.8ms  TX  ──►  [2.34]  54 30 32 30 35 30 30 38 63 38 30 30 30 30 30 30 30 30 30 30 30 30 38 30 30 32 0d
              0x0205008C  cls=0x00 idx=2 dev=12

    1226.6ms  TX  ──►  [2.34]  54 30 32 30 35 30 30 38 63 38 30 30 30 30 30 30 30 30 30 30 30 30 38 30 30 32 0d
              0x0205008C  cls=0x00 idx=2 dev=12

    1258.4ms  TX  ──►  [2.34]  54 30 32 30 35 30 30 38 63 38 30 30 30 30 30 30 30 30 30 30 30 30 38 30 30 32 0d
              0x0205008C  cls=0x00 idx=2 dev=12

    1279.2ms  TX  ──►  [2.34]  54 30 32 30 35 30 30 38 63 38 30 30 30 30 30 30 30 30 30 30 30 30 38 30 30 32 0d
              0x0205008C  cls=0x00 idx=2 dev=12

    1309.8ms  TX  ──►  [2.34]  54 30 32 30 35 30 30 38 63 38 30 30 30 30 30 30 30 30 30 30 30 30 38 30 30 32 0d
              0x0205008C  cls=0x00 idx=2 dev=12

    1340.8ms  TX  ──►  [2.34]  54 30 32 30 35 30 30 38 63 38 30 30 30 30 30 30 30 30 30 30 30 30 38 30 30 32 0d
              0x0205008C  cls=0x00 idx=2 dev=12

    1371.2ms  TX  ──►  [2.34]  54 30 32 30 35 30 30 38 63 38 30 30 30 30 30 30 30 30 30 30 30 30 38 30 30 32 0d
              0x0205008C  cls=0x00 idx=2 dev=12

    1401.8ms  TX  ──►  [2.34]  54 30 32 30 35 30 30 38 63 38 30 30 30 30 30 30 30 30 30 30 30 30 38 30 30 32 0d
              0x0205008C  cls=0x00 idx=2 dev=12

    1429.1ms  TX  ──►  [2.34]  54 30 32 30 35 30 30 38 63 38 30 30 30 30 30 30 30 30 30 30 30 30 38 30 30 32 0d
              0x0205008C  cls=0x00 idx=2 dev=12

    1459.0ms  TX  ──►  [2.34]  54 30 32 30 35 30 30 38 63 38 30 30 30 30 30 30 30 30 30 30 30 30 38 30 30 32 0d
              0x0205008C  cls=0x00 idx=2 dev=12

    1488.8ms  TX  ──►  [2.34]  54 30 32 30 35 30 30 38 63 38 30 30 30 30 30 30 30 30 30 30 30 30 38 30 30 32 0d
              0x0205008C  cls=0x00 idx=2 dev=12

    1518.9ms  TX  ──►  [2.34]  54 30 32 30 35 30 30 38 63 38 30 30 30 30 30 30 30 30 30 30 30 30 38 30 30 32 0d
              0x0205008C  cls=0x00 idx=2 dev=12

    1549.8ms  TX  ──►  [2.34]  54 30 32 30 35 30 30 38 63 38 30 30 30 30 30 30 30 30 30 30 30 30 38 30 30 32 0d
              0x0205008C  cls=0x00 idx=2 dev=12

    1580.0ms  TX  ──►  [2.34]  54 30 32 30 35 30 30 38 63 38 30 30 30 30 30 30 30 30 30 30 30 30 38 30 30 32 0d
              0x0205008C  cls=0x00 idx=2 dev=12

    1610.1ms  TX  ──►  [2.34]  54 30 32 30 35 30 30 38 63 38 30 30 30 30 30 30 30 30 30 30 30 30 38 30 30 32 0d
              0x0205008C  cls=0x00 idx=2 dev=12

    1640.8ms  TX  ──►  [2.34]  54 30 32 30 35 30 30 38 63 38 30 30 30 30 30 30 30 30 30 30 30 30 38 30 30 32 0d
              0x0205008C  cls=0x00 idx=2 dev=12

    1670.8ms  TX  ──►  [2.34]  54 30 32 30 35 30 30 38 63 38 30 30 30 30 30 30 30 30 30 30 30 30 38 30 30 32 0d
              0x0205008C  cls=0x00 idx=2 dev=12

    1701.8ms  TX  ──►  [2.34]  54 30 32 30 35 30 30 38 63 38 30 30 30 30 30 30 30 30 30 30 30 30 38 30 30 32 0d
              0x0205008C  cls=0x00 idx=2 dev=12

    1732.1ms  TX  ──►  [2.34]  54 30 32 30 35 30 30 38 63 38 30 30 30 30 30 30 30 30 30 30 30 30 38 30 30 32 0d
              0x0205008C  cls=0x00 idx=2 dev=12

    1762.7ms  TX  ──►  [2.34]  54 30 32 30 35 30 30 38 63 38 30 30 30 30 30 30 30 30 30 30 30 30 38 30 30 32 0d
              0x0205008C  cls=0x00 idx=2 dev=12

    1793.2ms  TX  ──►  [2.34]  54 30 32 30 35 30 30 38 63 38 30 30 30 30 30 30 30 30 30 30 30 30 38 30 30 32 0d
              0x0205008C  cls=0x00 idx=2 dev=12

    1823.6ms  TX  ──►  [2.34]  54 30 32 30 35 30 30 38 63 38 30 30 30 30 30 30 30 30 30 30 30 30 38 30 30 32 0d
              0x0205008C  cls=0x00 idx=2 dev=12

    1845.9ms  TX  ──►  [2.34]  54 30 32 30 35 30 30 38 63 38 30 30 30 30 30 30 30 30 30 30 30 30 38 30 30 32 0d
              0x0205008C  cls=0x00 idx=2 dev=12

    1876.5ms  TX  ──►  [2.34]  54 30 32 30 35 30 30 38 63 38 30 30 30 30 30 30 30 30 30 30 30 30 38 30 30 32 0d
              0x0205008C  cls=0x00 idx=2 dev=12

    1906.8ms  TX  ──►  [2.34]  54 30 32 30 35 30 30 38 63 38 30 30 30 30 30 30 30 30 30 30 30 30 38 30 30 32 0d
              0x0205008C  cls=0x00 idx=2 dev=12

    1936.6ms  TX  ──►  [2.34]  54 30 32 30 35 30 30 38 63 38 30 30 30 30 30 30 30 30 30 30 30 30 38 30 30 32 0d
              0x0205008C  cls=0x00 idx=2 dev=12

    1968.2ms  TX  ──►  [2.34]  54 30 32 30 35 30 30 38 63 38 30 30 30 30 30 30 30 30 30 30 30 30 38 30 30 32 0d
              0x0205008C  cls=0x00 idx=2 dev=12

    1998.7ms  TX  ──►  [2.34]  54 30 32 30 35 30 30 38 63 38 30 30 30 30 30 30 30 30 30 30 30 30 38 30 30 32 0d
              0x0205008C  cls=0x00 idx=2 dev=12

    2028.9ms  TX  ──►  [2.34]  54 30 32 30 35 30 30 38 63 38 30 30 30 30 30 30 30 30 30 30 30 30 38 30 30 32 0d
              0x0205008C  cls=0x00 idx=2 dev=12

    2059.9ms  TX  ──►  [2.34]  54 30 32 30 35 30 30 38 63 38 30 30 30 30 30 30 30 30 30 30 30 30 38 30 30 32 0d
              0x0205008C  cls=0x00 idx=2 dev=12

    2090.3ms  TX  ──►  [2.34]  54 30 32 30 35 30 30 38 63 38 30 30 30 30 30 30 30 30 30 30 30 30 38 30 30 32 0d
              0x0205008C  cls=0x00 idx=2 dev=12

    2111.5ms  TX  ──►  [2.34]  54 30 32 30 35 30 30 38 63 38 30 30 30 30 30 30 30 30 30 30 30 30 38 30 30 32 0d
              0x0205008C  cls=0x00 idx=2 dev=12

    2142.8ms  TX  ──►  [2.34]  54 30 32 30 35 30 30 38 63 38 30 30 30 30 30 30 30 30 30 30 30 30 38 30 30 32 0d
              0x0205008C  cls=0x00 idx=2 dev=12

    2173.7ms  TX  ──►  [2.34]  54 30 32 30 35 30 30 38 63 38 30 30 30 30 30 30 30 30 30 30 30 30 38 30 30 32 0d
              0x0205008C  cls=0x00 idx=2 dev=12

    2194.5ms  TX  ──►  [2.34]  54 30 32 30 35 30 30 38 63 38 30 30 30 30 30 30 30 30 30 30 30 30 38 30 30 32 0d
              0x0205008C  cls=0x00 idx=2 dev=12

    2225.5ms  TX  ──►  [2.34]  54 30 32 30 35 30 30 38 63 38 30 30 30 30 30 30 30 30 30 30 30 30 38 30 30 32 0d
              0x0205008C  cls=0x00 idx=2 dev=12

    2256.9ms  TX  ──►  [2.34]  54 30 32 30 35 30 30 38 63 38 30 30 30 30 30 30 30 30 30 30 30 30 38 30 30 32 0d
              0x0205008C  cls=0x00 idx=2 dev=12

    2278.2ms  TX  ──►  [2.34]  54 30 32 30 35 30 30 38 63 38 30 30 30 30 30 30 30 30 30 30 30 30 38 30 30 32 0d
              0x0205008C  cls=0x00 idx=2 dev=12

    2309.6ms  TX  ──►  [2.34]  54 30 32 30 35 30 30 38 63 38 30 30 30 30 30 30 30 30 30 30 30 30 38 30 30 32 0d
              0x0205008C  cls=0x00 idx=2 dev=12

    2340.5ms  TX  ──►  [2.34]  54 30 32 30 35 30 30 38 63 38 30 30 30 30 30 30 30 30 30 30 30 30 38 30 30 32 0d
              0x0205008C  cls=0x00 idx=2 dev=12

    2370.8ms  TX  ──►  [2.34]  54 30 32 30 35 30 30 38 63 38 30 30 30 30 30 30 30 30 30 30 30 30 38 30 30 32 0d
              0x0205008C  cls=0x00 idx=2 dev=12

    2401.9ms  TX  ──►  [2.34]  54 30 32 30 35 30 30 38 63 38 30 30 30 30 30 30 30 30 30 30 30 30 38 30 30 32 0d
              0x0205008C  cls=0x00 idx=2 dev=12

    2429.1ms  TX  ──►  [2.34]  54 30 32 30 35 30 30 38 63 38 30 30 30 30 30 30 30 30 30 30 30 30 38 30 30 32 0d
              0x0205008C  cls=0x00 idx=2 dev=12

    2459.4ms  TX  ──►  [2.34]  54 30 32 30 35 30 30 38 63 38 30 30 30 30 30 30 30 30 30 30 30 30 38 30 30 32 0d
              0x0205008C  cls=0x00 idx=2 dev=12

    2489.6ms  TX  ──►  [2.34]  54 30 32 30 35 30 30 38 63 38 30 30 30 30 30 30 30 30 30 30 30 30 38 30 30 32 0d
              0x0205008C  cls=0x00 idx=2 dev=12

    2520.7ms  TX  ──►  [2.34]  54 30 32 30 35 30 30 38 63 38 30 30 30 30 30 30 30 30 30 30 30 30 38 30 30 32 0d
              0x0205008C  cls=0x00 idx=2 dev=12

    2545.9ms  TX  ──►  [2.34]  54 30 32 30 35 30 30 38 63 38 30 30 30 30 30 30 30 30 30 30 30 30 38 30 30 32 0d
              0x0205008C  cls=0x00 idx=2 dev=12

    2576.2ms  TX  ──►  [2.34]  54 30 32 30 35 30 30 38 63 38 30 30 30 30 30 30 30 30 30 30 30 30 38 30 30 32 0d
              0x0205008C  cls=0x00 idx=2 dev=12

    2606.4ms  TX  ──►  [2.34]  54 30 32 30 35 30 30 38 63 38 30 30 30 30 30 30 30 30 30 30 30 30 38 30 30 32 0d
              0x0205008C  cls=0x00 idx=2 dev=12

    2627.8ms  TX  ──►  [2.34]  54 30 32 30 35 30 30 38 63 38 30 30 30 30 30 30 30 30 30 30 30 30 38 30 30 32 0d
              0x0205008C  cls=0x00 idx=2 dev=12

    2657.5ms  TX  ──►  [2.34]  54 30 32 30 35 30 30 38 63 38 30 30 30 30 30 30 30 30 30 30 30 30 38 30 30 32 0d
              0x0205008C  cls=0x00 idx=2 dev=12

    2678.2ms  TX  ──►  [2.34]  54 30 32 30 35 30 30 38 63 38 30 30 30 30 30 30 30 30 30 30 30 30 38 30 30 32 0d
              0x0205008C  cls=0x00 idx=2 dev=12

    2708.3ms  TX  ──►  [2.34]  54 30 32 30 35 30 30 38 63 38 30 30 30 30 30 30 30 30 30 30 30 30 38 30 30 32 0d
              0x0205008C  cls=0x00 idx=2 dev=12

    2738.6ms  TX  ──►  [2.34]  54 30 32 30 35 30 30 38 63 38 30 30 30 30 30 30 30 30 30 30 30 30 38 30 30 32 0d
              0x0205008C  cls=0x00 idx=2 dev=12

    2761.4ms  TX  ──►  [2.34]  54 30 32 30 35 30 30 38 63 38 30 30 30 30 30 30 30 30 30 30 30 30 38 30 30 32 0d
              0x0205008C  cls=0x00 idx=2 dev=12

    2792.8ms  TX  ──►  [2.34]  54 30 32 30 35 30 30 38 63 38 30 30 30 30 30 30 30 30 30 30 30 30 38 30 30 32 0d
              0x0205008C  cls=0x00 idx=2 dev=12

    2813.1ms  TX  ──►  [2.34]  54 30 32 30 35 30 30 38 63 38 30 30 30 30 30 30 30 30 30 30 30 30 38 30 30 32 0d
              0x0205008C  cls=0x00 idx=2 dev=12

    2842.9ms  TX  ──►  [2.34]  54 30 32 30 35 30 30 38 63 38 30 30 30 30 30 30 30 30 30 30 30 30 38 30 30 32 0d
              0x0205008C  cls=0x00 idx=2 dev=12

    2872.8ms  TX  ──►  [2.34]  54 30 32 30 35 30 30 38 63 38 30 30 30 30 30 30 30 30 30 30 30 30 38 30 30 32 0d
              0x0205008C  cls=0x00 idx=2 dev=12

    2896.0ms  TX  ──►  [2.34]  54 30 32 30 35 30 30 38 63 38 30 30 30 30 30 30 30 30 30 30 30 30 38 30 30 32 0d
              0x0205008C  cls=0x00 idx=2 dev=12

    2926.6ms  TX  ──►  [2.34]  54 30 32 30 35 30 30 38 63 38 30 30 30 30 30 30 30 30 30 30 30 30 38 30 30 32 0d
              0x0205008C  cls=0x00 idx=2 dev=12

    2956.3ms  TX  ──►  [2.34]  54 30 32 30 35 30 30 38 63 38 30 30 30 30 30 30 30 30 30 30 30 30 38 30 30 32 0d
              0x0205008C  cls=0x00 idx=2 dev=12

    2977.9ms  TX  ──►  [2.34]  54 30 32 30 35 30 30 38 63 38 30 30 30 30 30 30 30 30 30 30 30 30 38 30 30 32 0d
              0x0205008C  cls=0x00 idx=2 dev=12

    3008.3ms  TX  ──►  [2.34]  54 30 32 30 35 30 30 38 63 38 30 30 30 30 30 30 30 30 30 30 30 30 38 30 30 32 0d
              0x0205008C  cls=0x00 idx=2 dev=12

    3039.5ms  TX  ──►  [2.34]  54 30 32 30 35 30 30 38 63 38 30 30 30 30 30 30 30 30 30 30 30 30 38 30 30 32 0d
              0x0205008C  cls=0x00 idx=2 dev=12

    3061.3ms  TX  ──►  [2.34]  54 30 32 30 35 30 30 38 63 38 30 30 30 30 30 30 30 30 30 30 30 30 38 30 30 32 0d
              0x0205008C  cls=0x00 idx=2 dev=12

    3092.2ms  TX  ──►  [2.34]  54 30 32 30 35 30 30 38 63 38 30 30 30 30 30 30 30 30 30 30 30 30 38 30 30 32 0d
              0x0205008C  cls=0x00 idx=2 dev=12

    3122.7ms  TX  ──►  [2.34]  54 30 32 30 35 30 30 38 63 38 30 30 30 30 30 30 30 30 30 30 30 30 38 30 30 32 0d
              0x0205008C  cls=0x00 idx=2 dev=12

    3130.2ms  TX  ──►  [2.34]  54 30 32 30 35 33 38 30 63 35 62 61 30 31 30 30 30 30 30 30 0d
              0x0205380C  cls=0x0e idx=0 dev=12

    3130.6ms  RX  ◄──  [2.34]  54 30 32 30 35 33 38 34 63 37 62 61 30 34 30 31 30 30 30 30 30 30 30 30 0d 0a
              0x0205384C  cls=0x0e idx=1 dev=12

    3145.7ms  TX  ──►  [2.34]  52 30 32 30 35 35 33 34 63 38 30 30 30 30 30 30 30 30 30 30 30 30 30 30 30 30 0d
              RAW: 'R0205534c80000000000000000'

    3145.8ms  TX  ──►  [2.34]  52 30 32 30 35 35 33 34 63 38 30 30 30 30 30 30 30 30 30 30 30 30 30 30 30 30 0d
              RAW: 'R0205534c80000000000000000'

    3146.2ms  RX  ◄──  [2.34]  54 30 32 30 35 35 33 34 63 38 30 31 30 30 30 30 30 30 30 30 30 30 30 30 30 30 0d 0a
              0x0205534C  cls=0x14 idx=13 dev=12

    3146.3ms  RX  ◄──  [2.34]  54 30 32 30 35 35 33 34 63 38 30 31 30 30 30 30 30 30 30 30 30 30 30 30 30 30 0d 0a
              0x0205534C  cls=0x14 idx=13 dev=12

    3153.7ms  TX  ──►  [2.34]  54 30 32 30 35 30 30 38 63 38 30 30 30 30 30 30 30 30 30 30 30 30 38 30 30 32 0d
              0x0205008C  cls=0x00 idx=2 dev=12

    3183.6ms  TX  ──►  [2.34]  54 30 32 30 35 30 30 38 63 38 30 30 30 30 30 30 30 30 30 30 30 30 38 30 30 32 0d
              0x0205008C  cls=0x00 idx=2 dev=12

    3214.2ms  TX  ──►  [2.34]  54 30 32 30 35 30 30 38 63 38 30 30 30 30 30 30 30 30 30 30 30 30 38 30 30 32 0d
              0x0205008C  cls=0x00 idx=2 dev=12

    3244.3ms  TX  ──►  [2.34]  54 30 32 30 35 30 30 38 63 38 30 30 30 30 30 30 30 30 30 30 30 30 38 30 30 32 0d
              0x0205008C  cls=0x00 idx=2 dev=12

    3274.9ms  TX  ──►  [2.34]  54 30 32 30 35 30 30 38 63 38 30 30 30 30 30 30 30 30 30 30 30 30 38 30 30 32 0d
              0x0205008C  cls=0x00 idx=2 dev=12

    3304.7ms  TX  ──►  [2.34]  54 30 32 30 35 30 30 38 63 38 30 30 30 30 30 30 30 30 30 30 30 30 38 30 30 32 0d
              0x0205008C  cls=0x00 idx=2 dev=12

    3334.8ms  TX  ──►  [2.34]  54 30 32 30 35 30 30 38 63 38 30 30 30 30 30 30 30 30 30 30 30 30 38 30 30 32 0d
              0x0205008C  cls=0x00 idx=2 dev=12

    3364.7ms  TX  ──►  [2.34]  54 30 32 30 35 30 30 38 63 38 30 30 30 30 30 30 30 30 30 30 30 30 38 30 30 32 0d
              0x0205008C  cls=0x00 idx=2 dev=12

    3395.9ms  TX  ──►  [2.34]  54 30 32 30 35 30 30 38 63 38 30 30 30 30 30 30 30 30 30 30 30 30 38 30 30 32 0d
              0x0205008C  cls=0x00 idx=2 dev=12

    3425.5ms  TX  ──►  [2.34]  54 30 32 30 35 30 30 38 63 38 30 30 30 30 30 30 30 30 30 30 30 30 38 30 30 32 0d
              0x0205008C  cls=0x00 idx=2 dev=12

    3456.4ms  TX  ──►  [2.34]  54 30 32 30 35 30 30 38 63 38 30 30 30 30 30 30 30 30 30 30 30 30 38 30 30 32 0d
              0x0205008C  cls=0x00 idx=2 dev=12

    3486.8ms  TX  ──►  [2.34]  54 30 32 30 35 30 30 38 63 38 30 30 30 30 30 30 30 30 30 30 30 30 38 30 30 32 0d
              0x0205008C  cls=0x00 idx=2 dev=12

    3518.0ms  TX  ──►  [2.34]  54 30 32 30 35 30 30 38 63 38 30 30 30 30 30 30 30 30 30 30 30 30 38 30 30 32 0d
              0x0205008C  cls=0x00 idx=2 dev=12

    3549.8ms  TX  ──►  [2.34]  54 30 32 30 35 30 30 38 63 38 30 30 30 30 30 30 30 30 30 30 30 30 38 30 30 32 0d
              0x0205008C  cls=0x00 idx=2 dev=12

    3580.0ms  TX  ──►  [2.34]  54 30 32 30 35 30 30 38 63 38 30 30 30 30 30 30 30 30 30 30 30 30 38 30 30 32 0d
              0x0205008C  cls=0x00 idx=2 dev=12

    3610.3ms  TX  ──►  [2.34]  54 30 32 30 35 30 30 38 63 38 30 30 30 30 30 30 30 30 30 30 30 30 38 30 30 32 0d
              0x0205008C  cls=0x00 idx=2 dev=12

    3641.1ms  TX  ──►  [2.34]  54 30 32 30 35 30 30 38 63 38 30 30 30 30 30 30 30 30 30 30 30 30 38 30 30 32 0d
              0x0205008C  cls=0x00 idx=2 dev=12

    3672.6ms  TX  ──►  [2.34]  54 30 32 30 35 30 30 38 63 38 30 30 30 30 30 30 30 30 30 30 30 30 38 30 30 32 0d
              0x0205008C  cls=0x00 idx=2 dev=12

    3703.0ms  TX  ──►  [2.34]  54 30 32 30 35 30 30 38 63 38 30 30 30 30 30 30 30 30 30 30 30 30 38 30 30 32 0d
              0x0205008C  cls=0x00 idx=2 dev=12

    3734.1ms  TX  ──►  [2.34]  54 30 32 30 35 30 30 38 63 38 30 30 30 30 30 30 30 30 30 30 30 30 38 30 30 32 0d
              0x0205008C  cls=0x00 idx=2 dev=12

    3761.4ms  TX  ──►  [2.34]  54 30 32 30 35 30 30 38 63 38 30 30 30 30 30 30 30 30 30 30 30 30 38 30 30 32 0d
              0x0205008C  cls=0x00 idx=2 dev=12

    3792.3ms  TX  ──►  [2.34]  54 30 32 30 35 30 30 38 63 38 30 30 30 30 30 30 30 30 30 30 30 30 38 30 30 32 0d
              0x0205008C  cls=0x00 idx=2 dev=12

    3822.9ms  TX  ──►  [2.34]  54 30 32 30 35 30 30 38 63 38 30 30 30 30 30 30 30 30 30 30 30 30 38 30 30 32 0d
              0x0205008C  cls=0x00 idx=2 dev=12

    3844.6ms  TX  ──►  [2.34]  54 30 32 30 35 30 30 38 63 38 30 30 30 30 30 30 30 30 30 30 30 30 38 30 30 32 0d
              0x0205008C  cls=0x00 idx=2 dev=12

    3874.8ms  TX  ──►  [2.34]  54 30 32 30 35 30 30 38 63 38 30 30 30 30 30 30 30 30 30 30 30 30 38 30 30 32 0d
              0x0205008C  cls=0x00 idx=2 dev=12

    3904.9ms  TX  ──►  [2.34]  54 30 32 30 35 30 30 38 63 38 30 30 30 30 30 30 30 30 30 30 30 30 38 30 30 32 0d
              0x0205008C  cls=0x00 idx=2 dev=12

    3935.3ms  TX  ──►  [2.34]  54 30 32 30 35 30 30 38 63 38 30 30 30 30 30 30 30 30 30 30 30 30 38 30 30 32 0d
              0x0205008C  cls=0x00 idx=2 dev=12

    3943.5ms  TX  ──►  [2.34]  54 30 32 30 35 33 38 30 63 35 62 62 30 31 30 30 30 30 30 30 0d
              0x0205380C  cls=0x0e idx=0 dev=12

    3943.9ms  RX  ◄──  [2.34]  54 30 32 30 35 33 38 34 63 37 62 62 30 34 30 31 30 30 30 30 30 30 30 30 0d 0a
              0x0205384C  cls=0x0e idx=1 dev=12

    3966.0ms  TX  ──►  [2.34]  54 30 32 30 35 30 30 38 63 38 30 30 30 30 30 30 30 30 30 30 30 30 38 30 30 32 0d
              0x0205008C  cls=0x00 idx=2 dev=12

    3967.6ms  TX  ──►  [2.34]  52 30 32 30 35 35 33 34 63 38 30 30 30 30 30 30 30 30 30 30 30 30 30 30 30 30 0d
              RAW: 'R0205534c80000000000000000'

    3967.7ms  TX  ──►  [2.34]  52 30 32 30 35 35 33 34 63 38 30 30 30 30 30 30 30 30 30 30 30 30 30 30 30 30 0d
              RAW: 'R0205534c80000000000000000'

    3968.0ms  RX  ◄──  [2.34]  54 30 32 30 35 35 33 34 63 38 30 31 30 30 30 30 30 30 30 31 30 30 30 30 30 30 0d 0a
              0x0205534C  cls=0x14 idx=13 dev=12

    3968.2ms  RX  ◄──  [2.34]  54 30 32 30 35 35 33 34 63 38 30 31 30 30 30 30 30 30 30 31 30 30 30 30 30 30 0d 0a
              0x0205534C  cls=0x14 idx=13 dev=12

    3996.5ms  TX  ──►  [2.34]  54 30 32 30 35 30 30 38 63 38 30 30 30 30 30 30 30 30 30 30 30 30 38 30 30 32 0d
              0x0205008C  cls=0x00 idx=2 dev=12

    4027.3ms  TX  ──►  [2.34]  54 30 32 30 35 30 30 38 63 38 30 30 30 30 30 30 30 30 30 30 30 30 38 30 30 32 0d
              0x0205008C  cls=0x00 idx=2 dev=12

    4057.9ms  TX  ──►  [2.34]  54 30 32 30 35 30 30 38 63 38 30 30 30 30 30 30 30 30 30 30 30 30 38 30 30 32 0d
              0x0205008C  cls=0x00 idx=2 dev=12

    4080.1ms  TX  ──►  [2.34]  54 30 32 30 35 30 30 38 63 38 30 30 30 30 30 30 30 30 30 30 30 30 38 30 30 32 0d
              0x0205008C  cls=0x00 idx=2 dev=12

    4111.7ms  TX  ──►  [2.34]  54 30 32 30 35 30 30 38 63 38 30 30 30 30 30 30 30 30 30 30 30 30 38 30 30 32 0d
              0x0205008C  cls=0x00 idx=2 dev=12

    4142.0ms  TX  ──►  [2.34]  54 30 32 30 35 30 30 38 63 38 30 30 30 30 30 30 30 30 30 30 30 30 38 30 30 32 0d
              0x0205008C  cls=0x00 idx=2 dev=12

    4173.2ms  TX  ──►  [2.34]  54 30 32 30 35 30 30 38 63 38 30 30 30 30 30 30 30 30 30 30 30 30 38 30 30 32 0d
              0x0205008C  cls=0x00 idx=2 dev=12

    4194.6ms  TX  ──►  [2.34]  54 30 32 30 35 30 30 38 63 38 30 30 30 30 30 30 30 30 30 30 30 30 38 30 30 32 0d
              0x0205008C  cls=0x00 idx=2 dev=12

    4225.2ms  TX  ──►  [2.34]  54 30 32 30 35 30 30 38 63 38 30 30 30 30 30 30 30 30 30 30 30 30 38 30 30 32 0d
              0x0205008C  cls=0x00 idx=2 dev=12

    4255.2ms  TX  ──►  [2.34]  54 30 32 30 35 30 30 38 63 38 30 30 30 30 30 30 30 30 30 30 30 30 38 30 30 32 0d
              0x0205008C  cls=0x00 idx=2 dev=12

    4278.5ms  TX  ──►  [2.34]  54 30 32 30 35 30 30 38 63 38 30 30 30 30 30 30 30 30 30 30 30 30 38 30 30 32 0d
              0x0205008C  cls=0x00 idx=2 dev=12

    4308.6ms  TX  ──►  [2.34]  54 30 32 30 35 30 30 38 63 38 30 30 30 30 30 30 30 30 30 30 30 30 38 30 30 32 0d
              0x0205008C  cls=0x00 idx=2 dev=12

    4339.4ms  TX  ──►  [2.34]  54 30 32 30 35 30 30 38 63 38 30 30 30 30 30 30 30 30 30 30 30 30 38 30 30 32 0d
              0x0205008C  cls=0x00 idx=2 dev=12

    4369.8ms  TX  ──►  [2.34]  54 30 32 30 35 30 30 38 63 38 30 30 30 30 30 30 30 30 30 30 30 30 38 30 30 32 0d
              0x0205008C  cls=0x00 idx=2 dev=12

    4396.7ms  TX  ──►  [2.34]  54 30 32 30 35 30 30 38 63 38 30 30 30 30 30 30 30 30 30 30 30 30 38 30 30 32 0d
              0x0205008C  cls=0x00 idx=2 dev=12

    4426.8ms  TX  ──►  [2.34]  54 30 32 30 35 30 30 38 63 38 30 30 30 30 30 30 30 30 30 30 30 30 38 30 30 32 0d
              0x0205008C  cls=0x00 idx=2 dev=12

    4457.8ms  TX  ──►  [2.34]  54 30 32 30 35 30 30 38 63 38 30 30 30 30 30 30 30 30 30 30 30 30 38 30 30 32 0d
              0x0205008C  cls=0x00 idx=2 dev=12

    4488.8ms  TX  ──►  [2.34]  54 30 32 30 35 30 30 38 63 38 30 30 30 30 30 30 30 30 30 30 30 30 38 30 30 32 0d
              0x0205008C  cls=0x00 idx=2 dev=12

    4520.4ms  TX  ──►  [2.34]  54 30 32 30 35 30 30 38 63 38 30 30 30 30 30 30 30 30 30 30 30 30 38 30 30 32 0d
              0x0205008C  cls=0x00 idx=2 dev=12

    4551.0ms  TX  ──►  [2.34]  54 30 32 30 35 30 30 38 63 38 30 30 30 30 30 30 30 30 30 30 30 30 38 30 30 32 0d
              0x0205008C  cls=0x00 idx=2 dev=12

    4580.1ms  TX  ──►  [2.34]  54 30 32 30 35 30 30 38 63 38 30 30 30 30 30 30 30 30 30 30 30 30 38 30 30 32 0d
              0x0205008C  cls=0x00 idx=2 dev=12

    4610.2ms  TX  ──►  [2.34]  54 30 32 30 35 30 30 38 63 38 30 30 30 30 30 30 30 30 30 30 30 30 38 30 30 32 0d
              0x0205008C  cls=0x00 idx=2 dev=12

    4641.2ms  TX  ──►  [2.34]  54 30 32 30 35 30 30 38 63 38 30 30 30 30 30 30 30 30 30 30 30 30 38 30 30 32 0d
              0x0205008C  cls=0x00 idx=2 dev=12

    4671.9ms  TX  ──►  [2.34]  54 30 32 30 35 30 30 38 63 38 30 30 30 30 30 30 30 30 30 30 30 30 38 30 30 32 0d
              0x0205008C  cls=0x00 idx=2 dev=12

    4702.3ms  TX  ──►  [2.34]  54 30 32 30 35 30 30 38 63 38 30 30 30 30 30 30 30 30 30 30 30 30 38 30 30 32 0d
              0x0205008C  cls=0x00 idx=2 dev=12

    4708.4ms  TX  ──►  [2.34]  54 30 32 30 35 33 38 30 63 35 62 63 30 31 30 30 30 30 30 30 0d
              0x0205380C  cls=0x0e idx=0 dev=12

    4708.7ms  RX  ◄──  [2.34]  54 30 32 30 35 33 38 34 63 37 62 63 30 34 30 31 30 30 30 30 30 30 30 30 0d 0a
              0x0205384C  cls=0x0e idx=1 dev=12

    4726.1ms  TX  ──►  [2.34]  52 30 32 30 35 35 33 38 63 38 30 30 30 30 30 30 30 30 30 30 30 30 30 30 30 30 0d
              RAW: 'R0205538c80000000000000000'

    4726.4ms  TX  ──►  [2.34]  52 30 32 30 35 35 33 38 63 38 30 30 30 30 30 30 30 30 30 30 30 30 30 30 30 30 0d
              RAW: 'R0205538c80000000000000000'

    4726.5ms  RX  ◄──  [2.34]  54 30 32 30 35 35 33 38 63 38 30 31 30 30 30 30 30 30 30 30 30 30 30 30 30 30 0d 0a
              0x0205538C  cls=0x14 idx=14 dev=12

    4726.8ms  RX  ◄──  [2.34]  54 30 32 30 35 35 33 38 63 38 30 31 30 30 30 30 30 30 30 30 30 30 30 30 30 30 0d 0a
              0x0205538C  cls=0x14 idx=14 dev=12

    4733.5ms  TX  ──►  [2.34]  54 30 32 30 35 30 30 38 63 38 30 30 30 30 30 30 30 30 30 30 30 30 38 30 30 32 0d
              0x0205008C  cls=0x00 idx=2 dev=12

    4764.6ms  TX  ──►  [2.34]  54 30 32 30 35 30 30 38 63 38 30 30 30 30 30 30 30 30 30 30 30 30 38 30 30 32 0d
              0x0205008C  cls=0x00 idx=2 dev=12

    4795.7ms  TX  ──►  [2.34]  54 30 32 30 35 30 30 38 63 38 30 30 30 30 30 30 30 30 30 30 30 30 38 30 30 32 0d
              0x0205008C  cls=0x00 idx=2 dev=12

    4826.9ms  TX  ──►  [2.34]  54 30 32 30 35 30 30 38 63 38 30 30 30 30 30 30 30 30 30 30 30 30 38 30 30 32 0d
              0x0205008C  cls=0x00 idx=2 dev=12

    4856.7ms  TX  ──►  [2.34]  54 30 32 30 35 30 30 38 63 38 30 30 30 30 30 30 30 30 30 30 30 30 38 30 30 32 0d
              0x0205008C  cls=0x00 idx=2 dev=12

    4887.9ms  TX  ──►  [2.34]  54 30 32 30 35 30 30 38 63 38 30 30 30 30 30 30 30 30 30 30 30 30 38 30 30 32 0d
              0x0205008C  cls=0x00 idx=2 dev=12

    4910.9ms  TX  ──►  [2.34]  54 30 32 30 35 30 30 38 63 38 30 30 30 30 30 30 30 30 30 30 30 30 38 30 30 32 0d
              0x0205008C  cls=0x00 idx=2 dev=12

    4941.5ms  TX  ──►  [2.34]  54 30 32 30 35 30 30 38 63 38 30 30 30 30 30 30 30 30 30 30 30 30 38 30 30 32 0d
              0x0205008C  cls=0x00 idx=2 dev=12

    4971.5ms  TX  ──►  [2.34]  54 30 32 30 35 30 30 38 63 38 30 30 30 30 30 30 30 30 30 30 30 30 38 30 30 32 0d
              0x0205008C  cls=0x00 idx=2 dev=12

    5002.1ms  TX  ──►  [2.34]  54 30 32 30 35 30 30 38 63 38 30 30 30 30 30 30 30 30 30 30 30 30 38 30 30 32 0d
              0x0205008C  cls=0x00 idx=2 dev=12

    5033.0ms  TX  ──►  [2.34]  54 30 32 30 35 30 30 38 63 38 30 30 30 30 30 30 30 30 30 30 30 30 38 30 30 32 0d
              0x0205008C  cls=0x00 idx=2 dev=12

    5063.5ms  TX  ──►  [2.34]  54 30 32 30 35 30 30 38 63 38 30 30 30 30 30 30 30 30 30 30 30 30 38 30 30 32 0d
              0x0205008C  cls=0x00 idx=2 dev=12

    5093.7ms  TX  ──►  [2.34]  54 30 32 30 35 30 30 38 63 38 30 30 30 30 30 30 30 30 30 30 30 30 38 30 30 32 0d
              0x0205008C  cls=0x00 idx=2 dev=12

    5124.5ms  TX  ──►  [2.34]  54 30 32 30 35 30 30 38 63 38 30 30 30 30 30 30 30 30 30 30 30 30 38 30 30 32 0d
              0x0205008C  cls=0x00 idx=2 dev=12

    5155.2ms  TX  ──►  [2.34]  54 30 32 30 35 30 30 38 63 38 30 30 30 30 30 30 30 30 30 30 30 30 38 30 30 32 0d
              0x0205008C  cls=0x00 idx=2 dev=12

    5185.8ms  TX  ──►  [2.34]  54 30 32 30 35 30 30 38 63 38 30 30 30 30 30 30 30 30 30 30 30 30 38 30 30 32 0d
              0x0205008C  cls=0x00 idx=2 dev=12

    5211.3ms  TX  ──►  [2.34]  54 30 32 30 35 30 30 38 63 38 30 30 30 30 30 30 30 30 30 30 30 30 38 30 30 32 0d
              0x0205008C  cls=0x00 idx=2 dev=12

    5242.3ms  TX  ──►  [2.34]  54 30 32 30 35 30 30 38 63 38 30 30 30 30 30 30 30 30 30 30 30 30 38 30 30 32 0d
              0x0205008C  cls=0x00 idx=2 dev=12

    5272.2ms  TX  ──►  [2.34]  54 30 32 30 35 30 30 38 63 38 30 30 30 30 30 30 30 30 30 30 30 30 38 30 30 32 0d
              0x0205008C  cls=0x00 idx=2 dev=12

    5302.2ms  TX  ──►  [2.34]  54 30 32 30 35 30 30 38 63 38 30 30 30 30 30 30 30 30 30 30 30 30 38 30 30 32 0d
              0x0205008C  cls=0x00 idx=2 dev=12

    5329.3ms  TX  ──►  [2.34]  54 30 32 30 35 30 30 38 63 38 30 30 30 30 30 30 30 30 30 30 30 30 38 30 30 32 0d
              0x0205008C  cls=0x00 idx=2 dev=12

    5359.6ms  TX  ──►  [2.34]  54 30 32 30 35 30 30 38 63 38 30 30 30 30 30 30 30 30 30 30 30 30 38 30 30 32 0d
              0x0205008C  cls=0x00 idx=2 dev=12

    5390.2ms  TX  ──►  [2.34]  54 30 32 30 35 30 30 38 63 38 30 30 30 30 30 30 30 30 30 30 30 30 38 30 30 32 0d
              0x0205008C  cls=0x00 idx=2 dev=12

    5405.7ms  TX  ──►  [2.34]  54 30 32 30 35 33 38 30 63 35 62 64 30 31 30 30 30 30 30 30 0d
              0x0205380C  cls=0x0e idx=0 dev=12

    5406.0ms  RX  ◄──  [2.34]  54 30 32 30 35 33 38 34 63 37 62 64 30 34 30 31 30 30 30 30 30 30 30 30 0d 0a
              0x0205384C  cls=0x0e idx=1 dev=12

    5421.1ms  TX  ──►  [2.34]  54 30 32 30 35 30 30 38 63 38 30 30 30 30 30 30 30 30 30 30 30 30 38 30 30 32 0d
              0x0205008C  cls=0x00 idx=2 dev=12

    5428.3ms  TX  ──►  [2.34]  52 30 32 30 35 35 33 38 63 38 30 30 30 30 30 30 30 30 30 30 30 30 30 30 30 30 0d
              RAW: 'R0205538c80000000000000000'

    5428.5ms  TX  ──►  [2.34]  52 30 32 30 35 35 33 38 63 38 30 30 30 30 30 30 30 30 30 30 30 30 30 30 30 30 0d
              RAW: 'R0205538c80000000000000000'

    5428.7ms  RX  ◄──  [2.34]  54 30 32 30 35 35 33 38 63 38 30 31 30 30 30 30 30 30 30 31 30 30 30 30 30 30 0d 0a
              0x0205538C  cls=0x14 idx=14 dev=12

    5428.9ms  RX  ◄──  [2.34]  54 30 32 30 35 35 33 38 63 38 30 31 30 30 30 30 30 30 30 31 30 30 30 30 30 30 0d 0a
              0x0205538C  cls=0x14 idx=14 dev=12

    5451.8ms  TX  ──►  [2.34]  54 30 32 30 35 30 30 38 63 38 30 30 30 30 30 30 30 30 30 30 30 30 38 30 30 32 0d
              0x0205008C  cls=0x00 idx=2 dev=12

    5483.6ms  TX  ──►  [2.34]  54 30 32 30 35 30 30 38 63 38 30 30 30 30 30 30 30 30 30 30 30 30 38 30 30 32 0d
              0x0205008C  cls=0x00 idx=2 dev=12

    5510.9ms  TX  ──►  [2.34]  54 30 32 30 35 30 30 38 63 38 30 30 30 30 30 30 30 30 30 30 30 30 38 30 30 32 0d
              0x0205008C  cls=0x00 idx=2 dev=12

    5541.9ms  TX  ──►  [2.34]  54 30 32 30 35 30 30 38 63 38 30 30 30 30 30 30 30 30 30 30 30 30 38 30 30 32 0d
              0x0205008C  cls=0x00 idx=2 dev=12

    5572.1ms  TX  ──►  [2.34]  54 30 32 30 35 30 30 38 63 38 30 30 30 30 30 30 30 30 30 30 30 30 38 30 30 32 0d
              0x0205008C  cls=0x00 idx=2 dev=12

    5603.2ms  TX  ──►  [2.34]  54 30 32 30 35 30 30 38 63 38 30 30 30 30 30 30 30 30 30 30 30 30 38 30 30 32 0d
              0x0205008C  cls=0x00 idx=2 dev=12

    5633.4ms  TX  ──►  [2.34]  54 30 32 30 35 30 30 38 63 38 30 30 30 30 30 30 30 30 30 30 30 30 38 30 30 32 0d
              0x0205008C  cls=0x00 idx=2 dev=12

    5663.9ms  TX  ──►  [2.34]  54 30 32 30 35 30 30 38 63 38 30 30 30 30 30 30 30 30 30 30 30 30 38 30 30 32 0d
              0x0205008C  cls=0x00 idx=2 dev=12

    5694.2ms  TX  ──►  [2.34]  54 30 32 30 35 30 30 38 63 38 30 30 30 30 30 30 30 30 30 30 30 30 38 30 30 32 0d
              0x0205008C  cls=0x00 idx=2 dev=12

    5725.1ms  TX  ──►  [2.34]  54 30 32 30 35 30 30 38 63 38 30 30 30 30 30 30 30 30 30 30 30 30 38 30 30 32 0d
              0x0205008C  cls=0x00 idx=2 dev=12

    5756.1ms  TX  ──►  [2.34]  54 30 32 30 35 30 30 38 63 38 30 30 30 30 30 30 30 30 30 30 30 30 38 30 30 32 0d
              0x0205008C  cls=0x00 idx=2 dev=12

    5786.7ms  TX  ──►  [2.34]  54 30 32 30 35 30 30 38 63 38 30 30 30 30 30 30 30 30 30 30 30 30 38 30 30 32 0d
              0x0205008C  cls=0x00 idx=2 dev=12

    5817.8ms  TX  ──►  [2.34]  54 30 32 30 35 30 30 38 63 38 30 30 30 30 30 30 30 30 30 30 30 30 38 30 30 32 0d
              0x0205008C  cls=0x00 idx=2 dev=12

    5848.9ms  TX  ──►  [2.34]  54 30 32 30 35 30 30 38 63 38 30 30 30 30 30 30 30 30 30 30 30 30 38 30 30 32 0d
              0x0205008C  cls=0x00 idx=2 dev=12

    5878.7ms  TX  ──►  [2.34]  54 30 32 30 35 30 30 38 63 38 30 30 30 30 30 30 30 30 30 30 30 30 38 30 30 32 0d
              0x0205008C  cls=0x00 idx=2 dev=12

    5909.5ms  TX  ──►  [2.34]  54 30 32 30 35 30 30 38 63 38 30 30 30 30 30 30 30 30 30 30 30 30 38 30 30 32 0d
              0x0205008C  cls=0x00 idx=2 dev=12

    5940.5ms  TX  ──►  [2.34]  54 30 32 30 35 30 30 38 63 38 30 30 30 30 30 30 30 30 30 30 30 30 38 30 30 32 0d
              0x0205008C  cls=0x00 idx=2 dev=12

    5962.5ms  TX  ──►  [2.34]  54 30 32 30 35 33 38 30 63 35 62 65 30 31 30 30 30 30 30 30 0d
              0x0205380C  cls=0x0e idx=0 dev=12

    5962.8ms  RX  ◄──  [2.34]  54 30 32 30 35 33 38 34 63 37 62 65 30 34 30 31 30 30 30 30 30 30 30 30 0d 0a
              0x0205384C  cls=0x0e idx=1 dev=12

    5971.6ms  TX  ──►  [2.34]  54 30 32 30 35 30 30 38 63 38 30 30 30 30 30 30 30 30 30 30 30 30 38 30 30 32 0d
              0x0205008C  cls=0x00 idx=2 dev=12

    5983.7ms  TX  ──►  [2.34]  52 30 32 30 35 35 33 63 63 38 30 30 30 30 30 30 30 30 30 30 30 30 30 30 30 30 0d
              RAW: 'R020553cc80000000000000000'

    5983.8ms  TX  ──►  [2.34]  52 30 32 30 35 35 33 63 63 38 30 30 30 30 30 30 30 30 30 30 30 30 30 30 30 30 0d
              RAW: 'R020553cc80000000000000000'

    5984.0ms  RX  ◄──  [2.34]  54 30 32 30 35 35 33 63 63 38 30 31 30 30 30 30 30 30 30 30 30 30 30 30 30 30 0d 0a
              0x020553CC  cls=0x14 idx=15 dev=12

    5984.2ms  RX  ◄──  [2.34]  54 30 32 30 35 35 33 63 63 38 30 31 30 30 30 30 30 30 30 30 30 30 30 30 30 30 0d 0a
              0x020553CC  cls=0x14 idx=15 dev=12

    6002.3ms  TX  ──►  [2.34]  54 30 32 30 35 30 30 38 63 38 30 30 30 30 30 30 30 30 30 30 30 30 38 30 30 32 0d
              0x0205008C  cls=0x00 idx=2 dev=12

    6027.2ms  TX  ──►  [2.34]  54 30 32 30 35 30 30 38 63 38 30 30 30 30 30 30 30 30 30 30 30 30 38 30 30 32 0d
              0x0205008C  cls=0x00 idx=2 dev=12

    6057.7ms  TX  ──►  [2.34]  54 30 32 30 35 30 30 38 63 38 30 30 30 30 30 30 30 30 30 30 30 30 38 30 30 32 0d
              0x0205008C  cls=0x00 idx=2 dev=12

    6088.7ms  TX  ──►  [2.34]  54 30 32 30 35 30 30 38 63 38 30 30 30 30 30 30 30 30 30 30 30 30 38 30 30 32 0d
              0x0205008C  cls=0x00 idx=2 dev=12

    6119.3ms  TX  ──►  [2.34]  54 30 32 30 35 30 30 38 63 38 30 30 30 30 30 30 30 30 30 30 30 30 38 30 30 32 0d
              0x0205008C  cls=0x00 idx=2 dev=12

    6145.9ms  TX  ──►  [2.34]  54 30 32 30 35 30 30 38 63 38 30 30 30 30 30 30 30 30 30 30 30 30 38 30 30 32 0d
              0x0205008C  cls=0x00 idx=2 dev=12

    6176.1ms  TX  ──►  [2.34]  54 30 32 30 35 30 30 38 63 38 30 30 30 30 30 30 30 30 30 30 30 30 38 30 30 32 0d
              0x0205008C  cls=0x00 idx=2 dev=12

    6206.7ms  TX  ──►  [2.34]  54 30 32 30 35 30 30 38 63 38 30 30 30 30 30 30 30 30 30 30 30 30 38 30 30 32 0d
              0x0205008C  cls=0x00 idx=2 dev=12

    6229.8ms  TX  ──►  [2.34]  54 30 32 30 35 30 30 38 63 38 30 30 30 30 30 30 30 30 30 30 30 30 38 30 30 32 0d
              0x0205008C  cls=0x00 idx=2 dev=12

    6260.5ms  TX  ──►  [2.34]  54 30 32 30 35 30 30 38 63 38 30 30 30 30 30 30 30 30 30 30 30 30 38 30 30 32 0d
              0x0205008C  cls=0x00 idx=2 dev=12

    6291.1ms  TX  ──►  [2.34]  54 30 32 30 35 30 30 38 63 38 30 30 30 30 30 30 30 30 30 30 30 30 38 30 30 32 0d
              0x0205008C  cls=0x00 idx=2 dev=12

    6312.4ms  TX  ──►  [2.34]  54 30 32 30 35 30 30 38 63 38 30 30 30 30 30 30 30 30 30 30 30 30 38 30 30 32 0d
              0x0205008C  cls=0x00 idx=2 dev=12

    6343.2ms  TX  ──►  [2.34]  54 30 32 30 35 30 30 38 63 38 30 30 30 30 30 30 30 30 30 30 30 30 38 30 30 32 0d
              0x0205008C  cls=0x00 idx=2 dev=12

    6374.1ms  TX  ──►  [2.34]  54 30 32 30 35 30 30 38 63 38 30 30 30 30 30 30 30 30 30 30 30 30 38 30 30 32 0d
              0x0205008C  cls=0x00 idx=2 dev=12

    6395.7ms  TX  ──►  [2.34]  54 30 32 30 35 30 30 38 63 38 30 30 30 30 30 30 30 30 30 30 30 30 38 30 30 32 0d
              0x0205008C  cls=0x00 idx=2 dev=12

    6426.7ms  TX  ──►  [2.34]  54 30 32 30 35 30 30 38 63 38 30 30 30 30 30 30 30 30 30 30 30 30 38 30 30 32 0d
              0x0205008C  cls=0x00 idx=2 dev=12

    6457.6ms  TX  ──►  [2.34]  54 30 32 30 35 30 30 38 63 38 30 30 30 30 30 30 30 30 30 30 30 30 38 30 30 32 0d
              0x0205008C  cls=0x00 idx=2 dev=12

    6487.7ms  TX  ──►  [2.34]  54 30 32 30 35 30 30 38 63 38 30 30 30 30 30 30 30 30 30 30 30 30 38 30 30 32 0d
              0x0205008C  cls=0x00 idx=2 dev=12

    6510.7ms  TX  ──►  [2.34]  54 30 32 30 35 30 30 38 63 38 30 30 30 30 30 30 30 30 30 30 30 30 38 30 30 32 0d
              0x0205008C  cls=0x00 idx=2 dev=12

    6541.7ms  TX  ──►  [2.34]  54 30 32 30 35 30 30 38 63 38 30 30 30 30 30 30 30 30 30 30 30 30 38 30 30 32 0d
              0x0205008C  cls=0x00 idx=2 dev=12

    6545.9ms  TX  ──►  [2.34]  54 30 32 30 35 33 38 30 63 35 62 66 30 31 30 30 30 30 30 30 0d
              0x0205380C  cls=0x0e idx=0 dev=12

    6546.3ms  RX  ◄──  [2.34]  54 30 32 30 35 33 38 34 63 37 62 66 30 34 30 31 30 30 30 30 30 30 30 30 0d 0a
              0x0205384C  cls=0x0e idx=1 dev=12

    6564.5ms  TX  ──►  [2.34]  52 30 32 30 35 35 33 63 63 38 30 30 30 30 30 30 30 30 30 30 30 30 30 30 30 30 0d
              RAW: 'R020553cc80000000000000000'

    6564.6ms  TX  ──►  [2.34]  52 30 32 30 35 35 33 63 63 38 30 30 30 30 30 30 30 30 30 30 30 30 30 30 30 30 0d
              RAW: 'R020553cc80000000000000000'

    6564.9ms  RX  ◄──  [2.34]  54 30 32 30 35 35 33 63 63 38 30 31 30 30 30 30 30 30 30 31 30 30 30 30 30 30 0d 0a
              0x020553CC  cls=0x14 idx=15 dev=12

    6565.5ms  RX  ◄──  [2.34]  54 30 32 30 35 35 33 63 63 38 30 31 30 30 30 30 30 30 30 31 30 30 30 30 30 30 0d 0a
              0x020553CC  cls=0x14 idx=15 dev=12

    6572.7ms  TX  ──►  [2.34]  54 30 32 30 35 30 30 38 63 38 30 30 30 30 30 30 30 30 30 30 30 30 38 30 30 32 0d
              0x0205008C  cls=0x00 idx=2 dev=12

    6603.8ms  TX  ──►  [2.34]  54 30 32 30 35 30 30 38 63 38 30 30 30 30 30 30 30 30 30 30 30 30 38 30 30 32 0d
              0x0205008C  cls=0x00 idx=2 dev=12

    6635.1ms  TX  ──►  [2.34]  54 30 32 30 35 30 30 38 63 38 30 30 30 30 30 30 30 30 30 30 30 30 38 30 30 32 0d
              0x0205008C  cls=0x00 idx=2 dev=12

    6665.5ms  TX  ──►  [2.34]  54 30 32 30 35 30 30 38 63 38 30 30 30 30 30 30 30 30 30 30 30 30 38 30 30 32 0d
              0x0205008C  cls=0x00 idx=2 dev=12

    6696.2ms  TX  ──►  [2.34]  54 30 32 30 35 30 30 38 63 38 30 30 30 30 30 30 30 30 30 30 30 30 38 30 30 32 0d
              0x0205008C  cls=0x00 idx=2 dev=12

    6726.2ms  TX  ──►  [2.34]  54 30 32 30 35 30 30 38 63 38 30 30 30 30 30 30 30 30 30 30 30 30 38 30 30 32 0d
              0x0205008C  cls=0x00 idx=2 dev=12

    6756.5ms  TX  ──►  [2.34]  54 30 32 30 35 30 30 38 63 38 30 30 30 30 30 30 30 30 30 30 30 30 38 30 30 32 0d
              0x0205008C  cls=0x00 idx=2 dev=12

    6786.9ms  TX  ──►  [2.34]  54 30 32 30 35 30 30 38 63 38 30 30 30 30 30 30 30 30 30 30 30 30 38 30 30 32 0d
              0x0205008C  cls=0x00 idx=2 dev=12

    6811.7ms  TX  ──►  [2.34]  54 30 32 30 35 30 30 38 63 38 30 30 30 30 30 30 30 30 30 30 30 30 38 30 30 32 0d
              0x0205008C  cls=0x00 idx=2 dev=12

    6841.7ms  TX  ──►  [2.34]  54 30 32 30 35 30 30 38 63 38 30 30 30 30 30 30 30 30 30 30 30 30 38 30 30 32 0d
              0x0205008C  cls=0x00 idx=2 dev=12

    6872.3ms  TX  ──►  [2.34]  54 30 32 30 35 30 30 38 63 38 30 30 30 30 30 30 30 30 30 30 30 30 38 30 30 32 0d
              0x0205008C  cls=0x00 idx=2 dev=12

    6894.8ms  TX  ──►  [2.34]  54 30 32 30 35 30 30 38 63 38 30 30 30 30 30 30 30 30 30 30 30 30 38 30 30 32 0d
              0x0205008C  cls=0x00 idx=2 dev=12

    6925.0ms  TX  ──►  [2.34]  54 30 32 30 35 30 30 38 63 38 30 30 30 30 30 30 30 30 30 30 30 30 38 30 30 32 0d
              0x0205008C  cls=0x00 idx=2 dev=12

    6955.6ms  TX  ──►  [2.34]  54 30 32 30 35 30 30 38 63 38 30 30 30 30 30 30 30 30 30 30 30 30 38 30 30 32 0d
              0x0205008C  cls=0x00 idx=2 dev=12

    6986.0ms  TX  ──►  [2.34]  54 30 32 30 35 30 30 38 63 38 30 30 30 30 30 30 30 30 30 30 30 30 38 30 30 32 0d
              0x0205008C  cls=0x00 idx=2 dev=12

    7013.0ms  TX  ──►  [2.34]  54 30 32 30 35 30 30 38 63 38 30 30 30 30 30 30 30 30 30 30 30 30 38 30 30 32 0d
              0x0205008C  cls=0x00 idx=2 dev=12

    7043.5ms  TX  ──►  [2.34]  54 30 32 30 35 30 30 38 63 38 30 30 30 30 30 30 30 30 30 30 30 30 38 30 30 32 0d
              0x0205008C  cls=0x00 idx=2 dev=12

    7073.8ms  TX  ──►  [2.34]  54 30 32 30 35 30 30 38 63 38 30 30 30 30 30 30 30 30 30 30 30 30 38 30 30 32 0d
              0x0205008C  cls=0x00 idx=2 dev=12

    7095.4ms  TX  ──►  [2.34]  54 30 32 30 35 30 30 38 63 38 30 30 30 30 30 30 30 30 30 30 30 30 38 30 30 32 0d
              0x0205008C  cls=0x00 idx=2 dev=12

    7126.6ms  TX  ──►  [2.34]  54 30 32 30 35 30 30 38 63 38 30 30 30 30 30 30 30 30 30 30 30 30 38 30 30 32 0d
              0x0205008C  cls=0x00 idx=2 dev=12

    7157.0ms  TX  ──►  [2.34]  54 30 32 30 35 30 30 38 63 38 30 30 30 30 30 30 30 30 30 30 30 30 38 30 30 32 0d
              0x0205008C  cls=0x00 idx=2 dev=12

    7187.4ms  TX  ──►  [2.34]  54 30 32 30 35 30 30 38 63 38 30 30 30 30 30 30 30 30 30 30 30 30 38 30 30 32 0d
              0x0205008C  cls=0x00 idx=2 dev=12

    7218.7ms  TX  ──►  [2.34]  54 30 32 30 35 30 30 38 63 38 30 30 30 30 30 30 30 30 30 30 30 30 38 30 30 32 0d
              0x0205008C  cls=0x00 idx=2 dev=12

    7249.9ms  TX  ──►  [2.34]  54 30 32 30 35 30 30 38 63 38 30 30 30 30 30 30 30 30 30 30 30 30 38 30 30 32 0d
              0x0205008C  cls=0x00 idx=2 dev=12

    7258.9ms  TX  ──►  [2.34]  54 30 32 30 35 33 38 30 63 35 63 30 30 31 30 30 30 30 30 30 0d
              0x0205380C  cls=0x0e idx=0 dev=12

    7259.4ms  RX  ◄──  [2.34]  54 30 32 30 35 33 38 34 63 37 63 30 30 34 30 31 30 30 30 30 30 30 30 30 0d 0a
              0x0205384C  cls=0x0e idx=1 dev=12

    7275.7ms  TX  ──►  [2.34]  52 30 32 30 35 35 34 30 63 38 30 30 30 30 30 30 30 30 30 30 30 30 30 30 30 30 0d
              RAW: 'R0205540c80000000000000000'

    7275.9ms  TX  ──►  [2.34]  52 30 32 30 35 35 34 30 63 38 30 30 30 30 30 30 30 30 30 30 30 30 30 30 30 30 0d
              RAW: 'R0205540c80000000000000000'

    7276.1ms  RX  ◄──  [2.34]  54 30 32 30 35 35 34 30 63 38 30 31 30 30 30 30 30 30 30 30 30 30 30 30 30 30 0d 0a
              0x0205540C  cls=0x15 idx=0 dev=12

    7276.3ms  RX  ◄──  [2.34]  54 30 32 30 35 35 34 30 63 38 30 31 30 30 30 30 30 30 30 30 30 30 30 30 30 30 0d 0a
              0x0205540C  cls=0x15 idx=0 dev=12

    7280.1ms  TX  ──►  [2.34]  54 30 32 30 35 30 30 38 63 38 30 30 30 30 30 30 30 30 30 30 30 30 38 30 30 32 0d
              0x0205008C  cls=0x00 idx=2 dev=12

    7310.4ms  TX  ──►  [2.34]  54 30 32 30 35 30 30 38 63 38 30 30 30 30 30 30 30 30 30 30 30 30 38 30 30 32 0d
              0x0205008C  cls=0x00 idx=2 dev=12

    7340.9ms  TX  ──►  [2.34]  54 30 32 30 35 30 30 38 63 38 30 30 30 30 30 30 30 30 30 30 30 30 38 30 30 32 0d
              0x0205008C  cls=0x00 idx=2 dev=12

    7371.0ms  TX  ──►  [2.34]  54 30 32 30 35 30 30 38 63 38 30 30 30 30 30 30 30 30 30 30 30 30 38 30 30 32 0d
              0x0205008C  cls=0x00 idx=2 dev=12

    7402.3ms  TX  ──►  [2.34]  54 30 32 30 35 30 30 38 63 38 30 30 30 30 30 30 30 30 30 30 30 30 38 30 30 32 0d
              0x0205008C  cls=0x00 idx=2 dev=12

    7433.4ms  TX  ──►  [2.34]  54 30 32 30 35 30 30 38 63 38 30 30 30 30 30 30 30 30 30 30 30 30 38 30 30 32 0d
              0x0205008C  cls=0x00 idx=2 dev=12

    7464.0ms  TX  ──►  [2.34]  54 30 32 30 35 30 30 38 63 38 30 30 30 30 30 30 30 30 30 30 30 30 38 30 30 32 0d
              0x0205008C  cls=0x00 idx=2 dev=12

    7493.9ms  TX  ──►  [2.34]  54 30 32 30 35 30 30 38 63 38 30 30 30 30 30 30 30 30 30 30 30 30 38 30 30 32 0d
              0x0205008C  cls=0x00 idx=2 dev=12

    7524.2ms  TX  ──►  [2.34]  54 30 32 30 35 30 30 38 63 38 30 30 30 30 30 30 30 30 30 30 30 30 38 30 30 32 0d
              0x0205008C  cls=0x00 idx=2 dev=12

    7554.7ms  TX  ──►  [2.34]  54 30 32 30 35 30 30 38 63 38 30 30 30 30 30 30 30 30 30 30 30 30 38 30 30 32 0d
              0x0205008C  cls=0x00 idx=2 dev=12

    7585.4ms  TX  ──►  [2.34]  54 30 32 30 35 30 30 38 63 38 30 30 30 30 30 30 30 30 30 30 30 30 38 30 30 32 0d
              0x0205008C  cls=0x00 idx=2 dev=12

    7615.5ms  TX  ──►  [2.34]  54 30 32 30 35 30 30 38 63 38 30 30 30 30 30 30 30 30 30 30 30 30 38 30 30 32 0d
              0x0205008C  cls=0x00 idx=2 dev=12

    7645.8ms  TX  ──►  [2.34]  54 30 32 30 35 30 30 38 63 38 30 30 30 30 30 30 30 30 30 30 30 30 38 30 30 32 0d
              0x0205008C  cls=0x00 idx=2 dev=12

    7676.8ms  TX  ──►  [2.34]  54 30 32 30 35 30 30 38 63 38 30 30 30 30 30 30 30 30 30 30 30 30 38 30 30 32 0d
              0x0205008C  cls=0x00 idx=2 dev=12

    7706.6ms  TX  ──►  [2.34]  54 30 32 30 35 30 30 38 63 38 30 30 30 30 30 30 30 30 30 30 30 30 38 30 30 32 0d
              0x0205008C  cls=0x00 idx=2 dev=12

    7737.5ms  TX  ──►  [2.34]  54 30 32 30 35 30 30 38 63 38 30 30 30 30 30 30 30 30 30 30 30 30 38 30 30 32 0d
              0x0205008C  cls=0x00 idx=2 dev=12

    7768.0ms  TX  ──►  [2.34]  54 30 32 30 35 30 30 38 63 38 30 30 30 30 30 30 30 30 30 30 30 30 38 30 30 32 0d
              0x0205008C  cls=0x00 idx=2 dev=12

    7796.3ms  TX  ──►  [2.34]  54 30 32 30 35 30 30 38 63 38 30 30 30 30 30 30 30 30 30 30 30 30 38 30 30 32 0d
              0x0205008C  cls=0x00 idx=2 dev=12

    7826.5ms  TX  ──►  [2.34]  54 30 32 30 35 30 30 38 63 38 30 30 30 30 30 30 30 30 30 30 30 30 38 30 30 32 0d
              0x0205008C  cls=0x00 idx=2 dev=12

    7858.0ms  TX  ──►  [2.34]  54 30 32 30 35 30 30 38 63 38 30 30 30 30 30 30 30 30 30 30 30 30 38 30 30 32 0d
              0x0205008C  cls=0x00 idx=2 dev=12

    7887.7ms  TX  ──►  [2.34]  54 30 32 30 35 30 30 38 63 38 30 30 30 30 30 30 30 30 30 30 30 30 38 30 30 32 0d
              0x0205008C  cls=0x00 idx=2 dev=12

    7911.6ms  TX  ──►  [2.34]  54 30 32 30 35 30 30 38 63 38 30 30 30 30 30 30 30 30 30 30 30 30 38 30 30 32 0d
              0x0205008C  cls=0x00 idx=2 dev=12

    7941.3ms  TX  ──►  [2.34]  54 30 32 30 35 30 30 38 63 38 30 30 30 30 30 30 30 30 30 30 30 30 38 30 30 32 0d
              0x0205008C  cls=0x00 idx=2 dev=12

    7963.1ms  TX  ──►  [2.34]  54 30 32 30 35 30 30 38 63 38 30 30 30 30 30 30 30 30 30 30 30 30 38 30 30 32 0d
              0x0205008C  cls=0x00 idx=2 dev=12

    7993.6ms  TX  ──►  [2.34]  54 30 32 30 35 30 30 38 63 38 30 30 30 30 30 30 30 30 30 30 30 30 38 30 30 32 0d
              0x0205008C  cls=0x00 idx=2 dev=12

    8023.7ms  TX  ──►  [2.34]  54 30 32 30 35 30 30 38 63 38 30 30 30 30 30 30 30 30 30 30 30 30 38 30 30 32 0d
              0x0205008C  cls=0x00 idx=2 dev=12

    8045.8ms  TX  ──►  [2.34]  54 30 32 30 35 30 30 38 63 38 30 30 30 30 30 30 30 30 30 30 30 30 38 30 30 32 0d
              0x0205008C  cls=0x00 idx=2 dev=12

    8076.5ms  TX  ──►  [2.34]  54 30 32 30 35 30 30 38 63 38 30 30 30 30 30 30 30 30 30 30 30 30 38 30 30 32 0d
              0x0205008C  cls=0x00 idx=2 dev=12

    8107.8ms  TX  ──►  [2.34]  54 30 32 30 35 30 30 38 63 38 30 30 30 30 30 30 30 30 30 30 30 30 38 30 30 32 0d
              0x0205008C  cls=0x00 idx=2 dev=12

    8129.7ms  TX  ──►  [2.34]  54 30 32 30 35 30 30 38 63 38 30 30 30 30 30 30 30 30 30 30 30 30 38 30 30 32 0d
              0x0205008C  cls=0x00 idx=2 dev=12

    8160.6ms  TX  ──►  [2.34]  54 30 32 30 35 30 30 38 63 38 30 30 30 30 30 30 30 30 30 30 30 30 38 30 30 32 0d
              0x0205008C  cls=0x00 idx=2 dev=12

    8191.6ms  TX  ──►  [2.34]  54 30 32 30 35 30 30 38 63 38 30 30 30 30 30 30 30 30 30 30 30 30 38 30 30 32 0d
              0x0205008C  cls=0x00 idx=2 dev=12

    8212.8ms  TX  ──►  [2.34]  54 30 32 30 35 30 30 38 63 38 30 30 30 30 30 30 30 30 30 30 30 30 38 30 30 32 0d
              0x0205008C  cls=0x00 idx=2 dev=12

    8243.6ms  TX  ──►  [2.34]  54 30 32 30 35 30 30 38 63 38 30 30 30 30 30 30 30 30 30 30 30 30 38 30 30 32 0d
              0x0205008C  cls=0x00 idx=2 dev=12

    8274.7ms  TX  ──►  [2.34]  54 30 32 30 35 30 30 38 63 38 30 30 30 30 30 30 30 30 30 30 30 30 38 30 30 32 0d
              0x0205008C  cls=0x00 idx=2 dev=12

    8305.7ms  TX  ──►  [2.34]  54 30 32 30 35 30 30 38 63 38 30 30 30 30 30 30 30 30 30 30 30 30 38 30 30 32 0d
              0x0205008C  cls=0x00 idx=2 dev=12

    8328.2ms  TX  ──►  [2.34]  54 30 32 30 35 30 30 38 63 38 30 30 30 30 30 30 30 30 30 30 30 30 38 30 30 32 0d
              0x0205008C  cls=0x00 idx=2 dev=12

    8353.3ms  TX  ──►  [2.34]  54 30 32 30 35 33 38 30 63 35 63 31 30 31 30 30 30 30 30 30 0d
              0x0205380C  cls=0x0e idx=0 dev=12

    8353.6ms  RX  ◄──  [2.34]  54 30 32 30 35 33 38 34 63 37 63 31 30 34 30 31 30 30 30 30 30 30 30 30 0d 0a
              0x0205384C  cls=0x0e idx=1 dev=12

    8358.9ms  TX  ──►  [2.34]  54 30 32 30 35 30 30 38 63 38 30 30 30 30 30 30 30 30 30 30 30 30 38 30 30 32 0d
              0x0205008C  cls=0x00 idx=2 dev=12

    8370.4ms  TX  ──►  [2.34]  52 30 32 30 35 35 34 30 63 38 30 30 30 30 30 30 30 30 30 30 30 30 30 30 30 30 0d
              RAW: 'R0205540c80000000000000000'

    8370.6ms  TX  ──►  [2.34]  52 30 32 30 35 35 34 30 63 38 30 30 30 30 30 30 30 30 30 30 30 30 30 30 30 30 0d
              RAW: 'R0205540c80000000000000000'

    8370.9ms  RX  ◄──  [2.34]  54 30 32 30 35 35 34 30 63 38 30 31 30 30 30 30 30 30 30 31 30 30 30 30 30 30 0d 0a
              0x0205540C  cls=0x15 idx=0 dev=12

    8371.5ms  RX  ◄──  [2.34]  54 30 32 30 35 35 34 30 63 38 30 31 30 30 30 30 30 30 30 31 30 30 30 30 30 30 0d 0a
              0x0205540C  cls=0x15 idx=0 dev=12

    8390.3ms  TX  ──►  [2.34]  54 30 32 30 35 30 30 38 63 38 30 30 30 30 30 30 30 30 30 30 30 30 38 30 30 32 0d
              0x0205008C  cls=0x00 idx=2 dev=12

    8412.5ms  TX  ──►  [2.34]  54 30 32 30 35 30 30 38 63 38 30 30 30 30 30 30 30 30 30 30 30 30 38 30 30 32 0d
              0x0205008C  cls=0x00 idx=2 dev=12

    8443.9ms  TX  ──►  [2.34]  54 30 32 30 35 30 30 38 63 38 30 30 30 30 30 30 30 30 30 30 30 30 38 30 30 32 0d
              0x0205008C  cls=0x00 idx=2 dev=12

    8474.4ms  TX  ──►  [2.34]  54 30 32 30 35 30 30 38 63 38 30 30 30 30 30 30 30 30 30 30 30 30 38 30 30 32 0d
              0x0205008C  cls=0x00 idx=2 dev=12

    8505.6ms  TX  ──►  [2.34]  54 30 32 30 35 30 30 38 63 38 30 30 30 30 30 30 30 30 30 30 30 30 38 30 30 32 0d
              0x0205008C  cls=0x00 idx=2 dev=12

    8529.1ms  TX  ──►  [2.34]  54 30 32 30 35 30 30 38 63 38 30 30 30 30 30 30 30 30 30 30 30 30 38 30 30 32 0d
              0x0205008C  cls=0x00 idx=2 dev=12

    8560.1ms  TX  ──►  [2.34]  54 30 32 30 35 30 30 38 63 38 30 30 30 30 30 30 30 30 30 30 30 30 38 30 30 32 0d
              0x0205008C  cls=0x00 idx=2 dev=12

    8590.2ms  TX  ──►  [2.34]  54 30 32 30 35 30 30 38 63 38 30 30 30 30 30 30 30 30 30 30 30 30 38 30 30 32 0d
              0x0205008C  cls=0x00 idx=2 dev=12

    8620.5ms  TX  ──►  [2.34]  54 30 32 30 35 30 30 38 63 38 30 30 30 30 30 30 30 30 30 30 30 30 38 30 30 32 0d
              0x0205008C  cls=0x00 idx=2 dev=12

    8652.1ms  TX  ──►  [2.34]  54 30 32 30 35 30 30 38 63 38 30 30 30 30 30 30 30 30 30 30 30 30 38 30 30 32 0d
              0x0205008C  cls=0x00 idx=2 dev=12

    8679.0ms  TX  ──►  [2.34]  54 30 32 30 35 30 30 38 63 38 30 30 30 30 30 30 30 30 30 30 30 30 38 30 30 32 0d
              0x0205008C  cls=0x00 idx=2 dev=12

    8709.4ms  TX  ──►  [2.34]  54 30 32 30 35 30 30 38 63 38 30 30 30 30 30 30 30 30 30 30 30 30 38 30 30 32 0d
              0x0205008C  cls=0x00 idx=2 dev=12

    8739.7ms  TX  ──►  [2.34]  54 30 32 30 35 30 30 38 63 38 30 30 30 30 30 30 30 30 30 30 30 30 38 30 30 32 0d
              0x0205008C  cls=0x00 idx=2 dev=12

    8770.5ms  TX  ──►  [2.34]  54 30 32 30 35 30 30 38 63 38 30 30 30 30 30 30 30 30 30 30 30 30 38 30 30 32 0d
              0x0205008C  cls=0x00 idx=2 dev=12

    8800.4ms  TX  ──►  [2.34]  54 30 32 30 35 30 30 38 63 38 30 30 30 30 30 30 30 30 30 30 30 30 38 30 30 32 0d
              0x0205008C  cls=0x00 idx=2 dev=12

    8829.2ms  TX  ──►  [2.34]  54 30 32 30 35 30 30 38 63 38 30 30 30 30 30 30 30 30 30 30 30 30 38 30 30 32 0d
              0x0205008C  cls=0x00 idx=2 dev=12

    8859.3ms  TX  ──►  [2.34]  54 30 32 30 35 30 30 38 63 38 30 30 30 30 30 30 30 30 30 30 30 30 38 30 30 32 0d
              0x0205008C  cls=0x00 idx=2 dev=12

    8889.5ms  TX  ──►  [2.34]  54 30 32 30 35 30 30 38 63 38 30 30 30 30 30 30 30 30 30 30 30 30 38 30 30 32 0d
              0x0205008C  cls=0x00 idx=2 dev=12

    8919.6ms  TX  ──►  [2.34]  54 30 32 30 35 30 30 38 63 38 30 30 30 30 30 30 30 30 30 30 30 30 38 30 30 32 0d
              0x0205008C  cls=0x00 idx=2 dev=12

    8950.6ms  TX  ──►  [2.34]  54 30 32 30 35 30 30 38 63 38 30 30 30 30 30 30 30 30 30 30 30 30 38 30 30 32 0d
              0x0205008C  cls=0x00 idx=2 dev=12

    8969.6ms  TX  ──►  [2.34]  54 30 32 30 35 33 38 30 63 35 63 38 30 31 30 30 30 30 30 30 0d
              0x0205380C  cls=0x0e idx=0 dev=12

    8969.9ms  RX  ◄──  [2.34]  54 30 32 30 35 33 38 34 63 37 63 38 30 32 30 31 30 30 30 30 30 30 30 30 0d 0a
              0x0205384C  cls=0x0e idx=1 dev=12

    8981.4ms  TX  ──►  [2.34]  54 30 32 30 35 30 30 38 63 38 30 30 30 30 30 30 30 30 30 30 30 30 38 30 30 32 0d
              0x0205008C  cls=0x00 idx=2 dev=12

    8986.9ms  TX  ──►  [2.34]  52 30 32 30 35 35 35 30 63 38 30 30 30 30 30 30 30 30 30 30 30 30 30 30 30 30 0d
              RAW: 'R0205550c80000000000000000'

    8987.1ms  TX  ──►  [2.34]  52 30 32 30 35 35 35 30 63 38 30 30 30 30 30 30 30 30 30 30 30 30 30 30 30 30 0d
              RAW: 'R0205550c80000000000000000'

    8987.3ms  RX  ◄──  [2.34]  54 30 32 30 35 35 35 30 63 38 30 31 30 30 30 30 30 30 30 30 30 30 30 30 30 30 0d 0a
              0x0205550C  cls=0x15 idx=4 dev=12

    8987.6ms  RX  ◄──  [2.34]  54 30 32 30 35 35 35 30 63 38 30 31 30 30 30 30 30 30 30 30 30 30 30 30 30 30 0d 0a
              0x0205550C  cls=0x15 idx=4 dev=12

    9011.4ms  TX  ──►  [2.34]  54 30 32 30 35 30 30 38 63 38 30 30 30 30 30 30 30 30 30 30 30 30 38 30 30 32 0d
              0x0205008C  cls=0x00 idx=2 dev=12

    9042.8ms  TX  ──►  [2.34]  54 30 32 30 35 30 30 38 63 38 30 30 30 30 30 30 30 30 30 30 30 30 38 30 30 32 0d
              0x0205008C  cls=0x00 idx=2 dev=12

    9072.6ms  TX  ──►  [2.34]  54 30 32 30 35 30 30 38 63 38 30 30 30 30 30 30 30 30 30 30 30 30 38 30 30 32 0d
              0x0205008C  cls=0x00 idx=2 dev=12

    9102.5ms  TX  ──►  [2.34]  54 30 32 30 35 30 30 38 63 38 30 30 30 30 30 30 30 30 30 30 30 30 38 30 30 32 0d
              0x0205008C  cls=0x00 idx=2 dev=12

    9133.2ms  TX  ──►  [2.34]  54 30 32 30 35 30 30 38 63 38 30 30 30 30 30 30 30 30 30 30 30 30 38 30 30 32 0d
              0x0205008C  cls=0x00 idx=2 dev=12

    9163.7ms  TX  ──►  [2.34]  54 30 32 30 35 30 30 38 63 38 30 30 30 30 30 30 30 30 30 30 30 30 38 30 30 32 0d
              0x0205008C  cls=0x00 idx=2 dev=12

    9193.7ms  TX  ──►  [2.34]  54 30 32 30 35 30 30 38 63 38 30 30 30 30 30 30 30 30 30 30 30 30 38 30 30 32 0d
              0x0205008C  cls=0x00 idx=2 dev=12

    9224.0ms  TX  ──►  [2.34]  54 30 32 30 35 30 30 38 63 38 30 30 30 30 30 30 30 30 30 30 30 30 38 30 30 32 0d
              0x0205008C  cls=0x00 idx=2 dev=12

    9245.7ms  TX  ──►  [2.34]  54 30 32 30 35 30 30 38 63 38 30 30 30 30 30 30 30 30 30 30 30 30 38 30 30 32 0d
              0x0205008C  cls=0x00 idx=2 dev=12

    9276.6ms  TX  ──►  [2.34]  54 30 32 30 35 30 30 38 63 38 30 30 30 30 30 30 30 30 30 30 30 30 38 30 30 32 0d
              0x0205008C  cls=0x00 idx=2 dev=12

    9306.3ms  TX  ──►  [2.34]  54 30 32 30 35 30 30 38 63 38 30 30 30 30 30 30 30 30 30 30 30 30 38 30 30 32 0d
              0x0205008C  cls=0x00 idx=2 dev=12

    9329.1ms  TX  ──►  [2.34]  54 30 32 30 35 30 30 38 63 38 30 30 30 30 30 30 30 30 30 30 30 30 38 30 30 32 0d
              0x0205008C  cls=0x00 idx=2 dev=12

    9360.0ms  TX  ──►  [2.34]  54 30 32 30 35 30 30 38 63 38 30 30 30 30 30 30 30 30 30 30 30 30 38 30 30 32 0d
              0x0205008C  cls=0x00 idx=2 dev=12

    9391.7ms  TX  ──►  [2.34]  54 30 32 30 35 30 30 38 63 38 30 30 30 30 30 30 30 30 30 30 30 30 38 30 30 32 0d
              0x0205008C  cls=0x00 idx=2 dev=12

    9423.1ms  TX  ──►  [2.34]  54 30 32 30 35 30 30 38 63 38 30 30 30 30 30 30 30 30 30 30 30 30 38 30 30 32 0d
              0x0205008C  cls=0x00 idx=2 dev=12

    9453.9ms  TX  ──►  [2.34]  54 30 32 30 35 30 30 38 63 38 30 30 30 30 30 30 30 30 30 30 30 30 38 30 30 32 0d
              0x0205008C  cls=0x00 idx=2 dev=12

    9484.4ms  TX  ──►  [2.34]  54 30 32 30 35 30 30 38 63 38 30 30 30 30 30 30 30 30 30 30 30 30 38 30 30 32 0d
              0x0205008C  cls=0x00 idx=2 dev=12

    9514.8ms  TX  ──►  [2.34]  54 30 32 30 35 30 30 38 63 38 30 30 30 30 30 30 30 30 30 30 30 30 38 30 30 32 0d
              0x0205008C  cls=0x00 idx=2 dev=12

    9545.0ms  TX  ──►  [2.34]  54 30 32 30 35 30 30 38 63 38 30 30 30 30 30 30 30 30 30 30 30 30 38 30 30 32 0d
              0x0205008C  cls=0x00 idx=2 dev=12

    9575.5ms  TX  ──►  [2.34]  54 30 32 30 35 30 30 38 63 38 30 30 30 30 30 30 30 30 30 30 30 30 38 30 30 32 0d
              0x0205008C  cls=0x00 idx=2 dev=12

    9606.5ms  TX  ──►  [2.34]  54 30 32 30 35 30 30 38 63 38 30 30 30 30 30 30 30 30 30 30 30 30 38 30 30 32 0d
              0x0205008C  cls=0x00 idx=2 dev=12

    9629.8ms  TX  ──►  [2.34]  54 30 32 30 35 30 30 38 63 38 30 30 30 30 30 30 30 30 30 30 30 30 38 30 30 32 0d
              0x0205008C  cls=0x00 idx=2 dev=12

    9660.2ms  TX  ──►  [2.34]  54 30 32 30 35 30 30 38 63 38 30 30 30 30 30 30 30 30 30 30 30 30 38 30 30 32 0d
              0x0205008C  cls=0x00 idx=2 dev=12

    9690.6ms  TX  ──►  [2.34]  54 30 32 30 35 30 30 38 63 38 30 30 30 30 30 30 30 30 30 30 30 30 38 30 30 32 0d
              0x0205008C  cls=0x00 idx=2 dev=12

    9720.7ms  TX  ──►  [2.34]  54 30 32 30 35 30 30 38 63 38 30 30 30 30 30 30 30 30 30 30 30 30 38 30 30 32 0d
              0x0205008C  cls=0x00 idx=2 dev=12

    9744.8ms  TX  ──►  [2.34]  54 30 32 30 35 30 30 38 63 38 30 30 30 30 30 30 30 30 30 30 30 30 38 30 30 32 0d
              0x0205008C  cls=0x00 idx=2 dev=12

    9775.5ms  TX  ──►  [2.34]  54 30 32 30 35 30 30 38 63 38 30 30 30 30 30 30 30 30 30 30 30 30 38 30 30 32 0d
              0x0205008C  cls=0x00 idx=2 dev=12

    9806.3ms  TX  ──►  [2.34]  54 30 32 30 35 30 30 38 63 38 30 30 30 30 30 30 30 30 30 30 30 30 38 30 30 32 0d
              0x0205008C  cls=0x00 idx=2 dev=12

    9816.8ms  TX  ──►  [2.34]  54 30 32 30 35 33 38 30 63 35 65 31 30 31 30 30 30 30 30 30 0d
              0x0205380C  cls=0x0e idx=0 dev=12

    9817.5ms  RX  ◄──  [2.34]  54 30 32 30 35 33 38 34 63 37 65 31 30 32 30 31 30 30 30 30 30 30 30 30 0d 0a
              0x0205384C  cls=0x0e idx=1 dev=12

    9836.3ms  TX  ──►  [2.34]  54 30 32 30 35 30 30 38 63 38 30 30 30 30 30 30 30 30 30 30 30 30 38 30 30 32 0d
              0x0205008C  cls=0x00 idx=2 dev=12

    9836.5ms  TX  ──►  [2.34]  52 30 32 30 35 35 38 30 63 38 30 30 30 30 30 30 30 30 30 30 30 30 30 30 30 30 0d
              RAW: 'R0205580c80000000000000000'

    9836.6ms  TX  ──►  [2.34]  52 30 32 30 35 35 38 30 63 38 30 30 30 30 30 30 30 30 30 30 30 30 30 30 30 30 0d
              RAW: 'R0205580c80000000000000000'

    9836.9ms  RX  ◄──  [2.34]  54 30 32 30 35 35 38 30 63 38 36 34 30 30 30 30 30 30 30 31 30 30 30 30 30 30 0d 0a
              0x0205580C  cls=0x16 idx=0 dev=12

    9837.2ms  RX  ◄──  [2.34]  54 30 32 30 35 35 38 30 63 38 36 34 30 30 30 30 30 30 30 31 30 30 30 30 30 30 0d 0a
              0x0205580C  cls=0x16 idx=0 dev=12

    9861.8ms  TX  ──►  [2.34]  54 30 32 30 35 30 30 38 63 38 30 30 30 30 30 30 30 30 30 30 30 30 38 30 30 32 0d
              0x0205008C  cls=0x00 idx=2 dev=12

    9892.7ms  TX  ──►  [2.34]  54 30 32 30 35 30 30 38 63 38 30 30 30 30 30 30 30 30 30 30 30 30 38 30 30 32 0d
              0x0205008C  cls=0x00 idx=2 dev=12

    9923.8ms  TX  ──►  [2.34]  54 30 32 30 35 30 30 38 63 38 30 30 30 30 30 30 30 30 30 30 30 30 38 30 30 32 0d
              0x0205008C  cls=0x00 idx=2 dev=12

    9945.1ms  TX  ──►  [2.34]  54 30 32 30 35 30 30 38 63 38 30 30 30 30 30 30 30 30 30 30 30 30 38 30 30 32 0d
              0x0205008C  cls=0x00 idx=2 dev=12

    9976.3ms  TX  ──►  [2.34]  54 30 32 30 35 30 30 38 63 38 30 30 30 30 30 30 30 30 30 30 30 30 38 30 30 32 0d
              0x0205008C  cls=0x00 idx=2 dev=12

   10007.0ms  TX  ──►  [2.34]  54 30 32 30 35 30 30 38 63 38 30 30 30 30 30 30 30 30 30 30 30 30 38 30 30 32 0d
              0x0205008C  cls=0x00 idx=2 dev=12

   10028.5ms  TX  ──►  [2.34]  54 30 32 30 35 30 30 38 63 38 30 30 30 30 30 30 30 30 30 30 30 30 38 30 30 32 0d
              0x0205008C  cls=0x00 idx=2 dev=12

   10059.0ms  TX  ──►  [2.34]  54 30 32 30 35 30 30 38 63 38 30 30 30 30 30 30 30 30 30 30 30 30 38 30 30 32 0d
              0x0205008C  cls=0x00 idx=2 dev=12

   10089.7ms  TX  ──►  [2.34]  54 30 32 30 35 30 30 38 63 38 30 30 30 30 30 30 30 30 30 30 30 30 38 30 30 32 0d
              0x0205008C  cls=0x00 idx=2 dev=12

   10111.1ms  TX  ──►  [2.34]  54 30 32 30 35 30 30 38 63 38 30 30 30 30 30 30 30 30 30 30 30 30 38 30 30 32 0d
              0x0205008C  cls=0x00 idx=2 dev=12

   10141.9ms  TX  ──►  [2.34]  54 30 32 30 35 30 30 38 63 38 30 30 30 30 30 30 30 30 30 30 30 30 38 30 30 32 0d
              0x0205008C  cls=0x00 idx=2 dev=12

   10167.2ms  TX  ──►  [2.34]  54 30 32 30 35 30 30 38 63 38 30 30 30 30 30 30 30 30 30 30 30 30 38 30 30 32 0d
              0x0205008C  cls=0x00 idx=2 dev=12

   10197.9ms  TX  ──►  [2.34]  54 30 32 30 35 30 30 38 63 38 30 30 30 30 30 30 30 30 30 30 30 30 38 30 30 32 0d
              0x0205008C  cls=0x00 idx=2 dev=12

   10228.6ms  TX  ──►  [2.34]  54 30 32 30 35 30 30 38 63 38 30 30 30 30 30 30 30 30 30 30 30 30 38 30 30 32 0d
              0x0205008C  cls=0x00 idx=2 dev=12

   10259.4ms  TX  ──►  [2.34]  54 30 32 30 35 30 30 38 63 38 30 30 30 30 30 30 30 30 30 30 30 30 38 30 30 32 0d
              0x0205008C  cls=0x00 idx=2 dev=12

   10289.0ms  TX  ──►  [2.34]  54 30 32 30 35 30 30 38 63 38 30 30 30 30 30 30 30 30 30 30 30 30 38 30 30 32 0d
              0x0205008C  cls=0x00 idx=2 dev=12

   10311.0ms  TX  ──►  [2.34]  54 30 32 30 35 30 30 38 63 38 30 30 30 30 30 30 30 30 30 30 30 30 38 30 30 32 0d
              0x0205008C  cls=0x00 idx=2 dev=12

   10340.8ms  TX  ──►  [2.34]  54 30 32 30 35 30 30 38 63 38 30 30 30 30 30 30 30 30 30 30 30 30 38 30 30 32 0d
              0x0205008C  cls=0x00 idx=2 dev=12

   10371.1ms  TX  ──►  [2.34]  54 30 32 30 35 30 30 38 63 38 30 30 30 30 30 30 30 30 30 30 30 30 38 30 30 32 0d
              0x0205008C  cls=0x00 idx=2 dev=12

   10394.7ms  TX  ──►  [2.34]  54 30 32 30 35 30 30 38 63 38 30 30 30 30 30 30 30 30 30 30 30 30 38 30 30 32 0d
              0x0205008C  cls=0x00 idx=2 dev=12

   10425.3ms  TX  ──►  [2.34]  54 30 32 30 35 30 30 38 63 38 30 30 30 30 30 30 30 30 30 30 30 30 38 30 30 32 0d
              0x0205008C  cls=0x00 idx=2 dev=12

   10456.1ms  TX  ──►  [2.34]  54 30 32 30 35 30 30 38 63 38 30 30 30 30 30 30 30 30 30 30 30 30 38 30 30 32 0d
              0x0205008C  cls=0x00 idx=2 dev=12

   10479.2ms  TX  ──►  [2.34]  54 30 32 30 35 30 30 38 63 38 30 30 30 30 30 30 30 30 30 30 30 30 38 30 30 32 0d
              0x0205008C  cls=0x00 idx=2 dev=12

   10509.0ms  TX  ──►  [2.34]  54 30 32 30 35 30 30 38 63 38 30 30 30 30 30 30 30 30 30 30 30 30 38 30 30 32 0d
              0x0205008C  cls=0x00 idx=2 dev=12

   10539.6ms  TX  ──►  [2.34]  54 30 32 30 35 30 30 38 63 38 30 30 30 30 30 30 30 30 30 30 30 30 38 30 30 32 0d
              0x0205008C  cls=0x00 idx=2 dev=12

   10562.5ms  TX  ──►  [2.34]  54 30 32 30 35 30 30 38 63 38 30 30 30 30 30 30 30 30 30 30 30 30 38 30 30 32 0d
              0x0205008C  cls=0x00 idx=2 dev=12

   10594.0ms  TX  ──►  [2.34]  54 30 32 30 35 30 30 38 63 38 30 30 30 30 30 30 30 30 30 30 30 30 38 30 30 32 0d
              0x0205008C  cls=0x00 idx=2 dev=12

   10625.0ms  TX  ──►  [2.34]  54 30 32 30 35 30 30 38 63 38 30 30 30 30 30 30 30 30 30 30 30 30 38 30 30 32 0d
              0x0205008C  cls=0x00 idx=2 dev=12

   10655.8ms  TX  ──►  [2.34]  54 30 32 30 35 30 30 38 63 38 30 30 30 30 30 30 30 30 30 30 30 30 38 30 30 32 0d
              0x0205008C  cls=0x00 idx=2 dev=12

   10686.5ms  TX  ──►  [2.34]  54 30 32 30 35 30 30 38 63 38 30 30 30 30 30 30 30 30 30 30 30 30 38 30 30 32 0d
              0x0205008C  cls=0x00 idx=2 dev=12

   10718.1ms  TX  ──►  [2.34]  54 30 32 30 35 30 30 38 63 38 30 30 30 30 30 30 30 30 30 30 30 30 38 30 30 32 0d
              0x0205008C  cls=0x00 idx=2 dev=12

   10745.9ms  TX  ──►  [2.34]  54 30 32 30 35 30 30 38 63 38 30 30 30 30 30 30 30 30 30 30 30 30 38 30 30 32 0d
              0x0205008C  cls=0x00 idx=2 dev=12

   10777.1ms  TX  ──►  [2.34]  54 30 32 30 35 30 30 38 63 38 30 30 30 30 30 30 30 30 30 30 30 30 38 30 30 32 0d
              0x0205008C  cls=0x00 idx=2 dev=12

   10808.3ms  TX  ──►  [2.34]  54 30 32 30 35 30 30 38 63 38 30 30 30 30 30 30 30 30 30 30 30 30 38 30 30 32 0d
              0x0205008C  cls=0x00 idx=2 dev=12

   10838.5ms  TX  ──►  [2.34]  54 30 32 30 35 30 30 38 63 38 30 30 30 30 30 30 30 30 30 30 30 30 38 30 30 32 0d
              0x0205008C  cls=0x00 idx=2 dev=12

   10860.5ms  TX  ──►  [2.34]  54 30 32 30 35 30 30 38 63 38 30 30 30 30 30 30 30 30 30 30 30 30 38 30 30 32 0d
              0x0205008C  cls=0x00 idx=2 dev=12

   10891.7ms  TX  ──►  [2.34]  54 30 32 30 35 30 30 38 63 38 30 30 30 30 30 30 30 30 30 30 30 30 38 30 30 32 0d
              0x0205008C  cls=0x00 idx=2 dev=12

   10922.6ms  TX  ──►  [2.34]  54 30 32 30 35 30 30 38 63 38 30 30 30 30 30 30 30 30 30 30 30 30 38 30 30 32 0d
              0x0205008C  cls=0x00 idx=2 dev=12

   10953.9ms  TX  ──►  [2.34]  54 30 32 30 35 30 30 38 63 38 30 30 30 30 30 30 30 30 30 30 30 30 38 30 30 32 0d
              0x0205008C  cls=0x00 idx=2 dev=12

   10978.5ms  TX  ──►  [2.34]  54 30 32 30 35 30 30 38 63 38 30 30 30 30 30 30 30 30 30 30 30 30 38 30 30 32 0d
              0x0205008C  cls=0x00 idx=2 dev=12

   11009.7ms  TX  ──►  [2.34]  54 30 32 30 35 30 30 38 63 38 30 30 30 30 30 30 30 30 30 30 30 30 38 30 30 32 0d
              0x0205008C  cls=0x00 idx=2 dev=12

   11040.3ms  TX  ──►  [2.34]  54 30 32 30 35 30 30 38 63 38 30 30 30 30 30 30 30 30 30 30 30 30 38 30 30 32 0d
              0x0205008C  cls=0x00 idx=2 dev=12

   11062.4ms  TX  ──►  [2.34]  54 30 32 30 35 30 30 38 63 38 30 30 30 30 30 30 30 30 30 30 30 30 38 30 30 32 0d
              0x0205008C  cls=0x00 idx=2 dev=12

   11084.0ms  TX  ──►  [2.34]  54 30 32 30 35 30 30 38 63 38 30 30 30 30 30 30 30 30 30 30 30 30 38 30 30 32 0d
              0x0205008C  cls=0x00 idx=2 dev=12

   11111.9ms  TX  ──►  [2.34]  54 30 32 30 35 30 30 38 63 38 30 30 30 30 30 30 30 30 30 30 30 30 38 30 30 32 0d
              0x0205008C  cls=0x00 idx=2 dev=12

   11142.0ms  TX  ──►  [2.34]  54 30 32 30 35 30 30 38 63 38 30 30 30 30 30 30 30 30 30 30 30 30 38 30 30 32 0d
              0x0205008C  cls=0x00 idx=2 dev=12

   11160.8ms  TX  ──►  [2.34]  54 30 32 30 35 33 38 30 63 35 62 61 30 30 30 30 30 30 30 30 0d
              0x0205380C  cls=0x0e idx=0 dev=12

   11161.5ms  RX  ◄──  [2.34]  54 30 32 30 35 33 38 34 63 37 62 61 30 34 30 30 30 30 30 30 30 30 30 30 0d 0a
              0x0205384C  cls=0x0e idx=1 dev=12

   11172.2ms  TX  ──►  [2.34]  54 30 32 30 35 30 30 38 63 38 30 30 30 30 30 30 30 30 30 30 30 30 38 30 30 32 0d
              0x0205008C  cls=0x00 idx=2 dev=12

   11181.5ms  TX  ──►  [2.34]  52 30 32 30 35 35 33 34 63 38 30 30 30 30 30 30 30 30 30 30 30 30 30 30 30 30 0d
              RAW: 'R0205534c80000000000000000'

   11181.6ms  TX  ──►  [2.34]  52 30 32 30 35 35 33 34 63 38 30 30 30 30 30 30 30 30 30 30 30 30 30 30 30 30 0d
              RAW: 'R0205534c80000000000000000'

   11181.9ms  RX  ◄──  [2.34]  54 30 32 30 35 35 33 34 63 38 30 30 30 30 30 30 30 30 30 31 30 30 30 30 30 30 0d 0a
              0x0205534C  cls=0x14 idx=13 dev=12

   11182.2ms  RX  ◄──  [2.34]  54 30 32 30 35 35 33 34 63 38 30 30 30 30 30 30 30 30 30 31 30 30 30 30 30 30 0d 0a
              0x0205534C  cls=0x14 idx=13 dev=12

   11196.0ms  TX  ──►  [2.34]  54 30 32 30 35 30 30 38 63 38 30 30 30 30 30 30 30 30 30 30 30 30 38 30 30 32 0d
              0x0205008C  cls=0x00 idx=2 dev=12

   11226.3ms  TX  ──►  [2.34]  54 30 32 30 35 30 30 38 63 38 30 30 30 30 30 30 30 30 30 30 30 30 38 30 30 32 0d
              0x0205008C  cls=0x00 idx=2 dev=12

   11256.2ms  TX  ──►  [2.34]  54 30 32 30 35 30 30 38 63 38 30 30 30 30 30 30 30 30 30 30 30 30 38 30 30 32 0d
              0x0205008C  cls=0x00 idx=2 dev=12

   11286.5ms  TX  ──►  [2.34]  54 30 32 30 35 30 30 38 63 38 30 30 30 30 30 30 30 30 30 30 30 30 38 30 30 32 0d
              0x0205008C  cls=0x00 idx=2 dev=12

   11310.8ms  TX  ──►  [2.34]  54 30 32 30 35 30 30 38 63 38 30 30 30 30 30 30 30 30 30 30 30 30 38 30 30 32 0d
              0x0205008C  cls=0x00 idx=2 dev=12

   11341.9ms  TX  ──►  [2.34]  54 30 32 30 35 30 30 38 63 38 30 30 30 30 30 30 30 30 30 30 30 30 38 30 30 32 0d
              0x0205008C  cls=0x00 idx=2 dev=12

   11372.5ms  TX  ──►  [2.34]  54 30 32 30 35 30 30 38 63 38 30 30 30 30 30 30 30 30 30 30 30 30 38 30 30 32 0d
              0x0205008C  cls=0x00 idx=2 dev=12

   11403.6ms  TX  ──►  [2.34]  54 30 32 30 35 30 30 38 63 38 30 30 30 30 30 30 30 30 30 30 30 30 38 30 30 32 0d
              0x0205008C  cls=0x00 idx=2 dev=12

   11434.6ms  TX  ──►  [2.34]  54 30 32 30 35 30 30 38 63 38 30 30 30 30 30 30 30 30 30 30 30 30 38 30 30 32 0d
              0x0205008C  cls=0x00 idx=2 dev=12

   11464.9ms  TX  ──►  [2.34]  54 30 32 30 35 30 30 38 63 38 30 30 30 30 30 30 30 30 30 30 30 30 38 30 30 32 0d
              0x0205008C  cls=0x00 idx=2 dev=12

   11495.4ms  TX  ──►  [2.34]  54 30 32 30 35 30 30 38 63 38 30 30 30 30 30 30 30 30 30 30 30 30 38 30 30 32 0d
              0x0205008C  cls=0x00 idx=2 dev=12

   11525.4ms  TX  ──►  [2.34]  54 30 32 30 35 30 30 38 63 38 30 30 30 30 30 30 30 30 30 30 30 30 38 30 30 32 0d
              0x0205008C  cls=0x00 idx=2 dev=12

   11556.2ms  TX  ──►  [2.34]  54 30 32 30 35 30 30 38 63 38 30 30 30 30 30 30 30 30 30 30 30 30 38 30 30 32 0d
              0x0205008C  cls=0x00 idx=2 dev=12

   11579.1ms  TX  ──►  [2.34]  54 30 32 30 35 30 30 38 63 38 30 30 30 30 30 30 30 30 30 30 30 30 38 30 30 32 0d
              0x0205008C  cls=0x00 idx=2 dev=12

   11609.5ms  TX  ──►  [2.34]  54 30 32 30 35 30 30 38 63 38 30 30 30 30 30 30 30 30 30 30 30 30 38 30 30 32 0d
              0x0205008C  cls=0x00 idx=2 dev=12

   11640.7ms  TX  ──►  [2.34]  54 30 32 30 35 30 30 38 63 38 30 30 30 30 30 30 30 30 30 30 30 30 38 30 30 32 0d
              0x0205008C  cls=0x00 idx=2 dev=12

   11671.3ms  TX  ──►  [2.34]  54 30 32 30 35 30 30 38 63 38 30 30 30 30 30 30 30 30 30 30 30 30 38 30 30 32 0d
              0x0205008C  cls=0x00 idx=2 dev=12

   11702.8ms  TX  ──►  [2.34]  54 30 32 30 35 30 30 38 63 38 30 30 30 30 30 30 30 30 30 30 30 30 38 30 30 32 0d
              0x0205008C  cls=0x00 idx=2 dev=12

   11733.4ms  TX  ──►  [2.34]  54 30 32 30 35 30 30 38 63 38 30 30 30 30 30 30 30 30 30 30 30 30 38 30 30 32 0d
              0x0205008C  cls=0x00 idx=2 dev=12

   11761.6ms  TX  ──►  [2.34]  54 30 32 30 35 30 30 38 63 38 30 30 30 30 30 30 30 30 30 30 30 30 38 30 30 32 0d
              0x0205008C  cls=0x00 idx=2 dev=12

   11793.2ms  TX  ──►  [2.34]  54 30 32 30 35 30 30 38 63 38 30 30 30 30 30 30 30 30 30 30 30 30 38 30 30 32 0d
              0x0205008C  cls=0x00 idx=2 dev=12

   11824.4ms  TX  ──►  [2.34]  54 30 32 30 35 30 30 38 63 38 30 30 30 30 30 30 30 30 30 30 30 30 38 30 30 32 0d
              0x0205008C  cls=0x00 idx=2 dev=12

   11827.1ms  TX  ──►  [2.34]  54 30 32 30 35 33 38 30 63 35 62 62 30 30 30 30 30 30 30 30 0d
              0x0205380C  cls=0x0e idx=0 dev=12

   11827.5ms  RX  ◄──  [2.34]  54 30 32 30 35 33 38 34 63 37 62 62 30 34 30 30 30 30 30 30 30 30 30 30 0d 0a
              0x0205384C  cls=0x0e idx=1 dev=12

   11845.6ms  TX  ──►  [2.34]  52 30 32 30 35 35 33 34 63 38 30 30 30 30 30 30 30 30 30 30 30 30 30 30 30 30 0d
              RAW: 'R0205534c80000000000000000'

   11845.7ms  TX  ──►  [2.34]  52 30 32 30 35 35 33 34 63 38 30 30 30 30 30 30 30 30 30 30 30 30 30 30 30 30 0d
              RAW: 'R0205534c80000000000000000'

   11846.0ms  RX  ◄──  [2.34]  54 30 32 30 35 35 33 34 63 38 30 30 30 30 30 30 30 30 30 30 30 30 30 30 30 30 0d 0a
              0x0205534C  cls=0x14 idx=13 dev=12

   11846.2ms  RX  ◄──  [2.34]  54 30 32 30 35 35 33 34 63 38 30 30 30 30 30 30 30 30 30 30 30 30 30 30 30 30 0d 0a
              0x0205534C  cls=0x14 idx=13 dev=12

   11855.0ms  TX  ──►  [2.34]  54 30 32 30 35 30 30 38 63 38 30 30 30 30 30 30 30 30 30 30 30 30 38 30 30 32 0d
              0x0205008C  cls=0x00 idx=2 dev=12

   11879.2ms  TX  ──►  [2.34]  54 30 32 30 35 30 30 38 63 38 30 30 30 30 30 30 30 30 30 30 30 30 38 30 30 32 0d
              0x0205008C  cls=0x00 idx=2 dev=12

   11909.7ms  TX  ──►  [2.34]  54 30 32 30 35 30 30 38 63 38 30 30 30 30 30 30 30 30 30 30 30 30 38 30 30 32 0d
              0x0205008C  cls=0x00 idx=2 dev=12

   11940.3ms  TX  ──►  [2.34]  54 30 32 30 35 30 30 38 63 38 30 30 30 30 30 30 30 30 30 30 30 30 38 30 30 32 0d
              0x0205008C  cls=0x00 idx=2 dev=12

   11970.5ms  TX  ──►  [2.34]  54 30 32 30 35 30 30 38 63 38 30 30 30 30 30 30 30 30 30 30 30 30 38 30 30 32 0d
              0x0205008C  cls=0x00 idx=2 dev=12

   12000.8ms  TX  ──►  [2.34]  54 30 32 30 35 30 30 38 63 38 30 30 30 30 30 30 30 30 30 30 30 30 38 30 30 32 0d
              0x0205008C  cls=0x00 idx=2 dev=12

   12031.1ms  TX  ──►  [2.34]  54 30 32 30 35 30 30 38 63 38 30 30 30 30 30 30 30 30 30 30 30 30 38 30 30 32 0d
              0x0205008C  cls=0x00 idx=2 dev=12

   12061.0ms  TX  ──►  [2.34]  54 30 32 30 35 30 30 38 63 38 30 30 30 30 30 30 30 30 30 30 30 30 38 30 30 32 0d
              0x0205008C  cls=0x00 idx=2 dev=12

   12091.8ms  TX  ──►  [2.34]  54 30 32 30 35 30 30 38 63 38 30 30 30 30 30 30 30 30 30 30 30 30 38 30 30 32 0d
              0x0205008C  cls=0x00 idx=2 dev=12

   12122.5ms  TX  ──►  [2.34]  54 30 32 30 35 30 30 38 63 38 30 30 30 30 30 30 30 30 30 30 30 30 38 30 30 32 0d
              0x0205008C  cls=0x00 idx=2 dev=12

   12153.4ms  TX  ──►  [2.34]  54 30 32 30 35 30 30 38 63 38 30 30 30 30 30 30 30 30 30 30 30 30 38 30 30 32 0d
              0x0205008C  cls=0x00 idx=2 dev=12

   12185.1ms  TX  ──►  [2.34]  54 30 32 30 35 30 30 38 63 38 30 30 30 30 30 30 30 30 30 30 30 30 38 30 30 32 0d
              0x0205008C  cls=0x00 idx=2 dev=12

   12215.6ms  TX  ──►  [2.34]  54 30 32 30 35 30 30 38 63 38 30 30 30 30 30 30 30 30 30 30 30 30 38 30 30 32 0d
              0x0205008C  cls=0x00 idx=2 dev=12

   12243.9ms  TX  ──►  [2.34]  54 30 32 30 35 30 30 38 63 38 30 30 30 30 30 30 30 30 30 30 30 30 38 30 30 32 0d
              0x0205008C  cls=0x00 idx=2 dev=12

   12274.0ms  TX  ──►  [2.34]  54 30 32 30 35 30 30 38 63 38 30 30 30 30 30 30 30 30 30 30 30 30 38 30 30 32 0d
              0x0205008C  cls=0x00 idx=2 dev=12

   12295.7ms  TX  ──►  [2.34]  54 30 32 30 35 30 30 38 63 38 30 30 30 30 30 30 30 30 30 30 30 30 38 30 30 32 0d
              0x0205008C  cls=0x00 idx=2 dev=12

   12326.5ms  TX  ──►  [2.34]  54 30 32 30 35 30 30 38 63 38 30 30 30 30 30 30 30 30 30 30 30 30 38 30 30 32 0d
              0x0205008C  cls=0x00 idx=2 dev=12

   12356.7ms  TX  ──►  [2.34]  54 30 32 30 35 30 30 38 63 38 30 30 30 30 30 30 30 30 30 30 30 30 38 30 30 32 0d
              0x0205008C  cls=0x00 idx=2 dev=12

   12379.2ms  TX  ──►  [2.34]  54 30 32 30 35 30 30 38 63 38 30 30 30 30 30 30 30 30 30 30 30 30 38 30 30 32 0d
              0x0205008C  cls=0x00 idx=2 dev=12

   12410.1ms  TX  ──►  [2.34]  54 30 32 30 35 30 30 38 63 38 30 30 30 30 30 30 30 30 30 30 30 30 38 30 30 32 0d
              0x0205008C  cls=0x00 idx=2 dev=12

   12433.5ms  TX  ──►  [2.34]  54 30 32 30 35 33 38 30 63 35 62 63 30 30 30 30 30 30 30 30 0d
              0x0205380C  cls=0x0e idx=0 dev=12

   12433.8ms  RX  ◄──  [2.34]  54 30 32 30 35 33 38 34 63 37 62 63 30 34 30 30 30 30 30 30 30 30 30 30 0d 0a
              0x0205384C  cls=0x0e idx=1 dev=12

   12440.4ms  TX  ──►  [2.34]  54 30 32 30 35 30 30 38 63 38 30 30 30 30 30 30 30 30 30 30 30 30 38 30 30 32 0d
              0x0205008C  cls=0x00 idx=2 dev=12

   12453.7ms  TX  ──►  [2.34]  52 30 32 30 35 35 33 38 63 38 30 30 30 30 30 30 30 30 30 30 30 30 30 30 30 30 0d
              RAW: 'R0205538c80000000000000000'

   12453.8ms  TX  ──►  [2.34]  52 30 32 30 35 35 33 38 63 38 30 30 30 30 30 30 30 30 30 30 30 30 30 30 30 30 0d
              RAW: 'R0205538c80000000000000000'

   12454.0ms  RX  ◄──  [2.34]  54 30 32 30 35 35 33 38 63 38 30 30 30 30 30 30 30 30 30 31 30 30 30 30 30 30 0d 0a
              0x0205538C  cls=0x14 idx=14 dev=12

   12454.2ms  RX  ◄──  [2.34]  54 30 32 30 35 35 33 38 63 38 30 30 30 30 30 30 30 30 30 31 30 30 30 30 30 30 0d 0a
              0x0205538C  cls=0x14 idx=14 dev=12

   12470.6ms  TX  ──►  [2.34]  54 30 32 30 35 30 30 38 63 38 30 30 30 30 30 30 30 30 30 30 30 30 38 30 30 32 0d
              0x0205008C  cls=0x00 idx=2 dev=12

   12495.9ms  TX  ──►  [2.34]  54 30 32 30 35 30 30 38 63 38 30 30 30 30 30 30 30 30 30 30 30 30 38 30 30 32 0d
              0x0205008C  cls=0x00 idx=2 dev=12

   12526.6ms  TX  ──►  [2.34]  54 30 32 30 35 30 30 38 63 38 30 30 30 30 30 30 30 30 30 30 30 30 38 30 30 32 0d
              0x0205008C  cls=0x00 idx=2 dev=12

   12557.4ms  TX  ──►  [2.34]  54 30 32 30 35 30 30 38 63 38 30 30 30 30 30 30 30 30 30 30 30 30 38 30 30 32 0d
              0x0205008C  cls=0x00 idx=2 dev=12

   12587.0ms  TX  ──►  [2.34]  54 30 32 30 35 30 30 38 63 38 30 30 30 30 30 30 30 30 30 30 30 30 38 30 30 32 0d
              0x0205008C  cls=0x00 idx=2 dev=12

   12617.5ms  TX  ──►  [2.34]  54 30 32 30 35 30 30 38 63 38 30 30 30 30 30 30 30 30 30 30 30 30 38 30 30 32 0d
              0x0205008C  cls=0x00 idx=2 dev=12

   12644.4ms  TX  ──►  [2.34]  54 30 32 30 35 30 30 38 63 38 30 30 30 30 30 30 30 30 30 30 30 30 38 30 30 32 0d
              0x0205008C  cls=0x00 idx=2 dev=12

   12675.3ms  TX  ──►  [2.34]  54 30 32 30 35 30 30 38 63 38 30 30 30 30 30 30 30 30 30 30 30 30 38 30 30 32 0d
              0x0205008C  cls=0x00 idx=2 dev=12

   12705.9ms  TX  ──►  [2.34]  54 30 32 30 35 30 30 38 63 38 30 30 30 30 30 30 30 30 30 30 30 30 38 30 30 32 0d
              0x0205008C  cls=0x00 idx=2 dev=12

   12736.5ms  TX  ──►  [2.34]  54 30 32 30 35 30 30 38 63 38 30 30 30 30 30 30 30 30 30 30 30 30 38 30 30 32 0d
              0x0205008C  cls=0x00 idx=2 dev=12

   12761.2ms  TX  ──►  [2.34]  54 30 32 30 35 30 30 38 63 38 30 30 30 30 30 30 30 30 30 30 30 30 38 30 30 32 0d
              0x0205008C  cls=0x00 idx=2 dev=12

   12790.6ms  TX  ──►  [2.34]  54 30 32 30 35 30 30 38 63 38 30 30 30 30 30 30 30 30 30 30 30 30 38 30 30 32 0d
              0x0205008C  cls=0x00 idx=2 dev=12

   12821.1ms  TX  ──►  [2.34]  54 30 32 30 35 30 30 38 63 38 30 30 30 30 30 30 30 30 30 30 30 30 38 30 30 32 0d
              0x0205008C  cls=0x00 idx=2 dev=12

   12845.0ms  TX  ──►  [2.34]  54 30 32 30 35 30 30 38 63 38 30 30 30 30 30 30 30 30 30 30 30 30 38 30 30 32 0d
              0x0205008C  cls=0x00 idx=2 dev=12

   12875.9ms  TX  ──►  [2.34]  54 30 32 30 35 30 30 38 63 38 30 30 30 30 30 30 30 30 30 30 30 30 38 30 30 32 0d
              0x0205008C  cls=0x00 idx=2 dev=12

   12906.3ms  TX  ──►  [2.34]  54 30 32 30 35 30 30 38 63 38 30 30 30 30 30 30 30 30 30 30 30 30 38 30 30 32 0d
              0x0205008C  cls=0x00 idx=2 dev=12

   12936.8ms  TX  ──►  [2.34]  54 30 32 30 35 30 30 38 63 38 30 30 30 30 30 30 30 30 30 30 30 30 38 30 30 32 0d
              0x0205008C  cls=0x00 idx=2 dev=12

   12952.7ms  TX  ──►  [2.34]  54 30 32 30 35 33 38 30 63 35 62 64 30 30 30 30 30 30 30 30 0d
              0x0205380C  cls=0x0e idx=0 dev=12

   12953.1ms  RX  ◄──  [2.34]  54 30 32 30 35 33 38 34 63 37 62 64 30 34 30 30 30 30 30 30 30 30 30 30 0d 0a
              0x0205384C  cls=0x0e idx=1 dev=12

   12967.8ms  TX  ──►  [2.34]  54 30 32 30 35 30 30 38 63 38 30 30 30 30 30 30 30 30 30 30 30 30 38 30 30 32 0d
              0x0205008C  cls=0x00 idx=2 dev=12

   12975.5ms  TX  ──►  [2.34]  52 30 32 30 35 35 33 38 63 38 30 30 30 30 30 30 30 30 30 30 30 30 30 30 30 30 0d
              RAW: 'R0205538c80000000000000000'

   12975.7ms  TX  ──►  [2.34]  52 30 32 30 35 35 33 38 63 38 30 30 30 30 30 30 30 30 30 30 30 30 30 30 30 30 0d
              RAW: 'R0205538c80000000000000000'

   12975.8ms  RX  ◄──  [2.34]  54 30 32 30 35 35 33 38 63 38 30 30 30 30 30 30 30 30 30 30 30 30 30 30 30 30 0d 0a
              0x0205538C  cls=0x14 idx=14 dev=12

   12976.0ms  RX  ◄──  [2.34]  54 30 32 30 35 35 33 38 63 38 30 30 30 30 30 30 30 30 30 30 30 30 30 30 30 30 0d 0a
              0x0205538C  cls=0x14 idx=14 dev=12

   12998.7ms  TX  ──►  [2.34]  54 30 32 30 35 30 30 38 63 38 30 30 30 30 30 30 30 30 30 30 30 30 38 30 30 32 0d
              0x0205008C  cls=0x00 idx=2 dev=12

   13028.8ms  TX  ──►  [2.34]  54 30 32 30 35 30 30 38 63 38 30 30 30 30 30 30 30 30 30 30 30 30 38 30 30 32 0d
              0x0205008C  cls=0x00 idx=2 dev=12

   13059.0ms  TX  ──►  [2.34]  54 30 32 30 35 30 30 38 63 38 30 30 30 30 30 30 30 30 30 30 30 30 38 30 30 32 0d
              0x0205008C  cls=0x00 idx=2 dev=12

   13089.7ms  TX  ──►  [2.34]  54 30 32 30 35 30 30 38 63 38 30 30 30 30 30 30 30 30 30 30 30 30 38 30 30 32 0d
              0x0205008C  cls=0x00 idx=2 dev=12

   13120.5ms  TX  ──►  [2.34]  54 30 32 30 35 30 30 38 63 38 30 30 30 30 30 30 30 30 30 30 30 30 38 30 30 32 0d
              0x0205008C  cls=0x00 idx=2 dev=12

   13152.2ms  TX  ──►  [2.34]  54 30 32 30 35 30 30 38 63 38 30 30 30 30 30 30 30 30 30 30 30 30 38 30 30 32 0d
              0x0205008C  cls=0x00 idx=2 dev=12

   13182.3ms  TX  ──►  [2.34]  54 30 32 30 35 30 30 38 63 38 30 30 30 30 30 30 30 30 30 30 30 30 38 30 30 32 0d
              0x0205008C  cls=0x00 idx=2 dev=12

   13212.6ms  TX  ──►  [2.34]  54 30 32 30 35 30 30 38 63 38 30 30 30 30 30 30 30 30 30 30 30 30 38 30 30 32 0d
              0x0205008C  cls=0x00 idx=2 dev=12

   13242.7ms  TX  ──►  [2.34]  54 30 32 30 35 30 30 38 63 38 30 30 30 30 30 30 30 30 30 30 30 30 38 30 30 32 0d
              0x0205008C  cls=0x00 idx=2 dev=12

   13273.4ms  TX  ──►  [2.34]  54 30 32 30 35 30 30 38 63 38 30 30 30 30 30 30 30 30 30 30 30 30 38 30 30 32 0d
              0x0205008C  cls=0x00 idx=2 dev=12

   13303.5ms  TX  ──►  [2.34]  54 30 32 30 35 30 30 38 63 38 30 30 30 30 30 30 30 30 30 30 30 30 38 30 30 32 0d
              0x0205008C  cls=0x00 idx=2 dev=12

   13334.3ms  TX  ──►  [2.34]  54 30 32 30 35 30 30 38 63 38 30 30 30 30 30 30 30 30 30 30 30 30 38 30 30 32 0d
              0x0205008C  cls=0x00 idx=2 dev=12

   13365.0ms  TX  ──►  [2.34]  54 30 32 30 35 30 30 38 63 38 30 30 30 30 30 30 30 30 30 30 30 30 38 30 30 32 0d
              0x0205008C  cls=0x00 idx=2 dev=12

   13395.4ms  TX  ──►  [2.34]  54 30 32 30 35 30 30 38 63 38 30 30 30 30 30 30 30 30 30 30 30 30 38 30 30 32 0d
              0x0205008C  cls=0x00 idx=2 dev=12

   13425.0ms  TX  ──►  [2.34]  54 30 32 30 35 30 30 38 63 38 30 30 30 30 30 30 30 30 30 30 30 30 38 30 30 32 0d
              0x0205008C  cls=0x00 idx=2 dev=12

   13455.8ms  TX  ──►  [2.34]  54 30 32 30 35 30 30 38 63 38 30 30 30 30 30 30 30 30 30 30 30 30 38 30 30 32 0d
              0x0205008C  cls=0x00 idx=2 dev=12

   13487.0ms  TX  ──►  [2.34]  54 30 32 30 35 30 30 38 63 38 30 30 30 30 30 30 30 30 30 30 30 30 38 30 30 32 0d
              0x0205008C  cls=0x00 idx=2 dev=12

   13513.5ms  TX  ──►  [2.34]  54 30 32 30 35 33 38 30 63 35 62 65 30 30 30 30 30 30 30 30 0d
              0x0205380C  cls=0x0e idx=0 dev=12

   13513.9ms  RX  ◄──  [2.34]  54 30 32 30 35 33 38 34 63 37 62 65 30 34 30 30 30 30 30 30 30 30 30 30 0d 0a
              0x0205384C  cls=0x0e idx=1 dev=12

   13517.2ms  TX  ──►  [2.34]  54 30 32 30 35 30 30 38 63 38 30 30 30 30 30 30 30 30 30 30 30 30 38 30 30 32 0d
              0x0205008C  cls=0x00 idx=2 dev=12

   13537.2ms  TX  ──►  [2.34]  52 30 32 30 35 35 33 63 63 38 30 30 30 30 30 30 30 30 30 30 30 30 30 30 30 30 0d
              RAW: 'R020553cc80000000000000000'

   13537.3ms  TX  ──►  [2.34]  52 30 32 30 35 35 33 63 63 38 30 30 30 30 30 30 30 30 30 30 30 30 30 30 30 30 0d
              RAW: 'R020553cc80000000000000000'

   13537.6ms  RX  ◄──  [2.34]  54 30 32 30 35 35 33 63 63 38 30 30 30 30 30 30 30 30 30 31 30 30 30 30 30 30 0d 0a
              0x020553CC  cls=0x14 idx=15 dev=12

   13537.9ms  RX  ◄──  [2.34]  54 30 32 30 35 35 33 63 63 38 30 30 30 30 30 30 30 30 30 31 30 30 30 30 30 30 0d 0a
              0x020553CC  cls=0x14 idx=15 dev=12

   13545.8ms  TX  ──►  [2.34]  54 30 32 30 35 30 30 38 63 38 30 30 30 30 30 30 30 30 30 30 30 30 38 30 30 32 0d
              0x0205008C  cls=0x00 idx=2 dev=12

   13576.6ms  TX  ──►  [2.34]  54 30 32 30 35 30 30 38 63 38 30 30 30 30 30 30 30 30 30 30 30 30 38 30 30 32 0d
              0x0205008C  cls=0x00 idx=2 dev=12

   13606.1ms  TX  ──►  [2.34]  54 30 32 30 35 30 30 38 63 38 30 30 30 30 30 30 30 30 30 30 30 30 38 30 30 32 0d
              0x0205008C  cls=0x00 idx=2 dev=12

   13629.1ms  TX  ──►  [2.34]  54 30 32 30 35 30 30 38 63 38 30 30 30 30 30 30 30 30 30 30 30 30 38 30 30 32 0d
              0x0205008C  cls=0x00 idx=2 dev=12

   13660.3ms  TX  ──►  [2.34]  54 30 32 30 35 30 30 38 63 38 30 30 30 30 30 30 30 30 30 30 30 30 38 30 30 32 0d
              0x0205008C  cls=0x00 idx=2 dev=12

   13690.4ms  TX  ──►  [2.34]  54 30 32 30 35 30 30 38 63 38 30 30 30 30 30 30 30 30 30 30 30 30 38 30 30 32 0d
              0x0205008C  cls=0x00 idx=2 dev=12

   13721.2ms  TX  ──►  [2.34]  54 30 32 30 35 30 30 38 63 38 30 30 30 30 30 30 30 30 30 30 30 30 38 30 30 32 0d
              0x0205008C  cls=0x00 idx=2 dev=12

   13752.1ms  TX  ──►  [2.34]  54 30 32 30 35 30 30 38 63 38 30 30 30 30 30 30 30 30 30 30 30 30 38 30 30 32 0d
              0x0205008C  cls=0x00 idx=2 dev=12

   13782.7ms  TX  ──►  [2.34]  54 30 32 30 35 30 30 38 63 38 30 30 30 30 30 30 30 30 30 30 30 30 38 30 30 32 0d
              0x0205008C  cls=0x00 idx=2 dev=12

   13811.2ms  TX  ──►  [2.34]  54 30 32 30 35 30 30 38 63 38 30 30 30 30 30 30 30 30 30 30 30 30 38 30 30 32 0d
              0x0205008C  cls=0x00 idx=2 dev=12

   13841.5ms  TX  ──►  [2.34]  54 30 32 30 35 30 30 38 63 38 30 30 30 30 30 30 30 30 30 30 30 30 38 30 30 32 0d
              0x0205008C  cls=0x00 idx=2 dev=12

   13872.8ms  TX  ──►  [2.34]  54 30 32 30 35 30 30 38 63 38 30 30 30 30 30 30 30 30 30 30 30 30 38 30 30 32 0d
              0x0205008C  cls=0x00 idx=2 dev=12

   13894.2ms  TX  ──►  [2.34]  54 30 32 30 35 30 30 38 63 38 30 30 30 30 30 30 30 30 30 30 30 30 38 30 30 32 0d
              0x0205008C  cls=0x00 idx=2 dev=12

   13924.6ms  TX  ──►  [2.34]  54 30 32 30 35 30 30 38 63 38 30 30 30 30 30 30 30 30 30 30 30 30 38 30 30 32 0d
              0x0205008C  cls=0x00 idx=2 dev=12

   13955.8ms  TX  ──►  [2.34]  54 30 32 30 35 30 30 38 63 38 30 30 30 30 30 30 30 30 30 30 30 30 38 30 30 32 0d
              0x0205008C  cls=0x00 idx=2 dev=12

   13986.1ms  TX  ──►  [2.34]  54 30 32 30 35 30 30 38 63 38 30 30 30 30 30 30 30 30 30 30 30 30 38 30 30 32 0d
              0x0205008C  cls=0x00 idx=2 dev=12

   14016.7ms  TX  ──►  [2.34]  54 30 32 30 35 30 30 38 63 38 30 30 30 30 30 30 30 30 30 30 30 30 38 30 30 32 0d
              0x0205008C  cls=0x00 idx=2 dev=12

   14045.9ms  TX  ──►  [2.34]  54 30 32 30 35 30 30 38 63 38 30 30 30 30 30 30 30 30 30 30 30 30 38 30 30 32 0d
              0x0205008C  cls=0x00 idx=2 dev=12

   14053.4ms  TX  ──►  [2.34]  54 30 32 30 35 33 38 30 63 35 62 66 30 30 30 30 30 30 30 30 0d
              0x0205380C  cls=0x0e idx=0 dev=12

   14053.7ms  RX  ◄──  [2.34]  54 30 32 30 35 33 38 34 63 37 62 66 30 34 30 30 30 30 30 30 30 30 30 30 0d 0a
              0x0205384C  cls=0x0e idx=1 dev=12

   14074.1ms  TX  ──►  [2.34]  52 30 32 30 35 35 33 63 63 38 30 30 30 30 30 30 30 30 30 30 30 30 30 30 30 30 0d
              RAW: 'R020553cc80000000000000000'

   14074.3ms  TX  ──►  [2.34]  52 30 32 30 35 35 33 63 63 38 30 30 30 30 30 30 30 30 30 30 30 30 30 30 30 30 0d
              RAW: 'R020553cc80000000000000000'

   14074.5ms  RX  ◄──  [2.34]  54 30 32 30 35 35 33 63 63 38 30 30 30 30 30 30 30 30 30 30 30 30 30 30 30 30 0d 0a
              0x020553CC  cls=0x14 idx=15 dev=12

   14074.7ms  RX  ◄──  [2.34]  54 30 32 30 35 35 33 63 63 38 30 30 30 30 30 30 30 30 30 30 30 30 30 30 30 30 0d 0a
              0x020553CC  cls=0x14 idx=15 dev=12

   14076.7ms  TX  ──►  [2.34]  54 30 32 30 35 30 30 38 63 38 30 30 30 30 30 30 30 30 30 30 30 30 38 30 30 32 0d
              0x0205008C  cls=0x00 idx=2 dev=12

   14107.5ms  TX  ──►  [2.34]  54 30 32 30 35 30 30 38 63 38 30 30 30 30 30 30 30 30 30 30 30 30 38 30 30 32 0d
              0x0205008C  cls=0x00 idx=2 dev=12

   14137.3ms  TX  ──►  [2.34]  54 30 32 30 35 30 30 38 63 38 30 30 30 30 30 30 30 30 30 30 30 30 38 30 30 32 0d
              0x0205008C  cls=0x00 idx=2 dev=12

   14167.9ms  TX  ──►  [2.34]  54 30 32 30 35 30 30 38 63 38 30 30 30 30 30 30 30 30 30 30 30 30 38 30 30 32 0d
              0x0205008C  cls=0x00 idx=2 dev=12

   14198.8ms  TX  ──►  [2.34]  54 30 32 30 35 30 30 38 63 38 30 30 30 30 30 30 30 30 30 30 30 30 38 30 30 32 0d
              0x0205008C  cls=0x00 idx=2 dev=12

   14230.4ms  TX  ──►  [2.34]  54 30 32 30 35 30 30 38 63 38 30 30 30 30 30 30 30 30 30 30 30 30 38 30 30 32 0d
              0x0205008C  cls=0x00 idx=2 dev=12

   14260.3ms  TX  ──►  [2.34]  54 30 32 30 35 30 30 38 63 38 30 30 30 30 30 30 30 30 30 30 30 30 38 30 30 32 0d
              0x0205008C  cls=0x00 idx=2 dev=12

   14289.7ms  TX  ──►  [2.34]  54 30 32 30 35 30 30 38 63 38 30 30 30 30 30 30 30 30 30 30 30 30 38 30 30 32 0d
              0x0205008C  cls=0x00 idx=2 dev=12

   14320.7ms  TX  ──►  [2.34]  54 30 32 30 35 30 30 38 63 38 30 30 30 30 30 30 30 30 30 30 30 30 38 30 30 32 0d
              0x0205008C  cls=0x00 idx=2 dev=12

   14344.9ms  TX  ──►  [2.34]  54 30 32 30 35 30 30 38 63 38 30 30 30 30 30 30 30 30 30 30 30 30 38 30 30 32 0d
              0x0205008C  cls=0x00 idx=2 dev=12

   14375.3ms  TX  ──►  [2.34]  54 30 32 30 35 30 30 38 63 38 30 30 30 30 30 30 30 30 30 30 30 30 38 30 30 32 0d
              0x0205008C  cls=0x00 idx=2 dev=12

   14405.9ms  TX  ──►  [2.34]  54 30 32 30 35 30 30 38 63 38 30 30 30 30 30 30 30 30 30 30 30 30 38 30 30 32 0d
              0x0205008C  cls=0x00 idx=2 dev=12

   14435.9ms  TX  ──►  [2.34]  54 30 32 30 35 30 30 38 63 38 30 30 30 30 30 30 30 30 30 30 30 30 38 30 30 32 0d
              0x0205008C  cls=0x00 idx=2 dev=12

   14461.2ms  TX  ──►  [2.34]  54 30 32 30 35 30 30 38 63 38 30 30 30 30 30 30 30 30 30 30 30 30 38 30 30 32 0d
              0x0205008C  cls=0x00 idx=2 dev=12

   14491.5ms  TX  ──►  [2.34]  54 30 32 30 35 30 30 38 63 38 30 30 30 30 30 30 30 30 30 30 30 30 38 30 30 32 0d
              0x0205008C  cls=0x00 idx=2 dev=12

   14522.5ms  TX  ──►  [2.34]  54 30 32 30 35 30 30 38 63 38 30 30 30 30 30 30 30 30 30 30 30 30 38 30 30 32 0d
              0x0205008C  cls=0x00 idx=2 dev=12

   14544.4ms  TX  ──►  [2.34]  54 30 32 30 35 30 30 38 63 38 30 30 30 30 30 30 30 30 30 30 30 30 38 30 30 32 0d
              0x0205008C  cls=0x00 idx=2 dev=12

   14571.3ms  TX  ──►  [2.34]  54 30 32 30 35 33 38 30 63 35 63 30 30 30 30 30 30 30 30 30 0d
              0x0205380C  cls=0x0e idx=0 dev=12

   14571.7ms  RX  ◄──  [2.34]  54 30 32 30 35 33 38 34 63 37 63 30 30 34 30 30 30 30 30 30 30 30 30 30 0d 0a
              0x0205384C  cls=0x0e idx=1 dev=12

   14575.1ms  TX  ──►  [2.34]  54 30 32 30 35 30 30 38 63 38 30 30 30 30 30 30 30 30 30 30 30 30 38 30 30 32 0d
              0x0205008C  cls=0x00 idx=2 dev=12

   14590.9ms  TX  ──►  [2.34]  52 30 32 30 35 35 34 30 63 38 30 30 30 30 30 30 30 30 30 30 30 30 30 30 30 30 0d
              RAW: 'R0205540c80000000000000000'

   14591.0ms  TX  ──►  [2.34]  52 30 32 30 35 35 34 30 63 38 30 30 30 30 30 30 30 30 30 30 30 30 30 30 30 30 0d
              RAW: 'R0205540c80000000000000000'

   14591.3ms  RX  ◄──  [2.34]  54 30 32 30 35 35 34 30 63 38 30 30 30 30 30 30 30 30 30 31 30 30 30 30 30 30 0d 0a
              0x0205540C  cls=0x15 idx=0 dev=12

   14591.5ms  RX  ◄──  [2.34]  54 30 32 30 35 35 34 30 63 38 30 30 30 30 30 30 30 30 30 31 30 30 30 30 30 30 0d 0a
              0x0205540C  cls=0x15 idx=0 dev=12

   14605.7ms  TX  ──►  [2.34]  54 30 32 30 35 30 30 38 63 38 30 30 30 30 30 30 30 30 30 30 30 30 38 30 30 32 0d
              0x0205008C  cls=0x00 idx=2 dev=12

   14636.2ms  TX  ──►  [2.34]  54 30 32 30 35 30 30 38 63 38 30 30 30 30 30 30 30 30 30 30 30 30 38 30 30 32 0d
              0x0205008C  cls=0x00 idx=2 dev=12

   14666.0ms  TX  ──►  [2.34]  54 30 32 30 35 30 30 38 63 38 30 30 30 30 30 30 30 30 30 30 30 30 38 30 30 32 0d
              0x0205008C  cls=0x00 idx=2 dev=12

   14697.4ms  TX  ──►  [2.34]  54 30 32 30 35 30 30 38 63 38 30 30 30 30 30 30 30 30 30 30 30 30 38 30 30 32 0d
              0x0205008C  cls=0x00 idx=2 dev=12

   14727.8ms  TX  ──►  [2.34]  54 30 32 30 35 30 30 38 63 38 30 30 30 30 30 30 30 30 30 30 30 30 38 30 30 32 0d
              0x0205008C  cls=0x00 idx=2 dev=12

   14759.4ms  TX  ──►  [2.34]  54 30 32 30 35 30 30 38 63 38 30 30 30 30 30 30 30 30 30 30 30 30 38 30 30 32 0d
              0x0205008C  cls=0x00 idx=2 dev=12

   14790.6ms  TX  ──►  [2.34]  54 30 32 30 35 30 30 38 63 38 30 30 30 30 30 30 30 30 30 30 30 30 38 30 30 32 0d
              0x0205008C  cls=0x00 idx=2 dev=12

   14821.3ms  TX  ──►  [2.34]  54 30 32 30 35 30 30 38 63 38 30 30 30 30 30 30 30 30 30 30 30 30 38 30 30 32 0d
              0x0205008C  cls=0x00 idx=2 dev=12

   14852.0ms  TX  ──►  [2.34]  54 30 32 30 35 30 30 38 63 38 30 30 30 30 30 30 30 30 30 30 30 30 38 30 30 32 0d
              0x0205008C  cls=0x00 idx=2 dev=12

   14883.3ms  TX  ──►  [2.34]  54 30 32 30 35 30 30 38 63 38 30 30 30 30 30 30 30 30 30 30 30 30 38 30 30 32 0d
              0x0205008C  cls=0x00 idx=2 dev=12

   14913.7ms  TX  ──►  [2.34]  54 30 32 30 35 30 30 38 63 38 30 30 30 30 30 30 30 30 30 30 30 30 38 30 30 32 0d
              0x0205008C  cls=0x00 idx=2 dev=12

   14944.2ms  TX  ──►  [2.34]  54 30 32 30 35 30 30 38 63 38 30 30 30 30 30 30 30 30 30 30 30 30 38 30 30 32 0d
              0x0205008C  cls=0x00 idx=2 dev=12

   14974.4ms  TX  ──►  [2.34]  54 30 32 30 35 30 30 38 63 38 30 30 30 30 30 30 30 30 30 30 30 30 38 30 30 32 0d
              0x0205008C  cls=0x00 idx=2 dev=12

   15005.5ms  TX  ──►  [2.34]  54 30 32 30 35 30 30 38 63 38 30 30 30 30 30 30 30 30 30 30 30 30 38 30 30 32 0d
              0x0205008C  cls=0x00 idx=2 dev=12

   15036.0ms  TX  ──►  [2.34]  54 30 32 30 35 30 30 38 63 38 30 30 30 30 30 30 30 30 30 30 30 30 38 30 30 32 0d
              0x0205008C  cls=0x00 idx=2 dev=12

   15060.8ms  TX  ──►  [2.34]  54 30 32 30 35 30 30 38 63 38 30 30 30 30 30 30 30 30 30 30 30 30 38 30 30 32 0d
              0x0205008C  cls=0x00 idx=2 dev=12

   15091.3ms  TX  ──►  [2.34]  54 30 32 30 35 30 30 38 63 38 30 30 30 30 30 30 30 30 30 30 30 30 38 30 30 32 0d
              0x0205008C  cls=0x00 idx=2 dev=12

   15121.6ms  TX  ──►  [2.34]  54 30 32 30 35 30 30 38 63 38 30 30 30 30 30 30 30 30 30 30 30 30 38 30 30 32 0d
              0x0205008C  cls=0x00 idx=2 dev=12

   15144.5ms  TX  ──►  [2.34]  54 30 32 30 35 30 30 38 63 38 30 30 30 30 30 30 30 30 30 30 30 30 38 30 30 32 0d
              0x0205008C  cls=0x00 idx=2 dev=12

   15172.3ms  TX  ──►  [2.34]  54 30 32 30 35 33 38 30 63 35 63 31 30 30 30 30 30 30 30 30 0d
              0x0205380C  cls=0x0e idx=0 dev=12

   15172.6ms  RX  ◄──  [2.34]  54 30 32 30 35 33 38 34 63 37 63 31 30 34 30 30 30 30 30 30 30 30 30 30 0d 0a
              0x0205384C  cls=0x0e idx=1 dev=12

   15174.4ms  TX  ──►  [2.34]  54 30 32 30 35 30 30 38 63 38 30 30 30 30 30 30 30 30 30 30 30 30 38 30 30 32 0d
              0x0205008C  cls=0x00 idx=2 dev=12

   15195.4ms  TX  ──►  [2.34]  52 30 32 30 35 35 34 30 63 38 30 30 30 30 30 30 30 30 30 30 30 30 30 30 30 30 0d
              RAW: 'R0205540c80000000000000000'

   15195.6ms  TX  ──►  [2.34]  52 30 32 30 35 35 34 30 63 38 30 30 30 30 30 30 30 30 30 30 30 30 30 30 30 30 0d
              RAW: 'R0205540c80000000000000000'

   15195.8ms  RX  ◄──  [2.34]  54 30 32 30 35 35 34 30 63 38 30 30 30 30 30 30 30 30 30 30 30 30 30 30 30 30 0d 0a
              0x0205540C  cls=0x15 idx=0 dev=12

   15196.0ms  RX  ◄──  [2.34]  54 30 32 30 35 35 34 30 63 38 30 30 30 30 30 30 30 30 30 30 30 30 30 30 30 30 0d 0a
              0x0205540C  cls=0x15 idx=0 dev=12

   15204.1ms  TX  ──►  [2.34]  54 30 32 30 35 30 30 38 63 38 30 30 30 30 30 30 30 30 30 30 30 30 38 30 30 32 0d
              0x0205008C  cls=0x00 idx=2 dev=12

   15229.5ms  TX  ──►  [2.34]  54 30 32 30 35 30 30 38 63 38 30 30 30 30 30 30 30 30 30 30 30 30 38 30 30 32 0d
              0x0205008C  cls=0x00 idx=2 dev=12

   15259.3ms  TX  ──►  [2.34]  54 30 32 30 35 30 30 38 63 38 30 30 30 30 30 30 30 30 30 30 30 30 38 30 30 32 0d
              0x0205008C  cls=0x00 idx=2 dev=12

   15290.5ms  TX  ──►  [2.34]  54 30 32 30 35 30 30 38 63 38 30 30 30 30 30 30 30 30 30 30 30 30 38 30 30 32 0d
              0x0205008C  cls=0x00 idx=2 dev=12

   15321.8ms  TX  ──►  [2.34]  54 30 32 30 35 30 30 38 63 38 30 30 30 30 30 30 30 30 30 30 30 30 38 30 30 32 0d
              0x0205008C  cls=0x00 idx=2 dev=12

   15352.5ms  TX  ──►  [2.34]  54 30 32 30 35 30 30 38 63 38 30 30 30 30 30 30 30 30 30 30 30 30 38 30 30 32 0d
              0x0205008C  cls=0x00 idx=2 dev=12

   15383.3ms  TX  ──►  [2.34]  54 30 32 30 35 30 30 38 63 38 30 30 30 30 30 30 30 30 30 30 30 30 38 30 30 32 0d
              0x0205008C  cls=0x00 idx=2 dev=12

   15413.7ms  TX  ──►  [2.34]  54 30 32 30 35 30 30 38 63 38 30 30 30 30 30 30 30 30 30 30 30 30 38 30 30 32 0d
              0x0205008C  cls=0x00 idx=2 dev=12

   15444.5ms  TX  ──►  [2.34]  54 30 32 30 35 30 30 38 63 38 30 30 30 30 30 30 30 30 30 30 30 30 38 30 30 32 0d
              0x0205008C  cls=0x00 idx=2 dev=12

   15475.0ms  TX  ──►  [2.34]  54 30 32 30 35 30 30 38 63 38 30 30 30 30 30 30 30 30 30 30 30 30 38 30 30 32 0d
              0x0205008C  cls=0x00 idx=2 dev=12

   15505.7ms  TX  ──►  [2.34]  54 30 32 30 35 30 30 38 63 38 30 30 30 30 30 30 30 30 30 30 30 30 38 30 30 32 0d
              0x0205008C  cls=0x00 idx=2 dev=12

   15536.5ms  TX  ──►  [2.34]  54 30 32 30 35 30 30 38 63 38 30 30 30 30 30 30 30 30 30 30 30 30 38 30 30 32 0d
              0x0205008C  cls=0x00 idx=2 dev=12

   15561.4ms  TX  ──►  [2.34]  54 30 32 30 35 30 30 38 63 38 30 30 30 30 30 30 30 30 30 30 30 30 38 30 30 32 0d
              0x0205008C  cls=0x00 idx=2 dev=12

   15592.9ms  TX  ──►  [2.34]  54 30 32 30 35 30 30 38 63 38 30 30 30 30 30 30 30 30 30 30 30 30 38 30 30 32 0d
              0x0205008C  cls=0x00 idx=2 dev=12

   15622.9ms  TX  ──►  [2.34]  54 30 32 30 35 30 30 38 63 38 30 30 30 30 30 30 30 30 30 30 30 30 38 30 30 32 0d
              0x0205008C  cls=0x00 idx=2 dev=12

   15653.5ms  TX  ──►  [2.34]  54 30 32 30 35 30 30 38 63 38 30 30 30 30 30 30 30 30 30 30 30 30 38 30 30 32 0d
              0x0205008C  cls=0x00 idx=2 dev=12

   15683.8ms  TX  ──►  [2.34]  54 30 32 30 35 30 30 38 63 38 30 30 30 30 30 30 30 30 30 30 30 30 38 30 30 32 0d
              0x0205008C  cls=0x00 idx=2 dev=12

   15714.8ms  TX  ──►  [2.34]  54 30 32 30 35 30 30 38 63 38 30 30 30 30 30 30 30 30 30 30 30 30 38 30 30 32 0d
              0x0205008C  cls=0x00 idx=2 dev=12

   15744.7ms  TX  ──►  [2.34]  54 30 32 30 35 30 30 38 63 38 30 30 30 30 30 30 30 30 30 30 30 30 38 30 30 32 0d
              0x0205008C  cls=0x00 idx=2 dev=12

   15771.1ms  TX  ──►  [2.34]  54 30 32 30 35 33 38 30 63 35 63 38 30 30 30 30 30 30 30 30 0d
              0x0205380C  cls=0x0e idx=0 dev=12

   15771.5ms  RX  ◄──  [2.34]  54 30 32 30 35 33 38 34 63 37 63 38 30 32 30 30 30 30 30 30 30 30 30 30 0d 0a
              0x0205384C  cls=0x0e idx=1 dev=12

   15775.3ms  TX  ──►  [2.34]  54 30 32 30 35 30 30 38 63 38 30 30 30 30 30 30 30 30 30 30 30 30 38 30 30 32 0d
              0x0205008C  cls=0x00 idx=2 dev=12

   15790.1ms  TX  ──►  [2.34]  52 30 32 30 35 35 35 30 63 38 30 30 30 30 30 30 30 30 30 30 30 30 30 30 30 30 0d
              RAW: 'R0205550c80000000000000000'

   15790.2ms  TX  ──►  [2.34]  52 30 32 30 35 35 35 30 63 38 30 30 30 30 30 30 30 30 30 30 30 30 30 30 30 30 0d
              RAW: 'R0205550c80000000000000000'

   15790.5ms  RX  ◄──  [2.34]  54 30 32 30 35 35 35 30 63 38 30 30 30 30 30 30 30 30 30 30 30 30 30 30 30 30 0d 0a
              0x0205550C  cls=0x15 idx=4 dev=12

   15790.8ms  RX  ◄──  [2.34]  54 30 32 30 35 35 35 30 63 38 30 30 30 30 30 30 30 30 30 30 30 30 30 30 30 30 0d 0a
              0x0205550C  cls=0x15 idx=4 dev=12

   15806.1ms  TX  ──►  [2.34]  54 30 32 30 35 30 30 38 63 38 30 30 30 30 30 30 30 30 30 30 30 30 38 30 30 32 0d
              0x0205008C  cls=0x00 idx=2 dev=12

   15835.9ms  TX  ──►  [2.34]  54 30 32 30 35 30 30 38 63 38 30 30 30 30 30 30 30 30 30 30 30 30 38 30 30 32 0d
              0x0205008C  cls=0x00 idx=2 dev=12

   15866.0ms  TX  ──►  [2.34]  54 30 32 30 35 30 30 38 63 38 30 30 30 30 30 30 30 30 30 30 30 30 38 30 30 32 0d
              0x0205008C  cls=0x00 idx=2 dev=12

   15896.7ms  TX  ──►  [2.34]  54 30 32 30 35 30 30 38 63 38 30 30 30 30 30 30 30 30 30 30 30 30 38 30 30 32 0d
              0x0205008C  cls=0x00 idx=2 dev=12

   15926.7ms  TX  ──►  [2.34]  54 30 32 30 35 30 30 38 63 38 30 30 30 30 30 30 30 30 30 30 30 30 38 30 30 32 0d
              0x0205008C  cls=0x00 idx=2 dev=12

   15957.7ms  TX  ──►  [2.34]  54 30 32 30 35 30 30 38 63 38 30 30 30 30 30 30 30 30 30 30 30 30 38 30 30 32 0d
              0x0205008C  cls=0x00 idx=2 dev=12

   15979.1ms  TX  ──►  [2.34]  54 30 32 30 35 30 30 38 63 38 30 30 30 30 30 30 30 30 30 30 30 30 38 30 30 32 0d
              0x0205008C  cls=0x00 idx=2 dev=12

   16009.9ms  TX  ──►  [2.34]  54 30 32 30 35 30 30 38 63 38 30 30 30 30 30 30 30 30 30 30 30 30 38 30 30 32 0d
              0x0205008C  cls=0x00 idx=2 dev=12

   16041.3ms  TX  ──►  [2.34]  54 30 32 30 35 30 30 38 63 38 30 30 30 30 30 30 30 30 30 30 30 30 38 30 30 32 0d
              0x0205008C  cls=0x00 idx=2 dev=12

   16071.1ms  TX  ──►  [2.34]  54 30 32 30 35 30 30 38 63 38 30 30 30 30 30 30 30 30 30 30 30 30 38 30 30 32 0d
              0x0205008C  cls=0x00 idx=2 dev=12

   16102.0ms  TX  ──►  [2.34]  54 30 32 30 35 30 30 38 63 38 30 30 30 30 30 30 30 30 30 30 30 30 38 30 30 32 0d
              0x0205008C  cls=0x00 idx=2 dev=12

   16133.3ms  TX  ──►  [2.34]  54 30 32 30 35 30 30 38 63 38 30 30 30 30 30 30 30 30 30 30 30 30 38 30 30 32 0d
              0x0205008C  cls=0x00 idx=2 dev=12

   16163.9ms  TX  ──►  [2.34]  54 30 32 30 35 30 30 38 63 38 30 30 30 30 30 30 30 30 30 30 30 30 38 30 30 32 0d
              0x0205008C  cls=0x00 idx=2 dev=12

   16194.8ms  TX  ──►  [2.34]  54 30 32 30 35 30 30 38 63 38 30 30 30 30 30 30 30 30 30 30 30 30 38 30 30 32 0d
              0x0205008C  cls=0x00 idx=2 dev=12

   16225.5ms  TX  ──►  [2.34]  54 30 32 30 35 30 30 38 63 38 30 30 30 30 30 30 30 30 30 30 30 30 38 30 30 32 0d
              0x0205008C  cls=0x00 idx=2 dev=12

   16256.2ms  TX  ──►  [2.34]  54 30 32 30 35 30 30 38 63 38 30 30 30 30 30 30 30 30 30 30 30 30 38 30 30 32 0d
              0x0205008C  cls=0x00 idx=2 dev=12

   16286.8ms  TX  ──►  [2.34]  54 30 32 30 35 30 30 38 63 38 30 30 30 30 30 30 30 30 30 30 30 30 38 30 30 32 0d
              0x0205008C  cls=0x00 idx=2 dev=12

   16317.6ms  TX  ──►  [2.34]  54 30 32 30 35 30 30 38 63 38 30 30 30 30 30 30 30 30 30 30 30 30 38 30 30 32 0d
              0x0205008C  cls=0x00 idx=2 dev=12

   16348.5ms  TX  ──►  [2.34]  54 30 32 30 35 30 30 38 63 38 30 30 30 30 30 30 30 30 30 30 30 30 38 30 30 32 0d
              0x0205008C  cls=0x00 idx=2 dev=12

   16355.9ms  TX  ──►  [2.34]  54 30 32 30 35 33 38 30 63 35 65 31 30 30 30 30 30 30 30 30 0d
              0x0205380C  cls=0x0e idx=0 dev=12

   16356.2ms  RX  ◄──  [2.34]  54 30 32 30 35 33 38 34 63 37 65 31 30 32 30 30 30 30 30 30 30 30 30 30 0d 0a
              0x0205384C  cls=0x0e idx=1 dev=12

   16373.0ms  TX  ──►  [2.34]  52 30 32 30 35 35 38 30 63 38 30 30 30 30 30 30 30 30 30 30 30 30 30 30 30 30 0d
              RAW: 'R0205580c80000000000000000'

   16373.1ms  TX  ──►  [2.34]  52 30 32 30 35 35 38 30 63 38 30 30 30 30 30 30 30 30 30 30 30 30 30 30 30 30 0d
              RAW: 'R0205580c80000000000000000'

   16373.4ms  RX  ◄──  [2.34]  54 30 32 30 35 35 38 30 63 38 36 34 30 30 30 30 30 30 30 30 30 30 30 30 30 30 0d 0a
              0x0205580C  cls=0x16 idx=0 dev=12

   16373.7ms  RX  ◄──  [2.34]  54 30 32 30 35 35 38 30 63 38 36 34 30 30 30 30 30 30 30 30 30 30 30 30 30 30 0d 0a
              0x0205580C  cls=0x16 idx=0 dev=12

   16379.3ms  TX  ──►  [2.34]  54 30 32 30 35 30 30 38 63 38 30 30 30 30 30 30 30 30 30 30 30 30 38 30 30 32 0d
              0x0205008C  cls=0x00 idx=2 dev=12

   16410.4ms  TX  ──►  [2.34]  54 30 32 30 35 30 30 38 63 38 30 30 30 30 30 30 30 30 30 30 30 30 38 30 30 32 0d
              0x0205008C  cls=0x00 idx=2 dev=12

   16440.2ms  TX  ──►  [2.34]  54 30 32 30 35 30 30 38 63 38 30 30 30 30 30 30 30 30 30 30 30 30 38 30 30 32 0d
              0x0205008C  cls=0x00 idx=2 dev=12

   16470.7ms  TX  ──►  [2.34]  54 30 32 30 35 30 30 38 63 38 30 30 30 30 30 30 30 30 30 30 30 30 38 30 30 32 0d
              0x0205008C  cls=0x00 idx=2 dev=12

   16495.3ms  TX  ──►  [2.34]  54 30 32 30 35 30 30 38 63 38 30 30 30 30 30 30 30 30 30 30 30 30 38 30 30 32 0d
              0x0205008C  cls=0x00 idx=2 dev=12

   16515.8ms  TX  ──►  [2.34]  54 30 32 30 35 30 30 38 63 38 30 30 30 30 30 30 30 30 30 30 30 30 38 30 30 32 0d
              0x0205008C  cls=0x00 idx=2 dev=12

   16535.6ms  TX  ──►  [2.34]  54 30 32 30 35 30 30 38 63 38 30 30 30 30 30 30 30 30 30 30 30 30 38 30 30 32 0d
              0x0205008C  cls=0x00 idx=2 dev=12

   16566.0ms  TX  ──►  [2.34]  54 30 32 30 35 30 30 38 63 38 30 30 30 30 30 30 30 30 30 30 30 30 38 30 30 32 0d
              0x0205008C  cls=0x00 idx=2 dev=12

   16594.3ms  TX  ──►  [2.34]  54 30 32 30 35 30 30 38 63 38 30 30 30 30 30 30 30 30 30 30 30 30 38 30 30 32 0d
              0x0205008C  cls=0x00 idx=2 dev=12

   16624.1ms  TX  ──►  [2.34]  54 30 32 30 35 30 30 38 63 38 30 30 30 30 30 30 30 30 30 30 30 30 38 30 30 32 0d
              0x0205008C  cls=0x00 idx=2 dev=12

   16654.6ms  TX  ──►  [2.34]  54 30 32 30 35 30 30 38 63 38 30 30 30 30 30 30 30 30 30 30 30 30 38 30 30 32 0d
              0x0205008C  cls=0x00 idx=2 dev=12

   16684.8ms  TX  ──►  [2.34]  54 30 32 30 35 30 30 38 63 38 30 30 30 30 30 30 30 30 30 30 30 30 38 30 30 32 0d
              0x0205008C  cls=0x00 idx=2 dev=12

   16715.8ms  TX  ──►  [2.34]  54 30 32 30 35 30 30 38 63 38 30 30 30 30 30 30 30 30 30 30 30 30 38 30 30 32 0d
              0x0205008C  cls=0x00 idx=2 dev=12

   16746.5ms  TX  ──►  [2.34]  54 30 32 30 35 30 30 38 63 38 30 30 30 30 30 30 30 30 30 30 30 30 38 30 30 32 0d
              0x0205008C  cls=0x00 idx=2 dev=12

   16777.9ms  TX  ──►  [2.34]  54 30 32 30 35 30 30 38 63 38 30 30 30 30 30 30 30 30 30 30 30 30 38 30 30 32 0d
              0x0205008C  cls=0x00 idx=2 dev=12

   16808.0ms  TX  ──►  [2.34]  54 30 32 30 35 30 30 38 63 38 30 30 30 30 30 30 30 30 30 30 30 30 38 30 30 32 0d
              0x0205008C  cls=0x00 idx=2 dev=12

   16838.8ms  TX  ──►  [2.34]  54 30 32 30 35 30 30 38 63 38 30 30 30 30 30 30 30 30 30 30 30 30 38 30 30 32 0d
              0x0205008C  cls=0x00 idx=2 dev=12

   16861.9ms  TX  ──►  [2.34]  54 30 32 30 35 30 30 38 63 38 30 30 30 30 30 30 30 30 30 30 30 30 38 30 30 32 0d
              0x0205008C  cls=0x00 idx=2 dev=12

   16892.9ms  TX  ──►  [2.34]  54 30 32 30 35 30 30 38 63 38 30 30 30 30 30 30 30 30 30 30 30 30 38 30 30 32 0d
              0x0205008C  cls=0x00 idx=2 dev=12

   16924.1ms  TX  ──►  [2.34]  54 30 32 30 35 30 30 38 63 38 30 30 30 30 30 30 30 30 30 30 30 30 38 30 30 32 0d
              0x0205008C  cls=0x00 idx=2 dev=12

   16945.9ms  TX  ──►  [2.34]  54 30 32 30 35 30 30 38 63 38 30 30 30 30 30 30 30 30 30 30 30 30 38 30 30 32 0d
              0x0205008C  cls=0x00 idx=2 dev=12

   16976.9ms  TX  ──►  [2.34]  54 30 32 30 35 30 30 38 63 38 30 30 30 30 30 30 30 30 30 30 30 30 38 30 30 32 0d
              0x0205008C  cls=0x00 idx=2 dev=12

   17007.2ms  TX  ──►  [2.34]  54 30 32 30 35 30 30 38 63 38 30 30 30 30 30 30 30 30 30 30 30 30 38 30 30 32 0d
              0x0205008C  cls=0x00 idx=2 dev=12

   17037.8ms  TX  ──►  [2.34]  54 30 32 30 35 30 30 38 63 38 30 30 30 30 30 30 30 30 30 30 30 30 38 30 30 32 0d
              0x0205008C  cls=0x00 idx=2 dev=12

   17062.3ms  TX  ──►  [2.34]  54 30 32 30 35 30 30 38 63 38 30 30 30 30 30 30 30 30 30 30 30 30 38 30 30 32 0d
              0x0205008C  cls=0x00 idx=2 dev=12

   17092.6ms  TX  ──►  [2.34]  54 30 32 30 35 30 30 38 63 38 30 30 30 30 30 30 30 30 30 30 30 30 38 30 30 32 0d
              0x0205008C  cls=0x00 idx=2 dev=12

   17122.6ms  TX  ──►  [2.34]  54 30 32 30 35 30 30 38 63 38 30 30 30 30 30 30 30 30 30 30 30 30 38 30 30 32 0d
              0x0205008C  cls=0x00 idx=2 dev=12

   17144.0ms  TX  ──►  [2.34]  54 30 32 30 35 30 30 38 63 38 30 30 30 30 30 30 30 30 30 30 30 30 38 30 30 32 0d
              0x0205008C  cls=0x00 idx=2 dev=12

   17174.9ms  TX  ──►  [2.34]  54 30 32 30 35 30 30 38 63 38 30 30 30 30 30 30 30 30 30 30 30 30 38 30 30 32 0d
              0x0205008C  cls=0x00 idx=2 dev=12

   17205.6ms  TX  ──►  [2.34]  54 30 32 30 35 30 30 38 63 38 30 30 30 30 30 30 30 30 30 30 30 30 38 30 30 32 0d
              0x0205008C  cls=0x00 idx=2 dev=12

   17228.1ms  TX  ──►  [2.34]  54 30 32 30 35 30 30 38 63 38 30 30 30 30 30 30 30 30 30 30 30 30 38 30 30 32 0d
              0x0205008C  cls=0x00 idx=2 dev=12

   17258.7ms  TX  ──►  [2.34]  54 30 32 30 35 30 30 38 63 38 30 30 30 30 30 30 30 30 30 30 30 30 38 30 30 32 0d
              0x0205008C  cls=0x00 idx=2 dev=12

   17279.5ms  TX  ──►  [2.34]  54 30 32 30 35 30 30 38 63 38 30 30 30 30 30 30 30 30 30 30 30 30 38 30 30 32 0d
              0x0205008C  cls=0x00 idx=2 dev=12

   17309.8ms  TX  ──►  [2.34]  54 30 32 30 35 30 30 38 63 38 30 30 30 30 30 30 30 30 30 30 30 30 38 30 30 32 0d
              0x0205008C  cls=0x00 idx=2 dev=12

   17339.6ms  TX  ──►  [2.34]  54 30 32 30 35 30 30 38 63 38 30 30 30 30 30 30 30 30 30 30 30 30 38 30 30 32 0d
              0x0205008C  cls=0x00 idx=2 dev=12

   17361.6ms  TX  ──►  [2.34]  54 30 32 30 35 30 30 38 63 38 30 30 30 30 30 30 30 30 30 30 30 30 38 30 30 32 0d
              0x0205008C  cls=0x00 idx=2 dev=12

   17392.5ms  TX  ──►  [2.34]  54 30 32 30 35 30 30 38 63 38 30 30 30 30 30 30 30 30 30 30 30 30 38 30 30 32 0d
              0x0205008C  cls=0x00 idx=2 dev=12

   17422.4ms  TX  ──►  [2.34]  54 30 32 30 35 30 30 38 63 38 30 30 30 30 30 30 30 30 30 30 30 30 38 30 30 32 0d
              0x0205008C  cls=0x00 idx=2 dev=12

   17453.3ms  TX  ──►  [2.34]  54 30 32 30 35 30 30 38 63 38 30 30 30 30 30 30 30 30 30 30 30 30 38 30 30 32 0d
              0x0205008C  cls=0x00 idx=2 dev=12

   17483.7ms  TX  ──►  [2.34]  54 30 32 30 35 30 30 38 63 38 30 30 30 30 30 30 30 30 30 30 30 30 38 30 30 32 0d
              0x0205008C  cls=0x00 idx=2 dev=12

   17512.0ms  TX  ──►  [2.34]  54 30 32 30 35 30 30 38 63 38 30 30 30 30 30 30 30 30 30 30 30 30 38 30 30 32 0d
              0x0205008C  cls=0x00 idx=2 dev=12

   17542.4ms  TX  ──►  [2.34]  54 30 32 30 35 30 30 38 63 38 30 30 30 30 30 30 30 30 30 30 30 30 38 30 30 32 0d
              0x0205008C  cls=0x00 idx=2 dev=12

   17572.8ms  TX  ──►  [2.34]  54 30 32 30 35 30 30 38 63 38 30 30 30 30 30 30 30 30 30 30 30 30 38 30 30 32 0d
              0x0205008C  cls=0x00 idx=2 dev=12

   17595.8ms  TX  ──►  [2.34]  54 30 32 30 35 30 30 38 63 38 30 30 30 30 30 30 30 30 30 30 30 30 38 30 30 32 0d
              0x0205008C  cls=0x00 idx=2 dev=12

   17626.2ms  TX  ──►  [2.34]  54 30 32 30 35 30 30 38 63 38 30 30 30 30 30 30 30 30 30 30 30 30 38 30 30 32 0d
              0x0205008C  cls=0x00 idx=2 dev=12

   17656.1ms  TX  ──►  [2.34]  54 30 32 30 35 30 30 38 63 38 30 30 30 30 30 30 30 30 30 30 30 30 38 30 30 32 0d
              0x0205008C  cls=0x00 idx=2 dev=12

   17678.4ms  TX  ──►  [2.34]  54 30 32 30 35 30 30 38 63 38 30 30 30 30 30 30 30 30 30 30 30 30 38 30 30 32 0d
              0x0205008C  cls=0x00 idx=2 dev=12

   17708.8ms  TX  ──►  [2.34]  54 30 32 30 35 30 30 38 63 38 30 30 30 30 30 30 30 30 30 30 30 30 38 30 30 32 0d
              0x0205008C  cls=0x00 idx=2 dev=12

   17739.6ms  TX  ──►  [2.34]  54 30 32 30 35 30 30 38 63 38 30 30 30 30 30 30 30 30 30 30 30 30 38 30 30 32 0d
              0x0205008C  cls=0x00 idx=2 dev=12

   17761.7ms  TX  ──►  [2.34]  54 30 32 30 35 30 30 38 63 38 30 30 30 30 30 30 30 30 30 30 30 30 38 30 30 32 0d
              0x0205008C  cls=0x00 idx=2 dev=12

   17792.9ms  TX  ──►  [2.34]  54 30 32 30 35 30 30 38 63 38 30 30 30 30 30 30 30 30 30 30 30 30 38 30 30 32 0d
              0x0205008C  cls=0x00 idx=2 dev=12

   17823.6ms  TX  ──►  [2.34]  54 30 32 30 35 30 30 38 63 38 30 30 30 30 30 30 30 30 30 30 30 30 38 30 30 32 0d
              0x0205008C  cls=0x00 idx=2 dev=12

   17845.7ms  TX  ──►  [2.34]  54 30 32 30 35 30 30 38 63 38 30 30 30 30 30 30 30 30 30 30 30 30 38 30 30 32 0d
              0x0205008C  cls=0x00 idx=2 dev=12

   17876.7ms  TX  ──►  [2.34]  54 30 32 30 35 30 30 38 63 38 30 30 30 30 30 30 30 30 30 30 30 30 38 30 30 32 0d
              0x0205008C  cls=0x00 idx=2 dev=12

   17907.6ms  TX  ──►  [2.34]  54 30 32 30 35 30 30 38 63 38 30 30 30 30 30 30 30 30 30 30 30 30 38 30 30 32 0d
              0x0205008C  cls=0x00 idx=2 dev=12

   17927.9ms  TX  ──►  [2.34]  54 30 32 30 35 30 30 38 63 38 30 30 30 30 30 30 30 30 30 30 30 30 38 30 30 32 0d
              0x0205008C  cls=0x00 idx=2 dev=12

   17958.8ms  TX  ──►  [2.34]  54 30 32 30 35 30 30 38 63 38 30 30 30 30 30 30 30 30 30 30 30 30 38 30 30 32 0d
              0x0205008C  cls=0x00 idx=2 dev=12

   17988.7ms  TX  ──►  [2.34]  54 30 32 30 35 30 30 38 63 38 30 30 30 30 30 30 30 30 30 30 30 30 38 30 30 32 0d
              0x0205008C  cls=0x00 idx=2 dev=12

   18012.3ms  TX  ──►  [2.34]  54 30 32 30 35 30 30 38 63 38 30 30 30 30 30 30 30 30 30 30 30 30 38 30 30 32 0d
              0x0205008C  cls=0x00 idx=2 dev=12

   18043.1ms  TX  ──►  [2.34]  54 30 32 30 35 30 30 38 63 38 30 30 30 30 30 30 30 30 30 30 30 30 38 30 30 32 0d
              0x0205008C  cls=0x00 idx=2 dev=12

   18073.9ms  TX  ──►  [2.34]  54 30 32 30 35 30 30 38 63 38 30 30 30 30 30 30 30 30 30 30 30 30 38 30 30 32 0d
              0x0205008C  cls=0x00 idx=2 dev=12

   18095.0ms  TX  ──►  [2.34]  54 30 32 30 35 30 30 38 63 38 30 30 30 30 30 30 30 30 30 30 30 30 38 30 30 32 0d
              0x0205008C  cls=0x00 idx=2 dev=12

   18125.7ms  TX  ──►  [2.34]  54 30 32 30 35 30 30 38 63 38 30 30 30 30 30 30 30 30 30 30 30 30 38 30 30 32 0d
              0x0205008C  cls=0x00 idx=2 dev=12

   18156.0ms  TX  ──►  [2.34]  54 30 32 30 35 30 30 38 63 38 30 30 30 30 30 30 30 30 30 30 30 30 38 30 30 32 0d
              0x0205008C  cls=0x00 idx=2 dev=12

   18179.1ms  TX  ──►  [2.34]  54 30 32 30 35 30 30 38 63 38 30 30 30 30 30 30 30 30 30 30 30 30 38 30 30 32 0d
              0x0205008C  cls=0x00 idx=2 dev=12

   18209.9ms  TX  ──►  [2.34]  54 30 32 30 35 30 30 38 63 38 30 30 30 30 30 30 30 30 30 30 30 30 38 30 30 32 0d
              0x0205008C  cls=0x00 idx=2 dev=12

   18241.0ms  TX  ──►  [2.34]  54 30 32 30 35 30 30 38 63 38 30 30 30 30 30 30 30 30 30 30 30 30 38 30 30 32 0d
              0x0205008C  cls=0x00 idx=2 dev=12

   18262.6ms  TX  ──►  [2.34]  54 30 32 30 35 30 30 38 63 38 30 30 30 30 30 30 30 30 30 30 30 30 38 30 30 32 0d
              0x0205008C  cls=0x00 idx=2 dev=12

   18293.6ms  TX  ──►  [2.34]  54 30 32 30 35 30 30 38 63 38 30 30 30 30 30 30 30 30 30 30 30 30 38 30 30 32 0d
              0x0205008C  cls=0x00 idx=2 dev=12

   18324.4ms  TX  ──►  [2.34]  54 30 32 30 35 30 30 38 63 38 30 30 30 30 30 30 30 30 30 30 30 30 38 30 30 32 0d
              0x0205008C  cls=0x00 idx=2 dev=12

   18345.9ms  TX  ──►  [2.34]  54 30 32 30 35 30 30 38 63 38 30 30 30 30 30 30 30 30 30 30 30 30 38 30 30 32 0d
              0x0205008C  cls=0x00 idx=2 dev=12

   18377.5ms  TX  ──►  [2.34]  54 30 32 30 35 30 30 38 63 38 30 30 30 30 30 30 30 30 30 30 30 30 38 30 30 32 0d
              0x0205008C  cls=0x00 idx=2 dev=12

   18407.4ms  TX  ──►  [2.34]  54 30 32 30 35 30 30 38 63 38 30 30 30 30 30 30 30 30 30 30 30 30 38 30 30 32 0d
              0x0205008C  cls=0x00 idx=2 dev=12

   18437.5ms  TX  ──►  [2.34]  54 30 32 30 35 30 30 38 63 38 30 30 30 30 30 30 30 30 30 30 30 30 38 30 30 32 0d
              0x0205008C  cls=0x00 idx=2 dev=12

   18467.6ms  TX  ──►  [2.34]  54 30 32 30 35 30 30 38 63 38 30 30 30 30 30 30 30 30 30 30 30 30 38 30 30 32 0d
              0x0205008C  cls=0x00 idx=2 dev=12

